duplex,source,sense_mod,anti_mod,sense_base,anti_base,sense_mod_pat,anti_mod_pat,potency_type,potency_nM,pct_remaining,concentration_nM,efficacy,quality_flag
AD-18243,alnylam,ccGGuGAAuccAAGuGuccdTdT,GGAcACUUGGAUUcACCGGdTdT,CCGGUGAAUCCAAGUGUCCUU,GGACACUUGGAUUCACCGGUU,MM..M...MMM...M.MMMDD,...M.........M.....DD,ic50_estimated,10.140986908358512,50.35,10.0,49.65,noisy
AD-18244,alnylam,AcucAuucuuGGcAGGAuGdTdT,cAUCCUGCcAAGAAUGAGUdTdT,ACUCAUUCUUGGCAGGAUGUU,CAUCCUGCCAAGAAUGAGUUU,.MMM.MMMMM..M....M.DD,M.......M..........DD,ic50_estimated,17.97985450475658,64.26,10.0,35.739999999999995,noisy
AD-18245,alnylam,AAGuGuccucuGAuGGucAdTdT,UGACcAUcAGAGGAcACUUdTdT,AAGUGUCCUCUGAUGGUCAUU,UGACCAUCAGAGGACACUUUU,...M.MMMMMM..M..MM.DD,....M..M......M....DD,ic50_estimated,13.196474135931338,56.89,10.0,43.11,noisy
AD-18246,alnylam,GuccucuGAuGGucAAAGudTdT,ACUUUGACcAUcAGAGGACdTdT,GUCCUCUGAUGGUCAAAGUUU,ACUUUGACCAUCAGAGGACUU,.MMMMMM..M..MM....MDD,........M..M.......DD,ic50_measured,0.265,20.94861660079052,1.0,79.05138339920948,measured
AD-18247,alnylam,ucAuucuuGGcAGGAuGGcdTdT,GCcAUCCUGCcAAGAAUGAdTdT,UCAUUCUUGGCAGGAUGGCUU,GCCAUCCUGCCAAGAAUGAUU,MM.MMMMM..M....M..MDD,..M.......M........DD,inactive,,125.56,10.0,0.0,inactive
AD-18248,alnylam,AAGuucuAGAuGcuGuccGdTdT,CGGAcAGcAUCuAGAACUUdTdT,AAGUUCUAGAUGCUGUCCGUU,CGGACAGCAUCUAGAACUUUU,...MMMM...M.MM.MMM.DD,....M..M...M.......DD,inactive,,127.78,10.0,0.0,inactive
AD-18249,alnylam,GuucuAGAuGcuGuccGAGdTdT,CUCGGAcAGcAUCuAGAACdTdT,GUUCUAGAUGCUGUCCGAGUU,CUCGGACAGCAUCUAGAACUU,.MMMM...M.MM.MMM...DD,......M..M...M.....DD,ic50_estimated,9.519812609798949,48.77,10.0,51.23,good
AD-18250,alnylam,cuAGAuGcuGuccGAGGcAdTdT,UGCCUCGGAcAGcAUCuAGdTdT,CUAGAUGCUGUCCGAGGCAUU,UGCCUCGGACAGCAUCUAGUU,MM...M.MM.MMM....M.DD,.........M..M...M..DD,ic50_estimated,316.7973856209145,96.94,10.0,3.0600000000000023,noisy
AD-18251,alnylam,GAuGcuGuccGAGGcAGucdTdT,GACUGCCUCGGAcAGcAUCdTdT,GAUGCUGUCCGAGGCAGUCUU,GACUGCCUCGGACAGCAUCUU,..M.MM.MMM....M..MMDD,............M..M...DD,inactive,,170.41,10.0,0.0,inactive
AD-18252,alnylam,cAuucuuGGcAGGAuGGcudTdT,AGCcAUCCUGCcAAGAAUGdTdT,CAUUCUUGGCAGGAUGGCUUU,AGCCAUCCUGCCAAGAAUGUU,M.MMMMM..M....M..MMDD,...M.......M.......DD,ic50_estimated,27.764350453172195,73.52,10.0,26.480000000000004,noisy
AD-18253,alnylam,uGcuGuccGAGGcAGuccudTdT,AGGACUGCCUCGGAcAGcAdTdT,UGCUGUCCGAGGCAGUCCUUU,AGGACUGCCUCGGACAGCAUU,M.MM.MMM....M..MMMMDD,..............M..M.DD,ic50_estimated,3.3779264214046822,25.25,10.0,74.75,good
AD-18254,alnylam,ccGAGGcAGuccuGccAucdTdT,GAUGGcAGGACUGCCUCGGdTdT,CCGAGGCAGUCCUGCCAUCUU,GAUGGCAGGACUGCCUCGGUU,MM....M..MMMM.MM.MMDD,.....M.............DD,ic50_estimated,195.33880903490711,95.13,10.0,4.8700000000000045,noisy
AD-18255,alnylam,cAGuccuGccAucAAuGuGdTdT,cAcAUUGAUGGcAGGACUGdTdT,CAGUCCUGCCAUCAAUGUGUU,CACAUUGAUGGCAGGACUGUU,M..MMMM.MM.MM..M.M.DD,M.M........M.......DD,inactive,,119.46,10.0,0.0,inactive
AD-18256,alnylam,cAAuGuGGccGuGcAuGuGdTdT,cAcAUGcACGGCcAcAUUGdTdT,CAAUGUGGCCGUGCAUGUGUU,CACAUGCACGGCCACAUUGUU,M..M.M..MM.M.M.M.M.DD,M.M...M.....M.M....DD,ic50_estimated,7.433751743375175,42.64,10.0,57.36,good
AD-18257,alnylam,AuGuGuucAGAAAGGcuGcdTdT,GcAGCCUUUCUGAAcAcAUdTdT,AUGUGUUCAGAAAGGCUGCUU,GCAGCCUUUCUGAACACAUUU,.M.M.MMM.......MM.MDD,.M............M.M..DD,inactive,,146.25,10.0,0.0,inactive
AD-18258,alnylam,cAGAAGuccAcucAuucuudTdT,AAGAAUGAGUGGACUUCUGdTdT,CAGAAGUCCACUCAUUCUUUU,AAGAAUGAGUGGACUUCUGUU,M.....MMM.MMM.MMMMMDD,...................DD,ic50_measured,0.007,0.6951340615690169,1.0,99.30486593843098,measured
AD-18259,alnylam,GGcAGGAuGGcuucucAucdTdT,GAUGAGAAGCcAUCCUGCCdTdT,GGCAGGAUGGCUUCUCAUCUU,GAUGAGAAGCCAUCCUGCCUU,..M....M..MMMMMM.MMDD,..........M........DD,ic50_measured,0.102,9.25589836660617,1.0,90.74410163339383,measured
AD-18260,alnylam,GAGccAuuuGccucuGGGAdTdT,UCCcAGAGGcAAAUGGCUCdTdT,GAGCCAUUUGCCUCUGGGAUU,UCCCAGAGGCAAAUGGCUCUU,...MM.MMM.MMMMM....DD,...M.....M.........DD,inactive,,125.37,10.0,0.0,inactive
AD-18261,alnylam,cAGGAuGGcuucucAucGudTdT,ACGAUGAGAAGCcAUCCUGdTdT,CAGGAUGGCUUCUCAUCGUUU,ACGAUGAGAAGCCAUCCUGUU,M....M..MMMMMM.MM.MDD,............M......DD,ic50_measured,0.21,17.355371900826448,1.0,82.64462809917356,measured
AD-18262,alnylam,AGGAuGGcuucucAucGucdTdT,GACGAUGAGAAGCcAUCCUdTdT,AGGAUGGCUUCUCAUCGUCUU,GACGAUGAGAAGCCAUCCUUU,....M..MMMMMM.MM.MMDD,.............M.....DD,ic50_estimated,56.445182724252504,84.95,10.0,15.049999999999997,noisy
AD-18263,alnylam,AGAGcuGcAuGGGcucAcAdTdT,UGUGAGCCcAUGcAGCUCUdTdT,AGAGCUGCAUGGGCUCACAUU,UGUGAGCCCAUGCAGCUCUUU,....MM.M.M...MMM.M.DD,........M...M......DD,ic50_measured,0.11,9.90990990990991,1.0,90.09009009009009,measured
AD-18264,alnylam,GcuGcAuGGGcucAcAAcudTdT,AGUUGUGAGCCcAUGcAGCdTdT,GCUGCAUGGGCUCACAACUUU,AGUUGUGAGCCCAUGCAGCUU,.MM.M.M...MMM.M..MMDD,...........M...M...DD,inactive,,104.18,10.0,0.0,inactive
AD-18265,alnylam,GGAuGGcuucucAucGucudTdT,AGACGAUGAGAAGCcAUCCdTdT,GGAUGGCUUCUCAUCGUCUUU,AGACGAUGAGAAGCCAUCCUU,...M..MMMMMM.MM.MMMDD,..............M....DD,ic50_estimated,7.1291538198013,41.62,10.0,58.38,good
AD-18266,alnylam,GcAuGGGcucAcAAcuGAGdTdT,CUcAGUUGUGAGCCcAUGCdTdT,GCAUGGGCUCACAACUGAGUU,CUCAGUUGUGAGCCCAUGCUU,.M.M...MMM.M..MM...DD,..M...........M....DD,ic50_estimated,6.661112962345884,39.98,10.0,60.02,good
AD-18267,alnylam,AuGGGcucAcAAcuGAGGAdTdT,UCCUcAGUUGUGAGCCcAUdTdT,AUGGGCUCACAACUGAGGAUU,UCCUCAGUUGUGAGCCCAUUU,.M...MMM.M..MM.....DD,....M...........M..DD,inactive,,149.64,10.0,0.0,inactive
AD-18268,alnylam,uGGGcucAcAAcuGAGGAGdTdT,CUCCUcAGUUGUGAGCCcAdTdT,UGGGCUCACAACUGAGGAGUU,CUCCUCAGUUGUGAGCCCAUU,M...MMM.M..MM......DD,.....M...........M.DD,inactive,,152.93,10.0,0.0,inactive
AD-18269,alnylam,GAGGAAuuuGuAGAAGGGAdTdT,UCCCUUCuAcAAAUUCCUCdTdT,GAGGAAUUUGUAGAAGGGAUU,UCCCUUCUACAAAUUCCUCUU,......MMM.M........DD,.......M.M.........DD,ic50_estimated,5.941335883947076,37.27,10.0,62.73,good
AD-18270,alnylam,uuuGuAGAAGGGAuAuAcAdTdT,UGuAuAUCCCUUCuAcAAAdTdT,UUUGUAGAAGGGAUAUACAUU,UGUAUAUCCCUUCUACAAAUU,MMM.M........M.M.M.DD,..M.M........M.M...DD,ic50_estimated,1775.714285714283,99.44,10.0,0.5600000000000023,noisy
AD-18271,alnylam,uuGuAGAAGGGAuAuAcAAdTdT,UUGuAuAUCCCUUCuAcAAdTdT,UUGUAGAAGGGAUAUACAAUU,UUGUAUAUCCCUUCUACAAUU,MM.M........M.M.M..DD,...M.M........M.M..DD,ic50_measured,0.503,33.46640053226879,1.0,66.53359946773121,measured
AD-18272,alnylam,uGuAGAAGGGAuAuAcAAAdTdT,UUUGuAuAUCCCUUCuAcAdTdT,UGUAGAAGGGAUAUACAAAUU,UUUGUAUAUCCCUUCUACAUU,M.M........M.M.M...DD,....M.M........M.M.DD,inactive,,128.32,10.0,0.0,inactive
AD-18273,alnylam,AGAAGGGAuAuAcAAAGuGdTdT,cACUUUGuAuAUCCCUUCUdTdT,AGAAGGGAUAUACAAAGUGUU,CACUUUGUAUAUCCCUUCUUU,........M.M.M....M.DD,M......M.M.........DD,inactive,,115.78,10.0,0.0,inactive
AD-18274,alnylam,AAGuGGAAAuAGAcAccAAdTdT,UUGGUGUCuAUUUCcACUUdTdT,AAGUGGAAAUAGACACCAAUU,UUGGUGUCUAUUUCCACUUUU,...M.....M...M.MM..DD,........M.....M....DD,ic50_measured,0.009,0.8919722497522299,1.0,99.10802775024777,measured
AD-18275,alnylam,GGAAAuAGAcAccAAAucudTdT,AGAUUUGGUGUCuAUUUCCdTdT,GGAAAUAGACACCAAAUCUUU,AGAUUUGGUGUCUAUUUCCUU,.....M...M.MM...MMMDD,............M......DD,ic50_measured,0.026,2.53411306042885,1.0,97.46588693957115,measured
AD-18276,alnylam,GAAAuAGAcAccAAAucuudTdT,AAGAUUUGGUGUCuAUUUCdTdT,GAAAUAGACACCAAAUCUUUU,AAGAUUUGGUGUCUAUUUCUU,....M...M.MM...MMMMDD,.............M.....DD,ic50_measured,0.198,16.52754590984975,1.0,83.47245409015025,measured
AD-18277,alnylam,AuAGAcAccAAAucuuAcudTdT,AGuAAGAUUUGGUGUCuAUdTdT,AUAGACACCAAAUCUUACUUU,AGUAAGAUUUGGUGUCUAUUU,.M...M.MM...MMMM.MMDD,..M.............M..DD,ic50_measured,0.121,10.79393398751115,1.0,89.20606601248885,measured
AD-18278,alnylam,uAGAcAccAAAucuuAcuGdTdT,cAGuAAGAUUUGGUGUCuAdTdT,UAGACACCAAAUCUUACUGUU,CAGUAAGAUUUGGUGUCUAUU,M...M.MM...MMMM.MM.DD,M..M.............M.DD,inactive,,108.86,10.0,0.0,inactive
AD-18279,alnylam,AGAcAccAAAucuuAcuGGdTdT,CcAGuAAGAUUUGGUGUCUdTdT,AGACACCAAAUCUUACUGGUU,CCAGUAAGAUUUGGUGUCUUU,...M.MM...MMMM.MM..DD,.M..M..............DD,ic50_estimated,19.931158335827597,66.59,10.0,33.41,noisy
AD-18280,alnylam,uuAcuGGAAGGcAcuuGGcdTdT,GCcAAGUGCCUUCcAGuAAdTdT,UUACUGGAAGGCACUUGGCUU,GCCAAGUGCCUUCCAGUAAUU,MM.MM......M.MMM..MDD,..M..........M..M..DD,inactive,,103.26,10.0,0.0,inactive
AD-18281,alnylam,uucucAucGucuGcuccucdTdT,GAGGAGcAGACGAUGAGAAdTdT,UUCUCAUCGUCUGCUCCUCUU,GAGGAGCAGACGAUGAGAAUU,MMMMM.MM.MMM.MMMMMMDD,......M............DD,ic50_estimated,73.19467554076546,87.98,10.0,12.019999999999996,noisy
AD-18282,alnylam,GGAAGGcAcuuGGcAucucdTdT,GAGAUGCcAAGUGCCUUCCdTdT,GGAAGGCACUUGGCAUCUCUU,GAGAUGCCAAGUGCCUUCCUU,......M.MMM..M.MMMMDD,.......M...........DD,ic50_estimated,47.045065601825414,82.47,10.0,17.53,noisy
AD-18283,alnylam,GGcAcuuGGcAucuccccAdTdT,UGGGGAGAUGCcAAGUGCCdTdT,GGCACUUGGCAUCUCCCCAUU,UGGGGAGAUGCCAAGUGCCUU,..M.MMM..M.MMMMMMM.DD,...........M.......DD,inactive,,106.54,10.0,0.0,inactive
AD-18284,alnylam,GGcAucuccccAuuccAuGdTdT,cAUGGAAUGGGGAGAUGCCdTdT,GGCAUCUCCCCAUUCCAUGUU,CAUGGAAUGGGGAGAUGCCUU,..M.MMMMMMM.MMMM.M.DD,M..................DD,inactive,,106.93,10.0,0.0,inactive
AD-18285,alnylam,GcAucuccccAuuccAuGAdTdT,UcAUGGAAUGGGGAGAUGCdTdT,GCAUCUCCCCAUUCCAUGAUU,UCAUGGAAUGGGGAGAUGCUU,.M.MMMMMMM.MMMM.M..DD,.M.................DD,ic50_estimated,3.6202669572323614,26.58,10.0,73.42,good
AD-18286,alnylam,cAucuccccAuuccAuGAGdTdT,CUcAUGGAAUGGGGAGAUGdTdT,CAUCUCCCCAUUCCAUGAGUU,CUCAUGGAAUGGGGAGAUGUU,M.MMMMMMM.MMMM.M...DD,..M................DD,inactive,,109.95,10.0,0.0,inactive
AD-18287,alnylam,AucuccccAuuccAuGAGcdTdT,GCUcAUGGAAUGGGGAGAUdTdT,AUCUCCCCAUUCCAUGAGCUU,GCUCAUGGAAUGGGGAGAUUU,.MMMMMMM.MMMM.M...MDD,...M...............DD,ic50_estimated,11.848372296263928,54.23,10.0,45.77,noisy
AD-18288,alnylam,cuccccAuuccAuGAGcAudTdT,AUGCUcAUGGAAUGGGGAGdTdT,CUCCCCAUUCCAUGAGCAUUU,AUGCUCAUGGAAUGGGGAGUU,MMMMMM.MMMM.M...M.MDD,.....M.............DD,ic50_estimated,27.764350453172195,73.52,10.0,26.480000000000004,noisy
AD-18289,alnylam,cccAuuccAuGAGcAuGcAdTdT,UGcAUGCUcAUGGAAUGGGdTdT,CCCAUUCCAUGAGCAUGCAUU,UGCAUGCUCAUGGAAUGGGUU,MMM.MMMM.M...M.M.M.DD,..M.....M..........DD,inactive,,103.36,10.0,0.0,inactive
AD-18290,alnylam,ccAuGAGcAuGcAGAGGuGdTdT,cACCUCUGcAUGCUcAUGGdTdT,CCAUGAGCAUGCAGAGGUGUU,CACCUCUGCAUGCUCAUGGUU,MM.M...M.M.M.....M.DD,M.......M.....M....DD,ic50_measured,1.253,55.61473590767865,1.0,44.38526409232135,measured
AD-18291,alnylam,AGcAuGcAGAGGuGGuAuudTdT,AAuACcACCUCUGcAUGCUdTdT,AGCAUGCAGAGGUGGUAUUUU,AAUACCACCUCUGCAUGCUUU,..M.M.M.....M..M.MMDD,..M..M.......M.....DD,ic50_measured,1.304,56.59722222222222,1.0,43.40277777777778,measured
AD-18292,alnylam,cAuGcAGAGGuGGuAuucAdTdT,UGAAuACcACCUCUGcAUGdTdT,CAUGCAGAGGUGGUAUUCAUU,UGAAUACCACCUCUGCAUGUU,M.M.M.....M..M.MMM.DD,....M..M.......M...DD,ic50_measured,0.604,37.65586034912718,1.0,62.34413965087282,measured
AD-18293,alnylam,AuGcAGAGGuGGuAuucAcdTdT,GUGAAuACcACCUCUGcAUdTdT,AUGCAGAGGUGGUAUUCACUU,GUGAAUACCACCUCUGCAUUU,.M.M.....M..M.MMM.MDD,.....M..M.......M..DD,ic50_measured,0.078,7.235621521335807,1.0,92.7643784786642,measured
AD-18294,alnylam,GGuGGuAuucAcAGccAAcdTdT,GUUGGCUGUGAAuACcACCdTdT,GGUGGUAUUCACAGCCAACUU,GUUGGCUGUGAAUACCACCUU,..M..M.MMM.M..MM..MDD,............M..M...DD,inactive,,111.53,10.0,0.0,inactive
AD-18295,alnylam,GuGGuAuucAcAGccAAcGdTdT,CGUUGGCUGUGAAuACcACdTdT,GUGGUAUUCACAGCCAACGUU,CGUUGGCUGUGAAUACCACUU,.M..M.MMM.M..MM..M.DD,.............M..M..DD,inactive,,115.88,10.0,0.0,inactive
AD-18296,alnylam,uGGuAuucAcAGccAAcGAdTdT,UCGUUGGCUGUGAAuACcAdTdT,UGGUAUUCACAGCCAACGAUU,UCGUUGGCUGUGAAUACCAUU,M..M.MMM.M..MM..M..DD,..............M..M.DD,ic50_estimated,13.272050267628579,57.03,10.0,42.97,noisy
AD-18297,alnylam,GGuAuucAcAGccAAcGAcdTdT,GUCGUUGGCUGUGAAuACCdTdT,GGUAUUCACAGCCAACGACUU,GUCGUUGGCUGUGAAUACCUU,..M.MMM.M..MM..M..MDD,...............M...DD,ic50_estimated,71.23476848090978,87.69,10.0,12.310000000000002,noisy
AD-18298,alnylam,GuAuucAcAGccAAcGAcudTdT,AGUCGUUGGCUGUGAAuACdTdT,GUAUUCACAGCCAACGACUUU,AGUCGUUGGCUGUGAAUACUU,.M.MMM.M..MM..M..MMDD,................M..DD,ic50_measured,0.455,31.271477663230243,1.0,68.72852233676976,measured
AD-18299,alnylam,uAuucAcAGccAAcGAcucdTdT,GAGUCGUUGGCUGUGAAuAdTdT,UAUUCACAGCCAACGACUCUU,GAGUCGUUGGCUGUGAAUAUU,M.MMM.M..MM..M..MMMDD,.................M.DD,ic50_measured,0.895,47.229551451187334,1.0,52.770448548812666,measured
AD-18300,alnylam,ucAcAGccAAcGAcuccGGdTdT,CCGGAGUCGUUGGCUGUGAdTdT,UCACAGCCAACGACUCCGGUU,CCGGAGUCGUUGGCUGUGAUU,MM.M..MM..M..MMMM..DD,...................DD,inactive,,108.7,10.0,0.0,inactive
AD-18301,alnylam,ccccGccGcuAcAccAuuGdTdT,cAAUGGUGuAGCGGCGGGGdTdT,CCCCGCCGCUACACCAUUGUU,CAAUGGUGUAGCGGCGGGGUU,MMMM.MM.MM.M.MM.MM.DD,M.......M..........DD,inactive,,114.22,10.0,0.0,inactive
AD-18302,alnylam,GAAGuccAcucAuucuuGGdTdT,CcAAGAAUGAGUGGACUUCdTdT,GAAGUCCACUCAUUCUUGGUU,CCAAGAAUGAGUGGACUUCUU,....MMM.MMM.MMMMM..DD,.M.................DD,inactive,,116.19,10.0,0.0,inactive
AD-18303,alnylam,cccuGcuGAGccccuAcucdTdT,GAGuAGGGGCUcAGcAGGGdTdT,CCCUGCUGAGCCCCUACUCUU,GAGUAGGGGCUCAGCAGGGUU,MMMM.MM...MMMMM.MMMDD,...M.......M..M....DD,inactive,,124.89,10.0,0.0,inactive
AD-18304,alnylam,cuGAGccccuAcuccuAuudTdT,AAuAGGAGuAGGGGCUcAGdTdT,CUGAGCCCCUACUCCUAUUUU,AAUAGGAGUAGGGGCUCAGUU,MM...MMMMM.MMMMM.MMDD,..M.....M.......M..DD,inactive,,132.99,10.0,0.0,inactive
AD-18305,alnylam,uGAGccccuAcuccuAuucdTdT,GAAuAGGAGuAGGGGCUcAdTdT,UGAGCCCCUACUCCUAUUCUU,GAAUAGGAGUAGGGGCUCAUU,M...MMMMM.MMMMM.MMMDD,...M.....M.......M.DD,inactive,,153.1,10.0,0.0,inactive
AD-18306,alnylam,ccccuAcuccuAuuccAccdTdT,GGUGGAAuAGGAGuAGGGGdTdT,CCCCUACUCCUAUUCCACCUU,GGUGGAAUAGGAGUAGGGGUU,MMMMM.MMMMM.MMMM.MMDD,.......M.....M.....DD,inactive,,159.22,10.0,0.0,inactive
AD-18307,alnylam,cuAcuccuAuuccAccAcGdTdT,CGUGGUGGAAuAGGAGuAGdTdT,CUACUCCUAUUCCACCACGUU,CGUGGUGGAAUAGGAGUAGUU,MM.MMMMM.MMMM.MM.M.DD,..........M.....M..DD,inactive,,116.83,10.0,0.0,inactive
AD-18308,alnylam,uAcuccuAuuccAccAcGGdTdT,CCGUGGUGGAAuAGGAGuAdTdT,UACUCCUAUUCCACCACGGUU,CCGUGGUGGAAUAGGAGUAUU,M.MMMMM.MMMM.MM.M..DD,...........M.....M.DD,inactive,,156.72,10.0,0.0,inactive
AD-18309,alnylam,AcuccuAuuccAccAcGGcdTdT,GCCGUGGUGGAAuAGGAGUdTdT,ACUCCUAUUCCACCACGGCUU,GCCGUGGUGGAAUAGGAGUUU,.MMMMM.MMMM.MM.M..MDD,............M......DD,inactive,,113.22,10.0,0.0,inactive
AD-18310,alnylam,uccuAuuccAccAcGGcuGdTdT,cAGCCGUGGUGGAAuAGGAdTdT,UCCUAUUCCACCACGGCUGUU,CAGCCGUGGUGGAAUAGGAUU,MMMM.MMMM.MM.M..MM.DD,M.............M....DD,inactive,,132.33,10.0,0.0,inactive
AD-18311,alnylam,uAuuccAccAcGGcuGucGdTdT,CGAcAGCCGUGGUGGAAuAdTdT,UAUUCCACCACGGCUGUCGUU,CGACAGCCGUGGUGGAAUAUU,M.MMMM.MM.M..MM.MM.DD,...M.............M.DD,inactive,,161.68,10.0,0.0,inactive
AD-18312,alnylam,AuuccAccAcGGcuGucGudTdT,ACGAcAGCCGUGGUGGAAUdTdT,AUUCCACCACGGCUGUCGUUU,ACGACAGCCGUGGUGGAAUUU,.MMMM.MM.M..MM.MM.MDD,....M..............DD,inactive,,103.01,10.0,0.0,inactive
AD-18313,alnylam,cAccAcGGcuGucGucAccdTdT,GGUGACGAcAGCCGUGGUGdTdT,CACCACGGCUGUCGUCACCUU,GGUGACGACAGCCGUGGUGUU,M.MM.M..MM.MM.MM.MMDD,........M..........DD,inactive,,120.65,10.0,0.0,inactive
AD-18314,alnylam,AccAcGGcuGucGucAccAdTdT,UGGUGACGAcAGCCGUGGUdTdT,ACCACGGCUGUCGUCACCAUU,UGGUGACGACAGCCGUGGUUU,.MM.M..MM.MM.MM.MM.DD,.........M.........DD,inactive,,116.33,10.0,0.0,inactive
AD-18315,alnylam,ccAcGGcuGucGucAccAAdTdT,UUGGUGACGAcAGCCGUGGdTdT,CCACGGCUGUCGUCACCAAUU,UUGGUGACGACAGCCGUGGUU,MM.M..MM.MM.MM.MM..DD,..........M........DD,inactive,,115.13,10.0,0.0,inactive
AD-18316,alnylam,AcGGcuGucGucAccAAucdTdT,GAUUGGUGACGAcAGCCGUdTdT,ACGGCUGUCGUCACCAAUCUU,GAUUGGUGACGACAGCCGUUU,.M..MM.MM.MM.MM..MMDD,............M......DD,inactive,,118.73,10.0,0.0,inactive
AD-18317,alnylam,cGGcuGucGucAccAAuccdTdT,GGAUUGGUGACGAcAGCCGdTdT,CGGCUGUCGUCACCAAUCCUU,GGAUUGGUGACGACAGCCGUU,M..MM.MM.MM.MM..MMMDD,.............M.....DD,inactive,,114.03,10.0,0.0,inactive
AD-18318,alnylam,cGucAccAAucccAAGGAAdTdT,UUCCUUGGGAUUGGUGACGdTdT,CGUCACCAAUCCCAAGGAAUU,UUCCUUGGGAUUGGUGACGUU,M.MM.MM..MMMM......DD,...................DD,ic50_estimated,42.21932114882506,80.85,10.0,19.150000000000006,noisy
AD-18319,alnylam,cAAucccAAGGAAuGAGGGdTdT,CCCUcAUUCCUUGGGAUUGdTdT,CAAUCCCAAGGAAUGAGGGUU,CCCUCAUUCCUUGGGAUUGUU,M..MMMM......M.....DD,....M..............DD,inactive,,119.14,10.0,0.0,inactive
AD-18320,alnylam,ccuGAAGGAcGAGGGAuGGdTdT,CcAUCCCUCGUCCUUcAGGdTdT,CCUGAAGGACGAGGGAUGGUU,CCAUCCCUCGUCCUUCAGGUU,MMM......M......M..DD,.M.............M...DD,ic50_estimated,2.963443090484833,22.86,10.0,77.14,good
AD-18321,alnylam,GGAcGAGGGAuGGGAuuucdTdT,GAAAUCCcAUCCCUCGUCCdTdT,GGACGAGGGAUGGGAUUUCUU,GAAAUCCCAUCCCUCGUCCUU,...M......M....MMMMDD,.......M...........DD,ic50_measured,0.001,0.0999000999000999,1.0,99.9000999000999,measured
AD-18322,alnylam,AAGuccAcucAuucuuGGcdTdT,GCcAAGAAUGAGUGGACUUdTdT,AAGUCCACUCAUUCUUGGCUU,GCCAAGAAUGAGUGGACUUUU,...MMM.MMM.MMMMM..MDD,..M................DD,ic50_estimated,11.838829438742083,54.21,10.0,45.79,noisy
AD-18323,alnylam,GGGAuuucAuGuAAccAAGdTdT,CUUGGUuAcAUGAAAUCCCdTdT,GGGAUUUCAUGUAACCAAGUU,CUUGGUUACAUGAAAUCCCUU,....MMMM.M.M..MM...DD,......M.M..........DD,ic50_measured,0.005,0.4975124378109453,1.0,99.50248756218906,measured
AD-18324,alnylam,GGAuuucAuGuAAccAAGAdTdT,UCUUGGUuAcAUGAAAUCCdTdT,GGAUUUCAUGUAACCAAGAUU,UCUUGGUUACAUGAAAUCCUU,...MMMM.M.M..MM....DD,.......M.M.........DD,ic50_measured,0.002,0.1996007984031936,1.0,99.8003992015968,measured
AD-18325,alnylam,ucAuGuAAccAAGAGuAuudTdT,AAuACUCUUGGUuAcAUGAdTdT,UCAUGUAACCAAGAGUAUUUU,AAUACUCUUGGUUACAUGAUU,MM.M.M..MM.....M.MMDD,..M.........M.M....DD,ic50_measured,0.001,0.0999000999000999,1.0,99.9000999000999,measured
AD-18326,alnylam,AuGuAAccAAGAGuAuuccdTdT,GGAAuACUCUUGGUuAcAUdTdT,AUGUAACCAAGAGUAUUCCUU,GGAAUACUCUUGGUUACAUUU,.M.M..MM.....M.MMMMDD,....M.........M.M..DD,ic50_measured,0.025,2.4390243902439024,1.0,97.5609756097561,measured
AD-18327,alnylam,uGuAAccAAGAGuAuuccAdTdT,UGGAAuACUCUUGGUuAcAdTdT,UGUAACCAAGAGUAUUCCAUU,UGGAAUACUCUUGGUUACAUU,M.M..MM.....M.MMMM.DD,.....M.........M.M.DD,ic50_measured,0.044,4.214559386973179,1.0,95.78544061302682,measured
AD-18328,alnylam,GuAAccAAGAGuAuuccAudTdT,AUGGAAuACUCUUGGUuACdTdT,GUAACCAAGAGUAUUCCAUUU,AUGGAAUACUCUUGGUUACUU,.M..MM.....M.MMMM.MDD,......M.........M..DD,ic50_measured,0.003,0.29910269192422734,1.0,99.70089730807577,measured
AD-18329,alnylam,uGccuuGcuGGAcuGGuAudTdT,AuACcAGUCcAGcAAGGcAdTdT,UGCCUUGCUGGACUGGUAUUU,AUACCAGUCCAGCAAGGCAUU,M.MMMM.MM...MM..M.MDD,.M..M....M..M....M.DD,ic50_estimated,315.73289902280146,96.93,10.0,3.069999999999993,noisy
AD-18330,alnylam,uAAAGcAGuGuuuucAccudTdT,AGGUGAAAAcACUGCUUuAdTdT,UAAAGCAGUGUUUUCACCUUU,AGGUGAAAACACUGCUUUAUU,M....M..M.MMMMM.MMMDD,.........M.......M.DD,ic50_measured,0.0004,0.03998400639744103,1.0,99.96001599360255,measured
AD-18331,alnylam,GccuuGcuGGAcuGGuAuudTdT,AAuACcAGUCcAGcAAGGCdTdT,GCCUUGCUGGACUGGUAUUUU,AAUACCAGUCCAGCAAGGCUU,.MMMM.MM...MM..M.MMDD,..M..M....M..M.....DD,inactive,,117.77,10.0,0.0,inactive
AD-18332,alnylam,uGuuuucAccucAuAuGcudTdT,AGcAuAUGAGGUGAAAAcAdTdT,UGUUUUCACCUCAUAUGCUUU,AGCAUAUGAGGUGAAAACAUU,M.MMMMM.MMMM.M.M.MMDD,..M.M............M.DD,ic50_measured,0.001,0.0999000999000999,1.0,99.9000999000999,measured
AD-18333,alnylam,GuuuucAccucAuAuGcuAdTdT,uAGcAuAUGAGGUGAAAACdTdT,GUUUUCACCUCAUAUGCUAUU,UAGCAUAUGAGGUGAAAACUU,.MMMMM.MMMM.M.M.MM.DD,M..M.M.............DD,ic50_measured,0.001,0.0999000999000999,1.0,99.9000999000999,measured
AD-18334,alnylam,uuuucAccucAuAuGcuAudTdT,AuAGcAuAUGAGGUGAAAAdTdT,UUUUCACCUCAUAUGCUAUUU,AUAGCAUAUGAGGUGAAAAUU,MMMMM.MMMM.M.M.MM.MDD,.M..M.M............DD,ic50_measured,0.0004,0.03998400639744103,1.0,99.96001599360255,measured
AD-18335,alnylam,uucAccucAuAuGcuAuGudTdT,AcAuAGcAuAUGAGGUGAAdTdT,UUCACCUCAUAUGCUAUGUUU,ACAUAGCAUAUGAGGUGAAUU,MMM.MMMM.M.M.MM.M.MDD,.M.M..M.M..........DD,ic50_estimated,11.514629948364888,53.52,10.0,46.48,noisy
AD-18336,alnylam,cAccucAuAuGcuAuGuuAdTdT,uAAcAuAGcAuAUGAGGUGdTdT,CACCUCAUAUGCUAUGUUAUU,UAACAUAGCAUAUGAGGUGUU,M.MMMM.M.M.MM.M.MM.DD,M..M.M..M.M........DD,ic50_measured,0.001,0.0999000999000999,1.0,99.9000999000999,measured
AD-18337,alnylam,ccuuGcuGGAcuGGuAuuudTdT,AAAuACcAGUCcAGcAAGGdTdT,CCUUGCUGGACUGGUAUUUUU,AAAUACCAGUCCAGCAAGGUU,MMMM.MM...MM..M.MMMDD,...M..M....M..M....DD,ic50_estimated,10.733982998133943,51.77,10.0,48.23,noisy
AD-18338,alnylam,AuAuGcuAuGuuAGAAGucdTdT,GACUUCuAAcAuAGcAuAUdTdT,AUAUGCUAUGUUAGAAGUCUU,GACUUCUAACAUAGCAUAUUU,.M.M.MM.M.MM.....MMDD,......M..M.M..M.M..DD,ic50_estimated,9.308746862328634,48.21,10.0,51.79,good
AD-18339,alnylam,uAuGcuAuGuuAGAAGuccdTdT,GGACUUCuAAcAuAGcAuAdTdT,UAUGCUAUGUUAGAAGUCCUU,GGACUUCUAACAUAGCAUAUU,M.M.MM.M.MM.....MMMDD,.......M..M.M..M.M.DD,ic50_measured,0.004,0.398406374501992,1.0,99.60159362549801,measured
AD-18340,alnylam,uGcuAuGuuAGAAGuccAGdTdT,CUGGACUUCuAAcAuAGcAdTdT,UGCUAUGUUAGAAGUCCAGUU,CUGGACUUCUAACAUAGCAUU,M.MM.M.MM.....MMM..DD,.........M..M.M..M.DD,ic50_measured,0.002,0.1996007984031936,1.0,99.8003992015968,measured
AD-18341,alnylam,cuuGcuGGAcuGGuAuuuGdTdT,cAAAuACcAGUCcAGcAAGdTdT,CUUGCUGGACUGGUAUUUGUU,CAAAUACCAGUCCAGCAAGUU,MMM.MM...MM..M.MMM.DD,M...M..M....M..M...DD,ic50_estimated,4.549687181725592,31.27,10.0,68.73,good
AD-18342,alnylam,AGuccAGGcAGAGAcAAuAdTdT,uAUUGUCUCUGCCUGGACUdTdT,AGUCCAGGCAGAGACAAUAUU,UAUUGUCUCUGCCUGGACUUU,..MMM...M.....M..M.DD,M..................DD,ic50_estimated,0.8225108225108224,7.6,10.0,92.4,good
AD-18343,alnylam,uccAGGcAGAGAcAAuAAAdTdT,UUuAUUGUCUCUGCCUGGAdTdT,UCCAGGCAGAGACAAUAAAUU,UUUAUUGUCUCUGCCUGGAUU,MMM...M.....M..M...DD,..M................DD,ic50_estimated,0.3541105819010147,3.42,10.0,96.58,good
AD-18344,alnylam,GuGAAAGGcAcuuuucAuudTdT,AAUGAAAAGUGCCUUUcACdTdT,GUGAAAGGCACUUUUCAUUUU,AAUGAAAAGUGCCUUUCACUU,.M......M.MMMMMM.MMDD,................M..DD,ic50_estimated,30.12841091492776,75.08,10.0,24.92,noisy
AD-18345,alnylam,uGGAcuGGuAuuuGuGucudTdT,AGAcAcAAAuACcAGUCcAdTdT,UGGACUGGUAUUUGUGUCUUU,AGACACAAAUACCAGUCCAUU,M...MM..M.MMM.M.MMMDD,...M.M...M..M....M.DD,ic50_measured,0.002,0.1996007984031936,1.0,99.8003992015968,measured
AD-18346,alnylam,GucuGAGGcuGGcccuAcGdTdT,CGuAGGGCcAGCCUcAGACdTdT,GUCUGAGGCUGGCCCUACGUU,CGUAGGGCCAGCCUCAGACUU,.MMM....MM..MMMM.M.DD,..M.....M.....M....DD,ic50_estimated,14.539877300613496,59.25,10.0,40.75,noisy
AD-18347,alnylam,cuGAGGcuGGcccuAcGGGdTdT,CCCGuAGGGCcAGCCUcAGdTdT,CUGAGGCUGGCCCUACGGGUU,CCCGUAGGGCCAGCCUCAGUU,MM....MM..MMMM.M...DD,....M.....M.....M..DD,ic50_estimated,104.0250855188142,91.23,10.0,8.769999999999996,noisy
AD-18348,alnylam,GAGGcuGGcccuAcGGGcAdTdT,UGCCCGuAGGGCcAGCCUCdTdT,GAGGCUGGCCCUACGGGCAUU,UGCCCGUAGGGCCAGCCUCUU,....MM..MMMM.M...M.DD,......M.....M......DD,ic50_estimated,89.50248756218902,89.95,10.0,10.049999999999997,noisy
AD-18349,alnylam,AGGcuGGcccuAcGGGcAcdTdT,GUGCCCGuAGGGCcAGCCUdTdT,AGGCUGGCCCUACGGGCACUU,GUGCCCGUAGGGCCAGCCUUU,...MM..MMMM.M...M.MDD,.......M.....M.....DD,inactive,,108.01,10.0,0.0,inactive
AD-18350,alnylam,GcuGGcccuAcGGGcAccGdTdT,CGGUGCCCGuAGGGCcAGCdTdT,GCUGGCCCUACGGGCACCGUU,CGGUGCCCGUAGGGCCAGCUU,.MM..MMMM.M...M.MM.DD,.........M.....M...DD,inactive,,123.65,10.0,0.0,inactive
AD-18351,alnylam,cuGGcccuAcGGGcAccGGdTdT,CCGGUGCCCGuAGGGCcAGdTdT,CUGGCCCUACGGGCACCGGUU,CCGGUGCCCGUAGGGCCAGUU,MM..MMMM.M...M.MM..DD,..........M.....M..DD,inactive,,108.36,10.0,0.0,inactive
AD-18352,alnylam,GGcccuAcGGGcAccGGuGdTdT,cACCGGUGCCCGuAGGGCCdTdT,GGCCCUACGGGCACCGGUGUU,CACCGGUGCCCGUAGGGCCUU,..MMMM.M...M.MM..M.DD,M...........M......DD,ic50_estimated,72.10180623973726,87.82,10.0,12.180000000000007,noisy
AD-18353,alnylam,ccAcucAuucuuGGcAGGAdTdT,UCCUGCcAAGAAUGAGUGGdTdT,CCACUCAUUCUUGGCAGGAUU,UCCUGCCAAGAAUGAGUGGUU,MM.MMM.MMMMM..M....DD,......M............DD,ic50_measured,0.012,1.1857707509881423,1.0,98.81422924901186,measured
AD-18354,alnylam,ccuAcGGGcAccGGuGAAudTdT,AUUcACCGGUGCCCGuAGGdTdT,CCUACGGGCACCGGUGAAUUU,AUUCACCGGUGCCCGUAGGUU,MMM.M...M.MM..M...MDD,...M...........M...DD,ic50_estimated,1359.8630136986137,99.27,10.0,0.730000000000004,noisy
AD-18355,alnylam,cuAcGGGcAccGGuGAAucdTdT,GAUUcACCGGUGCCCGuAGdTdT,CUACGGGCACCGGUGAAUCUU,GAUUCACCGGUGCCCGUAGUU,MM.M...M.MM..M...MMDD,....M...........M..DD,inactive,,135.04,10.0,0.0,inactive
AD-18356,alnylam,uAcGGGcAccGGuGAAuccdTdT,GGAUUcACCGGUGCCCGuAdTdT,UACGGGCACCGGUGAAUCCUU,GGAUUCACCGGUGCCCGUAUU,M.M...M.MM..M...MMMDD,.....M...........M.DD,inactive,,100.76,10.0,0.0,inactive
AD-18357,alnylam,AcGGGcAccGGuGAAuccAdTdT,UGGAUUcACCGGUGCCCGUdTdT,ACGGGCACCGGUGAAUCCAUU,UGGAUUCACCGGUGCCCGUUU,.M...M.MM..M...MMM.DD,......M............DD,inactive,,125.3,10.0,0.0,inactive
AD-18358,alnylam,GcAccGGuGAAuccAAGuGdTdT,cACUUGGAUUcACCGGUGCdTdT,GCACCGGUGAAUCCAAGUGUU,CACUUGGAUUCACCGGUGCUU,.M.MM..M...MMM...M.DD,M.........M........DD,inactive,,103.15,10.0,0.0,inactive
AD-18359,alnylam,cAccGGuGAAuccAAGuGudTdT,AcACUUGGAUUcACCGGUGdTdT,CACCGGUGAAUCCAAGUGUUU,ACACUUGGAUUCACCGGUGUU,M.MM..M...MMM...M.MDD,.M.........M.......DD,ic50_estimated,5.323322096230463,34.74,10.0,65.25999999999999,good
AD-18360,alnylam,uGuGGccAuGcAuGuGuucdTdT,GAAcAcAUGcAUGGCcAcAdTdT,UGUGGCCAUGCAUGUGUUCUU,GAACACAUGCAUGGCCACAUU,M.M..MM.M.M.M.M.MMMDD,...M.M...M.....M.M.DD,inactive,,103.86,10.0,0.0,inactive
AD-18361,alnylam,GuGGccAuGcAuGuGuucAdTdT,UGAAcAcAUGcAUGGCcACdTdT,GUGGCCAUGCAUGUGUUCAUU,UGAACACAUGCAUGGCCACUU,.M..MM.M.M.M.M.MMM.DD,....M.M...M.....M..DD,inactive,,105.74,10.0,0.0,inactive
AD-18362,alnylam,GccAuGcAuGuGuucAGAAdTdT,UUCUGAAcAcAUGcAUGGCdTdT,GCCAUGCAUGUGUUCAGAAUU,UUCUGAACACAUGCAUGGCUU,.MM.M.M.M.M.MMM....DD,.......M.M...M.....DD,inactive,,106.96,10.0,0.0,inactive
AD-18363,alnylam,uAuuccAccAcGGcuGucAdTdT,UGAcAGCCGUGGUGGAAuAdTdT,UAUUCCACCACGGCUGUCAUU,UGACAGCCGUGGUGGAAUAUU,M.MMMM.MM.M..MM.MM.DD,...M.............M.DD,inactive,,124.22,10.0,0.0,inactive
AD-18364,alnylam,GucAucAccAAucccAAGGdTdT,CCUUGGGAUUGGUGAUGACdTdT,GUCAUCACCAAUCCCAAGGUU,CCUUGGGAUUGGUGAUGACUU,.MM.MM.MM..MMMM....DD,...................DD,inactive,,113.75,10.0,0.0,inactive
AD-18446,alnylam,GAuGGucAAAGuucuAGAudTdT,AUCuAGAACUUUGACcAUCdTdT,GAUGGUCAAAGUUCUAGAUUU,AUCUAGAACUUUGACCAUCUU,..M..MM....MMMM...MDD,...M...........M...DD,ic50_estimated,4.2308239647075565,29.73,10.0,70.27,good
AD-18447,alnylam,AuGcuGuccGAGGcAGuccdTdT,GGACUGCCUCGGAcAGcAUdTdT,AUGCUGUCCGAGGCAGUCCUU,GGACUGCCUCGGACAGCAUUU,.M.MM.MMM....M..MMMDD,.............M..M..DD,inactive,,109.74,10.0,0.0,inactive
AD-18448,alnylam,ccGuGcAuGuGuucAGAAAdTdT,UUUCUGAAcAcAUGcACGGdTdT,CCGUGCAUGUGUUCAGAAAUU,UUUCUGAACACAUGCACGGUU,MM.M.M.M.M.MMM.....DD,........M.M...M....DD,ic50_estimated,2.980269989615784,22.96,10.0,77.03999999999999,good
AD-18449,alnylam,AGucuGGAGAGcuGcAuGGdTdT,CcAUGcAGCUCUCcAGACUdTdT,AGUCUGGAGAGCUGCAUGGUU,CCAUGCAGCUCUCCAGACUUU,..MMM......MM.M.M..DD,.M...M.......M.....DD,inactive,,112.59,10.0,0.0,inactive
AD-18450,alnylam,cAuGGGcucAcAAcuGAGGdTdT,CCUcAGUUGUGAGCCcAUGdTdT,CAUGGGCUCACAACUGAGGUU,CCUCAGUUGUGAGCCCAUGUU,M.M...MMM.M..MM....DD,...M...........M...DD,ic50_estimated,84.42870632672323,89.41,10.0,10.590000000000003,noisy
AD-18451,alnylam,ucucAucGucuGcuccuccdTdT,GGAGGAGcAGACGAUGAGAdTdT,UCUCAUCGUCUGCUCCUCCUU,GGAGGAGCAGACGAUGAGAUU,MMMM.MM.MMM.MMMMMMMDD,.......M...........DD,ic50_estimated,28.98635477582846,74.35,10.0,25.650000000000006,noisy
AD-18452,alnylam,ccccAuuccAuGAGcAuGcdTdT,GcAUGCUcAUGGAAUGGGGdTdT,CCCCAUUCCAUGAGCAUGCUU,GCAUGCUCAUGGAAUGGGGUU,MMMM.MMMM.M...M.M.MDD,.M.....M...........DD,inactive,,125.25,10.0,0.0,inactive
AD-18453,alnylam,GccccuAcuccuAuuccAcdTdT,GUGGAAuAGGAGuAGGGGCdTdT,GCCCCUACUCCUAUUCCACUU,GUGGAAUAGGAGUAGGGGCUU,.MMMMM.MMMMM.MMMM.MDD,......M.....M......DD,inactive,,126.98,10.0,0.0,inactive
AD-18454,alnylam,cuAuuccAccAcGGcuGucdTdT,GAcAGCCGUGGUGGAAuAGdTdT,CUAUUCCACCACGGCUGUCUU,GACAGCCGUGGUGGAAUAGUU,MM.MMMM.MM.M..MM.MMDD,..M.............M..DD,inactive,,113.88,10.0,0.0,inactive
AD-18455,alnylam,cAcGGcuGucGucAccAAudTdT,AUUGGUGACGAcAGCCGUGdTdT,CACGGCUGUCGUCACCAAUUU,AUUGGUGACGACAGCCGUGUU,M.M..MM.MM.MM.MM..MDD,...........M.......DD,inactive,,163.0,10.0,0.0,inactive
AD-18456,alnylam,AGGAcGAGGGAuGGGAuuudTdT,AAAUCCcAUCCCUCGUCCUdTdT,AGGACGAGGGAUGGGAUUUUU,AAAUCCCAUCCCUCGUCCUUU,....M......M....MMMDD,......M............DD,ic50_estimated,1.8623962040332145,15.7,10.0,84.3,good
AD-18457,alnylam,ucAccucAuAuGcuAuGuudTdT,AAcAuAGcAuAUGAGGUGAdTdT,UCACCUCAUAUGCUAUGUUUU,AACAUAGCAUAUGAGGUGAUU,MM.MMMM.M.M.MM.M.MMDD,..M.M..M.M.........DD,ic50_estimated,1.4757860913472571,12.86,10.0,87.14,good
AD-18458,alnylam,ccucAuAuGcuAuGuuAGAdTdT,UCuAAcAuAGcAuAUGAGGdTdT,CCUCAUAUGCUAUGUUAGAUU,UCUAACAUAGCAUAUGAGGUU,MMMM.M.M.MM.M.MM...DD,..M..M.M..M.M......DD,ic50_estimated,1.4942528735632183,13.0,10.0,87.0,good
AD-18459,alnylam,AuGuuAGAAGuccAGGcAGdTdT,CUGCCUGGACUUCuAAcAUdTdT,AUGUUAGAAGUCCAGGCAGUU,CUGCCUGGACUUCUAACAUUU,.M.MM.....MMM...M..DD,.............M..M..DD,ic50_estimated,1.6836078981189393,14.41,10.0,85.59,good
AD-18460,alnylam,ucuGAGGcuGGcccuAcGGdTdT,CCGuAGGGCcAGCCUcAGAdTdT,UCUGAGGCUGGCCCUACGGUU,CCGUAGGGCCAGCCUCAGAUU,MMM....MM..MMMM.M..DD,...M.....M.....M...DD,inactive,,121.16,10.0,0.0,inactive
AD-18461,alnylam,GGcccuAcGGGcAccGGuGdTdT,cACCGGUGCCCGuAGGGCCdTdT,GGCCCUACGGGCACCGGUGUU,CACCGGUGCCCGUAGGGCCUU,..MMMM.M...M.MM..M.DD,M...........M......DD,inactive,,100.53,10.0,0.0,inactive
AD-18462,alnylam,GGGcAccGGuGAAuccAAGdTdT,CUUGGAUUcACCGGUGCCCdTdT,GGGCACCGGUGAAUCCAAGUU,CUUGGAUUCACCGGUGCCCUU,...M.MM..M...MMM...DD,........M..........DD,ic50_estimated,9.138755980861244,47.75,10.0,52.25,good
AD-18463,alnylam,ccAuGcAuGuGuucAGAAAdTdT,UUUCUGAAcAcAUGcAUGGdTdT,CCAUGCAUGUGUUCAGAAAUU,UUUCUGAACACAUGCAUGGUU,MM.M.M.M.M.MMM.....DD,........M.M...M....DD,ic50_estimated,14.378352023403218,58.98,10.0,41.02,noisy
TTR-27,dicerna,UGACUAAGUCAAUAAUCAGAAUCag,CUGAUUCUGAUUAUUGACUUAGUCAAC,UGACUAAGUCAAUAAUCAGAA,CUGAUUCUGAUUAUUGACUUA,.M.M.M.M.M.M.M.M.M.M.,M.M.M.M.M.M.M.M.M.M.M,pct_remaining,,94.1,1.0,5.900000000000006,direct
TTR-28,dicerna,GACUAAGUCAAUAAUCAGAAUCAgc,GCUGAUUCUGAUUAUUGACUUAGUCAA,GACUAAGUCAAUAAUCAGAAU,GCUGAUUCUGAUUAUUGACUU,.M.M.M.M.M.M.M.M.M.M.,M.M.M.M.M.M.M.M.M.M.M,pct_remaining,,126.7,1.0,-26.700000000000003,direct
TTR-29,dicerna,ACUAAGUCAAUAAUCAGAAUCAGca,UGCUGAUUCUGAUUAUUGACUUAGUCA,ACUAAGUCAAUAAUCAGAAUC,UGCUGAUUCUGAUUAUUGACU,.M.M.M.M.M.M.M.M.M.M.,M.M.M.M.M.M.M.M.M.M.M,pct_remaining,,131.6,1.0,-31.599999999999994,direct
TTR-30,dicerna,CUAAGUCAAUAAUCAGAAUCAGCag,CUGCUGAUUCUGAUUAUUGACUUAGUC,CUAAGUCAAUAAUCAGAAUCA,CUGCUGAUUCUGAUUAUUGAC,.M.M.M.M.M.M.M.M.M.M.,M.M.M.M.M.M.M.M.M.M.M,pct_remaining,,111.6,1.0,-11.599999999999994,direct
TTR-31,dicerna,UAAGUCAAUAAUCAGAAUCAGCAgg,CCUGCUGAUUCUGAUUAUUGACUUAGU,UAAGUCAAUAAUCAGAAUCAG,CCUGCUGAUUCUGAUUAUUGA,.M.M.M.M.M.M.M.M.M.M.,M.M.M.M.M.M.M.M.M.M.M,pct_remaining,,106.8,1.0,-6.799999999999997,direct
TTR-32,dicerna,AAGUCAAUAAUCAGAAUCAGCAGgt,ACCUGCUGAUUCUGAUUAUUGACUUAG,AAGUCAAUAAUCAGAAUCAGC,ACCUGCUGAUUCUGAUUAUUG,.M.M.M.M.M.M.M.M.M.M.,M.M.M.M.M.M.M.M.M.M.M,pct_remaining,,112.6,1.0,-12.599999999999994,direct
TTR-33,dicerna,AGUCAAUAAUCAGAAUCAGCAGGtt,AACCUGCUGAUUCUGAUUAUUGACUUA,AGUCAAUAAUCAGAAUCAGCA,AACCUGCUGAUUCUGAUUAUU,.M.M.M.M.M.M.M.M.M.M.,M.M.M.M.M.M.M.M.M.M.M,pct_remaining,,121.4,1.0,-21.400000000000006,direct
TTR-34,dicerna,GUCAAUAAUCAGAAUCAGCAGGUtt,AAACCUGCUGAUUCUGAUUAUUGACUU,GUCAAUAAUCAGAAUCAGCAG,AAACCUGCUGAUUCUGAUUAU,.M.M.M.M.M.M.M.M.M.M.,M.M.M.M.M.M.M.M.M.M.M,pct_remaining,,117.7,1.0,-17.700000000000003,direct
TTR-35,dicerna,UCAAUAAUCAGAAUCAGCAGGUUtg,CAAACCUGCUGAUUCUGAUUAUUGACU,UCAAUAAUCAGAAUCAGCAGG,CAAACCUGCUGAUUCUGAUUA,.M.M.M.M.M.M.M.M.M.M.,M.M.M.M.M.M.M.M.M.M.M,pct_remaining,,84.5,1.0,15.5,direct
TTR-36,dicerna,CAAUAAUCAGAAUCAGCAGGUUUgc,GCAAACCUGCUGAUUCUGAUUAUUGAC,CAAUAAUCAGAAUCAGCAGGU,GCAAACCUGCUGAUUCUGAUU,.M.M.M.M.M.M.M.M.M.M.,M.M.M.M.M.M.M.M.M.M.M,pct_remaining,,121.6,1.0,-21.599999999999994,direct
TTR-37,dicerna,AAUAAUCAGAAUCAGCAGGUUUGca,UGCAAACCUGCUGAUUCUGAUUAUUGA,AAUAAUCAGAAUCAGCAGGUU,UGCAAACCUGCUGAUUCUGAU,.M.M.M.M.M.M.M.M.M.M.,M.M.M.M.M.M.M.M.M.M.M,pct_remaining,,102.4,1.0,-2.4000000000000057,direct
TTR-38,dicerna,AUAAUCAGAAUCAGCAGGUUUGCag,CUGCAAACCUGCUGAUUCUGAUUAUUG,AUAAUCAGAAUCAGCAGGUUU,CUGCAAACCUGCUGAUUCUGA,.M.M.M.M.M.M.M.M.M.M.,M.M.M.M.M.M.M.M.M.M.M,pct_remaining,,102.7,1.0,-2.700000000000003,direct
TTR-39,dicerna,UAAUCAGAAUCAGCAGGUUUGCAgt,ACUGCAAACCUGCUGAUUCUGAUUAUU,UAAUCAGAAUCAGCAGGUUUG,ACUGCAAACCUGCUGAUUCUG,.M.M.M.M.M.M.M.M.M.M.,M.M.M.M.M.M.M.M.M.M.M,pct_remaining,,103.3,1.0,-3.299999999999997,direct
TTR-40,dicerna,AAUCAGAAUCAGCAGGUUUGCAGtc,GACUGCAAACCUGCUGAUUCUGAUUAU,AAUCAGAAUCAGCAGGUUUGC,GACUGCAAACCUGCUGAUUCU,.M.M.M.M.M.M.M.M.M.M.,M.M.M.M.M.M.M.M.M.M.M,pct_remaining,,113.8,1.0,-13.799999999999997,direct
TTR-41,dicerna,AUCAGAAUCAGCAGGUUUGCAGUca,UGACUGCAAACCUGCUGAUUCUGAUUA,AUCAGAAUCAGCAGGUUUGCA,UGACUGCAAACCUGCUGAUUC,.M.M.M.M.M.M.M.M.M.M.,M.M.M.M.M.M.M.M.M.M.M,pct_remaining,,91.6,1.0,8.400000000000006,direct
TTR-43,dicerna,CAGAAUCAGCAGGUUUGCAGUCAga,UCUGACUGCAAACCUGCUGAUUCUGAU,CAGAAUCAGCAGGUUUGCAGU,UCUGACUGCAAACCUGCUGAU,.M.M.M.M.M.M.M.M.M.M.,M.M.M.M.M.M.M.M.M.M.M,pct_remaining,,110.1,1.0,-10.099999999999994,direct
TTR-44,dicerna,AGAAUCAGCAGGUUUGCAGUCAGat,AUCUGACUGCAAACCUGCUGAUUCUGA,AGAAUCAGCAGGUUUGCAGUC,AUCUGACUGCAAACCUGCUGA,.M.M.M.M.M.M.M.M.M.M.,M.M.M.M.M.M.M.M.M.M.M,pct_remaining,,101.8,1.0,-1.7999999999999972,direct
TTR-46,dicerna,AAUCAGCAGGUUUGCAGUCAGAUtg,CAAUCUGACUGCAAACCUGCUGAUUCU,AAUCAGCAGGUUUGCAGUCAG,CAAUCUGACUGCAAACCUGCU,.M.M.M.M.M.M.M.M.M.M.,M.M.M.M.M.M.M.M.M.M.M,pct_remaining,,97.1,1.0,2.9000000000000057,direct
TTR-47,dicerna,AUCAGCAGGUUUGCAGUCAGAUUgg,CCAAUCUGACUGCAAACCUGCUGAUUC,AUCAGCAGGUUUGCAGUCAGA,CCAAUCUGACUGCAAACCUGC,.M.M.M.M.M.M.M.M.M.M.,M.M.M.M.M.M.M.M.M.M.M,pct_remaining,,98.4,1.0,1.5999999999999943,direct
TTR-59,dicerna,GCAGUCAGAUUGGCAGGGAUAAGca,UGCUUAUCCCUGCCAAUCUGACUGCAA,GCAGUCAGAUUGGCAGGGAUA,UGCUUAUCCCUGCCAAUCUGA,.M.M.M.M.M.M.M.M.M.M.,M.M.M.M.M.M.M.M.M.M.M,pct_remaining,,98.3,1.0,1.7000000000000028,direct
TTR-84,dicerna,GCCUAGCUCAGGAGAAGUGAGUAta,UAUACUCACUUCUCCUGAGCUAGGCUG,GCCUAGCUCAGGAGAAGUGAG,UAUACUCACUUCUCCUGAGCU,.M.M.M.M.M.M.M.M.M.M.,M.M.M.M.M.M.M.M.M.M.M,pct_remaining,,100.3,1.0,-0.29999999999999716,direct
TTR-88,dicerna,AGCUCAGGAGAAGUGAGUAUAAAag,CUUUUAUACUCACUUCUCCUGAGCUAG,AGCUCAGGAGAAGUGAGUAUA,CUUUUAUACUCACUUCUCCUG,.M.M.M.M.M.M.M.M.M.M.,M.M.M.M.M.M.M.M.M.M.M,pct_remaining,,104.5,1.0,-4.5,direct
TTR-89,dicerna,GCUCAGGAGAAGUGAGUAUAAAAgc,GCUUUUAUACUCACUUCUCCUGAGCUA,GCUCAGGAGAAGUGAGUAUAA,GCUUUUAUACUCACUUCUCCU,.M.M.M.M.M.M.M.M.M.M.,M.M.M.M.M.M.M.M.M.M.M,pct_remaining,,96.5,1.0,3.5,direct
TTR-90,dicerna,CUCAGGAGAAGUGAGUAUAAAAGcc,GGCUUUUAUACUCACUUCUCCUGAGCU,CUCAGGAGAAGUGAGUAUAAA,GGCUUUUAUACUCACUUCUCC,.M.M.M.M.M.M.M.M.M.M.,M.M.M.M.M.M.M.M.M.M.M,pct_remaining,,106.9,1.0,-6.900000000000006,direct
TTR-92,dicerna,CAGGAGAAGUGAGUAUAAAAGCCcc,GGGGCUUUUAUACUCACUUCUCCUGAG,CAGGAGAAGUGAGUAUAAAAG,GGGGCUUUUAUACUCACUUCU,.M.M.M.M.M.M.M.M.M.M.,M.M.M.M.M.M.M.M.M.M.M,pct_remaining,,103.6,1.0,-3.5999999999999943,direct
TTR-126,dicerna,GCAGCCAUCACAGAAGUCCACUCat,AUGAGUGGACUUCUGUGAUGGCUGCUC,GCAGCCAUCACAGAAGUCCAC,AUGAGUGGACUUCUGUGAUGG,.M.M.M.M.M.M.M.M.M.M.,M.M.M.M.M.M.M.M.M.M.M,pct_remaining,,106.1,1.0,-6.099999999999994,direct
TTR-127,dicerna,CAGCCAUCACAGAAGUCCACUCAtt,AAUGAGUGGACUUCUGUGAUGGCUGCU,CAGCCAUCACAGAAGUCCACU,AAUGAGUGGACUUCUGUGAUG,.M.M.M.M.M.M.M.M.M.M.,M.M.M.M.M.M.M.M.M.M.M,pct_remaining,,96.9,1.0,3.0999999999999943,direct
TTR-128,dicerna,AGCCAUCACAGAAGUCCACUCAUtc,GAAUGAGUGGACUUCUGUGAUGGCUGC,AGCCAUCACAGAAGUCCACUC,GAAUGAGUGGACUUCUGUGAU,.M.M.M.M.M.M.M.M.M.M.,M.M.M.M.M.M.M.M.M.M.M,pct_remaining,,89.2,1.0,10.799999999999997,direct
TTR-129,dicerna,GCCAUCACAGAAGUCCACUCAUUct,AGAAUGAGUGGACUUCUGUGAUGGCUG,GCCAUCACAGAAGUCCACUCA,AGAAUGAGUGGACUUCUGUGA,.M.M.M.M.M.M.M.M.M.M.,M.M.M.M.M.M.M.M.M.M.M,pct_remaining,,50.6,1.0,49.4,direct
TTR-130,dicerna,CCAUCACAGAAGUCCACUCAUUCtt,AAGAAUGAGUGGACUUCUGUGAUGGCU,CCAUCACAGAAGUCCACUCAU,AAGAAUGAGUGGACUUCUGUG,.M.M.M.M.M.M.M.M.M.M.,M.M.M.M.M.M.M.M.M.M.M,pct_remaining,,45.0,1.0,55.0,direct
TTR-131,dicerna,CAUCACAGAAGUCCACUCAUUCUtg,CAAGAAUGAGUGGACUUCUGUGAUGGC,CAUCACAGAAGUCCACUCAUU,CAAGAAUGAGUGGACUUCUGU,.M.M.M.M.M.M.M.M.M.M.,M.M.M.M.M.M.M.M.M.M.M,pct_remaining,,30.9,1.0,69.1,direct
TTR-132,dicerna,AUCACAGAAGUCCACUCAUUCUUgg,CCAAGAAUGAGUGGACUUCUGUGAUGG,AUCACAGAAGUCCACUCAUUC,CCAAGAAUGAGUGGACUUCUG,.M.M.M.M.M.M.M.M.M.M.,M.M.M.M.M.M.M.M.M.M.M,pct_remaining,,21.0,1.0,79.0,direct
TTR-134,dicerna,CACAGAAGUCCACUCAUUCUUGGca,UGCCAAGAAUGAGUGGACUUCUGUGAU,CACAGAAGUCCACUCAUUCUU,UGCCAAGAAUGAGUGGACUUC,.M.M.M.M.M.M.M.M.M.M.,M.M.M.M.M.M.M.M.M.M.M,pct_remaining,,32.8,1.0,67.2,direct
TTR-135,dicerna,ACAGAAGUCCACUCAUUCUUGGCag,CUGCCAAGAAUGAGUGGACUUCUGUGA,ACAGAAGUCCACUCAUUCUUG,CUGCCAAGAAUGAGUGGACUU,.M.M.M.M.M.M.M.M.M.M.,M.M.M.M.M.M.M.M.M.M.M,pct_remaining,,38.6,1.0,61.4,direct
TTR-150,dicerna,UUCUUGGCAGGAUGGCUUCUCAUcg,CGAUGAGAAGCCAUCCUGCCAAGAAUG,UUCUUGGCAGGAUGGCUUCUC,CGAUGAGAAGCCAUCCUGCCA,.M.M.M.M.M.M.M.M.M.M.,M.M.M.M.M.M.M.M.M.M.M,pct_remaining,,7.2,1.0,92.8,direct
TTR-151,dicerna,UCUUGGCAGGAUGGCUUCUCAUCgt,ACGAUGAGAAGCCAUCCUGCCAAGAAU,UCUUGGCAGGAUGGCUUCUCA,ACGAUGAGAAGCCAUCCUGCC,.M.M.M.M.M.M.M.M.M.M.,M.M.M.M.M.M.M.M.M.M.M,pct_remaining,,34.6,1.0,65.4,direct
TTR-152,dicerna,CUUGGCAGGAUGGCUUCUCAUCGtc,GACGAUGAGAAGCCAUCCUGCCAAGAA,CUUGGCAGGAUGGCUUCUCAU,GACGAUGAGAAGCCAUCCUGC,.M.M.M.M.M.M.M.M.M.M.,M.M.M.M.M.M.M.M.M.M.M,pct_remaining,,0.9,1.0,99.1,direct
TTR-153,dicerna,UUGGCAGGAUGGCUUCUCAUCGUct,AGACGAUGAGAAGCCAUCCUGCCAAGA,UUGGCAGGAUGGCUUCUCAUC,AGACGAUGAGAAGCCAUCCUG,.M.M.M.M.M.M.M.M.M.M.,M.M.M.M.M.M.M.M.M.M.M,pct_remaining,,0.8,1.0,99.2,direct
TTR-154,dicerna,UGGCAGGAUGGCUUCUCAUCGUCtg,CAGACGAUGAGAAGCCAUCCUGCCAAG,UGGCAGGAUGGCUUCUCAUCG,CAGACGAUGAGAAGCCAUCCU,.M.M.M.M.M.M.M.M.M.M.,M.M.M.M.M.M.M.M.M.M.M,pct_remaining,,7.0,1.0,93.0,direct
TTR-155,dicerna,GGCAGGAUGGCUUCUCAUCGUCUgc,GCAGACGAUGAGAAGCCAUCCUGCCAA,GGCAGGAUGGCUUCUCAUCGU,GCAGACGAUGAGAAGCCAUCC,.M.M.M.M.M.M.M.M.M.M.,M.M.M.M.M.M.M.M.M.M.M,pct_remaining,,2.1,1.0,97.9,direct
TTR-156,dicerna,GCAGGAUGGCUUCUCAUCGUCUGct,AGCAGACGAUGAGAAGCCAUCCUGCCA,GCAGGAUGGCUUCUCAUCGUC,AGCAGACGAUGAGAAGCCAUC,.M.M.M.M.M.M.M.M.M.M.,M.M.M.M.M.M.M.M.M.M.M,pct_remaining,,3.1,1.0,96.9,direct
TTR-157,dicerna,CAGGAUGGCUUCUCAUCGUCUGCtc,GAGCAGACGAUGAGAAGCCAUCCUGCC,CAGGAUGGCUUCUCAUCGUCU,GAGCAGACGAUGAGAAGCCAU,.M.M.M.M.M.M.M.M.M.M.,M.M.M.M.M.M.M.M.M.M.M,pct_remaining,,1.7,1.0,98.3,direct
TTR-158,dicerna,AGGAUGGCUUCUCAUCGUCUGCUcc,GGAGCAGACGAUGAGAAGCCAUCCUGC,AGGAUGGCUUCUCAUCGUCUG,GGAGCAGACGAUGAGAAGCCA,.M.M.M.M.M.M.M.M.M.M.,M.M.M.M.M.M.M.M.M.M.M,pct_remaining,,1.5,1.0,98.5,direct
TTR-159,dicerna,GGAUGGCUUCUCAUCGUCUGCUCct,AGGAGCAGACGAUGAGAAGCCAUCCUG,GGAUGGCUUCUCAUCGUCUGC,AGGAGCAGACGAUGAGAAGCC,.M.M.M.M.M.M.M.M.M.M.,M.M.M.M.M.M.M.M.M.M.M,pct_remaining,,1.5,1.0,98.5,direct
TTR-160,dicerna,GAUGGCUUCUCAUCGUCUGCUCCtc,GAGGAGCAGACGAUGAGAAGCCAUCCU,GAUGGCUUCUCAUCGUCUGCU,GAGGAGCAGACGAUGAGAAGC,.M.M.M.M.M.M.M.M.M.M.,M.M.M.M.M.M.M.M.M.M.M,pct_remaining,,2.2,1.0,97.8,direct
TTR-161,dicerna,AUGGCUUCUCAUCGUCUGCUCCUcc,GGAGGAGCAGACGAUGAGAAGCCAUCC,AUGGCUUCUCAUCGUCUGCUC,GGAGGAGCAGACGAUGAGAAG,.M.M.M.M.M.M.M.M.M.M.,M.M.M.M.M.M.M.M.M.M.M,pct_remaining,,1.6,1.0,98.4,direct
TTR-162,dicerna,UGGCUUCUCAUCGUCUGCUCCUCct,AGGAGGAGCAGACGAUGAGAAGCCAUC,UGGCUUCUCAUCGUCUGCUCC,AGGAGGAGCAGACGAUGAGAA,.M.M.M.M.M.M.M.M.M.M.,M.M.M.M.M.M.M.M.M.M.M,pct_remaining,,5.9,1.0,94.1,direct
TTR-163,dicerna,GGCUUCUCAUCGUCUGCUCCUCCtc,GAGGAGGAGCAGACGAUGAGAAGCCAU,GGCUUCUCAUCGUCUGCUCCU,GAGGAGGAGCAGACGAUGAGA,.M.M.M.M.M.M.M.M.M.M.,M.M.M.M.M.M.M.M.M.M.M,pct_remaining,,55.4,1.0,44.6,direct
TTR-164,dicerna,GCUUCUCAUCGUCUGCUCCUCCUct,AGAGGAGGAGCAGACGAUGAGAAGCCA,GCUUCUCAUCGUCUGCUCCUC,AGAGGAGGAGCAGACGAUGAG,.M.M.M.M.M.M.M.M.M.M.,M.M.M.M.M.M.M.M.M.M.M,pct_remaining,,0.8,1.0,99.2,direct
TTR-165,dicerna,CUUCUCAUCGUCUGCUCCUCCUCtg,CAGAGGAGGAGCAGACGAUGAGAAGCC,CUUCUCAUCGUCUGCUCCUCC,CAGAGGAGGAGCAGACGAUGA,.M.M.M.M.M.M.M.M.M.M.,M.M.M.M.M.M.M.M.M.M.M,pct_remaining,,9.3,1.0,90.7,direct
TTR-186,dicerna,UCUGCCUUGCUGGACUGGUAUUUgt,ACAAAUACCAGUCCAGCAAGGCAGAGG,UCUGCCUUGCUGGACUGGUAU,ACAAAUACCAGUCCAGCAAGG,.M.M.M.M.M.M.M.M.M.M.,M.M.M.M.M.M.M.M.M.M.M,pct_remaining,,15.4,1.0,84.6,direct
TTR-187,dicerna,CUGCCUUGCUGGACUGGUAUUUGtg,CACAAAUACCAGUCCAGCAAGGCAGAG,CUGCCUUGCUGGACUGGUAUU,CACAAAUACCAGUCCAGCAAG,.M.M.M.M.M.M.M.M.M.M.,M.M.M.M.M.M.M.M.M.M.M,pct_remaining,,9.6,1.0,90.4,direct
TTR-234,dicerna,CCGGUGAAUCCAAGUGUCCUCUGat,AUCAGAGGACACUUGGAUUCACCGGUG,CCGGUGAAUCCAAGUGUCCUC,AUCAGAGGACACUUGGAUUCA,.M.M.M.M.M.M.M.M.M.M.,M.M.M.M.M.M.M.M.M.M.M,pct_remaining,,5.3,1.0,94.7,direct
TTR-238,dicerna,UGAAUCCAAGUGUCCUCUGAUGGtc,GACCAUCAGAGGACACUUGGAUUCACC,UGAAUCCAAGUGUCCUCUGAU,GACCAUCAGAGGACACUUGGA,.M.M.M.M.M.M.M.M.M.M.,M.M.M.M.M.M.M.M.M.M.M,pct_remaining,,4.3,1.0,95.7,direct
TTR-239,dicerna,GAAUCCAAGUGUCCUCUGAUGGUca,UGACCAUCAGAGGACACUUGGAUUCAC,GAAUCCAAGUGUCCUCUGAUG,UGACCAUCAGAGGACACUUGG,.M.M.M.M.M.M.M.M.M.M.,M.M.M.M.M.M.M.M.M.M.M,pct_remaining,,2.8,1.0,97.2,direct
TTR-240,dicerna,AAUCCAAGUGUCCUCUGAUGGUCaa,UUGACCAUCAGAGGACACUUGGAUUCA,AAUCCAAGUGUCCUCUGAUGG,UUGACCAUCAGAGGACACUUG,.M.M.M.M.M.M.M.M.M.M.,M.M.M.M.M.M.M.M.M.M.M,pct_remaining,,0.7,1.0,99.3,direct
TTR-241,dicerna,AUCCAAGUGUCCUCUGAUGGUCAaa,UUUGACCAUCAGAGGACACUUGGAUUC,AUCCAAGUGUCCUCUGAUGGU,UUUGACCAUCAGAGGACACUU,.M.M.M.M.M.M.M.M.M.M.,M.M.M.M.M.M.M.M.M.M.M,pct_remaining,,15.8,1.0,84.2,direct
TTR-242,dicerna,UCCAAGUGUCCUCUGAUGGUCAAag,CUUUGACCAUCAGAGGACACUUGGAUU,UCCAAGUGUCCUCUGAUGGUC,CUUUGACCAUCAGAGGACACU,.M.M.M.M.M.M.M.M.M.M.,M.M.M.M.M.M.M.M.M.M.M,pct_remaining,,1.9,1.0,98.1,direct
TTR-243,dicerna,CCAAGUGUCCUCUGAUGGUCAAAgt,ACUUUGACCAUCAGAGGACACUUGGAU,CCAAGUGUCCUCUGAUGGUCA,ACUUUGACCAUCAGAGGACAC,.M.M.M.M.M.M.M.M.M.M.,M.M.M.M.M.M.M.M.M.M.M,pct_remaining,,9.0,1.0,91.0,direct
TTR-244,dicerna,CAAGUGUCCUCUGAUGGUCAAAGtt,AACUUUGACCAUCAGAGGACACUUGGA,CAAGUGUCCUCUGAUGGUCAA,AACUUUGACCAUCAGAGGACA,.M.M.M.M.M.M.M.M.M.M.,M.M.M.M.M.M.M.M.M.M.M,pct_remaining,,3.6,1.0,96.4,direct
TTR-245,dicerna,AAGUGUCCUCUGAUGGUCAAAGUtc,GAACUUUGACCAUCAGAGGACACUUGG,AAGUGUCCUCUGAUGGUCAAA,GAACUUUGACCAUCAGAGGAC,.M.M.M.M.M.M.M.M.M.M.,M.M.M.M.M.M.M.M.M.M.M,pct_remaining,,0.3,1.0,99.7,direct
TTR-246,dicerna,AGUGUCCUCUGAUGGUCAAAGUUct,AGAACUUUGACCAUCAGAGGACACUUG,AGUGUCCUCUGAUGGUCAAAG,AGAACUUUGACCAUCAGAGGA,.M.M.M.M.M.M.M.M.M.M.,M.M.M.M.M.M.M.M.M.M.M,pct_remaining,,2.0,1.0,98.0,direct
TTR-247,dicerna,GUGUCCUCUGAUGGUCAAAGUUCta,UAGAACUUUGACCAUCAGAGGACACUU,GUGUCCUCUGAUGGUCAAAGU,UAGAACUUUGACCAUCAGAGG,.M.M.M.M.M.M.M.M.M.M.,M.M.M.M.M.M.M.M.M.M.M,pct_remaining,,21.9,1.0,78.1,direct
TTR-248,dicerna,UGUCCUCUGAUGGUCAAAGUUCUag,CUAGAACUUUGACCAUCAGAGGACACU,UGUCCUCUGAUGGUCAAAGUU,CUAGAACUUUGACCAUCAGAG,.M.M.M.M.M.M.M.M.M.M.,M.M.M.M.M.M.M.M.M.M.M,pct_remaining,,4.7,1.0,95.3,direct
TTR-249,dicerna,GUCCUCUGAUGGUCAAAGUUCUAga,UCUAGAACUUUGACCAUCAGAGGACAC,GUCCUCUGAUGGUCAAAGUUC,UCUAGAACUUUGACCAUCAGA,.M.M.M.M.M.M.M.M.M.M.,M.M.M.M.M.M.M.M.M.M.M,pct_remaining,,2.3,1.0,97.7,direct
TTR-250,dicerna,UCCUCUGAUGGUCAAAGUUCUAGat,AUCUAGAACUUUGACCAUCAGAGGACA,UCCUCUGAUGGUCAAAGUUCU,AUCUAGAACUUUGACCAUCAG,.M.M.M.M.M.M.M.M.M.M.,M.M.M.M.M.M.M.M.M.M.M,pct_remaining,,7.3,1.0,92.7,direct
TTR-251,dicerna,CCUCUGAUGGUCAAAGUUCUAGAtg,CAUCUAGAACUUUGACCAUCAGAGGAC,CCUCUGAUGGUCAAAGUUCUA,CAUCUAGAACUUUGACCAUCA,.M.M.M.M.M.M.M.M.M.M.,M.M.M.M.M.M.M.M.M.M.M,pct_remaining,,16.3,1.0,83.7,direct
TTR-252,dicerna,CUCUGAUGGUCAAAGUUCUAGAUgc,GCAUCUAGAACUUUGACCAUCAGAGGA,CUCUGAUGGUCAAAGUUCUAG,GCAUCUAGAACUUUGACCAUC,.M.M.M.M.M.M.M.M.M.M.,M.M.M.M.M.M.M.M.M.M.M,pct_remaining,,2.6,1.0,97.4,direct
TTR-253,dicerna,UCUGAUGGUCAAAGUUCUAGAUGct,AGCAUCUAGAACUUUGACCAUCAGAGG,UCUGAUGGUCAAAGUUCUAGA,AGCAUCUAGAACUUUGACCAU,.M.M.M.M.M.M.M.M.M.M.,M.M.M.M.M.M.M.M.M.M.M,pct_remaining,,17.2,1.0,82.8,direct
TTR-254,dicerna,CUGAUGGUCAAAGUUCUAGAUGCtg,CAGCAUCUAGAACUUUGACCAUCAGAG,CUGAUGGUCAAAGUUCUAGAU,CAGCAUCUAGAACUUUGACCA,.M.M.M.M.M.M.M.M.M.M.,M.M.M.M.M.M.M.M.M.M.M,pct_remaining,,3.6,1.0,96.4,direct
TTR-255,dicerna,UGAUGGUCAAAGUUCUAGAUGCUgt,ACAGCAUCUAGAACUUUGACCAUCAGA,UGAUGGUCAAAGUUCUAGAUG,ACAGCAUCUAGAACUUUGACC,.M.M.M.M.M.M.M.M.M.M.,M.M.M.M.M.M.M.M.M.M.M,pct_remaining,,1.5,1.0,98.5,direct
TTR-256,dicerna,GAUGGUCAAAGUUCUAGAUGCUGtc,GACAGCAUCUAGAACUUUGACCAUCAG,GAUGGUCAAAGUUCUAGAUGC,GACAGCAUCUAGAACUUUGAC,.M.M.M.M.M.M.M.M.M.M.,M.M.M.M.M.M.M.M.M.M.M,pct_remaining,,7.7,1.0,92.3,direct
TTR-257,dicerna,AUGGUCAAAGUUCUAGAUGCUGUcc,GGACAGCAUCUAGAACUUUGACCAUCA,AUGGUCAAAGUUCUAGAUGCU,GGACAGCAUCUAGAACUUUGA,.M.M.M.M.M.M.M.M.M.M.,M.M.M.M.M.M.M.M.M.M.M,pct_remaining,,0.6,1.0,99.4,direct
TTR-258,dicerna,UGGUCAAAGUUCUAGAUGCUGUCcg,CGGACAGCAUCUAGAACUUUGACCAUC,UGGUCAAAGUUCUAGAUGCUG,CGGACAGCAUCUAGAACUUUG,.M.M.M.M.M.M.M.M.M.M.,M.M.M.M.M.M.M.M.M.M.M,pct_remaining,,2.8,1.0,97.2,direct
TTR-346,dicerna,GCCAUUUGCCUCUGGGAAAACCAgt,ACUGGUUUUCCCAGAGGCAAAUGGCUC,GCCAUUUGCCUCUGGGAAAAC,ACUGGUUUUCCCAGAGGCAAA,.M.M.M.M.M.M.M.M.M.M.,M.M.M.M.M.M.M.M.M.M.M,pct_remaining,,4.3,1.0,95.7,direct
TTR-347,dicerna,CCAUUUGCCUCUGGGAAAACCAGtg,CACUGGUUUUCCCAGAGGCAAAUGGCU,CCAUUUGCCUCUGGGAAAACC,CACUGGUUUUCCCAGAGGCAA,.M.M.M.M.M.M.M.M.M.M.,M.M.M.M.M.M.M.M.M.M.M,pct_remaining,,7.3,1.0,92.7,direct
TTR-348,dicerna,CAUUUGCCUCUGGGAAAACCAGUga,UCACUGGUUUUCCCAGAGGCAAAUGGC,CAUUUGCCUCUGGGAAAACCA,UCACUGGUUUUCCCAGAGGCA,.M.M.M.M.M.M.M.M.M.M.,M.M.M.M.M.M.M.M.M.M.M,pct_remaining,,80.5,1.0,19.5,direct
TTR-349,dicerna,AUUUGCCUCUGGGAAAACCAGUGag,CUCACUGGUUUUCCCAGAGGCAAAUGG,AUUUGCCUCUGGGAAAACCAG,CUCACUGGUUUUCCCAGAGGC,.M.M.M.M.M.M.M.M.M.M.,M.M.M.M.M.M.M.M.M.M.M,pct_remaining,,33.1,1.0,66.9,direct
TTR-350,dicerna,UUUGCCUCUGGGAAAACCAGUGAgt,ACUCACUGGUUUUCCCAGAGGCAAAUG,UUUGCCUCUGGGAAAACCAGU,ACUCACUGGUUUUCCCAGAGG,.M.M.M.M.M.M.M.M.M.M.,M.M.M.M.M.M.M.M.M.M.M,pct_remaining,,30.0,1.0,70.0,direct
TTR-351,dicerna,UUGCCUCUGGGAAAACCAGUGAGtc,GACUCACUGGUUUUCCCAGAGGCAAAU,UUGCCUCUGGGAAAACCAGUG,GACUCACUGGUUUUCCCAGAG,.M.M.M.M.M.M.M.M.M.M.,M.M.M.M.M.M.M.M.M.M.M,pct_remaining,,85.6,1.0,14.400000000000006,direct
TTR-352,dicerna,UGCCUCUGGGAAAACCAGUGAGUct,AGACUCACUGGUUUUCCCAGAGGCAAA,UGCCUCUGGGAAAACCAGUGA,AGACUCACUGGUUUUCCCAGA,.M.M.M.M.M.M.M.M.M.M.,M.M.M.M.M.M.M.M.M.M.M,pct_remaining,,23.4,1.0,76.6,direct
TTR-353,dicerna,GCCUCUGGGAAAACCAGUGAGUCtg,CAGACUCACUGGUUUUCCCAGAGGCAA,GCCUCUGGGAAAACCAGUGAG,CAGACUCACUGGUUUUCCCAG,.M.M.M.M.M.M.M.M.M.M.,M.M.M.M.M.M.M.M.M.M.M,pct_remaining,,79.8,1.0,20.200000000000003,direct
TTR-354,dicerna,CCUCUGGGAAAACCAGUGAGUCUgg,CCAGACUCACUGGUUUUCCCAGAGGCA,CCUCUGGGAAAACCAGUGAGU,CCAGACUCACUGGUUUUCCCA,.M.M.M.M.M.M.M.M.M.M.,M.M.M.M.M.M.M.M.M.M.M,pct_remaining,,15.7,1.0,84.3,direct
TTR-355,dicerna,CUCUGGGAAAACCAGUGAGUCUGga,UCCAGACUCACUGGUUUUCCCAGAGGC,CUCUGGGAAAACCAGUGAGUC,UCCAGACUCACUGGUUUUCCC,.M.M.M.M.M.M.M.M.M.M.,M.M.M.M.M.M.M.M.M.M.M,pct_remaining,,4.4,1.0,95.6,direct
TTR-356,dicerna,UCUGGGAAAACCAGUGAGUCUGGag,CUCCAGACUCACUGGUUUUCCCAGAGG,UCUGGGAAAACCAGUGAGUCU,CUCCAGACUCACUGGUUUUCC,.M.M.M.M.M.M.M.M.M.M.,M.M.M.M.M.M.M.M.M.M.M,pct_remaining,,13.0,1.0,87.0,direct
TTR-357,dicerna,CUGGGAAAACCAGUGAGUCUGGAga,UCUCCAGACUCACUGGUUUUCCCAGAG,CUGGGAAAACCAGUGAGUCUG,UCUCCAGACUCACUGGUUUUC,.M.M.M.M.M.M.M.M.M.M.,M.M.M.M.M.M.M.M.M.M.M,pct_remaining,,3.9,1.0,96.1,direct
TTR-358,dicerna,UGGGAAAACCAGUGAGUCUGGAGag,CUCUCCAGACUCACUGGUUUUCCCAGA,UGGGAAAACCAGUGAGUCUGG,CUCUCCAGACUCACUGGUUUU,.M.M.M.M.M.M.M.M.M.M.,M.M.M.M.M.M.M.M.M.M.M,pct_remaining,,4.8,1.0,95.2,direct
TTR-359,dicerna,GGGAAAACCAGUGAGUCUGGAGAgc,GCUCUCCAGACUCACUGGUUUUCCCAG,GGGAAAACCAGUGAGUCUGGA,GCUCUCCAGACUCACUGGUUU,.M.M.M.M.M.M.M.M.M.M.,M.M.M.M.M.M.M.M.M.M.M,pct_remaining,,47.2,1.0,52.8,direct
TTR-360,dicerna,GGAAAACCAGUGAGUCUGGAGAGct,AGCUCUCCAGACUCACUGGUUUUCCCA,GGAAAACCAGUGAGUCUGGAG,AGCUCUCCAGACUCACUGGUU,.M.M.M.M.M.M.M.M.M.M.,M.M.M.M.M.M.M.M.M.M.M,pct_remaining,,11.4,1.0,88.6,direct
TTR-361,dicerna,GAAAACCAGUGAGUCUGGAGAGCtg,CAGCUCUCCAGACUCACUGGUUUUCCC,GAAAACCAGUGAGUCUGGAGA,CAGCUCUCCAGACUCACUGGU,.M.M.M.M.M.M.M.M.M.M.,M.M.M.M.M.M.M.M.M.M.M,pct_remaining,,20.0,1.0,80.0,direct
TTR-381,dicerna,AGCUGCAUGGGCUCACAACUGAGga,UCCUCAGUUGUGAGCCCAUGCAGCUCU,AGCUGCAUGGGCUCACAACUG,UCCUCAGUUGUGAGCCCAUGC,.M.M.M.M.M.M.M.M.M.M.,M.M.M.M.M.M.M.M.M.M.M,pct_remaining,,19.0,1.0,81.0,direct
TTR-382,dicerna,GCUGCAUGGGCUCACAACUGAGGag,CUCCUCAGUUGUGAGCCCAUGCAGCUC,GCUGCAUGGGCUCACAACUGA,CUCCUCAGUUGUGAGCCCAUG,.M.M.M.M.M.M.M.M.M.M.,M.M.M.M.M.M.M.M.M.M.M,pct_remaining,,68.0,1.0,32.0,direct
TTR-383,dicerna,CUGCAUGGGCUCACAACUGAGGAgg,CCUCCUCAGUUGUGAGCCCAUGCAGCU,CUGCAUGGGCUCACAACUGAG,CCUCCUCAGUUGUGAGCCCAU,.M.M.M.M.M.M.M.M.M.M.,M.M.M.M.M.M.M.M.M.M.M,pct_remaining,,3.4,1.0,96.6,direct
TTR-384,dicerna,UGCAUGGGCUCACAACUGAGGAGga,UCCUCCUCAGUUGUGAGCCCAUGCAGC,UGCAUGGGCUCACAACUGAGG,UCCUCCUCAGUUGUGAGCCCA,.M.M.M.M.M.M.M.M.M.M.,M.M.M.M.M.M.M.M.M.M.M,pct_remaining,,24.8,1.0,75.2,direct
TTR-385,dicerna,GCAUGGGCUCACAACUGAGGAGGaa,UUCCUCCUCAGUUGUGAGCCCAUGCAG,GCAUGGGCUCACAACUGAGGA,UUCCUCCUCAGUUGUGAGCCC,.M.M.M.M.M.M.M.M.M.M.,M.M.M.M.M.M.M.M.M.M.M,pct_remaining,,31.6,1.0,68.4,direct
TTR-386,dicerna,CAUGGGCUCACAACUGAGGAGGAat,AUUCCUCCUCAGUUGUGAGCCCAUGCA,CAUGGGCUCACAACUGAGGAG,AUUCCUCCUCAGUUGUGAGCC,.M.M.M.M.M.M.M.M.M.M.,M.M.M.M.M.M.M.M.M.M.M,pct_remaining,,63.7,1.0,36.3,direct
TTR-387,dicerna,AUGGGCUCACAACUGAGGAGGAAtt,AAUUCCUCCUCAGUUGUGAGCCCAUGC,AUGGGCUCACAACUGAGGAGG,AAUUCCUCCUCAGUUGUGAGC,.M.M.M.M.M.M.M.M.M.M.,M.M.M.M.M.M.M.M.M.M.M,pct_remaining,,36.8,1.0,63.2,direct
TTR-388,dicerna,UGGGCUCACAACUGAGGAGGAAUtt,AAAUUCCUCCUCAGUUGUGAGCCCAUG,UGGGCUCACAACUGAGGAGGA,AAAUUCCUCCUCAGUUGUGAG,.M.M.M.M.M.M.M.M.M.M.,M.M.M.M.M.M.M.M.M.M.M,pct_remaining,,62.0,1.0,38.0,direct
TTR-389,dicerna,GGGCUCACAACUGAGGAGGAAUUtg,CAAAUUCCUCCUCAGUUGUGAGCCCAU,GGGCUCACAACUGAGGAGGAA,CAAAUUCCUCCUCAGUUGUGA,.M.M.M.M.M.M.M.M.M.M.,M.M.M.M.M.M.M.M.M.M.M,pct_remaining,,60.0,1.0,40.0,direct
TTR-390,dicerna,GGCUCACAACUGAGGAGGAAUUUgt,ACAAAUUCCUCCUCAGUUGUGAGCCCA,GGCUCACAACUGAGGAGGAAU,ACAAAUUCCUCCUCAGUUGUG,.M.M.M.M.M.M.M.M.M.M.,M.M.M.M.M.M.M.M.M.M.M,pct_remaining,,17.8,1.0,82.2,direct
TTR-391,dicerna,GCUCACAACUGAGGAGGAAUUUGta,UACAAAUUCCUCCUCAGUUGUGAGCCC,GCUCACAACUGAGGAGGAAUU,UACAAAUUCCUCCUCAGUUGU,.M.M.M.M.M.M.M.M.M.M.,M.M.M.M.M.M.M.M.M.M.M,pct_remaining,,36.4,1.0,63.6,direct
TTR-392,dicerna,CUCACAACUGAGGAGGAAUUUGUag,CUACAAAUUCCUCCUCAGUUGUGAGCC,CUCACAACUGAGGAGGAAUUU,CUACAAAUUCCUCCUCAGUUG,.M.M.M.M.M.M.M.M.M.M.,M.M.M.M.M.M.M.M.M.M.M,pct_remaining,,30.0,1.0,70.0,direct
TTR-393,dicerna,UCACAACUGAGGAGGAAUUUGUAga,UCUACAAAUUCCUCCUCAGUUGUGAGC,UCACAACUGAGGAGGAAUUUG,UCUACAAAUUCCUCCUCAGUU,.M.M.M.M.M.M.M.M.M.M.,M.M.M.M.M.M.M.M.M.M.M,pct_remaining,,28.7,1.0,71.3,direct
TTR-394,dicerna,CACAACUGAGGAGGAAUUUGUAGaa,UUCUACAAAUUCCUCCUCAGUUGUGAG,CACAACUGAGGAGGAAUUUGU,UUCUACAAAUUCCUCCUCAGU,.M.M.M.M.M.M.M.M.M.M.,M.M.M.M.M.M.M.M.M.M.M,pct_remaining,,21.7,1.0,78.3,direct
TTR-395,dicerna,ACAACUGAGGAGGAAUUUGUAGAag,CUUCUACAAAUUCCUCCUCAGUUGUGA,ACAACUGAGGAGGAAUUUGUA,CUUCUACAAAUUCCUCCUCAG,.M.M.M.M.M.M.M.M.M.M.,M.M.M.M.M.M.M.M.M.M.M,pct_remaining,,49.3,1.0,50.7,direct
TTR-396,dicerna,CAACUGAGGAGGAAUUUGUAGAAgg,CCUUCUACAAAUUCCUCCUCAGUUGUG,CAACUGAGGAGGAAUUUGUAG,CCUUCUACAAAUUCCUCCUCA,.M.M.M.M.M.M.M.M.M.M.,M.M.M.M.M.M.M.M.M.M.M,pct_remaining,,11.8,1.0,88.2,direct
TTR-398,dicerna,ACUGAGGAGGAAUUUGUAGAAGGga,UCCCUUCUACAAAUUCCUCCUCAGUUG,ACUGAGGAGGAAUUUGUAGAA,UCCCUUCUACAAAUUCCUCCU,.M.M.M.M.M.M.M.M.M.M.,M.M.M.M.M.M.M.M.M.M.M,pct_remaining,,30.7,1.0,69.3,direct
TTR-399,dicerna,CUGAGGAGGAAUUUGUAGAAGGGat,AUCCCUUCUACAAAUUCCUCCUCAGUU,CUGAGGAGGAAUUUGUAGAAG,AUCCCUUCUACAAAUUCCUCC,.M.M.M.M.M.M.M.M.M.M.,M.M.M.M.M.M.M.M.M.M.M,pct_remaining,,11.6,1.0,88.4,direct
TTR-400,dicerna,UGAGGAGGAAUUUGUAGAAGGGAta,UAUCCCUUCUACAAAUUCCUCCUCAGU,UGAGGAGGAAUUUGUAGAAGG,UAUCCCUUCUACAAAUUCCUC,.M.M.M.M.M.M.M.M.M.M.,M.M.M.M.M.M.M.M.M.M.M,pct_remaining,,71.8,1.0,28.200000000000003,direct
TTR-401,dicerna,GAGGAGGAAUUUGUAGAAGGGAUat,AUAUCCCUUCUACAAAUUCCUCCUCAG,GAGGAGGAAUUUGUAGAAGGG,AUAUCCCUUCUACAAAUUCCU,.M.M.M.M.M.M.M.M.M.M.,M.M.M.M.M.M.M.M.M.M.M,pct_remaining,,43.9,1.0,56.1,direct
TTR-402,dicerna,AGGAGGAAUUUGUAGAAGGGAUAta,UAUAUCCCUUCUACAAAUUCCUCCUCA,AGGAGGAAUUUGUAGAAGGGA,UAUAUCCCUUCUACAAAUUCC,.M.M.M.M.M.M.M.M.M.M.,M.M.M.M.M.M.M.M.M.M.M,pct_remaining,,29.5,1.0,70.5,direct
TTR-403,dicerna,GGAGGAAUUUGUAGAAGGGAUAUac,GUAUAUCCCUUCUACAAAUUCCUCCUC,GGAGGAAUUUGUAGAAGGGAU,GUAUAUCCCUUCUACAAAUUC,.M.M.M.M.M.M.M.M.M.M.,M.M.M.M.M.M.M.M.M.M.M,pct_remaining,,27.7,1.0,72.3,direct
TTR-404,dicerna,GAGGAAUUUGUAGAAGGGAUAUAca,UGUAUAUCCCUUCUACAAAUUCCUCCU,GAGGAAUUUGUAGAAGGGAUA,UGUAUAUCCCUUCUACAAAUU,.M.M.M.M.M.M.M.M.M.M.,M.M.M.M.M.M.M.M.M.M.M,pct_remaining,,33.8,1.0,66.2,direct
TTR-405,dicerna,AGGAAUUUGUAGAAGGGAUAUACaa,UUGUAUAUCCCUUCUACAAAUUCCUCC,AGGAAUUUGUAGAAGGGAUAU,UUGUAUAUCCCUUCUACAAAU,.M.M.M.M.M.M.M.M.M.M.,M.M.M.M.M.M.M.M.M.M.M,pct_remaining,,6.2,1.0,93.8,direct
TTR-406,dicerna,GGAAUUUGUAGAAGGGAUAUACAaa,UUUGUAUAUCCCUUCUACAAAUUCCUC,GGAAUUUGUAGAAGGGAUAUA,UUUGUAUAUCCCUUCUACAAA,.M.M.M.M.M.M.M.M.M.M.,M.M.M.M.M.M.M.M.M.M.M,pct_remaining,,9.6,1.0,90.4,direct
TTR-407,dicerna,GAAUUUGUAGAAGGGAUAUACAAag,CUUUGUAUAUCCCUUCUACAAAUUCCU,GAAUUUGUAGAAGGGAUAUAC,CUUUGUAUAUCCCUUCUACAA,.M.M.M.M.M.M.M.M.M.M.,M.M.M.M.M.M.M.M.M.M.M,pct_remaining,,17.0,1.0,83.0,direct
TTR-408,dicerna,AAUUUGUAGAAGGGAUAUACAAAgt,ACUUUGUAUAUCCCUUCUACAAAUUCC,AAUUUGUAGAAGGGAUAUACA,ACUUUGUAUAUCCCUUCUACA,.M.M.M.M.M.M.M.M.M.M.,M.M.M.M.M.M.M.M.M.M.M,pct_remaining,,35.1,1.0,64.9,direct
TTR-409,dicerna,AUUUGUAGAAGGGAUAUACAAAGtg,CACUUUGUAUAUCCCUUCUACAAAUUC,AUUUGUAGAAGGGAUAUACAA,CACUUUGUAUAUCCCUUCUAC,.M.M.M.M.M.M.M.M.M.M.,M.M.M.M.M.M.M.M.M.M.M,pct_remaining,,16.9,1.0,83.1,direct
TTR-410,dicerna,UUUGUAGAAGGGAUAUACAAAGUgg,CCACUUUGUAUAUCCCUUCUACAAAUU,UUUGUAGAAGGGAUAUACAAA,CCACUUUGUAUAUCCCUUCUA,.M.M.M.M.M.M.M.M.M.M.,M.M.M.M.M.M.M.M.M.M.M,pct_remaining,,33.2,1.0,66.8,direct
TTR-411,dicerna,UUGUAGAAGGGAUAUACAAAGUGga,UCCACUUUGUAUAUCCCUUCUACAAAU,UUGUAGAAGGGAUAUACAAAG,UCCACUUUGUAUAUCCCUUCU,.M.M.M.M.M.M.M.M.M.M.,M.M.M.M.M.M.M.M.M.M.M,pct_remaining,,46.8,1.0,53.2,direct
TTR-412,dicerna,UGUAGAAGGGAUAUACAAAGUGGaa,UUCCACUUUGUAUAUCCCUUCUACAAA,UGUAGAAGGGAUAUACAAAGU,UUCCACUUUGUAUAUCCCUUC,.M.M.M.M.M.M.M.M.M.M.,M.M.M.M.M.M.M.M.M.M.M,pct_remaining,,32.9,1.0,67.1,direct
TTR-413,dicerna,GUAGAAGGGAUAUACAAAGUGGAaa,UUUCCACUUUGUAUAUCCCUUCUACAA,GUAGAAGGGAUAUACAAAGUG,UUUCCACUUUGUAUAUCCCUU,.M.M.M.M.M.M.M.M.M.M.,M.M.M.M.M.M.M.M.M.M.M,pct_remaining,,26.1,1.0,73.9,direct
TTR-414,dicerna,UAGAAGGGAUAUACAAAGUGGAAat,AUUUCCACUUUGUAUAUCCCUUCUACA,UAGAAGGGAUAUACAAAGUGG,AUUUCCACUUUGUAUAUCCCU,.M.M.M.M.M.M.M.M.M.M.,M.M.M.M.M.M.M.M.M.M.M,pct_remaining,,37.0,1.0,63.0,direct
TTR-415,dicerna,AGAAGGGAUAUACAAAGUGGAAAta,UAUUUCCACUUUGUAUAUCCCUUCUAC,AGAAGGGAUAUACAAAGUGGA,UAUUUCCACUUUGUAUAUCCC,.M.M.M.M.M.M.M.M.M.M.,M.M.M.M.M.M.M.M.M.M.M,pct_remaining,,43.8,1.0,56.2,direct
TTR-416,dicerna,GAAGGGAUAUACAAAGUGGAAAUag,CUAUUUCCACUUUGUAUAUCCCUUCUA,GAAGGGAUAUACAAAGUGGAA,CUAUUUCCACUUUGUAUAUCC,.M.M.M.M.M.M.M.M.M.M.,M.M.M.M.M.M.M.M.M.M.M,pct_remaining,,28.8,1.0,71.2,direct
TTR-417,dicerna,AAGGGAUAUACAAAGUGGAAAUAga,UCUAUUUCCACUUUGUAUAUCCCUUCU,AAGGGAUAUACAAAGUGGAAA,UCUAUUUCCACUUUGUAUAUC,.M.M.M.M.M.M.M.M.M.M.,M.M.M.M.M.M.M.M.M.M.M,pct_remaining,,65.0,1.0,35.0,direct
TTR-418,dicerna,AGGGAUAUACAAAGUGGAAAUAGac,GUCUAUUUCCACUUUGUAUAUCCCUUC,AGGGAUAUACAAAGUGGAAAU,GUCUAUUUCCACUUUGUAUAU,.M.M.M.M.M.M.M.M.M.M.,M.M.M.M.M.M.M.M.M.M.M,pct_remaining,,16.6,1.0,83.4,direct
TTR-419,dicerna,GGGAUAUACAAAGUGGAAAUAGAca,UGUCUAUUUCCACUUUGUAUAUCCCUU,GGGAUAUACAAAGUGGAAAUA,UGUCUAUUUCCACUUUGUAUA,.M.M.M.M.M.M.M.M.M.M.,M.M.M.M.M.M.M.M.M.M.M,pct_remaining,,73.7,1.0,26.299999999999997,direct
TTR-420,dicerna,GGAUAUACAAAGUGGAAAUAGACac,GUGUCUAUUUCCACUUUGUAUAUCCCU,GGAUAUACAAAGUGGAAAUAG,GUGUCUAUUUCCACUUUGUAU,.M.M.M.M.M.M.M.M.M.M.,M.M.M.M.M.M.M.M.M.M.M,pct_remaining,,37.0,1.0,63.0,direct
TTR-421,dicerna,GAUAUACAAAGUGGAAAUAGACAcc,GGUGUCUAUUUCCACUUUGUAUAUCCC,GAUAUACAAAGUGGAAAUAGA,GGUGUCUAUUUCCACUUUGUA,.M.M.M.M.M.M.M.M.M.M.,M.M.M.M.M.M.M.M.M.M.M,pct_remaining,,40.0,1.0,60.0,direct
TTR-422,dicerna,AUAUACAAAGUGGAAAUAGACACca,UGGUGUCUAUUUCCACUUUGUAUAUCC,AUAUACAAAGUGGAAAUAGAC,UGGUGUCUAUUUCCACUUUGU,.M.M.M.M.M.M.M.M.M.M.,M.M.M.M.M.M.M.M.M.M.M,pct_remaining,,3.4,1.0,96.6,direct
TTR-423,dicerna,UAUACAAAGUGGAAAUAGACACCaa,UUGGUGUCUAUUUCCACUUUGUAUAUC,UAUACAAAGUGGAAAUAGACA,UUGGUGUCUAUUUCCACUUUG,.M.M.M.M.M.M.M.M.M.M.,M.M.M.M.M.M.M.M.M.M.M,pct_remaining,,3.5,1.0,96.5,direct
TTR-424,dicerna,AUACAAAGUGGAAAUAGACACCAaa,UUUGGUGUCUAUUUCCACUUUGUAUAU,AUACAAAGUGGAAAUAGACAC,UUUGGUGUCUAUUUCCACUUU,.M.M.M.M.M.M.M.M.M.M.,M.M.M.M.M.M.M.M.M.M.M,pct_remaining,,5.6,1.0,94.4,direct
TTR-425,dicerna,UACAAAGUGGAAAUAGACACCAAat,AUUUGGUGUCUAUUUCCACUUUGUAUA,UACAAAGUGGAAAUAGACACC,AUUUGGUGUCUAUUUCCACUU,.M.M.M.M.M.M.M.M.M.M.,M.M.M.M.M.M.M.M.M.M.M,pct_remaining,,36.3,1.0,63.7,direct
TTR-426,dicerna,ACAAAGUGGAAAUAGACACCAAAtc,GAUUUGGUGUCUAUUUCCACUUUGUAU,ACAAAGUGGAAAUAGACACCA,GAUUUGGUGUCUAUUUCCACU,.M.M.M.M.M.M.M.M.M.M.,M.M.M.M.M.M.M.M.M.M.M,pct_remaining,,29.2,1.0,70.8,direct
TTR-427,dicerna,CAAAGUGGAAAUAGACACCAAAUct,AGAUUUGGUGUCUAUUUCCACUUUGUA,CAAAGUGGAAAUAGACACCAA,AGAUUUGGUGUCUAUUUCCAC,.M.M.M.M.M.M.M.M.M.M.,M.M.M.M.M.M.M.M.M.M.M,pct_remaining,,15.5,1.0,84.5,direct
TTR-428,dicerna,AAAGUGGAAAUAGACACCAAAUCtt,AAGAUUUGGUGUCUAUUUCCACUUUGU,AAAGUGGAAAUAGACACCAAA,AAGAUUUGGUGUCUAUUUCCA,.M.M.M.M.M.M.M.M.M.M.,M.M.M.M.M.M.M.M.M.M.M,pct_remaining,,6.7,1.0,93.3,direct
TTR-429,dicerna,AAGUGGAAAUAGACACCAAAUCUta,UAAGAUUUGGUGUCUAUUUCCACUUUG,AAGUGGAAAUAGACACCAAAU,UAAGAUUUGGUGUCUAUUUCC,.M.M.M.M.M.M.M.M.M.M.,M.M.M.M.M.M.M.M.M.M.M,pct_remaining,,6.0,1.0,94.0,direct
TTR-430,dicerna,AGUGGAAAUAGACACCAAAUCUUac,GUAAGAUUUGGUGUCUAUUUCCACUUU,AGUGGAAAUAGACACCAAAUC,GUAAGAUUUGGUGUCUAUUUC,.M.M.M.M.M.M.M.M.M.M.,M.M.M.M.M.M.M.M.M.M.M,pct_remaining,,13.4,1.0,86.6,direct
TTR-431,dicerna,GUGGAAAUAGACACCAAAUCUUAct,AGUAAGAUUUGGUGUCUAUUUCCACUU,GUGGAAAUAGACACCAAAUCU,AGUAAGAUUUGGUGUCUAUUU,.M.M.M.M.M.M.M.M.M.M.,M.M.M.M.M.M.M.M.M.M.M,pct_remaining,,46.1,1.0,53.9,direct
TTR-432,dicerna,UGGAAAUAGACACCAAAUCUUACtg,CAGUAAGAUUUGGUGUCUAUUUCCACU,UGGAAAUAGACACCAAAUCUU,CAGUAAGAUUUGGUGUCUAUU,.M.M.M.M.M.M.M.M.M.M.,M.M.M.M.M.M.M.M.M.M.M,pct_remaining,,5.1,1.0,94.9,direct
TTR-433,dicerna,GGAAAUAGACACCAAAUCUUACUgg,CCAGUAAGAUUUGGUGUCUAUUUCCAC,GGAAAUAGACACCAAAUCUUA,CCAGUAAGAUUUGGUGUCUAU,.M.M.M.M.M.M.M.M.M.M.,M.M.M.M.M.M.M.M.M.M.M,pct_remaining,,5.0,1.0,95.0,direct
TTR-434,dicerna,GAAAUAGACACCAAAUCUUACUGga,UCCAGUAAGAUUUGGUGUCUAUUUCCA,GAAAUAGACACCAAAUCUUAC,UCCAGUAAGAUUUGGUGUCUA,.M.M.M.M.M.M.M.M.M.M.,M.M.M.M.M.M.M.M.M.M.M,pct_remaining,,2.8,1.0,97.2,direct
TTR-435,dicerna,AAAUAGACACCAAAUCUUACUGGaa,UUCCAGUAAGAUUUGGUGUCUAUUUCC,AAAUAGACACCAAAUCUUACU,UUCCAGUAAGAUUUGGUGUCU,.M.M.M.M.M.M.M.M.M.M.,M.M.M.M.M.M.M.M.M.M.M,pct_remaining,,3.4,1.0,96.6,direct
TTR-436,dicerna,AAUAGACACCAAAUCUUACUGGAag,CUUCCAGUAAGAUUUGGUGUCUAUUUC,AAUAGACACCAAAUCUUACUG,CUUCCAGUAAGAUUUGGUGUC,.M.M.M.M.M.M.M.M.M.M.,M.M.M.M.M.M.M.M.M.M.M,pct_remaining,,5.5,1.0,94.5,direct
TTR-437,dicerna,AUAGACACCAAAUCUUACUGGAAgg,CCUUCCAGUAAGAUUUGGUGUCUAUUU,AUAGACACCAAAUCUUACUGG,CCUUCCAGUAAGAUUUGGUGU,.M.M.M.M.M.M.M.M.M.M.,M.M.M.M.M.M.M.M.M.M.M,pct_remaining,,30.9,1.0,69.1,direct
TTR-439,dicerna,AGACACCAAAUCUUACUGGAAGGca,UGCCUUCCAGUAAGAUUUGGUGUCUAU,AGACACCAAAUCUUACUGGAA,UGCCUUCCAGUAAGAUUUGGU,.M.M.M.M.M.M.M.M.M.M.,M.M.M.M.M.M.M.M.M.M.M,pct_remaining,,4.7,1.0,95.3,direct
TTR-440,dicerna,GACACCAAAUCUUACUGGAAGGCac,GUGCCUUCCAGUAAGAUUUGGUGUCUA,GACACCAAAUCUUACUGGAAG,GUGCCUUCCAGUAAGAUUUGG,.M.M.M.M.M.M.M.M.M.M.,M.M.M.M.M.M.M.M.M.M.M,pct_remaining,,6.6,1.0,93.4,direct
TTR-462,dicerna,CACUUGGCAUCUCCCCAUUCCAUga,UCAUGGAAUGGGGAGAUGCCAAGUGCC,CACUUGGCAUCUCCCCAUUCC,UCAUGGAAUGGGGAGAUGCCA,.M.M.M.M.M.M.M.M.M.M.,M.M.M.M.M.M.M.M.M.M.M,pct_remaining,,46.2,1.0,53.8,direct
TTR-463,dicerna,ACUUGGCAUCUCCCCAUUCCAUGag,CUCAUGGAAUGGGGAGAUGCCAAGUGC,ACUUGGCAUCUCCCCAUUCCA,CUCAUGGAAUGGGGAGAUGCC,.M.M.M.M.M.M.M.M.M.M.,M.M.M.M.M.M.M.M.M.M.M,pct_remaining,,89.4,1.0,10.599999999999994,direct
TTR-464,dicerna,CUUGGCAUCUCCCCAUUCCAUGAgc,GCUCAUGGAAUGGGGAGAUGCCAAGUG,CUUGGCAUCUCCCCAUUCCAU,GCUCAUGGAAUGGGGAGAUGC,.M.M.M.M.M.M.M.M.M.M.,M.M.M.M.M.M.M.M.M.M.M,pct_remaining,,14.9,1.0,85.1,direct
TTR-465,dicerna,UUGGCAUCUCCCCAUUCCAUGAGca,UGCUCAUGGAAUGGGGAGAUGCCAAGU,UUGGCAUCUCCCCAUUCCAUG,UGCUCAUGGAAUGGGGAGAUG,.M.M.M.M.M.M.M.M.M.M.,M.M.M.M.M.M.M.M.M.M.M,pct_remaining,,27.1,1.0,72.9,direct
TTR-466,dicerna,UGGCAUCUCCCCAUUCCAUGAGCat,AUGCUCAUGGAAUGGGGAGAUGCCAAG,UGGCAUCUCCCCAUUCCAUGA,AUGCUCAUGGAAUGGGGAGAU,.M.M.M.M.M.M.M.M.M.M.,M.M.M.M.M.M.M.M.M.M.M,pct_remaining,,17.5,1.0,82.5,direct
TTR-467,dicerna,GGCAUCUCCCCAUUCCAUGAGCAtg,CAUGCUCAUGGAAUGGGGAGAUGCCAA,GGCAUCUCCCCAUUCCAUGAG,CAUGCUCAUGGAAUGGGGAGA,.M.M.M.M.M.M.M.M.M.M.,M.M.M.M.M.M.M.M.M.M.M,pct_remaining,,80.8,1.0,19.200000000000003,direct
TTR-468,dicerna,GCAUCUCCCCAUUCCAUGAGCAUgc,GCAUGCUCAUGGAAUGGGGAGAUGCCA,GCAUCUCCCCAUUCCAUGAGC,GCAUGCUCAUGGAAUGGGGAG,.M.M.M.M.M.M.M.M.M.M.,M.M.M.M.M.M.M.M.M.M.M,pct_remaining,,83.8,1.0,16.200000000000003,direct
TTR-469,dicerna,CAUCUCCCCAUUCCAUGAGCAUGca,UGCAUGCUCAUGGAAUGGGGAGAUGCC,CAUCUCCCCAUUCCAUGAGCA,UGCAUGCUCAUGGAAUGGGGA,.M.M.M.M.M.M.M.M.M.M.,M.M.M.M.M.M.M.M.M.M.M,pct_remaining,,95.7,1.0,4.299999999999997,direct
TTR-470,dicerna,AUCUCCCCAUUCCAUGAGCAUGCag,CUGCAUGCUCAUGGAAUGGGGAGAUGC,AUCUCCCCAUUCCAUGAGCAU,CUGCAUGCUCAUGGAAUGGGG,.M.M.M.M.M.M.M.M.M.M.,M.M.M.M.M.M.M.M.M.M.M,pct_remaining,,27.0,1.0,73.0,direct
TTR-471,dicerna,UCUCCCCAUUCCAUGAGCAUGCAga,UCUGCAUGCUCAUGGAAUGGGGAGAUG,UCUCCCCAUUCCAUGAGCAUG,UCUGCAUGCUCAUGGAAUGGG,.M.M.M.M.M.M.M.M.M.M.,M.M.M.M.M.M.M.M.M.M.M,pct_remaining,,32.7,1.0,67.3,direct
TTR-472,dicerna,CUCCCCAUUCCAUGAGCAUGCAGag,CUCUGCAUGCUCAUGGAAUGGGGAGAU,CUCCCCAUUCCAUGAGCAUGC,CUCUGCAUGCUCAUGGAAUGG,.M.M.M.M.M.M.M.M.M.M.,M.M.M.M.M.M.M.M.M.M.M,pct_remaining,,73.9,1.0,26.099999999999994,direct
TTR-473,dicerna,UCCCCAUUCCAUGAGCAUGCAGAgg,CCUCUGCAUGCUCAUGGAAUGGGGAGA,UCCCCAUUCCAUGAGCAUGCA,CCUCUGCAUGCUCAUGGAAUG,.M.M.M.M.M.M.M.M.M.M.,M.M.M.M.M.M.M.M.M.M.M,pct_remaining,,78.0,1.0,22.0,direct
TTR-474,dicerna,CCCCAUUCCAUGAGCAUGCAGAGgt,ACCUCUGCAUGCUCAUGGAAUGGGGAG,CCCCAUUCCAUGAGCAUGCAG,ACCUCUGCAUGCUCAUGGAAU,.M.M.M.M.M.M.M.M.M.M.,M.M.M.M.M.M.M.M.M.M.M,pct_remaining,,49.4,1.0,50.6,direct
TTR-482,dicerna,CAUGAGCAUGCAGAGGUGGUAUUca,UGAAUACCACCUCUGCAUGCUCAUGGA,CAUGAGCAUGCAGAGGUGGUA,UGAAUACCACCUCUGCAUGCU,.M.M.M.M.M.M.M.M.M.M.,M.M.M.M.M.M.M.M.M.M.M,pct_remaining,,7.2,1.0,92.8,direct
TTR-483,dicerna,AUGAGCAUGCAGAGGUGGUAUUCac,GUGAAUACCACCUCUGCAUGCUCAUGG,AUGAGCAUGCAGAGGUGGUAU,GUGAAUACCACCUCUGCAUGC,.M.M.M.M.M.M.M.M.M.M.,M.M.M.M.M.M.M.M.M.M.M,pct_remaining,,4.4,1.0,95.6,direct
TTR-484,dicerna,UGAGCAUGCAGAGGUGGUAUUCAca,UGUGAAUACCACCUCUGCAUGCUCAUG,UGAGCAUGCAGAGGUGGUAUU,UGUGAAUACCACCUCUGCAUG,.M.M.M.M.M.M.M.M.M.M.,M.M.M.M.M.M.M.M.M.M.M,pct_remaining,,4.9,1.0,95.1,direct
TTR-485,dicerna,GAGCAUGCAGAGGUGGUAUUCACag,CUGUGAAUACCACCUCUGCAUGCUCAU,GAGCAUGCAGAGGUGGUAUUC,CUGUGAAUACCACCUCUGCAU,.M.M.M.M.M.M.M.M.M.M.,M.M.M.M.M.M.M.M.M.M.M,pct_remaining,,26.1,1.0,73.9,direct
TTR-489,dicerna,AUGCAGAGGUGGUAUUCACAGCCaa,UUGGCUGUGAAUACCACCUCUGCAUGC,AUGCAGAGGUGGUAUUCACAG,UUGGCUGUGAAUACCACCUCU,.M.M.M.M.M.M.M.M.M.M.,M.M.M.M.M.M.M.M.M.M.M,pct_remaining,,5.6,1.0,94.4,direct
TTR-493,dicerna,AGAGGUGGUAUUCACAGCCAACGac,GUCGUUGGCUGUGAAUACCACCUCUGC,AGAGGUGGUAUUCACAGCCAA,GUCGUUGGCUGUGAAUACCAC,.M.M.M.M.M.M.M.M.M.M.,M.M.M.M.M.M.M.M.M.M.M,pct_remaining,,11.8,1.0,88.2,direct
TTR-494,dicerna,GAGGUGGUAUUCACAGCCAACGAct,AGUCGUUGGCUGUGAAUACCACCUCUG,GAGGUGGUAUUCACAGCCAAC,AGUCGUUGGCUGUGAAUACCA,.M.M.M.M.M.M.M.M.M.M.,M.M.M.M.M.M.M.M.M.M.M,pct_remaining,,4.9,1.0,95.1,direct
TTR-581,dicerna,GUCGUCACCAAUCCCAAGGAAUGag,CUCAUUCCUUGGGAUUGGUGACGACAG,GUCGUCACCAAUCCCAAGGAA,CUCAUUCCUUGGGAUUGGUGA,.M.M.M.M.M.M.M.M.M.M.,M.M.M.M.M.M.M.M.M.M.M,pct_remaining,,92.4,1.0,7.599999999999994,direct
TTR-631,dicerna,GGACGAGGGAUGGGAUUUCAUGUaa,UUACAUGAAAUCCCAUCCCUCGUCCUU,GGACGAGGGAUGGGAUUUCAU,UUACAUGAAAUCCCAUCCCUC,.M.M.M.M.M.M.M.M.M.M.,M.M.M.M.M.M.M.M.M.M.M,pct_remaining,,3.7,1.0,96.3,direct
TTR-632,dicerna,GACGAGGGAUGGGAUUUCAUGUAac,GUUACAUGAAAUCCCAUCCCUCGUCCU,GACGAGGGAUGGGAUUUCAUG,GUUACAUGAAAUCCCAUCCCU,.M.M.M.M.M.M.M.M.M.M.,M.M.M.M.M.M.M.M.M.M.M,pct_remaining,,2.8,1.0,97.2,direct
TTR-635,dicerna,GAGGGAUGGGAUUUCAUGUAACCaa,UUGGUUACAUGAAAUCCCAUCCCUCGU,GAGGGAUGGGAUUUCAUGUAA,UUGGUUACAUGAAAUCCCAUC,.M.M.M.M.M.M.M.M.M.M.,M.M.M.M.M.M.M.M.M.M.M,pct_remaining,,7.2,1.0,92.8,direct
TTR-636,dicerna,AGGGAUGGGAUUUCAUGUAACCAag,CUUGGUUACAUGAAAUCCCAUCCCUCG,AGGGAUGGGAUUUCAUGUAAC,CUUGGUUACAUGAAAUCCCAU,.M.M.M.M.M.M.M.M.M.M.,M.M.M.M.M.M.M.M.M.M.M,pct_remaining,,3.3,1.0,96.7,direct
TTR-637,dicerna,GGGAUGGGAUUUCAUGUAACCAAga,UCUUGGUUACAUGAAAUCCCAUCCCUC,GGGAUGGGAUUUCAUGUAACC,UCUUGGUUACAUGAAAUCCCA,.M.M.M.M.M.M.M.M.M.M.,M.M.M.M.M.M.M.M.M.M.M,pct_remaining,,3.5,1.0,96.5,direct
TTR-639,dicerna,GAUGGGAUUUCAUGUAACCAAGAgt,ACUCUUGGUUACAUGAAAUCCCAUCCC,GAUGGGAUUUCAUGUAACCAA,ACUCUUGGUUACAUGAAAUCC,.M.M.M.M.M.M.M.M.M.M.,M.M.M.M.M.M.M.M.M.M.M,pct_remaining,,7.9,1.0,92.1,direct
TTR-640,dicerna,AUGGGAUUUCAUGUAACCAAGAGta,UACUCUUGGUUACAUGAAAUCCCAUCC,AUGGGAUUUCAUGUAACCAAG,UACUCUUGGUUACAUGAAAUC,.M.M.M.M.M.M.M.M.M.M.,M.M.M.M.M.M.M.M.M.M.M,pct_remaining,,4.1,1.0,95.9,direct
TTR-641,dicerna,UGGGAUUUCAUGUAACCAAGAGUat,AUACUCUUGGUUACAUGAAAUCCCAUC,UGGGAUUUCAUGUAACCAAGA,AUACUCUUGGUUACAUGAAAU,.M.M.M.M.M.M.M.M.M.M.,M.M.M.M.M.M.M.M.M.M.M,pct_remaining,,3.2,1.0,96.8,direct
TTR-642,dicerna,GGGAUUUCAUGUAACCAAGAGUAtt,AAUACUCUUGGUUACAUGAAAUCCCAU,GGGAUUUCAUGUAACCAAGAG,AAUACUCUUGGUUACAUGAAA,.M.M.M.M.M.M.M.M.M.M.,M.M.M.M.M.M.M.M.M.M.M,pct_remaining,,6.1,1.0,93.9,direct
TTR-643,dicerna,GGAUUUCAUGUAACCAAGAGUAUtc,GAAUACUCUUGGUUACAUGAAAUCCCA,GGAUUUCAUGUAACCAAGAGU,GAAUACUCUUGGUUACAUGAA,.M.M.M.M.M.M.M.M.M.M.,M.M.M.M.M.M.M.M.M.M.M,pct_remaining,,2.1,1.0,97.9,direct
TTR-644,dicerna,GAUUUCAUGUAACCAAGAGUAUUcc,GGAAUACUCUUGGUUACAUGAAAUCCC,GAUUUCAUGUAACCAAGAGUA,GGAAUACUCUUGGUUACAUGA,.M.M.M.M.M.M.M.M.M.M.,M.M.M.M.M.M.M.M.M.M.M,pct_remaining,,4.5,1.0,95.5,direct
TTR-645,dicerna,AUUUCAUGUAACCAAGAGUAUUCca,UGGAAUACUCUUGGUUACAUGAAAUCC,AUUUCAUGUAACCAAGAGUAU,UGGAAUACUCUUGGUUACAUG,.M.M.M.M.M.M.M.M.M.M.,M.M.M.M.M.M.M.M.M.M.M,pct_remaining,,1.7,1.0,98.3,direct
TTR-646,dicerna,UUUCAUGUAACCAAGAGUAUUCCat,AUGGAAUACUCUUGGUUACAUGAAAUC,UUUCAUGUAACCAAGAGUAUU,AUGGAAUACUCUUGGUUACAU,.M.M.M.M.M.M.M.M.M.M.,M.M.M.M.M.M.M.M.M.M.M,pct_remaining,,3.6,1.0,96.4,direct
TTR-647,dicerna,UUCAUGUAACCAAGAGUAUUCCAtt,AAUGGAAUACUCUUGGUUACAUGAAAU,UUCAUGUAACCAAGAGUAUUC,AAUGGAAUACUCUUGGUUACA,.M.M.M.M.M.M.M.M.M.M.,M.M.M.M.M.M.M.M.M.M.M,pct_remaining,,4.4,1.0,95.6,direct
TTR-648,dicerna,UCAUGUAACCAAGAGUAUUCCAUtt,AAAUGGAAUACUCUUGGUUACAUGAAA,UCAUGUAACCAAGAGUAUUCC,AAAUGGAAUACUCUUGGUUAC,.M.M.M.M.M.M.M.M.M.M.,M.M.M.M.M.M.M.M.M.M.M,pct_remaining,,2.3,1.0,97.7,direct
TTR-649,dicerna,CAUGUAACCAAGAGUAUUCCAUUtt,AAAAUGGAAUACUCUUGGUUACAUGAA,CAUGUAACCAAGAGUAUUCCA,AAAAUGGAAUACUCUUGGUUA,.M.M.M.M.M.M.M.M.M.M.,M.M.M.M.M.M.M.M.M.M.M,pct_remaining,,4.5,1.0,95.5,direct
TTR-650,dicerna,AUGUAACCAAGAGUAUUCCAUUUtt,AAAAAUGGAAUACUCUUGGUUACAUGA,AUGUAACCAAGAGUAUUCCAU,AAAAAUGGAAUACUCUUGGUU,.M.M.M.M.M.M.M.M.M.M.,M.M.M.M.M.M.M.M.M.M.M,pct_remaining,,1.5,1.0,98.5,direct
TTR-651,dicerna,UGUAACCAAGAGUAUUCCAUUUUta,UAAAAAUGGAAUACUCUUGGUUACAUG,UGUAACCAAGAGUAUUCCAUU,UAAAAAUGGAAUACUCUUGGU,.M.M.M.M.M.M.M.M.M.M.,M.M.M.M.M.M.M.M.M.M.M,pct_remaining,,1.6,1.0,98.4,direct
TTR-652,dicerna,GUAACCAAGAGUAUUCCAUUUUUac,GUAAAAAUGGAAUACUCUUGGUUACAU,GUAACCAAGAGUAUUCCAUUU,GUAAAAAUGGAAUACUCUUGG,.M.M.M.M.M.M.M.M.M.M.,M.M.M.M.M.M.M.M.M.M.M,pct_remaining,,4.7,1.0,95.3,direct
TTR-653,dicerna,UAACCAAGAGUAUUCCAUUUUUAct,AGUAAAAAUGGAAUACUCUUGGUUACA,UAACCAAGAGUAUUCCAUUUU,AGUAAAAAUGGAAUACUCUUG,.M.M.M.M.M.M.M.M.M.M.,M.M.M.M.M.M.M.M.M.M.M,pct_remaining,,2.5,1.0,97.5,direct
TTR-654,dicerna,AACCAAGAGUAUUCCAUUUUUACta,UAGUAAAAAUGGAAUACUCUUGGUUAC,AACCAAGAGUAUUCCAUUUUU,UAGUAAAAAUGGAAUACUCUU,.M.M.M.M.M.M.M.M.M.M.,M.M.M.M.M.M.M.M.M.M.M,pct_remaining,,2.9,1.0,97.1,direct
TTR-655,dicerna,ACCAAGAGUAUUCCAUUUUUACUaa,UUAGUAAAAAUGGAAUACUCUUGGUUA,ACCAAGAGUAUUCCAUUUUUA,UUAGUAAAAAUGGAAUACUCU,.M.M.M.M.M.M.M.M.M.M.,M.M.M.M.M.M.M.M.M.M.M,pct_remaining,,4.2,1.0,95.8,direct
TTR-656,dicerna,CCAAGAGUAUUCCAUUUUUACUAaa,UUUAGUAAAAAUGGAAUACUCUUGGUU,CCAAGAGUAUUCCAUUUUUAC,UUUAGUAAAAAUGGAAUACUC,.M.M.M.M.M.M.M.M.M.M.,M.M.M.M.M.M.M.M.M.M.M,pct_remaining,,2.7,1.0,97.3,direct
TTR-657,dicerna,CAAGAGUAUUCCAUUUUUACUAAag,CUUUAGUAAAAAUGGAAUACUCUUGGU,CAAGAGUAUUCCAUUUUUACU,CUUUAGUAAAAAUGGAAUACU,.M.M.M.M.M.M.M.M.M.M.,M.M.M.M.M.M.M.M.M.M.M,pct_remaining,,2.1,1.0,97.9,direct
TTR-658,dicerna,AAGAGUAUUCCAUUUUUACUAAAgc,GCUUUAGUAAAAAUGGAAUACUCUUGG,AAGAGUAUUCCAUUUUUACUA,GCUUUAGUAAAAAUGGAAUAC,.M.M.M.M.M.M.M.M.M.M.,M.M.M.M.M.M.M.M.M.M.M,pct_remaining,,2.1,1.0,97.9,direct
TTR-659,dicerna,AGAGUAUUCCAUUUUUACUAAAGca,UGCUUUAGUAAAAAUGGAAUACUCUUG,AGAGUAUUCCAUUUUUACUAA,UGCUUUAGUAAAAAUGGAAUA,.M.M.M.M.M.M.M.M.M.M.,M.M.M.M.M.M.M.M.M.M.M,pct_remaining,,1.3,1.0,98.7,direct
TTR-660,dicerna,GAGUAUUCCAUUUUUACUAAAGCag,CUGCUUUAGUAAAAAUGGAAUACUCUU,GAGUAUUCCAUUUUUACUAAA,CUGCUUUAGUAAAAAUGGAAU,.M.M.M.M.M.M.M.M.M.M.,M.M.M.M.M.M.M.M.M.M.M,pct_remaining,,2.7,1.0,97.3,direct
TTR-661,dicerna,AGUAUUCCAUUUUUACUAAAGCAgt,ACUGCUUUAGUAAAAAUGGAAUACUCU,AGUAUUCCAUUUUUACUAAAG,ACUGCUUUAGUAAAAAUGGAA,.M.M.M.M.M.M.M.M.M.M.,M.M.M.M.M.M.M.M.M.M.M,pct_remaining,,1.2,1.0,98.8,direct
TTR-662,dicerna,GUAUUCCAUUUUUACUAAAGCAGtg,CACUGCUUUAGUAAAAAUGGAAUACUC,GUAUUCCAUUUUUACUAAAGC,CACUGCUUUAGUAAAAAUGGA,.M.M.M.M.M.M.M.M.M.M.,M.M.M.M.M.M.M.M.M.M.M,pct_remaining,,2.5,1.0,97.5,direct
TTR-663,dicerna,UAUUCCAUUUUUACUAAAGCAGUgt,ACACUGCUUUAGUAAAAAUGGAAUACU,UAUUCCAUUUUUACUAAAGCA,ACACUGCUUUAGUAAAAAUGG,.M.M.M.M.M.M.M.M.M.M.,M.M.M.M.M.M.M.M.M.M.M,pct_remaining,,15.5,1.0,84.5,direct
TTR-664,dicerna,AUUCCAUUUUUACUAAAGCAGUGtt,AACACUGCUUUAGUAAAAAUGGAAUAC,AUUCCAUUUUUACUAAAGCAG,AACACUGCUUUAGUAAAAAUG,.M.M.M.M.M.M.M.M.M.M.,M.M.M.M.M.M.M.M.M.M.M,pct_remaining,,2.5,1.0,97.5,direct
TTR-665,dicerna,UUCCAUUUUUACUAAAGCAGUGUtt,AAACACUGCUUUAGUAAAAAUGGAAUA,UUCCAUUUUUACUAAAGCAGU,AAACACUGCUUUAGUAAAAAU,.M.M.M.M.M.M.M.M.M.M.,M.M.M.M.M.M.M.M.M.M.M,pct_remaining,,6.7,1.0,93.3,direct
TTR-666,dicerna,UCCAUUUUUACUAAAGCAGUGUUtt,AAAACACUGCUUUAGUAAAAAUGGAAU,UCCAUUUUUACUAAAGCAGUG,AAAACACUGCUUUAGUAAAAA,.M.M.M.M.M.M.M.M.M.M.,M.M.M.M.M.M.M.M.M.M.M,pct_remaining,,13.2,1.0,86.8,direct
TTR-667,dicerna,CCAUUUUUACUAAAGCAGUGUUUtc,GAAAACACUGCUUUAGUAAAAAUGGAA,CCAUUUUUACUAAAGCAGUGU,GAAAACACUGCUUUAGUAAAA,.M.M.M.M.M.M.M.M.M.M.,M.M.M.M.M.M.M.M.M.M.M,pct_remaining,,2.3,1.0,97.7,direct
TTR-668,dicerna,CAUUUUUACUAAAGCAGUGUUUUca,UGAAAACACUGCUUUAGUAAAAAUGGA,CAUUUUUACUAAAGCAGUGUU,UGAAAACACUGCUUUAGUAAA,.M.M.M.M.M.M.M.M.M.M.,M.M.M.M.M.M.M.M.M.M.M,pct_remaining,,1.3,1.0,98.7,direct
TTR-669,dicerna,AUUUUUACUAAAGCAGUGUUUUCac,GUGAAAACACUGCUUUAGUAAAAAUGG,AUUUUUACUAAAGCAGUGUUU,GUGAAAACACUGCUUUAGUAA,.M.M.M.M.M.M.M.M.M.M.,M.M.M.M.M.M.M.M.M.M.M,pct_remaining,,2.5,1.0,97.5,direct
TTR-670,dicerna,UUUUUACUAAAGCAGUGUUUUCAcc,GGUGAAAACACUGCUUUAGUAAAAAUG,UUUUUACUAAAGCAGUGUUUU,GGUGAAAACACUGCUUUAGUA,.M.M.M.M.M.M.M.M.M.M.,M.M.M.M.M.M.M.M.M.M.M,pct_remaining,,3.1,1.0,96.9,direct
TTR-671,dicerna,UUUUACUAAAGCAGUGUUUUCACct,AGGUGAAAACACUGCUUUAGUAAAAAU,UUUUACUAAAGCAGUGUUUUC,AGGUGAAAACACUGCUUUAGU,.M.M.M.M.M.M.M.M.M.M.,M.M.M.M.M.M.M.M.M.M.M,pct_remaining,,30.0,1.0,70.0,direct
TTR-672,dicerna,UUUACUAAAGCAGUGUUUUCACCtc,GAGGUGAAAACACUGCUUUAGUAAAAA,UUUACUAAAGCAGUGUUUUCA,GAGGUGAAAACACUGCUUUAG,.M.M.M.M.M.M.M.M.M.M.,M.M.M.M.M.M.M.M.M.M.M,pct_remaining,,12.5,1.0,87.5,direct
TTR-673,dicerna,UUACUAAAGCAGUGUUUUCACCUca,UGAGGUGAAAACACUGCUUUAGUAAAA,UUACUAAAGCAGUGUUUUCAC,UGAGGUGAAAACACUGCUUUA,.M.M.M.M.M.M.M.M.M.M.,M.M.M.M.M.M.M.M.M.M.M,pct_remaining,,2.8,1.0,97.2,direct
TTR-674,dicerna,UACUAAAGCAGUGUUUUCACCUCat,AUGAGGUGAAAACACUGCUUUAGUAAA,UACUAAAGCAGUGUUUUCACC,AUGAGGUGAAAACACUGCUUU,.M.M.M.M.M.M.M.M.M.M.,M.M.M.M.M.M.M.M.M.M.M,pct_remaining,,5.2,1.0,94.8,direct
TTR-675,dicerna,ACUAAAGCAGUGUUUUCACCUCAta,UAUGAGGUGAAAACACUGCUUUAGUAA,ACUAAAGCAGUGUUUUCACCU,UAUGAGGUGAAAACACUGCUU,.M.M.M.M.M.M.M.M.M.M.,M.M.M.M.M.M.M.M.M.M.M,pct_remaining,,5.4,1.0,94.6,direct
TTR-676,dicerna,CUAAAGCAGUGUUUUCACCUCAUat,AUAUGAGGUGAAAACACUGCUUUAGUA,CUAAAGCAGUGUUUUCACCUC,AUAUGAGGUGAAAACACUGCU,.M.M.M.M.M.M.M.M.M.M.,M.M.M.M.M.M.M.M.M.M.M,pct_remaining,,2.3,1.0,97.7,direct
TTR-677,dicerna,UAAAGCAGUGUUUUCACCUCAUAtg,CAUAUGAGGUGAAAACACUGCUUUAGU,UAAAGCAGUGUUUUCACCUCA,CAUAUGAGGUGAAAACACUGC,.M.M.M.M.M.M.M.M.M.M.,M.M.M.M.M.M.M.M.M.M.M,pct_remaining,,3.6,1.0,96.4,direct
TTR-678,dicerna,AAAGCAGUGUUUUCACCUCAUAUgc,GCAUAUGAGGUGAAAACACUGCUUUAG,AAAGCAGUGUUUUCACCUCAU,GCAUAUGAGGUGAAAACACUG,.M.M.M.M.M.M.M.M.M.M.,M.M.M.M.M.M.M.M.M.M.M,pct_remaining,,3.0,1.0,97.0,direct
TTR-679,dicerna,AAGCAGUGUUUUCACCUCAUAUGct,AGCAUAUGAGGUGAAAACACUGCUUUA,AAGCAGUGUUUUCACCUCAUA,AGCAUAUGAGGUGAAAACACU,.M.M.M.M.M.M.M.M.M.M.,M.M.M.M.M.M.M.M.M.M.M,pct_remaining,,4.6,1.0,95.4,direct
TTR-680,dicerna,AGCAGUGUUUUCACCUCAUAUGCta,UAGCAUAUGAGGUGAAAACACUGCUUU,AGCAGUGUUUUCACCUCAUAU,UAGCAUAUGAGGUGAAAACAC,.M.M.M.M.M.M.M.M.M.M.,M.M.M.M.M.M.M.M.M.M.M,pct_remaining,,2.3,1.0,97.7,direct
TTR-681,dicerna,GCAGUGUUUUCACCUCAUAUGCUat,AUAGCAUAUGAGGUGAAAACACUGCUU,GCAGUGUUUUCACCUCAUAUG,AUAGCAUAUGAGGUGAAAACA,.M.M.M.M.M.M.M.M.M.M.,M.M.M.M.M.M.M.M.M.M.M,pct_remaining,,3.3,1.0,96.7,direct
TTR-682,dicerna,CAGUGUUUUCACCUCAUAUGCUAtg,CAUAGCAUAUGAGGUGAAAACACUGCU,CAGUGUUUUCACCUCAUAUGC,CAUAGCAUAUGAGGUGAAAAC,.M.M.M.M.M.M.M.M.M.M.,M.M.M.M.M.M.M.M.M.M.M,pct_remaining,,2.9,1.0,97.1,direct
TTR-683,dicerna,AGUGUUUUCACCUCAUAUGCUAUgt,ACAUAGCAUAUGAGGUGAAAACACUGC,AGUGUUUUCACCUCAUAUGCU,ACAUAGCAUAUGAGGUGAAAA,.M.M.M.M.M.M.M.M.M.M.,M.M.M.M.M.M.M.M.M.M.M,pct_remaining,,1.8,1.0,98.2,direct
TTR-684,dicerna,GUGUUUUCACCUCAUAUGCUAUGtt,AACAUAGCAUAUGAGGUGAAAACACUG,GUGUUUUCACCUCAUAUGCUA,AACAUAGCAUAUGAGGUGAAA,.M.M.M.M.M.M.M.M.M.M.,M.M.M.M.M.M.M.M.M.M.M,pct_remaining,,2.8,1.0,97.2,direct
TTR-685,dicerna,UGUUUUCACCUCAUAUGCUAUGUta,UAACAUAGCAUAUGAGGUGAAAACACU,UGUUUUCACCUCAUAUGCUAU,UAACAUAGCAUAUGAGGUGAA,.M.M.M.M.M.M.M.M.M.M.,M.M.M.M.M.M.M.M.M.M.M,pct_remaining,,1.6,1.0,98.4,direct
TTR-686,dicerna,GUUUUCACCUCAUAUGCUAUGUUag,CUAACAUAGCAUAUGAGGUGAAAACAC,GUUUUCACCUCAUAUGCUAUG,CUAACAUAGCAUAUGAGGUGA,.M.M.M.M.M.M.M.M.M.M.,M.M.M.M.M.M.M.M.M.M.M,pct_remaining,,2.5,1.0,97.5,direct
TTR-687,dicerna,UUUUCACCUCAUAUGCUAUGUUAga,UCUAACAUAGCAUAUGAGGUGAAAACA,UUUUCACCUCAUAUGCUAUGU,UCUAACAUAGCAUAUGAGGUG,.M.M.M.M.M.M.M.M.M.M.,M.M.M.M.M.M.M.M.M.M.M,pct_remaining,,7.2,1.0,92.8,direct
TTR-688,dicerna,UUUCACCUCAUAUGCUAUGUUAGaa,UUCUAACAUAGCAUAUGAGGUGAAAAC,UUUCACCUCAUAUGCUAUGUU,UUCUAACAUAGCAUAUGAGGU,.M.M.M.M.M.M.M.M.M.M.,M.M.M.M.M.M.M.M.M.M.M,pct_remaining,,8.3,1.0,91.7,direct
TTR-689,dicerna,UUCACCUCAUAUGCUAUGUUAGAag,CUUCUAACAUAGCAUAUGAGGUGAAAA,UUCACCUCAUAUGCUAUGUUA,CUUCUAACAUAGCAUAUGAGG,.M.M.M.M.M.M.M.M.M.M.,M.M.M.M.M.M.M.M.M.M.M,pct_remaining,,5.7,1.0,94.3,direct
TTR-690,dicerna,UCACCUCAUAUGCUAUGUUAGAAgt,ACUUCUAACAUAGCAUAUGAGGUGAAA,UCACCUCAUAUGCUAUGUUAG,ACUUCUAACAUAGCAUAUGAG,.M.M.M.M.M.M.M.M.M.M.,M.M.M.M.M.M.M.M.M.M.M,pct_remaining,,1.3,1.0,98.7,direct
TTR-691,dicerna,CACCUCAUAUGCUAUGUUAGAAGtc,GACUUCUAACAUAGCAUAUGAGGUGAA,CACCUCAUAUGCUAUGUUAGA,GACUUCUAACAUAGCAUAUGA,.M.M.M.M.M.M.M.M.M.M.,M.M.M.M.M.M.M.M.M.M.M,pct_remaining,,2.5,1.0,97.5,direct
TTR-692,dicerna,ACCUCAUAUGCUAUGUUAGAAGUcc,GGACUUCUAACAUAGCAUAUGAGGUGA,ACCUCAUAUGCUAUGUUAGAA,GGACUUCUAACAUAGCAUAUG,.M.M.M.M.M.M.M.M.M.M.,M.M.M.M.M.M.M.M.M.M.M,pct_remaining,,1.9,1.0,98.1,direct
TTR-693,dicerna,CCUCAUAUGCUAUGUUAGAAGUCca,UGGACUUCUAACAUAGCAUAUGAGGUG,CCUCAUAUGCUAUGUUAGAAG,UGGACUUCUAACAUAGCAUAU,.M.M.M.M.M.M.M.M.M.M.,M.M.M.M.M.M.M.M.M.M.M,pct_remaining,,2.3,1.0,97.7,direct
TTR-694,dicerna,CUCAUAUGCUAUGUUAGAAGUCCag,CUGGACUUCUAACAUAGCAUAUGAGGU,CUCAUAUGCUAUGUUAGAAGU,CUGGACUUCUAACAUAGCAUA,.M.M.M.M.M.M.M.M.M.M.,M.M.M.M.M.M.M.M.M.M.M,pct_remaining,,1.9,1.0,98.1,direct
TTR-695,dicerna,UCAUAUGCUAUGUUAGAAGUCCAgg,CCUGGACUUCUAACAUAGCAUAUGAGG,UCAUAUGCUAUGUUAGAAGUC,CCUGGACUUCUAACAUAGCAU,.M.M.M.M.M.M.M.M.M.M.,M.M.M.M.M.M.M.M.M.M.M,pct_remaining,,4.8,1.0,95.2,direct
TTR-696,dicerna,CAUAUGCUAUGUUAGAAGUCCAGgc,GCCUGGACUUCUAACAUAGCAUAUGAG,CAUAUGCUAUGUUAGAAGUCC,GCCUGGACUUCUAACAUAGCA,.M.M.M.M.M.M.M.M.M.M.,M.M.M.M.M.M.M.M.M.M.M,pct_remaining,,4.0,1.0,96.0,direct
TTR-697,dicerna,AUAUGCUAUGUUAGAAGUCCAGGca,UGCCUGGACUUCUAACAUAGCAUAUGA,AUAUGCUAUGUUAGAAGUCCA,UGCCUGGACUUCUAACAUAGC,.M.M.M.M.M.M.M.M.M.M.,M.M.M.M.M.M.M.M.M.M.M,pct_remaining,,6.2,1.0,93.8,direct
TTR-698,dicerna,UAUGCUAUGUUAGAAGUCCAGGCag,CUGCCUGGACUUCUAACAUAGCAUAUG,UAUGCUAUGUUAGAAGUCCAG,CUGCCUGGACUUCUAACAUAG,.M.M.M.M.M.M.M.M.M.M.,M.M.M.M.M.M.M.M.M.M.M,pct_remaining,,3.5,1.0,96.5,direct
TTR-699,dicerna,AUGCUAUGUUAGAAGUCCAGGCAga,UCUGCCUGGACUUCUAACAUAGCAUAU,AUGCUAUGUUAGAAGUCCAGG,UCUGCCUGGACUUCUAACAUA,.M.M.M.M.M.M.M.M.M.M.,M.M.M.M.M.M.M.M.M.M.M,pct_remaining,,7.8,1.0,92.2,direct
TTR-702,dicerna,CUAUGUUAGAAGUCCAGGCAGAGac,GUCUCUGCCUGGACUUCUAACAUAGCA,CUAUGUUAGAAGUCCAGGCAG,GUCUCUGCCUGGACUUCUAAC,.M.M.M.M.M.M.M.M.M.M.,M.M.M.M.M.M.M.M.M.M.M,pct_remaining,,2.9,1.0,97.1,direct
TTR-704,dicerna,AUGUUAGAAGUCCAGGCAGAGACaa,UUGUCUCUGCCUGGACUUCUAACAUAG,AUGUUAGAAGUCCAGGCAGAG,UUGUCUCUGCCUGGACUUCUA,.M.M.M.M.M.M.M.M.M.M.,M.M.M.M.M.M.M.M.M.M.M,pct_remaining,,3.0,1.0,97.0,direct
TTR-705,dicerna,UGUUAGAAGUCCAGGCAGAGACAat,AUUGUCUCUGCCUGGACUUCUAACAUA,UGUUAGAAGUCCAGGCAGAGA,AUUGUCUCUGCCUGGACUUCU,.M.M.M.M.M.M.M.M.M.M.,M.M.M.M.M.M.M.M.M.M.M,pct_remaining,,4.3,1.0,95.7,direct
TTR-706,dicerna,GUUAGAAGUCCAGGCAGAGACAAta,UAUUGUCUCUGCCUGGACUUCUAACAU,GUUAGAAGUCCAGGCAGAGAC,UAUUGUCUCUGCCUGGACUUC,.M.M.M.M.M.M.M.M.M.M.,M.M.M.M.M.M.M.M.M.M.M,pct_remaining,,5.5,1.0,94.5,direct
TTR-707,dicerna,UUAGAAGUCCAGGCAGAGACAAUaa,UUAUUGUCUCUGCCUGGACUUCUAACA,UUAGAAGUCCAGGCAGAGACA,UUAUUGUCUCUGCCUGGACUU,.M.M.M.M.M.M.M.M.M.M.,M.M.M.M.M.M.M.M.M.M.M,pct_remaining,,6.0,1.0,94.0,direct
TTR-708,dicerna,UAGAAGUCCAGGCAGAGACAAUAaa,UUUAUUGUCUCUGCCUGGACUUCUAAC,UAGAAGUCCAGGCAGAGACAA,UUUAUUGUCUCUGCCUGGACU,.M.M.M.M.M.M.M.M.M.M.,M.M.M.M.M.M.M.M.M.M.M,pct_remaining,,4.2,1.0,95.8,direct
TTR-709,dicerna,AGAAGUCCAGGCAGAGACAAUAAaa,UUUUAUUGUCUCUGCCUGGACUUCUAA,AGAAGUCCAGGCAGAGACAAU,UUUUAUUGUCUCUGCCUGGAC,.M.M.M.M.M.M.M.M.M.M.,M.M.M.M.M.M.M.M.M.M.M,pct_remaining,,3.4,1.0,96.6,direct
TTR-710,dicerna,GAAGUCCAGGCAGAGACAAUAAAac,GUUUUAUUGUCUCUGCCUGGACUUCUA,GAAGUCCAGGCAGAGACAAUA,GUUUUAUUGUCUCUGCCUGGA,.M.M.M.M.M.M.M.M.M.M.,M.M.M.M.M.M.M.M.M.M.M,pct_remaining,,7.4,1.0,92.6,direct
TTR-711,dicerna,AAGUCCAGGCAGAGACAAUAAAAca,UGUUUUAUUGUCUCUGCCUGGACUUCU,AAGUCCAGGCAGAGACAAUAA,UGUUUUAUUGUCUCUGCCUGG,.M.M.M.M.M.M.M.M.M.M.,M.M.M.M.M.M.M.M.M.M.M,pct_remaining,,2.5,1.0,97.5,direct
TTR-712,dicerna,AGUCCAGGCAGAGACAAUAAAACat,AUGUUUUAUUGUCUCUGCCUGGACUUC,AGUCCAGGCAGAGACAAUAAA,AUGUUUUAUUGUCUCUGCCUG,.M.M.M.M.M.M.M.M.M.M.,M.M.M.M.M.M.M.M.M.M.M,pct_remaining,,2.1,1.0,97.9,direct
TTR-713,dicerna,GUCCAGGCAGAGACAAUAAAACAtt,AAUGUUUUAUUGUCUCUGCCUGGACUU,GUCCAGGCAGAGACAAUAAAA,AAUGUUUUAUUGUCUCUGCCU,.M.M.M.M.M.M.M.M.M.M.,M.M.M.M.M.M.M.M.M.M.M,pct_remaining,,10.4,1.0,89.6,direct
TTR-714,dicerna,UCCAGGCAGAGACAAUAAAACAUtc,GAAUGUUUUAUUGUCUCUGCCUGGACU,UCCAGGCAGAGACAAUAAAAC,GAAUGUUUUAUUGUCUCUGCC,.M.M.M.M.M.M.M.M.M.M.,M.M.M.M.M.M.M.M.M.M.M,pct_remaining,,2.9,1.0,97.1,direct
TTR-716,dicerna,CAGGCAGAGACAAUAAAACAUUCct,AGGAAUGUUUUAUUGUCUCUGCCUGGA,CAGGCAGAGACAAUAAAACAU,AGGAAUGUUUUAUUGUCUCUG,.M.M.M.M.M.M.M.M.M.M.,M.M.M.M.M.M.M.M.M.M.M,pct_remaining,,3.4,1.0,96.6,direct
TTR-717,dicerna,AGGCAGAGACAAUAAAACAUUCCtg,CAGGAAUGUUUUAUUGUCUCUGCCUGG,AGGCAGAGACAAUAAAACAUU,CAGGAAUGUUUUAUUGUCUCU,.M.M.M.M.M.M.M.M.M.M.,M.M.M.M.M.M.M.M.M.M.M,pct_remaining,,4.0,1.0,96.0,direct
TTR-718,dicerna,GGCAGAGACAAUAAAACAUUCCUgt,ACAGGAAUGUUUUAUUGUCUCUGCCUG,GGCAGAGACAAUAAAACAUUC,ACAGGAAUGUUUUAUUGUCUC,.M.M.M.M.M.M.M.M.M.M.,M.M.M.M.M.M.M.M.M.M.M,pct_remaining,,2.7,1.0,97.3,direct
TTR-719,dicerna,GCAGAGACAAUAAAACAUUCCUGtg,CACAGGAAUGUUUUAUUGUCUCUGCCU,GCAGAGACAAUAAAACAUUCC,CACAGGAAUGUUUUAUUGUCU,.M.M.M.M.M.M.M.M.M.M.,M.M.M.M.M.M.M.M.M.M.M,pct_remaining,,2.8,1.0,97.2,direct
TTR-720,dicerna,CAGAGACAAUAAAACAUUCCUGUga,UCACAGGAAUGUUUUAUUGUCUCUGCC,CAGAGACAAUAAAACAUUCCU,UCACAGGAAUGUUUUAUUGUC,.M.M.M.M.M.M.M.M.M.M.,M.M.M.M.M.M.M.M.M.M.M,pct_remaining,,2.4,1.0,97.6,direct
TTR-721,dicerna,AGAGACAAUAAAACAUUCCUGUGaa,UUCACAGGAAUGUUUUAUUGUCUCUGC,AGAGACAAUAAAACAUUCCUG,UUCACAGGAAUGUUUUAUUGU,.M.M.M.M.M.M.M.M.M.M.,M.M.M.M.M.M.M.M.M.M.M,pct_remaining,,3.0,1.0,97.0,direct
TTR-722,dicerna,GAGACAAUAAAACAUUCCUGUGAaa,UUUCACAGGAAUGUUUUAUUGUCUCUG,GAGACAAUAAAACAUUCCUGU,UUUCACAGGAAUGUUUUAUUG,.M.M.M.M.M.M.M.M.M.M.,M.M.M.M.M.M.M.M.M.M.M,pct_remaining,,3.7,1.0,96.3,direct
TTR-723,dicerna,AGACAAUAAAACAUUCCUGUGAAag,CUUUCACAGGAAUGUUUUAUUGUCUCU,AGACAAUAAAACAUUCCUGUG,CUUUCACAGGAAUGUUUUAUU,.M.M.M.M.M.M.M.M.M.M.,M.M.M.M.M.M.M.M.M.M.M,pct_remaining,,5.3,1.0,94.7,direct
TTR-724,dicerna,GACAAUAAAACAUUCCUGUGAAAgg,CCUUUCACAGGAAUGUUUUAUUGUCUC,GACAAUAAAACAUUCCUGUGA,CCUUUCACAGGAAUGUUUUAU,.M.M.M.M.M.M.M.M.M.M.,M.M.M.M.M.M.M.M.M.M.M,pct_remaining,,12.6,1.0,87.4,direct
TTR-725,dicerna,ACAAUAAAACAUUCCUGUGAAAGgc,GCCUUUCACAGGAAUGUUUUAUUGUCU,ACAAUAAAACAUUCCUGUGAA,GCCUUUCACAGGAAUGUUUUA,.M.M.M.M.M.M.M.M.M.M.,M.M.M.M.M.M.M.M.M.M.M,pct_remaining,,3.2,1.0,96.8,direct
TTR-726,dicerna,CAAUAAAACAUUCCUGUGAAAGGca,UGCCUUUCACAGGAAUGUUUUAUUGUC,CAAUAAAACAUUCCUGUGAAA,UGCCUUUCACAGGAAUGUUUU,.M.M.M.M.M.M.M.M.M.M.,M.M.M.M.M.M.M.M.M.M.M,pct_remaining,,2.4,1.0,97.6,direct
TTR-727,dicerna,AAUAAAACAUUCCUGUGAAAGGCac,GUGCCUUUCACAGGAAUGUUUUAUUGU,AAUAAAACAUUCCUGUGAAAG,GUGCCUUUCACAGGAAUGUUU,.M.M.M.M.M.M.M.M.M.M.,M.M.M.M.M.M.M.M.M.M.M,pct_remaining,,2.1,1.0,97.9,direct
TTR-728,dicerna,AUAAAACAUUCCUGUGAAAGGCAct,AGUGCCUUUCACAGGAAUGUUUUAUUG,AUAAAACAUUCCUGUGAAAGG,AGUGCCUUUCACAGGAAUGUU,.M.M.M.M.M.M.M.M.M.M.,M.M.M.M.M.M.M.M.M.M.M,pct_remaining,,7.4,1.0,92.6,direct
TTR-731,dicerna,AAACAUUCCUGUGAAAGGCACUUtt,AAAAGUGCCUUUCACAGGAAUGUUUUA,AAACAUUCCUGUGAAAGGCAC,AAAAGUGCCUUUCACAGGAAU,.M.M.M.M.M.M.M.M.M.M.,M.M.M.M.M.M.M.M.M.M.M,pct_remaining,,7.4,1.0,92.6,direct
TTR-732,dicerna,AACAUUCCUGUGAAAGGCACUUUtc,GAAAAGUGCCUUUCACAGGAAUGUUUU,AACAUUCCUGUGAAAGGCACU,GAAAAGUGCCUUUCACAGGAA,.M.M.M.M.M.M.M.M.M.M.,M.M.M.M.M.M.M.M.M.M.M,pct_remaining,,7.5,1.0,92.5,direct
TTR-733,dicerna,ACAUUCCUGUGAAAGGCACUUUUca,UGAAAAGUGCCUUUCACAGGAAUGUUU,ACAUUCCUGUGAAAGGCACUU,UGAAAAGUGCCUUUCACAGGA,.M.M.M.M.M.M.M.M.M.M.,M.M.M.M.M.M.M.M.M.M.M,pct_remaining,,17.0,1.0,83.0,direct
TTR-734,dicerna,CAUUCCUGUGAAAGGCACUUUUCat,AUGAAAAGUGCCUUUCACAGGAAUGUU,CAUUCCUGUGAAAGGCACUUU,AUGAAAAGUGCCUUUCACAGG,.M.M.M.M.M.M.M.M.M.M.,M.M.M.M.M.M.M.M.M.M.M,pct_remaining,,20.3,1.0,79.7,direct
TTR-735,dicerna,AUUCCUGUGAAAGGCACUUUUCAtt,AAUGAAAAGUGCCUUUCACAGGAAUGU,AUUCCUGUGAAAGGCACUUUU,AAUGAAAAGUGCCUUUCACAG,.M.M.M.M.M.M.M.M.M.M.,M.M.M.M.M.M.M.M.M.M.M,pct_remaining,,76.9,1.0,23.099999999999994,direct
TTR-736,dicerna,UUCCUGUGAAAGGCACUUUUCAUtc,GAAUGAAAAGUGCCUUUCACAGGAAUG,UUCCUGUGAAAGGCACUUUUC,GAAUGAAAAGUGCCUUUCACA,.M.M.M.M.M.M.M.M.M.M.,M.M.M.M.M.M.M.M.M.M.M,pct_remaining,,75.4,1.0,24.599999999999994,direct
TTR-738,dicerna,CCUGUGAAAGGCACUUUUCAUUCca,UGGAAUGAAAAGUGCCUUUCACAGGAA,CCUGUGAAAGGCACUUUUCAU,UGGAAUGAAAAGUGCCUUUCA,.M.M.M.M.M.M.M.M.M.M.,M.M.M.M.M.M.M.M.M.M.M,pct_remaining,,79.8,1.0,20.200000000000003,direct
TTR-739,dicerna,CUGUGAAAGGCACUUUUCAUUCCac,GUGGAAUGAAAAGUGCCUUUCACAGGA,CUGUGAAAGGCACUUUUCAUU,GUGGAAUGAAAAGUGCCUUUC,.M.M.M.M.M.M.M.M.M.M.,M.M.M.M.M.M.M.M.M.M.M,pct_remaining,,96.5,1.0,3.5,direct
TTR-740,dicerna,UGUGAAAGGCACUUUUCAUUCCAct,AGUGGAAUGAAAAGUGCCUUUCACAGG,UGUGAAAGGCACUUUUCAUUC,AGUGGAAUGAAAAGUGCCUUU,.M.M.M.M.M.M.M.M.M.M.,M.M.M.M.M.M.M.M.M.M.M,pct_remaining,,84.8,1.0,15.200000000000003,direct
TTR-741,dicerna,GUGAAAGGCACUUUUCAUUCCACtt,AAGUGGAAUGAAAAGUGCCUUUCACAG,GUGAAAGGCACUUUUCAUUCC,AAGUGGAAUGAAAAGUGCCUU,.M.M.M.M.M.M.M.M.M.M.,M.M.M.M.M.M.M.M.M.M.M,pct_remaining,,98.4,1.0,1.5999999999999943,direct
TTR-742,dicerna,UGAAAGGCACUUUUCAUUCCACUtt,AAAGUGGAAUGAAAAGUGCCUUUCACA,UGAAAGGCACUUUUCAUUCCA,AAAGUGGAAUGAAAAGUGCCU,.M.M.M.M.M.M.M.M.M.M.,M.M.M.M.M.M.M.M.M.M.M,pct_remaining,,100.0,1.0,0.0,direct
TTR-743,dicerna,GAAAGGCACUUUUCAUUCCACUUta,UAAAGUGGAAUGAAAAGUGCCUUUCAC,GAAAGGCACUUUUCAUUCCAC,UAAAGUGGAAUGAAAAGUGCC,.M.M.M.M.M.M.M.M.M.M.,M.M.M.M.M.M.M.M.M.M.M,pct_remaining,,114.3,1.0,-14.299999999999997,direct
TTR-744,dicerna,AAAGGCACUUUUCAUUCCACUUUaa,UUAAAGUGGAAUGAAAAGUGCCUUUCA,AAAGGCACUUUUCAUUCCACU,UUAAAGUGGAAUGAAAAGUGC,.M.M.M.M.M.M.M.M.M.M.,M.M.M.M.M.M.M.M.M.M.M,pct_remaining,,97.1,1.0,2.9000000000000057,direct
TTR-745,dicerna,AAGGCACUUUUCAUUCCACUUUAac,GUUAAAGUGGAAUGAAAAGUGCCUUUC,AAGGCACUUUUCAUUCCACUU,GUUAAAGUGGAAUGAAAAGUG,.M.M.M.M.M.M.M.M.M.M.,M.M.M.M.M.M.M.M.M.M.M,pct_remaining,,74.0,1.0,26.0,direct
TTR-746,dicerna,AGGCACUUUUCAUUCCACUUUAAct,AGUUAAAGUGGAAUGAAAAGUGCCUUU,AGGCACUUUUCAUUCCACUUU,AGUUAAAGUGGAAUGAAAAGU,.M.M.M.M.M.M.M.M.M.M.,M.M.M.M.M.M.M.M.M.M.M,pct_remaining,,74.5,1.0,25.5,direct
TTR-747,dicerna,GGCACUUUUCAUUCCACUUUAACtt,AAGUUAAAGUGGAAUGAAAAGUGCCUU,GGCACUUUUCAUUCCACUUUA,AAGUUAAAGUGGAAUGAAAAG,.M.M.M.M.M.M.M.M.M.M.,M.M.M.M.M.M.M.M.M.M.M,pct_remaining,,79.8,1.0,20.200000000000003,direct
TTR-748,dicerna,GCACUUUUCAUUCCACUUUAACUtg,CAAGUUAAAGUGGAAUGAAAAGUGCCU,GCACUUUUCAUUCCACUUUAA,CAAGUUAAAGUGGAAUGAAAA,.M.M.M.M.M.M.M.M.M.M.,M.M.M.M.M.M.M.M.M.M.M,pct_remaining,,72.5,1.0,27.5,direct
TTR-749,dicerna,CACUUUUCAUUCCACUUUAACUUga,UCAAGUUAAAGUGGAAUGAAAAGUGCC,CACUUUUCAUUCCACUUUAAC,UCAAGUUAAAGUGGAAUGAAA,.M.M.M.M.M.M.M.M.M.M.,M.M.M.M.M.M.M.M.M.M.M,pct_remaining,,90.2,1.0,9.799999999999997,direct
TTR-750,dicerna,ACUUUUCAUUCCACUUUAACUUGat,AUCAAGUUAAAGUGGAAUGAAAAGUGC,ACUUUUCAUUCCACUUUAACU,AUCAAGUUAAAGUGGAAUGAA,.M.M.M.M.M.M.M.M.M.M.,M.M.M.M.M.M.M.M.M.M.M,pct_remaining,,112.6,1.0,-12.599999999999994,direct
TTR-751,dicerna,CUUUUCAUUCCACUUUAACUUGAtt,AAUCAAGUUAAAGUGGAAUGAAAAGUG,CUUUUCAUUCCACUUUAACUU,AAUCAAGUUAAAGUGGAAUGA,.M.M.M.M.M.M.M.M.M.M.,M.M.M.M.M.M.M.M.M.M.M,pct_remaining,,96.0,1.0,4.0,direct
TTR-752,dicerna,UUUUCAUUCCACUUUAACUUGAUtt,AAAUCAAGUUAAAGUGGAAUGAAAAGU,UUUUCAUUCCACUUUAACUUG,AAAUCAAGUUAAAGUGGAAUG,.M.M.M.M.M.M.M.M.M.M.,M.M.M.M.M.M.M.M.M.M.M,pct_remaining,,100.6,1.0,-0.5999999999999943,direct
TTR-753,dicerna,UUUCAUUCCACUUUAACUUGAUUtt,AAAAUCAAGUUAAAGUGGAAUGAAAAG,UUUCAUUCCACUUUAACUUGA,AAAAUCAAGUUAAAGUGGAAU,.M.M.M.M.M.M.M.M.M.M.,M.M.M.M.M.M.M.M.M.M.M,pct_remaining,,83.9,1.0,16.099999999999994,direct
TTR-754,dicerna,UUCAUUCCACUUUAACUUGAUUUtt,AAAAAUCAAGUUAAAGUGGAAUGAAAA,UUCAUUCCACUUUAACUUGAU,AAAAAUCAAGUUAAAGUGGAA,.M.M.M.M.M.M.M.M.M.M.,M.M.M.M.M.M.M.M.M.M.M,pct_remaining,,82.0,1.0,18.0,direct
TTR-755,dicerna,UCAUUCCACUUUAACUUGAUUUUtt,AAAAAAUCAAGUUAAAGUGGAAUGAAA,UCAUUCCACUUUAACUUGAUU,AAAAAAUCAAGUUAAAGUGGA,.M.M.M.M.M.M.M.M.M.M.,M.M.M.M.M.M.M.M.M.M.M,pct_remaining,,80.9,1.0,19.099999999999994,direct
TTR-756,dicerna,CAUUCCACUUUAACUUGAUUUUUta,UAAAAAAUCAAGUUAAAGUGGAAUGAA,CAUUCCACUUUAACUUGAUUU,UAAAAAAUCAAGUUAAAGUGG,.M.M.M.M.M.M.M.M.M.M.,M.M.M.M.M.M.M.M.M.M.M,pct_remaining,,76.5,1.0,23.5,direct
TTR-757,dicerna,AUUCCACUUUAACUUGAUUUUUUaa,UUAAAAAAUCAAGUUAAAGUGGAAUGA,AUUCCACUUUAACUUGAUUUU,UUAAAAAAUCAAGUUAAAGUG,.M.M.M.M.M.M.M.M.M.M.,M.M.M.M.M.M.M.M.M.M.M,pct_remaining,,88.3,1.0,11.700000000000003,direct
TTR-758,dicerna,UUCCACUUUAACUUGAUUUUUUAaa,UUUAAAAAAUCAAGUUAAAGUGGAAUG,UUCCACUUUAACUUGAUUUUU,UUUAAAAAAUCAAGUUAAAGU,.M.M.M.M.M.M.M.M.M.M.,M.M.M.M.M.M.M.M.M.M.M,pct_remaining,,115.3,1.0,-15.299999999999997,direct
TTR-759,dicerna,UCCACUUUAACUUGAUUUUUUAAat,AUUUAAAAAAUCAAGUUAAAGUGGAAU,UCCACUUUAACUUGAUUUUUU,AUUUAAAAAAUCAAGUUAAAG,.M.M.M.M.M.M.M.M.M.M.,M.M.M.M.M.M.M.M.M.M.M,pct_remaining,,110.3,1.0,-10.299999999999997,direct
TTR-760,dicerna,CCACUUUAACUUGAUUUUUUAAAtt,AAUUUAAAAAAUCAAGUUAAAGUGGAA,CCACUUUAACUUGAUUUUUUA,AAUUUAAAAAAUCAAGUUAAA,.M.M.M.M.M.M.M.M.M.M.,M.M.M.M.M.M.M.M.M.M.M,pct_remaining,,103.3,1.0,-3.299999999999997,direct
TTR-761,dicerna,CACUUUAACUUGAUUUUUUAAAUtc,GAAUUUAAAAAAUCAAGUUAAAGUGGA,CACUUUAACUUGAUUUUUUAA,GAAUUUAAAAAAUCAAGUUAA,.M.M.M.M.M.M.M.M.M.M.,M.M.M.M.M.M.M.M.M.M.M,pct_remaining,,96.8,1.0,3.200000000000003,direct
TTR-762,dicerna,ACUUUAACUUGAUUUUUUAAAUUcc,GGAAUUUAAAAAAUCAAGUUAAAGUGG,ACUUUAACUUGAUUUUUUAAA,GGAAUUUAAAAAAUCAAGUUA,.M.M.M.M.M.M.M.M.M.M.,M.M.M.M.M.M.M.M.M.M.M,pct_remaining,,92.1,1.0,7.900000000000006,direct
TTR-763,dicerna,CUUUAACUUGAUUUUUUAAAUUCcc,GGGAAUUUAAAAAAUCAAGUUAAAGUG,CUUUAACUUGAUUUUUUAAAU,GGGAAUUUAAAAAAUCAAGUU,.M.M.M.M.M.M.M.M.M.M.,M.M.M.M.M.M.M.M.M.M.M,pct_remaining,,97.2,1.0,2.799999999999997,direct
TTR-764,dicerna,UUUAACUUGAUUUUUUAAAUUCCct,AGGGAAUUUAAAAAAUCAAGUUAAAGU,UUUAACUUGAUUUUUUAAAUU,AGGGAAUUUAAAAAAUCAAGU,.M.M.M.M.M.M.M.M.M.M.,M.M.M.M.M.M.M.M.M.M.M,pct_remaining,,105.0,1.0,-5.0,direct
TTR-765,dicerna,UUAACUUGAUUUUUUAAAUUCCCtt,AAGGGAAUUUAAAAAAUCAAGUUAAAG,UUAACUUGAUUUUUUAAAUUC,AAGGGAAUUUAAAAAAUCAAG,.M.M.M.M.M.M.M.M.M.M.,M.M.M.M.M.M.M.M.M.M.M,pct_remaining,,95.6,1.0,4.400000000000006,direct
TTR-766,dicerna,UAACUUGAUUUUUUAAAUUCCCUta,UAAGGGAAUUUAAAAAAUCAAGUUAAA,UAACUUGAUUUUUUAAAUUCC,UAAGGGAAUUUAAAAAAUCAA,.M.M.M.M.M.M.M.M.M.M.,M.M.M.M.M.M.M.M.M.M.M,pct_remaining,,120.1,1.0,-20.099999999999994,direct
TTR-767,dicerna,AACUUGAUUUUUUAAAUUCCCUUat,AUAAGGGAAUUUAAAAAAUCAAGUUAA,AACUUGAUUUUUUAAAUUCCC,AUAAGGGAAUUUAAAAAAUCA,.M.M.M.M.M.M.M.M.M.M.,M.M.M.M.M.M.M.M.M.M.M,pct_remaining,,104.0,1.0,-4.0,direct
TTR-768,dicerna,ACUUGAUUUUUUAAAUUCCCUUAtt,AAUAAGGGAAUUUAAAAAAUCAAGUUA,ACUUGAUUUUUUAAAUUCCCU,AAUAAGGGAAUUUAAAAAAUC,.M.M.M.M.M.M.M.M.M.M.,M.M.M.M.M.M.M.M.M.M.M,pct_remaining,,99.6,1.0,0.4000000000000057,direct
TTR-769,dicerna,CUUGAUUUUUUAAAUUCCCUUAUtg,CAAUAAGGGAAUUUAAAAAAUCAAGUU,CUUGAUUUUUUAAAUUCCCUU,CAAUAAGGGAAUUUAAAAAAU,.M.M.M.M.M.M.M.M.M.M.,M.M.M.M.M.M.M.M.M.M.M,pct_remaining,,94.9,1.0,5.099999999999994,direct
TTR-770,dicerna,UUGAUUUUUUAAAUUCCCUUAUUgt,ACAAUAAGGGAAUUUAAAAAAUCAAGU,UUGAUUUUUUAAAUUCCCUUA,ACAAUAAGGGAAUUUAAAAAA,.M.M.M.M.M.M.M.M.M.M.,M.M.M.M.M.M.M.M.M.M.M,pct_remaining,,90.6,1.0,9.400000000000006,direct
TTR-771,dicerna,UGAUUUUUUAAAUUCCCUUAUUGtc,GACAAUAAGGGAAUUUAAAAAAUCAAG,UGAUUUUUUAAAUUCCCUUAU,GACAAUAAGGGAAUUUAAAAA,.M.M.M.M.M.M.M.M.M.M.,M.M.M.M.M.M.M.M.M.M.M,pct_remaining,,95.1,1.0,4.900000000000006,direct
TTR-772,dicerna,GAUUUUUUAAAUUCCCUUAUUGUcc,GGACAAUAAGGGAAUUUAAAAAAUCAA,GAUUUUUUAAAUUCCCUUAUU,GGACAAUAAGGGAAUUUAAAA,.M.M.M.M.M.M.M.M.M.M.,M.M.M.M.M.M.M.M.M.M.M,pct_remaining,,82.8,1.0,17.200000000000003,direct
TTR-773,dicerna,AUUUUUUAAAUUCCCUUAUUGUCcc,GGGACAAUAAGGGAAUUUAAAAAAUCA,AUUUUUUAAAUUCCCUUAUUG,GGGACAAUAAGGGAAUUUAAA,.M.M.M.M.M.M.M.M.M.M.,M.M.M.M.M.M.M.M.M.M.M,pct_remaining,,89.4,1.0,10.599999999999994,direct
TTR-775,dicerna,UUUUUAAAUUCCCUUAUUGUCCCtt,AAGGGACAAUAAGGGAAUUUAAAAAAU,UUUUUAAAUUCCCUUAUUGUC,AAGGGACAAUAAGGGAAUUUA,.M.M.M.M.M.M.M.M.M.M.,M.M.M.M.M.M.M.M.M.M.M,pct_remaining,,109.1,1.0,-9.099999999999994,direct
TTR-780,dicerna,AAAUUCCCUUAUUGUCCCUUCCAaa,UUUGGAAGGGACAAUAAGGGAAUUUAA,AAAUUCCCUUAUUGUCCCUUC,UUUGGAAGGGACAAUAAGGGA,.M.M.M.M.M.M.M.M.M.M.,M.M.M.M.M.M.M.M.M.M.M,pct_remaining,,99.5,1.0,0.5,direct
TTR-781,dicerna,AAUUCCCUUAUUGUCCCUUCCAAaa,UUUUGGAAGGGACAAUAAGGGAAUUUA,AAUUCCCUUAUUGUCCCUUCC,UUUUGGAAGGGACAAUAAGGG,.M.M.M.M.M.M.M.M.M.M.,M.M.M.M.M.M.M.M.M.M.M,pct_remaining,,93.6,1.0,6.400000000000006,direct
TTR-784,dicerna,UCCCUUAUUGUCCCUUCCAAAAAaa,UUUUUUUGGAAGGGACAAUAAGGGAAU,UCCCUUAUUGUCCCUUCCAAA,UUUUUUUGGAAGGGACAAUAA,.M.M.M.M.M.M.M.M.M.M.,M.M.M.M.M.M.M.M.M.M.M,pct_remaining,,84.1,1.0,15.900000000000006,direct
TTR-805,dicerna,AAAAAGAGAAUCAAAAUUUUACAaa,UUUGUAAAAUUUUGAUUCUCUUUUUUU,AAAAAGAGAAUCAAAAUUUUA,UUUGUAAAAUUUUGAUUCUCU,.M.M.M.M.M.M.M.M.M.M.,M.M.M.M.M.M.M.M.M.M.M,pct_remaining,,81.8,1.0,18.200000000000003,direct
TTR-806,dicerna,AAAAGAGAAUCAAAAUUUUACAAag,CUUUGUAAAAUUUUGAUUCUCUUUUUU,AAAAGAGAAUCAAAAUUUUAC,CUUUGUAAAAUUUUGAUUCUC,.M.M.M.M.M.M.M.M.M.M.,M.M.M.M.M.M.M.M.M.M.M,pct_remaining,,86.8,1.0,13.200000000000003,direct
TTR-807,dicerna,AAAGAGAAUCAAAAUUUUACAAAga,UCUUUGUAAAAUUUUGAUUCUCUUUUU,AAAGAGAAUCAAAAUUUUACA,UCUUUGUAAAAUUUUGAUUCU,.M.M.M.M.M.M.M.M.M.M.,M.M.M.M.M.M.M.M.M.M.M,pct_remaining,,91.4,1.0,8.599999999999994,direct
TTR-808,dicerna,AAGAGAAUCAAAAUUUUACAAAGaa,UUCUUUGUAAAAUUUUGAUUCUCUUUU,AAGAGAAUCAAAAUUUUACAA,UUCUUUGUAAAAUUUUGAUUC,.M.M.M.M.M.M.M.M.M.M.,M.M.M.M.M.M.M.M.M.M.M,pct_remaining,,86.3,1.0,13.700000000000003,direct
TTR-809,dicerna,AGAGAAUCAAAAUUUUACAAAGAat,AUUCUUUGUAAAAUUUUGAUUCUCUUU,AGAGAAUCAAAAUUUUACAAA,AUUCUUUGUAAAAUUUUGAUU,.M.M.M.M.M.M.M.M.M.M.,M.M.M.M.M.M.M.M.M.M.M,pct_remaining,,126.5,1.0,-26.5,direct
TTR-810,dicerna,GAGAAUCAAAAUUUUACAAAGAAtc,GAUUCUUUGUAAAAUUUUGAUUCUCUU,GAGAAUCAAAAUUUUACAAAG,GAUUCUUUGUAAAAUUUUGAU,.M.M.M.M.M.M.M.M.M.M.,M.M.M.M.M.M.M.M.M.M.M,pct_remaining,,110.6,1.0,-10.599999999999994,direct
TTR-811,dicerna,AGAAUCAAAAUUUUACAAAGAAUca,UGAUUCUUUGUAAAAUUUUGAUUCUCU,AGAAUCAAAAUUUUACAAAGA,UGAUUCUUUGUAAAAUUUUGA,.M.M.M.M.M.M.M.M.M.M.,M.M.M.M.M.M.M.M.M.M.M,pct_remaining,,102.3,1.0,-2.299999999999997,direct
TTR-812,dicerna,GAAUCAAAAUUUUACAAAGAAUCaa,UUGAUUCUUUGUAAAAUUUUGAUUCUC,GAAUCAAAAUUUUACAAAGAA,UUGAUUCUUUGUAAAAUUUUG,.M.M.M.M.M.M.M.M.M.M.,M.M.M.M.M.M.M.M.M.M.M,pct_remaining,,94.1,1.0,5.900000000000006,direct
TTR-813,dicerna,AAUCAAAAUUUUACAAAGAAUCAaa,UUUGAUUCUUUGUAAAAUUUUGAUUCU,AAUCAAAAUUUUACAAAGAAU,UUUGAUUCUUUGUAAAAUUUU,.M.M.M.M.M.M.M.M.M.M.,M.M.M.M.M.M.M.M.M.M.M,pct_remaining,,99.0,1.0,1.0,direct
TTR-814,dicerna,AUCAAAAUUUUACAAAGAAUCAAag,CUUUGAUUCUUUGUAAAAUUUUGAUUC,AUCAAAAUUUUACAAAGAAUC,CUUUGAUUCUUUGUAAAAUUU,.M.M.M.M.M.M.M.M.M.M.,M.M.M.M.M.M.M.M.M.M.M,pct_remaining,,94.7,1.0,5.299999999999997,direct
TTR-815,dicerna,UCAAAAUUUUACAAAGAAUCAAAgg,CCUUUGAUUCUUUGUAAAAUUUUGAUU,UCAAAAUUUUACAAAGAAUCA,CCUUUGAUUCUUUGUAAAAUU,.M.M.M.M.M.M.M.M.M.M.,M.M.M.M.M.M.M.M.M.M.M,pct_remaining,,87.5,1.0,12.5,direct
TTR-816,dicerna,CAAAAUUUUACAAAGAAUCAAAGga,UCCUUUGAUUCUUUGUAAAAUUUUGAU,CAAAAUUUUACAAAGAAUCAA,UCCUUUGAUUCUUUGUAAAAU,.M.M.M.M.M.M.M.M.M.M.,M.M.M.M.M.M.M.M.M.M.M,pct_remaining,,93.5,1.0,6.5,direct
TTR-817,dicerna,AAAAUUUUACAAAGAAUCAAAGGaa,UUCCUUUGAUUCUUUGUAAAAUUUUGA,AAAAUUUUACAAAGAAUCAAA,UUCCUUUGAUUCUUUGUAAAA,.M.M.M.M.M.M.M.M.M.M.,M.M.M.M.M.M.M.M.M.M.M,pct_remaining,,97.4,1.0,2.5999999999999943,direct
TTR-818,dicerna,AAAUUUUACAAAGAAUCAAAGGAat,AUUCCUUUGAUUCUUUGUAAAAUUUUG,AAAUUUUACAAAGAAUCAAAG,AUUCCUUUGAUUCUUUGUAAA,.M.M.M.M.M.M.M.M.M.M.,M.M.M.M.M.M.M.M.M.M.M,pct_remaining,,99.2,1.0,0.7999999999999972,direct
TTR-819,dicerna,AAUUUUACAAAGAAUCAAAGGAAtt,AAUUCCUUUGAUUCUUUGUAAAAUUUU,AAUUUUACAAAGAAUCAAAGG,AAUUCCUUUGAUUCUUUGUAA,.M.M.M.M.M.M.M.M.M.M.,M.M.M.M.M.M.M.M.M.M.M,pct_remaining,,83.1,1.0,16.900000000000006,direct
TTR-821,dicerna,UUUUACAAAGAAUCAAAGGAAUUct,AGAAUUCCUUUGAUUCUUUGUAAAAUU,UUUUACAAAGAAUCAAAGGAA,AGAAUUCCUUUGAUUCUUUGU,.M.M.M.M.M.M.M.M.M.M.,M.M.M.M.M.M.M.M.M.M.M,pct_remaining,,91.4,1.0,8.599999999999994,direct
TTR-822,dicerna,UUUACAAAGAAUCAAAGGAAUUCta,UAGAAUUCCUUUGAUUCUUUGUAAAAU,UUUACAAAGAAUCAAAGGAAU,UAGAAUUCCUUUGAUUCUUUG,.M.M.M.M.M.M.M.M.M.M.,M.M.M.M.M.M.M.M.M.M.M,pct_remaining,,89.8,1.0,10.200000000000003,direct
TTR-823,dicerna,UUACAAAGAAUCAAAGGAAUUCUag,CUAGAAUUCCUUUGAUUCUUUGUAAAA,UUACAAAGAAUCAAAGGAAUU,CUAGAAUUCCUUUGAUUCUUU,.M.M.M.M.M.M.M.M.M.M.,M.M.M.M.M.M.M.M.M.M.M,pct_remaining,,91.7,1.0,8.299999999999997,direct
TTR-824,dicerna,UACAAAGAAUCAAAGGAAUUCUAga,UCUAGAAUUCCUUUGAUUCUUUGUAAA,UACAAAGAAUCAAAGGAAUUC,UCUAGAAUUCCUUUGAUUCUU,.M.M.M.M.M.M.M.M.M.M.,M.M.M.M.M.M.M.M.M.M.M,pct_remaining,,94.9,1.0,5.099999999999994,direct
TTR-825,dicerna,ACAAAGAAUCAAAGGAAUUCUAGaa,UUCUAGAAUUCCUUUGAUUCUUUGUAA,ACAAAGAAUCAAAGGAAUUCU,UUCUAGAAUUCCUUUGAUUCU,.M.M.M.M.M.M.M.M.M.M.,M.M.M.M.M.M.M.M.M.M.M,pct_remaining,,94.4,1.0,5.599999999999994,direct
TTR-826,dicerna,CAAAGAAUCAAAGGAAUUCUAGAaa,UUUCUAGAAUUCCUUUGAUUCUUUGUA,CAAAGAAUCAAAGGAAUUCUA,UUUCUAGAAUUCCUUUGAUUC,.M.M.M.M.M.M.M.M.M.M.,M.M.M.M.M.M.M.M.M.M.M,pct_remaining,,109.0,1.0,-9.0,direct
TTR-827,dicerna,AAAGAAUCAAAGGAAUUCUAGAAag,CUUUCUAGAAUUCCUUUGAUUCUUUGU,AAAGAAUCAAAGGAAUUCUAG,CUUUCUAGAAUUCCUUUGAUU,.M.M.M.M.M.M.M.M.M.M.,M.M.M.M.M.M.M.M.M.M.M,pct_remaining,,89.3,1.0,10.700000000000003,direct
TTR-828,dicerna,AAGAAUCAAAGGAAUUCUAGAAAgt,ACUUUCUAGAAUUCCUUUGAUUCUUUG,AAGAAUCAAAGGAAUUCUAGA,ACUUUCUAGAAUUCCUUUGAU,.M.M.M.M.M.M.M.M.M.M.,M.M.M.M.M.M.M.M.M.M.M,pct_remaining,,100.2,1.0,-0.20000000000000284,direct
TTR-829,dicerna,AGAAUCAAAGGAAUUCUAGAAAGta,UACUUUCUAGAAUUCCUUUGAUUCUUU,AGAAUCAAAGGAAUUCUAGAA,UACUUUCUAGAAUUCCUUUGA,.M.M.M.M.M.M.M.M.M.M.,M.M.M.M.M.M.M.M.M.M.M,pct_remaining,,91.8,1.0,8.200000000000003,direct
TTR-830,dicerna,GAAUCAAAGGAAUUCUAGAAAGUat,AUACUUUCUAGAAUUCCUUUGAUUCUU,GAAUCAAAGGAAUUCUAGAAA,AUACUUUCUAGAAUUCCUUUG,.M.M.M.M.M.M.M.M.M.M.,M.M.M.M.M.M.M.M.M.M.M,pct_remaining,,97.3,1.0,2.700000000000003,direct
TTR-831,dicerna,AAUCAAAGGAAUUCUAGAAAGUAtc,GAUACUUUCUAGAAUUCCUUUGAUUCU,AAUCAAAGGAAUUCUAGAAAG,GAUACUUUCUAGAAUUCCUUU,.M.M.M.M.M.M.M.M.M.M.,M.M.M.M.M.M.M.M.M.M.M,pct_remaining,,95.6,1.0,4.400000000000006,direct
TTR-832,dicerna,AUCAAAGGAAUUCUAGAAAGUAUct,AGAUACUUUCUAGAAUUCCUUUGAUUC,AUCAAAGGAAUUCUAGAAAGU,AGAUACUUUCUAGAAUUCCUU,.M.M.M.M.M.M.M.M.M.M.,M.M.M.M.M.M.M.M.M.M.M,pct_remaining,,88.9,1.0,11.099999999999994,direct
TTR-833,dicerna,UCAAAGGAAUUCUAGAAAGUAUCtg,CAGAUACUUUCUAGAAUUCCUUUGAUU,UCAAAGGAAUUCUAGAAAGUA,CAGAUACUUUCUAGAAUUCCU,.M.M.M.M.M.M.M.M.M.M.,M.M.M.M.M.M.M.M.M.M.M,pct_remaining,,88.6,1.0,11.400000000000006,direct
TTR-834,dicerna,CAAAGGAAUUCUAGAAAGUAUCUgg,CCAGAUACUUUCUAGAAUUCCUUUGAU,CAAAGGAAUUCUAGAAAGUAU,CCAGAUACUUUCUAGAAUUCC,.M.M.M.M.M.M.M.M.M.M.,M.M.M.M.M.M.M.M.M.M.M,pct_remaining,,106.3,1.0,-6.299999999999997,direct
TTR-835,dicerna,AAAGGAAUUCUAGAAAGUAUCUGgg,CCCAGAUACUUUCUAGAAUUCCUUUGA,AAAGGAAUUCUAGAAAGUAUC,CCCAGAUACUUUCUAGAAUUC,.M.M.M.M.M.M.M.M.M.M.,M.M.M.M.M.M.M.M.M.M.M,pct_remaining,,102.5,1.0,-2.5,direct
TTR-869,dicerna,AGGAGAGAUCCAAAUUUCCAUUGtc,GACAAUGGAAAUUUGGAUCUCUCCUAG,AGGAGAGAUCCAAAUUUCCAU,GACAAUGGAAAUUUGGAUCUC,.M.M.M.M.M.M.M.M.M.M.,M.M.M.M.M.M.M.M.M.M.M,pct_remaining,,94.8,1.0,5.200000000000003,direct
TTR-870,dicerna,GGAGAGAUCCAAAUUUCCAUUGUct,AGACAAUGGAAAUUUGGAUCUCUCCUA,GGAGAGAUCCAAAUUUCCAUU,AGACAAUGGAAAUUUGGAUCU,.M.M.M.M.M.M.M.M.M.M.,M.M.M.M.M.M.M.M.M.M.M,pct_remaining,,86.7,1.0,13.299999999999997,direct
TTR-873,dicerna,GAGAUCCAAAUUUCCAUUGUCUUgc,GCAAGACAAUGGAAAUUUGGAUCUCUC,GAGAUCCAAAUUUCCAUUGUC,GCAAGACAAUGGAAAUUUGGA,.M.M.M.M.M.M.M.M.M.M.,M.M.M.M.M.M.M.M.M.M.M,pct_remaining,,91.3,1.0,8.700000000000003,direct
TTR-874,dicerna,AGAUCCAAAUUUCCAUUGUCUUGca,UGCAAGACAAUGGAAAUUUGGAUCUCU,AGAUCCAAAUUUCCAUUGUCU,UGCAAGACAAUGGAAAUUUGG,.M.M.M.M.M.M.M.M.M.M.,M.M.M.M.M.M.M.M.M.M.M,pct_remaining,,91.5,1.0,8.5,direct
TTR-875,dicerna,GAUCCAAAUUUCCAUUGUCUUGCaa,UUGCAAGACAAUGGAAAUUUGGAUCUC,GAUCCAAAUUUCCAUUGUCUU,UUGCAAGACAAUGGAAAUUUG,.M.M.M.M.M.M.M.M.M.M.,M.M.M.M.M.M.M.M.M.M.M,pct_remaining,,101.9,1.0,-1.9000000000000057,direct
TTR-876,dicerna,AUCCAAAUUUCCAUUGUCUUGCAag,CUUGCAAGACAAUGGAAAUUUGGAUCU,AUCCAAAUUUCCAUUGUCUUG,CUUGCAAGACAAUGGAAAUUU,.M.M.M.M.M.M.M.M.M.M.,M.M.M.M.M.M.M.M.M.M.M,pct_remaining,,78.2,1.0,21.799999999999997,direct
TTR-877,dicerna,UCCAAAUUUCCAUUGUCUUGCAAgc,GCUUGCAAGACAAUGGAAAUUUGGAUC,UCCAAAUUUCCAUUGUCUUGC,GCUUGCAAGACAAUGGAAAUU,.M.M.M.M.M.M.M.M.M.M.,M.M.M.M.M.M.M.M.M.M.M,pct_remaining,,87.7,1.0,12.299999999999997,direct
TTR-878,dicerna,CCAAAUUUCCAUUGUCUUGCAAGca,UGCUUGCAAGACAAUGGAAAUUUGGAU,CCAAAUUUCCAUUGUCUUGCA,UGCUUGCAAGACAAUGGAAAU,.M.M.M.M.M.M.M.M.M.M.,M.M.M.M.M.M.M.M.M.M.M,pct_remaining,,99.5,1.0,0.5,direct
TTR-879,dicerna,CAAAUUUCCAUUGUCUUGCAAGCaa,UUGCUUGCAAGACAAUGGAAAUUUGGA,CAAAUUUCCAUUGUCUUGCAA,UUGCUUGCAAGACAAUGGAAA,.M.M.M.M.M.M.M.M.M.M.,M.M.M.M.M.M.M.M.M.M.M,pct_remaining,,92.3,1.0,7.700000000000003,direct
TTR-880,dicerna,AAAUUUCCAUUGUCUUGCAAGCAaa,UUUGCUUGCAAGACAAUGGAAAUUUGG,AAAUUUCCAUUGUCUUGCAAG,UUUGCUUGCAAGACAAUGGAA,.M.M.M.M.M.M.M.M.M.M.,M.M.M.M.M.M.M.M.M.M.M,pct_remaining,,84.2,1.0,15.799999999999997,direct
TTR-881,dicerna,AAUUUCCAUUGUCUUGCAAGCAAag,CUUUGCUUGCAAGACAAUGGAAAUUUG,AAUUUCCAUUGUCUUGCAAGC,CUUUGCUUGCAAGACAAUGGA,.M.M.M.M.M.M.M.M.M.M.,M.M.M.M.M.M.M.M.M.M.M,pct_remaining,,88.8,1.0,11.200000000000003,direct
TTR-882,dicerna,AUUUCCAUUGUCUUGCAAGCAAAgc,GCUUUGCUUGCAAGACAAUGGAAAUUU,AUUUCCAUUGUCUUGCAAGCA,GCUUUGCUUGCAAGACAAUGG,.M.M.M.M.M.M.M.M.M.M.,M.M.M.M.M.M.M.M.M.M.M,pct_remaining,,88.4,1.0,11.599999999999994,direct
TTR-883,dicerna,UUUCCAUUGUCUUGCAAGCAAAGca,UGCUUUGCUUGCAAGACAAUGGAAAUU,UUUCCAUUGUCUUGCAAGCAA,UGCUUUGCUUGCAAGACAAUG,.M.M.M.M.M.M.M.M.M.M.,M.M.M.M.M.M.M.M.M.M.M,pct_remaining,,79.6,1.0,20.400000000000006,direct
TTR-884,dicerna,UUCCAUUGUCUUGCAAGCAAAGCac,GUGCUUUGCUUGCAAGACAAUGGAAAU,UUCCAUUGUCUUGCAAGCAAA,GUGCUUUGCUUGCAAGACAAU,.M.M.M.M.M.M.M.M.M.M.,M.M.M.M.M.M.M.M.M.M.M,pct_remaining,,87.8,1.0,12.200000000000003,direct
TTR-885,dicerna,UCCAUUGUCUUGCAAGCAAAGCAcg,CGUGCUUUGCUUGCAAGACAAUGGAAA,UCCAUUGUCUUGCAAGCAAAG,CGUGCUUUGCUUGCAAGACAA,.M.M.M.M.M.M.M.M.M.M.,M.M.M.M.M.M.M.M.M.M.M,pct_remaining,,88.7,1.0,11.299999999999997,direct
TTR-886,dicerna,CCAUUGUCUUGCAAGCAAAGCACgt,ACGUGCUUUGCUUGCAAGACAAUGGAA,CCAUUGUCUUGCAAGCAAAGC,ACGUGCUUUGCUUGCAAGACA,.M.M.M.M.M.M.M.M.M.M.,M.M.M.M.M.M.M.M.M.M.M,pct_remaining,,101.6,1.0,-1.5999999999999943,direct
TTR-887,dicerna,CAUUGUCUUGCAAGCAAAGCACGta,UACGUGCUUUGCUUGCAAGACAAUGGA,CAUUGUCUUGCAAGCAAAGCA,UACGUGCUUUGCUUGCAAGAC,.M.M.M.M.M.M.M.M.M.M.,M.M.M.M.M.M.M.M.M.M.M,pct_remaining,,110.0,1.0,-10.0,direct
TTR-888,dicerna,AUUGUCUUGCAAGCAAAGCACGUat,AUACGUGCUUUGCUUGCAAGACAAUGG,AUUGUCUUGCAAGCAAAGCAC,AUACGUGCUUUGCUUGCAAGA,.M.M.M.M.M.M.M.M.M.M.,M.M.M.M.M.M.M.M.M.M.M,pct_remaining,,91.7,1.0,8.299999999999997,direct
TTR-889,dicerna,UUGUCUUGCAAGCAAAGCACGUAtt,AAUACGUGCUUUGCUUGCAAGACAAUG,UUGUCUUGCAAGCAAAGCACG,AAUACGUGCUUUGCUUGCAAG,.M.M.M.M.M.M.M.M.M.M.,M.M.M.M.M.M.M.M.M.M.M,pct_remaining,,85.1,1.0,14.900000000000006,direct
TTR-890,dicerna,UGUCUUGCAAGCAAAGCACGUAUta,UAAUACGUGCUUUGCUUGCAAGACAAU,UGUCUUGCAAGCAAAGCACGU,UAAUACGUGCUUUGCUUGCAA,.M.M.M.M.M.M.M.M.M.M.,M.M.M.M.M.M.M.M.M.M.M,pct_remaining,,93.3,1.0,6.700000000000003,direct
TTR-891,dicerna,GUCUUGCAAGCAAAGCACGUAUUaa,UUAAUACGUGCUUUGCUUGCAAGACAA,GUCUUGCAAGCAAAGCACGUA,UUAAUACGUGCUUUGCUUGCA,.M.M.M.M.M.M.M.M.M.M.,M.M.M.M.M.M.M.M.M.M.M,pct_remaining,,84.8,1.0,15.200000000000003,direct
TTR-892,dicerna,UCUUGCAAGCAAAGCACGUAUUAaa,UUUAAUACGUGCUUUGCUUGCAAGACA,UCUUGCAAGCAAAGCACGUAU,UUUAAUACGUGCUUUGCUUGC,.M.M.M.M.M.M.M.M.M.M.,M.M.M.M.M.M.M.M.M.M.M,pct_remaining,,82.2,1.0,17.799999999999997,direct
TTR-893,dicerna,CUUGCAAGCAAAGCACGUAUUAAat,AUUUAAUACGUGCUUUGCUUGCAAGAC,CUUGCAAGCAAAGCACGUAUU,AUUUAAUACGUGCUUUGCUUG,.M.M.M.M.M.M.M.M.M.M.,M.M.M.M.M.M.M.M.M.M.M,pct_remaining,,100.2,1.0,-0.20000000000000284,direct
TTR-894,dicerna,UUGCAAGCAAAGCACGUAUUAAAta,UAUUUAAUACGUGCUUUGCUUGCAAGA,UUGCAAGCAAAGCACGUAUUA,UAUUUAAUACGUGCUUUGCUU,.M.M.M.M.M.M.M.M.M.M.,M.M.M.M.M.M.M.M.M.M.M,pct_remaining,,83.8,1.0,16.200000000000003,direct
TTR-895,dicerna,UGCAAGCAAAGCACGUAUUAAAUat,AUAUUUAAUACGUGCUUUGCUUGCAAG,UGCAAGCAAAGCACGUAUUAA,AUAUUUAAUACGUGCUUUGCU,.M.M.M.M.M.M.M.M.M.M.,M.M.M.M.M.M.M.M.M.M.M,pct_remaining,,86.4,1.0,13.599999999999994,direct
TTR-896,dicerna,GCAAGCAAAGCACGUAUUAAAUAtg,CAUAUUUAAUACGUGCUUUGCUUGCAA,GCAAGCAAAGCACGUAUUAAA,CAUAUUUAAUACGUGCUUUGC,.M.M.M.M.M.M.M.M.M.M.,M.M.M.M.M.M.M.M.M.M.M,pct_remaining,,86.5,1.0,13.5,direct
TTR-897,dicerna,CAAGCAAAGCACGUAUUAAAUAUga,UCAUAUUUAAUACGUGCUUUGCUUGCA,CAAGCAAAGCACGUAUUAAAU,UCAUAUUUAAUACGUGCUUUG,.M.M.M.M.M.M.M.M.M.M.,M.M.M.M.M.M.M.M.M.M.M,pct_remaining,,89.1,1.0,10.900000000000006,direct
TTR-898,dicerna,AAGCAAAGCACGUAUUAAAUAUGat,AUCAUAUUUAAUACGUGCUUUGCUUGC,AAGCAAAGCACGUAUUAAAUA,AUCAUAUUUAAUACGUGCUUU,.M.M.M.M.M.M.M.M.M.M.,M.M.M.M.M.M.M.M.M.M.M,pct_remaining,,97.5,1.0,2.5,direct
TTR-899,dicerna,AGCAAAGCACGUAUUAAAUAUGAtc,GAUCAUAUUUAAUACGUGCUUUGCUUG,AGCAAAGCACGUAUUAAAUAU,GAUCAUAUUUAAUACGUGCUU,.M.M.M.M.M.M.M.M.M.M.,M.M.M.M.M.M.M.M.M.M.M,pct_remaining,,89.4,1.0,10.599999999999994,direct
TTR-900,dicerna,GCAAAGCACGUAUUAAAUAUGAUct,AGAUCAUAUUUAAUACGUGCUUUGCUU,GCAAAGCACGUAUUAAAUAUG,AGAUCAUAUUUAAUACGUGCU,.M.M.M.M.M.M.M.M.M.M.,M.M.M.M.M.M.M.M.M.M.M,pct_remaining,,86.4,1.0,13.599999999999994,direct
TTR-901,dicerna,CAAAGCACGUAUUAAAUAUGAUCtg,CAGAUCAUAUUUAAUACGUGCUUUGCU,CAAAGCACGUAUUAAAUAUGA,CAGAUCAUAUUUAAUACGUGC,.M.M.M.M.M.M.M.M.M.M.,M.M.M.M.M.M.M.M.M.M.M,pct_remaining,,97.4,1.0,2.5999999999999943,direct
TTR-902,dicerna,AAAGCACGUAUUAAAUAUGAUCUgc,GCAGAUCAUAUUUAAUACGUGCUUUGC,AAAGCACGUAUUAAAUAUGAU,GCAGAUCAUAUUUAAUACGUG,.M.M.M.M.M.M.M.M.M.M.,M.M.M.M.M.M.M.M.M.M.M,pct_remaining,,78.7,1.0,21.299999999999997,direct
TTR-903,dicerna,AAGCACGUAUUAAAUAUGAUCUGca,UGCAGAUCAUAUUUAAUACGUGCUUUG,AAGCACGUAUUAAAUAUGAUC,UGCAGAUCAUAUUUAAUACGU,.M.M.M.M.M.M.M.M.M.M.,M.M.M.M.M.M.M.M.M.M.M,pct_remaining,,93.2,1.0,6.799999999999997,direct
TTR-904,dicerna,AGCACGUAUUAAAUAUGAUCUGCag,CUGCAGAUCAUAUUUAAUACGUGCUUU,AGCACGUAUUAAAUAUGAUCU,CUGCAGAUCAUAUUUAAUACG,.M.M.M.M.M.M.M.M.M.M.,M.M.M.M.M.M.M.M.M.M.M,pct_remaining,,87.9,1.0,12.099999999999994,direct
TTR-905,dicerna,GCACGUAUUAAAUAUGAUCUGCAgc,GCUGCAGAUCAUAUUUAAUACGUGCUU,GCACGUAUUAAAUAUGAUCUG,GCUGCAGAUCAUAUUUAAUAC,.M.M.M.M.M.M.M.M.M.M.,M.M.M.M.M.M.M.M.M.M.M,pct_remaining,,89.7,1.0,10.299999999999997,direct
TTR-906,dicerna,CACGUAUUAAAUAUGAUCUGCAGcc,GGCUGCAGAUCAUAUUUAAUACGUGCU,CACGUAUUAAAUAUGAUCUGC,GGCUGCAGAUCAUAUUUAAUA,.M.M.M.M.M.M.M.M.M.M.,M.M.M.M.M.M.M.M.M.M.M,pct_remaining,,91.8,1.0,8.200000000000003,direct
TTR-908,dicerna,CGUAUUAAAUAUGAUCUGCAGCCat,AUGGCUGCAGAUCAUAUUUAAUACGUG,CGUAUUAAAUAUGAUCUGCAG,AUGGCUGCAGAUCAUAUUUAA,.M.M.M.M.M.M.M.M.M.M.,M.M.M.M.M.M.M.M.M.M.M,pct_remaining,,90.7,1.0,9.299999999999997,direct
TTR-909,dicerna,GUAUUAAAUAUGAUCUGCAGCCAtt,AAUGGCUGCAGAUCAUAUUUAAUACGU,GUAUUAAAUAUGAUCUGCAGC,AAUGGCUGCAGAUCAUAUUUA,.M.M.M.M.M.M.M.M.M.M.,M.M.M.M.M.M.M.M.M.M.M,pct_remaining,,82.2,1.0,17.799999999999997,direct
TTR-911,dicerna,AUUAAAUAUGAUCUGCAGCCAUUaa,UUAAUGGCUGCAGAUCAUAUUUAAUAC,AUUAAAUAUGAUCUGCAGCCA,UUAAUGGCUGCAGAUCAUAUU,.M.M.M.M.M.M.M.M.M.M.,M.M.M.M.M.M.M.M.M.M.M,pct_remaining,,85.8,1.0,14.200000000000003,direct
TTR-912,dicerna,UUAAAUAUGAUCUGCAGCCAUUAaa,UUUAAUGGCUGCAGAUCAUAUUUAAUA,UUAAAUAUGAUCUGCAGCCAU,UUUAAUGGCUGCAGAUCAUAU,.M.M.M.M.M.M.M.M.M.M.,M.M.M.M.M.M.M.M.M.M.M,pct_remaining,,83.2,1.0,16.799999999999997,direct
TTR-913,dicerna,UAAAUAUGAUCUGCAGCCAUUAAaa,UUUUAAUGGCUGCAGAUCAUAUUUAAU,UAAAUAUGAUCUGCAGCCAUU,UUUUAAUGGCUGCAGAUCAUA,.M.M.M.M.M.M.M.M.M.M.,M.M.M.M.M.M.M.M.M.M.M,pct_remaining,,87.7,1.0,12.299999999999997,direct
TTR-914,dicerna,AAAUAUGAUCUGCAGCCAUUAAAaa,UUUUUAAUGGCUGCAGAUCAUAUUUAA,AAAUAUGAUCUGCAGCCAUUA,UUUUUAAUGGCUGCAGAUCAU,.M.M.M.M.M.M.M.M.M.M.,M.M.M.M.M.M.M.M.M.M.M,pct_remaining,,95.3,1.0,4.700000000000003,direct
TTR-915,dicerna,AAUAUGAUCUGCAGCCAUUAAAAag,CUUUUUAAUGGCUGCAGAUCAUAUUUA,AAUAUGAUCUGCAGCCAUUAA,CUUUUUAAUGGCUGCAGAUCA,.M.M.M.M.M.M.M.M.M.M.,M.M.M.M.M.M.M.M.M.M.M,pct_remaining,,86.2,1.0,13.799999999999997,direct
TTR-916,dicerna,AUAUGAUCUGCAGCCAUUAAAAAga,UCUUUUUAAUGGCUGCAGAUCAUAUUU,AUAUGAUCUGCAGCCAUUAAA,UCUUUUUAAUGGCUGCAGAUC,.M.M.M.M.M.M.M.M.M.M.,M.M.M.M.M.M.M.M.M.M.M,pct_remaining,,95.4,1.0,4.599999999999994,direct
TTR-917,dicerna,UAUGAUCUGCAGCCAUUAAAAAGac,GUCUUUUUAAUGGCUGCAGAUCAUAUU,UAUGAUCUGCAGCCAUUAAAA,GUCUUUUUAAUGGCUGCAGAU,.M.M.M.M.M.M.M.M.M.M.,M.M.M.M.M.M.M.M.M.M.M,pct_remaining,,92.4,1.0,7.599999999999994,direct
TTR-918,dicerna,AUGAUCUGCAGCCAUUAAAAAGAca,UGUCUUUUUAAUGGCUGCAGAUCAUAU,AUGAUCUGCAGCCAUUAAAAA,UGUCUUUUUAAUGGCUGCAGA,.M.M.M.M.M.M.M.M.M.M.,M.M.M.M.M.M.M.M.M.M.M,pct_remaining,,93.1,1.0,6.900000000000006,direct
TTR-919,dicerna,UGAUCUGCAGCCAUUAAAAAGACac,GUGUCUUUUUAAUGGCUGCAGAUCAUA,UGAUCUGCAGCCAUUAAAAAG,GUGUCUUUUUAAUGGCUGCAG,.M.M.M.M.M.M.M.M.M.M.,M.M.M.M.M.M.M.M.M.M.M,pct_remaining,,89.2,1.0,10.799999999999997,direct
