duplex,source,sense_mod,anti_mod,sense_base,anti_base,sense_mod_pat,anti_mod_pat,potency_type,potency_nM,pct_remaining,concentration_nM,efficacy,quality_flag
AD-18243,alnylam,ccGGuGAAuccAAGuGuccdTdT,GGAcACUUGGAUUcACCGGdTdT,CCGGUGAAUCCAAGUGUCCUU,GGACACUUGGAUUCACCGGUU,MM..M...MMM...M.MMMDD,...M.........M.....DD,ic50_estimated,10.140986908358512,50.35,10.0,49.65,noisy
AD-18244,alnylam,AcucAuucuuGGcAGGAuGdTdT,cAUCCUGCcAAGAAUGAGUdTdT,ACUCAUUCUUGGCAGGAUGUU,CAUCCUGCCAAGAAUGAGUUU,.MMM.MMMMM..M....M.DD,M.......M..........DD,ic50_estimated,17.97985450475658,64.26,10.0,35.739999999999995,noisy
AD-18245,alnylam,AAGuGuccucuGAuGGucAdTdT,UGACcAUcAGAGGAcACUUdTdT,AAGUGUCCUCUGAUGGUCAUU,UGACCAUCAGAGGACACUUUU,...M.MMMMMM..M..MM.DD,....M..M......M....DD,ic50_estimated,13.196474135931338,56.89,10.0,43.11,noisy
AD-18246,alnylam,GuccucuGAuGGucAAAGudTdT,ACUUUGACcAUcAGAGGACdTdT,GUCCUCUGAUGGUCAAAGUUU,ACUUUGACCAUCAGAGGACUU,.MMMMMM..M..MM....MDD,........M..M.......DD,ic50_measured,0.265,20.94861660079052,1.0,79.05138339920948,measured
AD-18247,alnylam,ucAuucuuGGcAGGAuGGcdTdT,GCcAUCCUGCcAAGAAUGAdTdT,UCAUUCUUGGCAGGAUGGCUU,GCCAUCCUGCCAAGAAUGAUU,MM.MMMMM..M....M..MDD,..M.......M........DD,inactive,,125.56,10.0,0.0,inactive
AD-18248,alnylam,AAGuucuAGAuGcuGuccGdTdT,CGGAcAGcAUCuAGAACUUdTdT,AAGUUCUAGAUGCUGUCCGUU,CGGACAGCAUCUAGAACUUUU,...MMMM...M.MM.MMM.DD,....M..M...M.......DD,inactive,,127.78,10.0,0.0,inactive
AD-18249,alnylam,GuucuAGAuGcuGuccGAGdTdT,CUCGGAcAGcAUCuAGAACdTdT,GUUCUAGAUGCUGUCCGAGUU,CUCGGACAGCAUCUAGAACUU,.MMMM...M.MM.MMM...DD,......M..M...M.....DD,ic50_estimated,9.519812609798949,48.77,10.0,51.23,good
AD-18250,alnylam,cuAGAuGcuGuccGAGGcAdTdT,UGCCUCGGAcAGcAUCuAGdTdT,CUAGAUGCUGUCCGAGGCAUU,UGCCUCGGACAGCAUCUAGUU,MM...M.MM.MMM....M.DD,.........M..M...M..DD,ic50_estimated,316.7973856209145,96.94,10.0,3.0600000000000023,noisy
AD-18251,alnylam,GAuGcuGuccGAGGcAGucdTdT,GACUGCCUCGGAcAGcAUCdTdT,GAUGCUGUCCGAGGCAGUCUU,GACUGCCUCGGACAGCAUCUU,..M.MM.MMM....M..MMDD,............M..M...DD,inactive,,170.41,10.0,0.0,inactive
AD-18252,alnylam,cAuucuuGGcAGGAuGGcudTdT,AGCcAUCCUGCcAAGAAUGdTdT,CAUUCUUGGCAGGAUGGCUUU,AGCCAUCCUGCCAAGAAUGUU,M.MMMMM..M....M..MMDD,...M.......M.......DD,ic50_estimated,27.764350453172195,73.52,10.0,26.480000000000004,noisy
AD-18253,alnylam,uGcuGuccGAGGcAGuccudTdT,AGGACUGCCUCGGAcAGcAdTdT,UGCUGUCCGAGGCAGUCCUUU,AGGACUGCCUCGGACAGCAUU,M.MM.MMM....M..MMMMDD,..............M..M.DD,ic50_estimated,3.3779264214046822,25.25,10.0,74.75,good
AD-18254,alnylam,ccGAGGcAGuccuGccAucdTdT,GAUGGcAGGACUGCCUCGGdTdT,CCGAGGCAGUCCUGCCAUCUU,GAUGGCAGGACUGCCUCGGUU,MM....M..MMMM.MM.MMDD,.....M.............DD,ic50_estimated,195.33880903490711,95.13,10.0,4.8700000000000045,noisy
AD-18255,alnylam,cAGuccuGccAucAAuGuGdTdT,cAcAUUGAUGGcAGGACUGdTdT,CAGUCCUGCCAUCAAUGUGUU,CACAUUGAUGGCAGGACUGUU,M..MMMM.MM.MM..M.M.DD,M.M........M.......DD,inactive,,119.46,10.0,0.0,inactive
AD-18256,alnylam,cAAuGuGGccGuGcAuGuGdTdT,cAcAUGcACGGCcAcAUUGdTdT,CAAUGUGGCCGUGCAUGUGUU,CACAUGCACGGCCACAUUGUU,M..M.M..MM.M.M.M.M.DD,M.M...M.....M.M....DD,ic50_estimated,7.433751743375175,42.64,10.0,57.36,good
AD-18257,alnylam,AuGuGuucAGAAAGGcuGcdTdT,GcAGCCUUUCUGAAcAcAUdTdT,AUGUGUUCAGAAAGGCUGCUU,GCAGCCUUUCUGAACACAUUU,.M.M.MMM.......MM.MDD,.M............M.M..DD,inactive,,146.25,10.0,0.0,inactive
AD-18258,alnylam,cAGAAGuccAcucAuucuudTdT,AAGAAUGAGUGGACUUCUGdTdT,CAGAAGUCCACUCAUUCUUUU,AAGAAUGAGUGGACUUCUGUU,M.....MMM.MMM.MMMMMDD,...................DD,ic50_measured,0.007,0.6951340615690169,1.0,99.30486593843098,measured
AD-18259,alnylam,GGcAGGAuGGcuucucAucdTdT,GAUGAGAAGCcAUCCUGCCdTdT,GGCAGGAUGGCUUCUCAUCUU,GAUGAGAAGCCAUCCUGCCUU,..M....M..MMMMMM.MMDD,..........M........DD,ic50_measured,0.102,9.25589836660617,1.0,90.74410163339383,measured
AD-18260,alnylam,GAGccAuuuGccucuGGGAdTdT,UCCcAGAGGcAAAUGGCUCdTdT,GAGCCAUUUGCCUCUGGGAUU,UCCCAGAGGCAAAUGGCUCUU,...MM.MMM.MMMMM....DD,...M.....M.........DD,inactive,,125.37,10.0,0.0,inactive
AD-18261,alnylam,cAGGAuGGcuucucAucGudTdT,ACGAUGAGAAGCcAUCCUGdTdT,CAGGAUGGCUUCUCAUCGUUU,ACGAUGAGAAGCCAUCCUGUU,M....M..MMMMMM.MM.MDD,............M......DD,ic50_measured,0.21,17.355371900826448,1.0,82.64462809917356,measured
AD-18262,alnylam,AGGAuGGcuucucAucGucdTdT,GACGAUGAGAAGCcAUCCUdTdT,AGGAUGGCUUCUCAUCGUCUU,GACGAUGAGAAGCCAUCCUUU,....M..MMMMMM.MM.MMDD,.............M.....DD,ic50_estimated,56.445182724252504,84.95,10.0,15.049999999999997,noisy
AD-18263,alnylam,AGAGcuGcAuGGGcucAcAdTdT,UGUGAGCCcAUGcAGCUCUdTdT,AGAGCUGCAUGGGCUCACAUU,UGUGAGCCCAUGCAGCUCUUU,....MM.M.M...MMM.M.DD,........M...M......DD,ic50_measured,0.11,9.90990990990991,1.0,90.09009009009009,measured
AD-18264,alnylam,GcuGcAuGGGcucAcAAcudTdT,AGUUGUGAGCCcAUGcAGCdTdT,GCUGCAUGGGCUCACAACUUU,AGUUGUGAGCCCAUGCAGCUU,.MM.M.M...MMM.M..MMDD,...........M...M...DD,inactive,,104.18,10.0,0.0,inactive
AD-18265,alnylam,GGAuGGcuucucAucGucudTdT,AGACGAUGAGAAGCcAUCCdTdT,GGAUGGCUUCUCAUCGUCUUU,AGACGAUGAGAAGCCAUCCUU,...M..MMMMMM.MM.MMMDD,..............M....DD,ic50_estimated,7.1291538198013,41.62,10.0,58.38,good
AD-18266,alnylam,GcAuGGGcucAcAAcuGAGdTdT,CUcAGUUGUGAGCCcAUGCdTdT,GCAUGGGCUCACAACUGAGUU,CUCAGUUGUGAGCCCAUGCUU,.M.M...MMM.M..MM...DD,..M...........M....DD,ic50_estimated,6.661112962345884,39.98,10.0,60.02,good
AD-18267,alnylam,AuGGGcucAcAAcuGAGGAdTdT,UCCUcAGUUGUGAGCCcAUdTdT,AUGGGCUCACAACUGAGGAUU,UCCUCAGUUGUGAGCCCAUUU,.M...MMM.M..MM.....DD,....M...........M..DD,inactive,,149.64,10.0,0.0,inactive
AD-18268,alnylam,uGGGcucAcAAcuGAGGAGdTdT,CUCCUcAGUUGUGAGCCcAdTdT,UGGGCUCACAACUGAGGAGUU,CUCCUCAGUUGUGAGCCCAUU,M...MMM.M..MM......DD,.....M...........M.DD,inactive,,152.93,10.0,0.0,inactive
AD-18269,alnylam,GAGGAAuuuGuAGAAGGGAdTdT,UCCCUUCuAcAAAUUCCUCdTdT,GAGGAAUUUGUAGAAGGGAUU,UCCCUUCUACAAAUUCCUCUU,......MMM.M........DD,.......M.M.........DD,ic50_estimated,5.941335883947076,37.27,10.0,62.73,good
AD-18270,alnylam,uuuGuAGAAGGGAuAuAcAdTdT,UGuAuAUCCCUUCuAcAAAdTdT,UUUGUAGAAGGGAUAUACAUU,UGUAUAUCCCUUCUACAAAUU,MMM.M........M.M.M.DD,..M.M........M.M...DD,ic50_estimated,1775.714285714283,99.44,10.0,0.5600000000000023,noisy
AD-18271,alnylam,uuGuAGAAGGGAuAuAcAAdTdT,UUGuAuAUCCCUUCuAcAAdTdT,UUGUAGAAGGGAUAUACAAUU,UUGUAUAUCCCUUCUACAAUU,MM.M........M.M.M..DD,...M.M........M.M..DD,ic50_measured,0.503,33.46640053226879,1.0,66.53359946773121,measured
AD-18272,alnylam,uGuAGAAGGGAuAuAcAAAdTdT,UUUGuAuAUCCCUUCuAcAdTdT,UGUAGAAGGGAUAUACAAAUU,UUUGUAUAUCCCUUCUACAUU,M.M........M.M.M...DD,....M.M........M.M.DD,inactive,,128.32,10.0,0.0,inactive
AD-18273,alnylam,AGAAGGGAuAuAcAAAGuGdTdT,cACUUUGuAuAUCCCUUCUdTdT,AGAAGGGAUAUACAAAGUGUU,CACUUUGUAUAUCCCUUCUUU,........M.M.M....M.DD,M......M.M.........DD,inactive,,115.78,10.0,0.0,inactive
AD-18274,alnylam,AAGuGGAAAuAGAcAccAAdTdT,UUGGUGUCuAUUUCcACUUdTdT,AAGUGGAAAUAGACACCAAUU,UUGGUGUCUAUUUCCACUUUU,...M.....M...M.MM..DD,........M.....M....DD,ic50_measured,0.009,0.8919722497522299,1.0,99.10802775024777,measured
AD-18275,alnylam,GGAAAuAGAcAccAAAucudTdT,AGAUUUGGUGUCuAUUUCCdTdT,GGAAAUAGACACCAAAUCUUU,AGAUUUGGUGUCUAUUUCCUU,.....M...M.MM...MMMDD,............M......DD,ic50_measured,0.026,2.53411306042885,1.0,97.46588693957115,measured
AD-18276,alnylam,GAAAuAGAcAccAAAucuudTdT,AAGAUUUGGUGUCuAUUUCdTdT,GAAAUAGACACCAAAUCUUUU,AAGAUUUGGUGUCUAUUUCUU,....M...M.MM...MMMMDD,.............M.....DD,ic50_measured,0.198,16.52754590984975,1.0,83.47245409015025,measured
AD-18277,alnylam,AuAGAcAccAAAucuuAcudTdT,AGuAAGAUUUGGUGUCuAUdTdT,AUAGACACCAAAUCUUACUUU,AGUAAGAUUUGGUGUCUAUUU,.M...M.MM...MMMM.MMDD,..M.............M..DD,ic50_measured,0.121,10.79393398751115,1.0,89.20606601248885,measured
AD-18278,alnylam,uAGAcAccAAAucuuAcuGdTdT,cAGuAAGAUUUGGUGUCuAdTdT,UAGACACCAAAUCUUACUGUU,CAGUAAGAUUUGGUGUCUAUU,M...M.MM...MMMM.MM.DD,M..M.............M.DD,inactive,,108.86,10.0,0.0,inactive
AD-18279,alnylam,AGAcAccAAAucuuAcuGGdTdT,CcAGuAAGAUUUGGUGUCUdTdT,AGACACCAAAUCUUACUGGUU,CCAGUAAGAUUUGGUGUCUUU,...M.MM...MMMM.MM..DD,.M..M..............DD,ic50_estimated,19.931158335827597,66.59,10.0,33.41,noisy
AD-18280,alnylam,uuAcuGGAAGGcAcuuGGcdTdT,GCcAAGUGCCUUCcAGuAAdTdT,UUACUGGAAGGCACUUGGCUU,GCCAAGUGCCUUCCAGUAAUU,MM.MM......M.MMM..MDD,..M..........M..M..DD,inactive,,103.26,10.0,0.0,inactive
AD-18281,alnylam,uucucAucGucuGcuccucdTdT,GAGGAGcAGACGAUGAGAAdTdT,UUCUCAUCGUCUGCUCCUCUU,GAGGAGCAGACGAUGAGAAUU,MMMMM.MM.MMM.MMMMMMDD,......M............DD,ic50_estimated,73.19467554076546,87.98,10.0,12.019999999999996,noisy
AD-18282,alnylam,GGAAGGcAcuuGGcAucucdTdT,GAGAUGCcAAGUGCCUUCCdTdT,GGAAGGCACUUGGCAUCUCUU,GAGAUGCCAAGUGCCUUCCUU,......M.MMM..M.MMMMDD,.......M...........DD,ic50_estimated,47.045065601825414,82.47,10.0,17.53,noisy
AD-18283,alnylam,GGcAcuuGGcAucuccccAdTdT,UGGGGAGAUGCcAAGUGCCdTdT,GGCACUUGGCAUCUCCCCAUU,UGGGGAGAUGCCAAGUGCCUU,..M.MMM..M.MMMMMMM.DD,...........M.......DD,inactive,,106.54,10.0,0.0,inactive
AD-18284,alnylam,GGcAucuccccAuuccAuGdTdT,cAUGGAAUGGGGAGAUGCCdTdT,GGCAUCUCCCCAUUCCAUGUU,CAUGGAAUGGGGAGAUGCCUU,..M.MMMMMMM.MMMM.M.DD,M..................DD,inactive,,106.93,10.0,0.0,inactive
AD-18285,alnylam,GcAucuccccAuuccAuGAdTdT,UcAUGGAAUGGGGAGAUGCdTdT,GCAUCUCCCCAUUCCAUGAUU,UCAUGGAAUGGGGAGAUGCUU,.M.MMMMMMM.MMMM.M..DD,.M.................DD,ic50_estimated,3.6202669572323614,26.58,10.0,73.42,good
AD-18286,alnylam,cAucuccccAuuccAuGAGdTdT,CUcAUGGAAUGGGGAGAUGdTdT,CAUCUCCCCAUUCCAUGAGUU,CUCAUGGAAUGGGGAGAUGUU,M.MMMMMMM.MMMM.M...DD,..M................DD,inactive,,109.95,10.0,0.0,inactive
AD-18287,alnylam,AucuccccAuuccAuGAGcdTdT,GCUcAUGGAAUGGGGAGAUdTdT,AUCUCCCCAUUCCAUGAGCUU,GCUCAUGGAAUGGGGAGAUUU,.MMMMMMM.MMMM.M...MDD,...M...............DD,ic50_estimated,11.848372296263928,54.23,10.0,45.77,noisy
AD-18288,alnylam,cuccccAuuccAuGAGcAudTdT,AUGCUcAUGGAAUGGGGAGdTdT,CUCCCCAUUCCAUGAGCAUUU,AUGCUCAUGGAAUGGGGAGUU,MMMMMM.MMMM.M...M.MDD,.....M.............DD,ic50_estimated,27.764350453172195,73.52,10.0,26.480000000000004,noisy
AD-18289,alnylam,cccAuuccAuGAGcAuGcAdTdT,UGcAUGCUcAUGGAAUGGGdTdT,CCCAUUCCAUGAGCAUGCAUU,UGCAUGCUCAUGGAAUGGGUU,MMM.MMMM.M...M.M.M.DD,..M.....M..........DD,inactive,,103.36,10.0,0.0,inactive
AD-18290,alnylam,ccAuGAGcAuGcAGAGGuGdTdT,cACCUCUGcAUGCUcAUGGdTdT,CCAUGAGCAUGCAGAGGUGUU,CACCUCUGCAUGCUCAUGGUU,MM.M...M.M.M.....M.DD,M.......M.....M....DD,ic50_measured,1.253,55.61473590767865,1.0,44.38526409232135,measured
AD-18291,alnylam,AGcAuGcAGAGGuGGuAuudTdT,AAuACcACCUCUGcAUGCUdTdT,AGCAUGCAGAGGUGGUAUUUU,AAUACCACCUCUGCAUGCUUU,..M.M.M.....M..M.MMDD,..M..M.......M.....DD,ic50_measured,1.304,56.59722222222222,1.0,43.40277777777778,measured
AD-18292,alnylam,cAuGcAGAGGuGGuAuucAdTdT,UGAAuACcACCUCUGcAUGdTdT,CAUGCAGAGGUGGUAUUCAUU,UGAAUACCACCUCUGCAUGUU,M.M.M.....M..M.MMM.DD,....M..M.......M...DD,ic50_measured,0.604,37.65586034912718,1.0,62.34413965087282,measured
AD-18293,alnylam,AuGcAGAGGuGGuAuucAcdTdT,GUGAAuACcACCUCUGcAUdTdT,AUGCAGAGGUGGUAUUCACUU,GUGAAUACCACCUCUGCAUUU,.M.M.....M..M.MMM.MDD,.....M..M.......M..DD,ic50_measured,0.078,7.235621521335807,1.0,92.7643784786642,measured
AD-18294,alnylam,GGuGGuAuucAcAGccAAcdTdT,GUUGGCUGUGAAuACcACCdTdT,GGUGGUAUUCACAGCCAACUU,GUUGGCUGUGAAUACCACCUU,..M..M.MMM.M..MM..MDD,............M..M...DD,inactive,,111.53,10.0,0.0,inactive
AD-18295,alnylam,GuGGuAuucAcAGccAAcGdTdT,CGUUGGCUGUGAAuACcACdTdT,GUGGUAUUCACAGCCAACGUU,CGUUGGCUGUGAAUACCACUU,.M..M.MMM.M..MM..M.DD,.............M..M..DD,inactive,,115.88,10.0,0.0,inactive
AD-18296,alnylam,uGGuAuucAcAGccAAcGAdTdT,UCGUUGGCUGUGAAuACcAdTdT,UGGUAUUCACAGCCAACGAUU,UCGUUGGCUGUGAAUACCAUU,M..M.MMM.M..MM..M..DD,..............M..M.DD,ic50_estimated,13.272050267628579,57.03,10.0,42.97,noisy
AD-18297,alnylam,GGuAuucAcAGccAAcGAcdTdT,GUCGUUGGCUGUGAAuACCdTdT,GGUAUUCACAGCCAACGACUU,GUCGUUGGCUGUGAAUACCUU,..M.MMM.M..MM..M..MDD,...............M...DD,ic50_estimated,71.23476848090978,87.69,10.0,12.310000000000002,noisy
AD-18298,alnylam,GuAuucAcAGccAAcGAcudTdT,AGUCGUUGGCUGUGAAuACdTdT,GUAUUCACAGCCAACGACUUU,AGUCGUUGGCUGUGAAUACUU,.M.MMM.M..MM..M..MMDD,................M..DD,ic50_measured,0.455,31.271477663230243,1.0,68.72852233676976,measured
AD-18299,alnylam,uAuucAcAGccAAcGAcucdTdT,GAGUCGUUGGCUGUGAAuAdTdT,UAUUCACAGCCAACGACUCUU,GAGUCGUUGGCUGUGAAUAUU,M.MMM.M..MM..M..MMMDD,.................M.DD,ic50_measured,0.895,47.229551451187334,1.0,52.770448548812666,measured
AD-18300,alnylam,ucAcAGccAAcGAcuccGGdTdT,CCGGAGUCGUUGGCUGUGAdTdT,UCACAGCCAACGACUCCGGUU,CCGGAGUCGUUGGCUGUGAUU,MM.M..MM..M..MMMM..DD,...................DD,inactive,,108.7,10.0,0.0,inactive
AD-18301,alnylam,ccccGccGcuAcAccAuuGdTdT,cAAUGGUGuAGCGGCGGGGdTdT,CCCCGCCGCUACACCAUUGUU,CAAUGGUGUAGCGGCGGGGUU,MMMM.MM.MM.M.MM.MM.DD,M.......M..........DD,inactive,,114.22,10.0,0.0,inactive
AD-18302,alnylam,GAAGuccAcucAuucuuGGdTdT,CcAAGAAUGAGUGGACUUCdTdT,GAAGUCCACUCAUUCUUGGUU,CCAAGAAUGAGUGGACUUCUU,....MMM.MMM.MMMMM..DD,.M.................DD,inactive,,116.19,10.0,0.0,inactive
AD-18303,alnylam,cccuGcuGAGccccuAcucdTdT,GAGuAGGGGCUcAGcAGGGdTdT,CCCUGCUGAGCCCCUACUCUU,GAGUAGGGGCUCAGCAGGGUU,MMMM.MM...MMMMM.MMMDD,...M.......M..M....DD,inactive,,124.89,10.0,0.0,inactive
AD-18304,alnylam,cuGAGccccuAcuccuAuudTdT,AAuAGGAGuAGGGGCUcAGdTdT,CUGAGCCCCUACUCCUAUUUU,AAUAGGAGUAGGGGCUCAGUU,MM...MMMMM.MMMMM.MMDD,..M.....M.......M..DD,inactive,,132.99,10.0,0.0,inactive
AD-18305,alnylam,uGAGccccuAcuccuAuucdTdT,GAAuAGGAGuAGGGGCUcAdTdT,UGAGCCCCUACUCCUAUUCUU,GAAUAGGAGUAGGGGCUCAUU,M...MMMMM.MMMMM.MMMDD,...M.....M.......M.DD,inactive,,153.1,10.0,0.0,inactive
AD-18306,alnylam,ccccuAcuccuAuuccAccdTdT,GGUGGAAuAGGAGuAGGGGdTdT,CCCCUACUCCUAUUCCACCUU,GGUGGAAUAGGAGUAGGGGUU,MMMMM.MMMMM.MMMM.MMDD,.......M.....M.....DD,inactive,,159.22,10.0,0.0,inactive
AD-18307,alnylam,cuAcuccuAuuccAccAcGdTdT,CGUGGUGGAAuAGGAGuAGdTdT,CUACUCCUAUUCCACCACGUU,CGUGGUGGAAUAGGAGUAGUU,MM.MMMMM.MMMM.MM.M.DD,..........M.....M..DD,inactive,,116.83,10.0,0.0,inactive
AD-18308,alnylam,uAcuccuAuuccAccAcGGdTdT,CCGUGGUGGAAuAGGAGuAdTdT,UACUCCUAUUCCACCACGGUU,CCGUGGUGGAAUAGGAGUAUU,M.MMMMM.MMMM.MM.M..DD,...........M.....M.DD,inactive,,156.72,10.0,0.0,inactive
AD-18309,alnylam,AcuccuAuuccAccAcGGcdTdT,GCCGUGGUGGAAuAGGAGUdTdT,ACUCCUAUUCCACCACGGCUU,GCCGUGGUGGAAUAGGAGUUU,.MMMMM.MMMM.MM.M..MDD,............M......DD,inactive,,113.22,10.0,0.0,inactive
AD-18310,alnylam,uccuAuuccAccAcGGcuGdTdT,cAGCCGUGGUGGAAuAGGAdTdT,UCCUAUUCCACCACGGCUGUU,CAGCCGUGGUGGAAUAGGAUU,MMMM.MMMM.MM.M..MM.DD,M.............M....DD,inactive,,132.33,10.0,0.0,inactive
AD-18311,alnylam,uAuuccAccAcGGcuGucGdTdT,CGAcAGCCGUGGUGGAAuAdTdT,UAUUCCACCACGGCUGUCGUU,CGACAGCCGUGGUGGAAUAUU,M.MMMM.MM.M..MM.MM.DD,...M.............M.DD,inactive,,161.68,10.0,0.0,inactive
AD-18312,alnylam,AuuccAccAcGGcuGucGudTdT,ACGAcAGCCGUGGUGGAAUdTdT,AUUCCACCACGGCUGUCGUUU,ACGACAGCCGUGGUGGAAUUU,.MMMM.MM.M..MM.MM.MDD,....M..............DD,inactive,,103.01,10.0,0.0,inactive
AD-18313,alnylam,cAccAcGGcuGucGucAccdTdT,GGUGACGAcAGCCGUGGUGdTdT,CACCACGGCUGUCGUCACCUU,GGUGACGACAGCCGUGGUGUU,M.MM.M..MM.MM.MM.MMDD,........M..........DD,inactive,,120.65,10.0,0.0,inactive
AD-18314,alnylam,AccAcGGcuGucGucAccAdTdT,UGGUGACGAcAGCCGUGGUdTdT,ACCACGGCUGUCGUCACCAUU,UGGUGACGACAGCCGUGGUUU,.MM.M..MM.MM.MM.MM.DD,.........M.........DD,inactive,,116.33,10.0,0.0,inactive
AD-18315,alnylam,ccAcGGcuGucGucAccAAdTdT,UUGGUGACGAcAGCCGUGGdTdT,CCACGGCUGUCGUCACCAAUU,UUGGUGACGACAGCCGUGGUU,MM.M..MM.MM.MM.MM..DD,..........M........DD,inactive,,115.13,10.0,0.0,inactive
AD-18316,alnylam,AcGGcuGucGucAccAAucdTdT,GAUUGGUGACGAcAGCCGUdTdT,ACGGCUGUCGUCACCAAUCUU,GAUUGGUGACGACAGCCGUUU,.M..MM.MM.MM.MM..MMDD,............M......DD,inactive,,118.73,10.0,0.0,inactive
AD-18317,alnylam,cGGcuGucGucAccAAuccdTdT,GGAUUGGUGACGAcAGCCGdTdT,CGGCUGUCGUCACCAAUCCUU,GGAUUGGUGACGACAGCCGUU,M..MM.MM.MM.MM..MMMDD,.............M.....DD,inactive,,114.03,10.0,0.0,inactive
AD-18318,alnylam,cGucAccAAucccAAGGAAdTdT,UUCCUUGGGAUUGGUGACGdTdT,CGUCACCAAUCCCAAGGAAUU,UUCCUUGGGAUUGGUGACGUU,M.MM.MM..MMMM......DD,...................DD,ic50_estimated,42.21932114882506,80.85,10.0,19.150000000000006,noisy
AD-18319,alnylam,cAAucccAAGGAAuGAGGGdTdT,CCCUcAUUCCUUGGGAUUGdTdT,CAAUCCCAAGGAAUGAGGGUU,CCCUCAUUCCUUGGGAUUGUU,M..MMMM......M.....DD,....M..............DD,inactive,,119.14,10.0,0.0,inactive
AD-18320,alnylam,ccuGAAGGAcGAGGGAuGGdTdT,CcAUCCCUCGUCCUUcAGGdTdT,CCUGAAGGACGAGGGAUGGUU,CCAUCCCUCGUCCUUCAGGUU,MMM......M......M..DD,.M.............M...DD,ic50_estimated,2.963443090484833,22.86,10.0,77.14,good
AD-18321,alnylam,GGAcGAGGGAuGGGAuuucdTdT,GAAAUCCcAUCCCUCGUCCdTdT,GGACGAGGGAUGGGAUUUCUU,GAAAUCCCAUCCCUCGUCCUU,...M......M....MMMMDD,.......M...........DD,ic50_measured,0.001,0.0999000999000999,1.0,99.9000999000999,measured
AD-18322,alnylam,AAGuccAcucAuucuuGGcdTdT,GCcAAGAAUGAGUGGACUUdTdT,AAGUCCACUCAUUCUUGGCUU,GCCAAGAAUGAGUGGACUUUU,...MMM.MMM.MMMMM..MDD,..M................DD,ic50_estimated,11.838829438742083,54.21,10.0,45.79,noisy
AD-18323,alnylam,GGGAuuucAuGuAAccAAGdTdT,CUUGGUuAcAUGAAAUCCCdTdT,GGGAUUUCAUGUAACCAAGUU,CUUGGUUACAUGAAAUCCCUU,....MMMM.M.M..MM...DD,......M.M..........DD,ic50_measured,0.005,0.4975124378109453,1.0,99.50248756218906,measured
AD-18324,alnylam,GGAuuucAuGuAAccAAGAdTdT,UCUUGGUuAcAUGAAAUCCdTdT,GGAUUUCAUGUAACCAAGAUU,UCUUGGUUACAUGAAAUCCUU,...MMMM.M.M..MM....DD,.......M.M.........DD,ic50_measured,0.002,0.1996007984031936,1.0,99.8003992015968,measured
AD-18325,alnylam,ucAuGuAAccAAGAGuAuudTdT,AAuACUCUUGGUuAcAUGAdTdT,UCAUGUAACCAAGAGUAUUUU,AAUACUCUUGGUUACAUGAUU,MM.M.M..MM.....M.MMDD,..M.........M.M....DD,ic50_measured,0.001,0.0999000999000999,1.0,99.9000999000999,measured
AD-18326,alnylam,AuGuAAccAAGAGuAuuccdTdT,GGAAuACUCUUGGUuAcAUdTdT,AUGUAACCAAGAGUAUUCCUU,GGAAUACUCUUGGUUACAUUU,.M.M..MM.....M.MMMMDD,....M.........M.M..DD,ic50_measured,0.025,2.4390243902439024,1.0,97.5609756097561,measured
AD-18327,alnylam,uGuAAccAAGAGuAuuccAdTdT,UGGAAuACUCUUGGUuAcAdTdT,UGUAACCAAGAGUAUUCCAUU,UGGAAUACUCUUGGUUACAUU,M.M..MM.....M.MMMM.DD,.....M.........M.M.DD,ic50_measured,0.044,4.214559386973179,1.0,95.78544061302682,measured
AD-18328,alnylam,GuAAccAAGAGuAuuccAudTdT,AUGGAAuACUCUUGGUuACdTdT,GUAACCAAGAGUAUUCCAUUU,AUGGAAUACUCUUGGUUACUU,.M..MM.....M.MMMM.MDD,......M.........M..DD,ic50_measured,0.003,0.29910269192422734,1.0,99.70089730807577,measured
AD-18329,alnylam,uGccuuGcuGGAcuGGuAudTdT,AuACcAGUCcAGcAAGGcAdTdT,UGCCUUGCUGGACUGGUAUUU,AUACCAGUCCAGCAAGGCAUU,M.MMMM.MM...MM..M.MDD,.M..M....M..M....M.DD,ic50_estimated,315.73289902280146,96.93,10.0,3.069999999999993,noisy
AD-18330,alnylam,uAAAGcAGuGuuuucAccudTdT,AGGUGAAAAcACUGCUUuAdTdT,UAAAGCAGUGUUUUCACCUUU,AGGUGAAAACACUGCUUUAUU,M....M..M.MMMMM.MMMDD,.........M.......M.DD,ic50_measured,0.0004,0.03998400639744103,1.0,99.96001599360255,measured
AD-18331,alnylam,GccuuGcuGGAcuGGuAuudTdT,AAuACcAGUCcAGcAAGGCdTdT,GCCUUGCUGGACUGGUAUUUU,AAUACCAGUCCAGCAAGGCUU,.MMMM.MM...MM..M.MMDD,..M..M....M..M.....DD,inactive,,117.77,10.0,0.0,inactive
AD-18332,alnylam,uGuuuucAccucAuAuGcudTdT,AGcAuAUGAGGUGAAAAcAdTdT,UGUUUUCACCUCAUAUGCUUU,AGCAUAUGAGGUGAAAACAUU,M.MMMMM.MMMM.M.M.MMDD,..M.M............M.DD,ic50_measured,0.001,0.0999000999000999,1.0,99.9000999000999,measured
AD-18333,alnylam,GuuuucAccucAuAuGcuAdTdT,uAGcAuAUGAGGUGAAAACdTdT,GUUUUCACCUCAUAUGCUAUU,UAGCAUAUGAGGUGAAAACUU,.MMMMM.MMMM.M.M.MM.DD,M..M.M.............DD,ic50_measured,0.001,0.0999000999000999,1.0,99.9000999000999,measured
AD-18334,alnylam,uuuucAccucAuAuGcuAudTdT,AuAGcAuAUGAGGUGAAAAdTdT,UUUUCACCUCAUAUGCUAUUU,AUAGCAUAUGAGGUGAAAAUU,MMMMM.MMMM.M.M.MM.MDD,.M..M.M............DD,ic50_measured,0.0004,0.03998400639744103,1.0,99.96001599360255,measured
AD-18335,alnylam,uucAccucAuAuGcuAuGudTdT,AcAuAGcAuAUGAGGUGAAdTdT,UUCACCUCAUAUGCUAUGUUU,ACAUAGCAUAUGAGGUGAAUU,MMM.MMMM.M.M.MM.M.MDD,.M.M..M.M..........DD,ic50_estimated,11.514629948364888,53.52,10.0,46.48,noisy
AD-18336,alnylam,cAccucAuAuGcuAuGuuAdTdT,uAAcAuAGcAuAUGAGGUGdTdT,CACCUCAUAUGCUAUGUUAUU,UAACAUAGCAUAUGAGGUGUU,M.MMMM.M.M.MM.M.MM.DD,M..M.M..M.M........DD,ic50_measured,0.001,0.0999000999000999,1.0,99.9000999000999,measured
AD-18337,alnylam,ccuuGcuGGAcuGGuAuuudTdT,AAAuACcAGUCcAGcAAGGdTdT,CCUUGCUGGACUGGUAUUUUU,AAAUACCAGUCCAGCAAGGUU,MMMM.MM...MM..M.MMMDD,...M..M....M..M....DD,ic50_estimated,10.733982998133943,51.77,10.0,48.23,noisy
AD-18338,alnylam,AuAuGcuAuGuuAGAAGucdTdT,GACUUCuAAcAuAGcAuAUdTdT,AUAUGCUAUGUUAGAAGUCUU,GACUUCUAACAUAGCAUAUUU,.M.M.MM.M.MM.....MMDD,......M..M.M..M.M..DD,ic50_estimated,9.308746862328634,48.21,10.0,51.79,good
AD-18339,alnylam,uAuGcuAuGuuAGAAGuccdTdT,GGACUUCuAAcAuAGcAuAdTdT,UAUGCUAUGUUAGAAGUCCUU,GGACUUCUAACAUAGCAUAUU,M.M.MM.M.MM.....MMMDD,.......M..M.M..M.M.DD,ic50_measured,0.004,0.398406374501992,1.0,99.60159362549801,measured
AD-18340,alnylam,uGcuAuGuuAGAAGuccAGdTdT,CUGGACUUCuAAcAuAGcAdTdT,UGCUAUGUUAGAAGUCCAGUU,CUGGACUUCUAACAUAGCAUU,M.MM.M.MM.....MMM..DD,.........M..M.M..M.DD,ic50_measured,0.002,0.1996007984031936,1.0,99.8003992015968,measured
AD-18341,alnylam,cuuGcuGGAcuGGuAuuuGdTdT,cAAAuACcAGUCcAGcAAGdTdT,CUUGCUGGACUGGUAUUUGUU,CAAAUACCAGUCCAGCAAGUU,MMM.MM...MM..M.MMM.DD,M...M..M....M..M...DD,ic50_estimated,4.549687181725592,31.27,10.0,68.73,good
AD-18342,alnylam,AGuccAGGcAGAGAcAAuAdTdT,uAUUGUCUCUGCCUGGACUdTdT,AGUCCAGGCAGAGACAAUAUU,UAUUGUCUCUGCCUGGACUUU,..MMM...M.....M..M.DD,M..................DD,ic50_estimated,0.8225108225108224,7.6,10.0,92.4,good
AD-18343,alnylam,uccAGGcAGAGAcAAuAAAdTdT,UUuAUUGUCUCUGCCUGGAdTdT,UCCAGGCAGAGACAAUAAAUU,UUUAUUGUCUCUGCCUGGAUU,MMM...M.....M..M...DD,..M................DD,ic50_estimated,0.3541105819010147,3.42,10.0,96.58,good
AD-18344,alnylam,GuGAAAGGcAcuuuucAuudTdT,AAUGAAAAGUGCCUUUcACdTdT,GUGAAAGGCACUUUUCAUUUU,AAUGAAAAGUGCCUUUCACUU,.M......M.MMMMMM.MMDD,................M..DD,ic50_estimated,30.12841091492776,75.08,10.0,24.92,noisy
AD-18345,alnylam,uGGAcuGGuAuuuGuGucudTdT,AGAcAcAAAuACcAGUCcAdTdT,UGGACUGGUAUUUGUGUCUUU,AGACACAAAUACCAGUCCAUU,M...MM..M.MMM.M.MMMDD,...M.M...M..M....M.DD,ic50_measured,0.002,0.1996007984031936,1.0,99.8003992015968,measured
AD-18346,alnylam,GucuGAGGcuGGcccuAcGdTdT,CGuAGGGCcAGCCUcAGACdTdT,GUCUGAGGCUGGCCCUACGUU,CGUAGGGCCAGCCUCAGACUU,.MMM....MM..MMMM.M.DD,..M.....M.....M....DD,ic50_estimated,14.539877300613496,59.25,10.0,40.75,noisy
AD-18347,alnylam,cuGAGGcuGGcccuAcGGGdTdT,CCCGuAGGGCcAGCCUcAGdTdT,CUGAGGCUGGCCCUACGGGUU,CCCGUAGGGCCAGCCUCAGUU,MM....MM..MMMM.M...DD,....M.....M.....M..DD,ic50_estimated,104.0250855188142,91.23,10.0,8.769999999999996,noisy
AD-18348,alnylam,GAGGcuGGcccuAcGGGcAdTdT,UGCCCGuAGGGCcAGCCUCdTdT,GAGGCUGGCCCUACGGGCAUU,UGCCCGUAGGGCCAGCCUCUU,....MM..MMMM.M...M.DD,......M.....M......DD,ic50_estimated,89.50248756218902,89.95,10.0,10.049999999999997,noisy
AD-18349,alnylam,AGGcuGGcccuAcGGGcAcdTdT,GUGCCCGuAGGGCcAGCCUdTdT,AGGCUGGCCCUACGGGCACUU,GUGCCCGUAGGGCCAGCCUUU,...MM..MMMM.M...M.MDD,.......M.....M.....DD,inactive,,108.01,10.0,0.0,inactive
AD-18350,alnylam,GcuGGcccuAcGGGcAccGdTdT,CGGUGCCCGuAGGGCcAGCdTdT,GCUGGCCCUACGGGCACCGUU,CGGUGCCCGUAGGGCCAGCUU,.MM..MMMM.M...M.MM.DD,.........M.....M...DD,inactive,,123.65,10.0,0.0,inactive
AD-18351,alnylam,cuGGcccuAcGGGcAccGGdTdT,CCGGUGCCCGuAGGGCcAGdTdT,CUGGCCCUACGGGCACCGGUU,CCGGUGCCCGUAGGGCCAGUU,MM..MMMM.M...M.MM..DD,..........M.....M..DD,inactive,,108.36,10.0,0.0,inactive
AD-18352,alnylam,GGcccuAcGGGcAccGGuGdTdT,cACCGGUGCCCGuAGGGCCdTdT,GGCCCUACGGGCACCGGUGUU,CACCGGUGCCCGUAGGGCCUU,..MMMM.M...M.MM..M.DD,M...........M......DD,ic50_estimated,72.10180623973726,87.82,10.0,12.180000000000007,noisy
AD-18353,alnylam,ccAcucAuucuuGGcAGGAdTdT,UCCUGCcAAGAAUGAGUGGdTdT,CCACUCAUUCUUGGCAGGAUU,UCCUGCCAAGAAUGAGUGGUU,MM.MMM.MMMMM..M....DD,......M............DD,ic50_measured,0.012,1.1857707509881423,1.0,98.81422924901186,measured
AD-18354,alnylam,ccuAcGGGcAccGGuGAAudTdT,AUUcACCGGUGCCCGuAGGdTdT,CCUACGGGCACCGGUGAAUUU,AUUCACCGGUGCCCGUAGGUU,MMM.M...M.MM..M...MDD,...M...........M...DD,ic50_estimated,1359.8630136986137,99.27,10.0,0.730000000000004,noisy
AD-18355,alnylam,cuAcGGGcAccGGuGAAucdTdT,GAUUcACCGGUGCCCGuAGdTdT,CUACGGGCACCGGUGAAUCUU,GAUUCACCGGUGCCCGUAGUU,MM.M...M.MM..M...MMDD,....M...........M..DD,inactive,,135.04,10.0,0.0,inactive
AD-18356,alnylam,uAcGGGcAccGGuGAAuccdTdT,GGAUUcACCGGUGCCCGuAdTdT,UACGGGCACCGGUGAAUCCUU,GGAUUCACCGGUGCCCGUAUU,M.M...M.MM..M...MMMDD,.....M...........M.DD,inactive,,100.76,10.0,0.0,inactive
AD-18357,alnylam,AcGGGcAccGGuGAAuccAdTdT,UGGAUUcACCGGUGCCCGUdTdT,ACGGGCACCGGUGAAUCCAUU,UGGAUUCACCGGUGCCCGUUU,.M...M.MM..M...MMM.DD,......M............DD,inactive,,125.3,10.0,0.0,inactive
AD-18358,alnylam,GcAccGGuGAAuccAAGuGdTdT,cACUUGGAUUcACCGGUGCdTdT,GCACCGGUGAAUCCAAGUGUU,CACUUGGAUUCACCGGUGCUU,.M.MM..M...MMM...M.DD,M.........M........DD,inactive,,103.15,10.0,0.0,inactive
AD-18359,alnylam,cAccGGuGAAuccAAGuGudTdT,AcACUUGGAUUcACCGGUGdTdT,CACCGGUGAAUCCAAGUGUUU,ACACUUGGAUUCACCGGUGUU,M.MM..M...MMM...M.MDD,.M.........M.......DD,ic50_estimated,5.323322096230463,34.74,10.0,65.25999999999999,good
AD-18360,alnylam,uGuGGccAuGcAuGuGuucdTdT,GAAcAcAUGcAUGGCcAcAdTdT,UGUGGCCAUGCAUGUGUUCUU,GAACACAUGCAUGGCCACAUU,M.M..MM.M.M.M.M.MMMDD,...M.M...M.....M.M.DD,inactive,,103.86,10.0,0.0,inactive
AD-18361,alnylam,GuGGccAuGcAuGuGuucAdTdT,UGAAcAcAUGcAUGGCcACdTdT,GUGGCCAUGCAUGUGUUCAUU,UGAACACAUGCAUGGCCACUU,.M..MM.M.M.M.M.MMM.DD,....M.M...M.....M..DD,inactive,,105.74,10.0,0.0,inactive
AD-18362,alnylam,GccAuGcAuGuGuucAGAAdTdT,UUCUGAAcAcAUGcAUGGCdTdT,GCCAUGCAUGUGUUCAGAAUU,UUCUGAACACAUGCAUGGCUU,.MM.M.M.M.M.MMM....DD,.......M.M...M.....DD,inactive,,106.96,10.0,0.0,inactive
AD-18363,alnylam,uAuuccAccAcGGcuGucAdTdT,UGAcAGCCGUGGUGGAAuAdTdT,UAUUCCACCACGGCUGUCAUU,UGACAGCCGUGGUGGAAUAUU,M.MMMM.MM.M..MM.MM.DD,...M.............M.DD,inactive,,124.22,10.0,0.0,inactive
AD-18364,alnylam,GucAucAccAAucccAAGGdTdT,CCUUGGGAUUGGUGAUGACdTdT,GUCAUCACCAAUCCCAAGGUU,CCUUGGGAUUGGUGAUGACUU,.MM.MM.MM..MMMM....DD,...................DD,inactive,,113.75,10.0,0.0,inactive
AD-18446,alnylam,GAuGGucAAAGuucuAGAudTdT,AUCuAGAACUUUGACcAUCdTdT,GAUGGUCAAAGUUCUAGAUUU,AUCUAGAACUUUGACCAUCUU,..M..MM....MMMM...MDD,...M...........M...DD,ic50_estimated,4.2308239647075565,29.73,10.0,70.27,good
AD-18447,alnylam,AuGcuGuccGAGGcAGuccdTdT,GGACUGCCUCGGAcAGcAUdTdT,AUGCUGUCCGAGGCAGUCCUU,GGACUGCCUCGGACAGCAUUU,.M.MM.MMM....M..MMMDD,.............M..M..DD,inactive,,109.74,10.0,0.0,inactive
AD-18448,alnylam,ccGuGcAuGuGuucAGAAAdTdT,UUUCUGAAcAcAUGcACGGdTdT,CCGUGCAUGUGUUCAGAAAUU,UUUCUGAACACAUGCACGGUU,MM.M.M.M.M.MMM.....DD,........M.M...M....DD,ic50_estimated,2.980269989615784,22.96,10.0,77.03999999999999,good
AD-18449,alnylam,AGucuGGAGAGcuGcAuGGdTdT,CcAUGcAGCUCUCcAGACUdTdT,AGUCUGGAGAGCUGCAUGGUU,CCAUGCAGCUCUCCAGACUUU,..MMM......MM.M.M..DD,.M...M.......M.....DD,inactive,,112.59,10.0,0.0,inactive
AD-18450,alnylam,cAuGGGcucAcAAcuGAGGdTdT,CCUcAGUUGUGAGCCcAUGdTdT,CAUGGGCUCACAACUGAGGUU,CCUCAGUUGUGAGCCCAUGUU,M.M...MMM.M..MM....DD,...M...........M...DD,ic50_estimated,84.42870632672323,89.41,10.0,10.590000000000003,noisy
AD-18451,alnylam,ucucAucGucuGcuccuccdTdT,GGAGGAGcAGACGAUGAGAdTdT,UCUCAUCGUCUGCUCCUCCUU,GGAGGAGCAGACGAUGAGAUU,MMMM.MM.MMM.MMMMMMMDD,.......M...........DD,ic50_estimated,28.98635477582846,74.35,10.0,25.650000000000006,noisy
AD-18452,alnylam,ccccAuuccAuGAGcAuGcdTdT,GcAUGCUcAUGGAAUGGGGdTdT,CCCCAUUCCAUGAGCAUGCUU,GCAUGCUCAUGGAAUGGGGUU,MMMM.MMMM.M...M.M.MDD,.M.....M...........DD,inactive,,125.25,10.0,0.0,inactive
AD-18453,alnylam,GccccuAcuccuAuuccAcdTdT,GUGGAAuAGGAGuAGGGGCdTdT,GCCCCUACUCCUAUUCCACUU,GUGGAAUAGGAGUAGGGGCUU,.MMMMM.MMMMM.MMMM.MDD,......M.....M......DD,inactive,,126.98,10.0,0.0,inactive
AD-18454,alnylam,cuAuuccAccAcGGcuGucdTdT,GAcAGCCGUGGUGGAAuAGdTdT,CUAUUCCACCACGGCUGUCUU,GACAGCCGUGGUGGAAUAGUU,MM.MMMM.MM.M..MM.MMDD,..M.............M..DD,inactive,,113.88,10.0,0.0,inactive
AD-18455,alnylam,cAcGGcuGucGucAccAAudTdT,AUUGGUGACGAcAGCCGUGdTdT,CACGGCUGUCGUCACCAAUUU,AUUGGUGACGACAGCCGUGUU,M.M..MM.MM.MM.MM..MDD,...........M.......DD,inactive,,163.0,10.0,0.0,inactive
AD-18456,alnylam,AGGAcGAGGGAuGGGAuuudTdT,AAAUCCcAUCCCUCGUCCUdTdT,AGGACGAGGGAUGGGAUUUUU,AAAUCCCAUCCCUCGUCCUUU,....M......M....MMMDD,......M............DD,ic50_estimated,1.8623962040332145,15.7,10.0,84.3,good
AD-18457,alnylam,ucAccucAuAuGcuAuGuudTdT,AAcAuAGcAuAUGAGGUGAdTdT,UCACCUCAUAUGCUAUGUUUU,AACAUAGCAUAUGAGGUGAUU,MM.MMMM.M.M.MM.M.MMDD,..M.M..M.M.........DD,ic50_estimated,1.4757860913472571,12.86,10.0,87.14,good
AD-18458,alnylam,ccucAuAuGcuAuGuuAGAdTdT,UCuAAcAuAGcAuAUGAGGdTdT,CCUCAUAUGCUAUGUUAGAUU,UCUAACAUAGCAUAUGAGGUU,MMMM.M.M.MM.M.MM...DD,..M..M.M..M.M......DD,ic50_estimated,1.4942528735632183,13.0,10.0,87.0,good
AD-18459,alnylam,AuGuuAGAAGuccAGGcAGdTdT,CUGCCUGGACUUCuAAcAUdTdT,AUGUUAGAAGUCCAGGCAGUU,CUGCCUGGACUUCUAACAUUU,.M.MM.....MMM...M..DD,.............M..M..DD,ic50_estimated,1.6836078981189393,14.41,10.0,85.59,good
AD-18460,alnylam,ucuGAGGcuGGcccuAcGGdTdT,CCGuAGGGCcAGCCUcAGAdTdT,UCUGAGGCUGGCCCUACGGUU,CCGUAGGGCCAGCCUCAGAUU,MMM....MM..MMMM.M..DD,...M.....M.....M...DD,inactive,,121.16,10.0,0.0,inactive
AD-18461,alnylam,GGcccuAcGGGcAccGGuGdTdT,cACCGGUGCCCGuAGGGCCdTdT,GGCCCUACGGGCACCGGUGUU,CACCGGUGCCCGUAGGGCCUU,..MMMM.M...M.MM..M.DD,M...........M......DD,inactive,,100.53,10.0,0.0,inactive
AD-18462,alnylam,GGGcAccGGuGAAuccAAGdTdT,CUUGGAUUcACCGGUGCCCdTdT,GGGCACCGGUGAAUCCAAGUU,CUUGGAUUCACCGGUGCCCUU,...M.MM..M...MMM...DD,........M..........DD,ic50_estimated,9.138755980861244,47.75,10.0,52.25,good
AD-18463,alnylam,ccAuGcAuGuGuucAGAAAdTdT,UUUCUGAAcAcAUGcAUGGdTdT,CCAUGCAUGUGUUCAGAAAUU,UUUCUGAACACAUGCAUGGUU,MM.M.M.M.M.MMM.....DD,........M.M...M....DD,ic50_estimated,14.378352023403218,58.98,10.0,41.02,noisy
TTR-27,dicerna,UMAMUMAMUMAMUMAMCMGMA,MUMAMUMUMAMUMUMGMCMUM,UGACUAAGUCAAUAAUCAGAA,CUGAUUCUGAUUAUUGACUUA,.....................,.....................,pct_remaining,,94.1,1.0,5.900000000000006,direct
TTR-28,dicerna,GMCMAMGMCMAMAMUMAMAMU,MCMGMUMCMGMUMAMUMAMUM,GACUAAGUCAAUAAUCAGAAU,GCUGAUUCUGAUUAUUGACUU,.....................,.....................,pct_remaining,,126.7,1.0,-26.700000000000003,direct
TTR-29,dicerna,AMUMAMUMAMUMAMCMGMAMC,MGMUMAMUMUMAMUMUMGMCM,ACUAAGUCAAUAAUCAGAAUC,UGCUGAUUCUGAUUAUUGACU,.....................,.....................,pct_remaining,,131.6,1.0,-31.599999999999994,direct
TTR-30,dicerna,CMAMGMCMAMAMUMAMAMUMA,MUMCMGMUMCMGMUMAMUMAM,CUAAGUCAAUAAUCAGAAUCA,CUGCUGAUUCUGAUUAUUGAC,.....................,.....................,pct_remaining,,111.6,1.0,-11.599999999999994,direct
TTR-31,dicerna,UMAMUMAMUMAMCMGMAMCMG,MCMGMUMAMUMUMAMUMUMGM,UAAGUCAAUAAUCAGAAUCAG,CCUGCUGAUUCUGAUUAUUGA,.....................,.....................,pct_remaining,,106.8,1.0,-6.799999999999997,direct
TTR-32,dicerna,AMGMCMAMAMUMAMAMUMAMC,MCMUMCMGMUMCMGMUMAMUM,AAGUCAAUAAUCAGAAUCAGC,ACCUGCUGAUUCUGAUUAUUG,.....................,.....................,pct_remaining,,112.6,1.0,-12.599999999999994,direct
TTR-33,dicerna,AMUMAMUMAMCMGMAMCMGMA,MAMCMGMUMAMUMUMAMUMUM,AGUCAAUAAUCAGAAUCAGCA,AACCUGCUGAUUCUGAUUAUU,.....................,.....................,pct_remaining,,121.4,1.0,-21.400000000000006,direct
TTR-34,dicerna,GMCMAMAMUMAMAMUMAMCMG,MAMCMUMCMGMUMCMGMUMAM,GUCAAUAAUCAGAAUCAGCAG,AAACCUGCUGAUUCUGAUUAU,.....................,.....................,pct_remaining,,117.7,1.0,-17.700000000000003,direct
TTR-35,dicerna,UMAMUMAMCMGMAMCMGMAMG,MAMAMCMGMUMAMUMUMAMUM,UCAAUAAUCAGAAUCAGCAGG,CAAACCUGCUGAUUCUGAUUA,.....................,.....................,pct_remaining,,84.5,1.0,15.5,direct
TTR-36,dicerna,CMAMAMUMAMAMUMAMCMGMU,MCMAMCMUMCMGMUMCMGMUM,CAAUAAUCAGAAUCAGCAGGU,GCAAACCUGCUGAUUCUGAUU,.....................,.....................,pct_remaining,,121.6,1.0,-21.599999999999994,direct
TTR-37,dicerna,AMUMAMCMGMAMCMGMAMGMU,MGMAMAMCMGMUMAMUMUMAM,AAUAAUCAGAAUCAGCAGGUU,UGCAAACCUGCUGAUUCUGAU,.....................,.....................,pct_remaining,,102.4,1.0,-2.4000000000000057,direct
TTR-38,dicerna,AMAMUMAMAMUMAMCMGMUMU,MUMCMAMCMUMCMGMUMCMGM,AUAAUCAGAAUCAGCAGGUUU,CUGCAAACCUGCUGAUUCUGA,.....................,.....................,pct_remaining,,102.7,1.0,-2.700000000000003,direct
TTR-39,dicerna,UMAMCMGMAMCMGMAMGMUMG,MCMGMAMAMCMGMUMAMUMUM,UAAUCAGAAUCAGCAGGUUUG,ACUGCAAACCUGCUGAUUCUG,.....................,.....................,pct_remaining,,103.3,1.0,-3.299999999999997,direct
TTR-40,dicerna,AMUMAMAMUMAMCMGMUMUMC,MAMUMCMAMCMUMCMGMUMCM,AAUCAGAAUCAGCAGGUUUGC,GACUGCAAACCUGCUGAUUCU,.....................,.....................,pct_remaining,,113.8,1.0,-13.799999999999997,direct
TTR-41,dicerna,AMCMGMAMCMGMAMGMUMGMA,MGMCMGMAMAMCMGMUMAMUM,AUCAGAAUCAGCAGGUUUGCA,UGACUGCAAACCUGCUGAUUC,.....................,.....................,pct_remaining,,91.6,1.0,8.400000000000006,direct
TTR-43,dicerna,CMGMAMCMGMAMGMUMGMAMU,MCMGMCMGMAMAMCMGMUMAM,CAGAAUCAGCAGGUUUGCAGU,UCUGACUGCAAACCUGCUGAU,.....................,.....................,pct_remaining,,110.1,1.0,-10.099999999999994,direct
TTR-44,dicerna,AMAMUMAMCMGMUMUMCMGMC,MUMUMAMUMCMAMCMUMCMGM,AGAAUCAGCAGGUUUGCAGUC,AUCUGACUGCAAACCUGCUGA,.....................,.....................,pct_remaining,,101.8,1.0,-1.7999999999999972,direct
TTR-46,dicerna,AMUMAMCMGMUMUMCMGMCMG,MAMUMUMAMUMCMAMCMUMCM,AAUCAGCAGGUUUGCAGUCAG,CAAUCUGACUGCAAACCUGCU,.....................,.....................,pct_remaining,,97.1,1.0,2.9000000000000057,direct
TTR-47,dicerna,AMCMGMAMGMUMGMAMUMAMA,MCMAMCMGMCMGMAMAMCMGM,AUCAGCAGGUUUGCAGUCAGA,CCAAUCUGACUGCAAACCUGC,.....................,.....................,pct_remaining,,98.4,1.0,1.5999999999999943,direct
TTR-59,dicerna,GMAMUMAMAMUMGMAMGMAMA,MGMUMAMCMCMGMCMAMCMGM,GCAGUCAGAUUGGCAGGGAUA,UGCUUAUCCCUGCCAAUCUGA,.....................,.....................,pct_remaining,,98.3,1.0,1.7000000000000028,direct
TTR-84,dicerna,GMCMAMCMCMGMAMAMGMGMG,MAMAMUMAMUMCMCMUMAMCM,GCCUAGCUCAGGAGAAGUGAG,UAUACUCACUUCUCCUGAGCU,.....................,.....................,pct_remaining,,100.3,1.0,-0.29999999999999716,direct
TTR-88,dicerna,AMCMCMGMAMAMGMGMGMAMA,MUMUMAMAMUMAMUMCMCMUM,AGCUCAGGAGAAGUGAGUAUA,CUUUUAUACUCACUUCUCCUG,.....................,.....................,pct_remaining,,104.5,1.0,-4.5,direct
TTR-89,dicerna,GMUMAMGMGMAMUMAMUMUMA,MCMUMUMUMCMCMCMUMUMCM,GCUCAGGAGAAGUGAGUAUAA,GCUUUUAUACUCACUUCUCCU,.....................,.....................,pct_remaining,,96.5,1.0,3.5,direct
TTR-90,dicerna,CMCMGMAMAMGMGMGMAMAMA,MGMUMUMAMAMUMAMUMCMCM,CUCAGGAGAAGUGAGUAUAAA,GGCUUUUAUACUCACUUCUCC,.....................,.....................,pct_remaining,,106.9,1.0,-6.900000000000006,direct
TTR-92,dicerna,CMGMAMAMGMGMGMAMAMAMG,MGMGMUMUMAMAMUMAMUMCM,CAGGAGAAGUGAGUAUAAAAG,GGGGCUUUUAUACUCACUUCU,.....................,.....................,pct_remaining,,103.6,1.0,-3.5999999999999943,direct
TTR-126,dicerna,GMAMCMAMCMCMGMAMUMCMC,MUMAMUMGMCMUMUMUMAMGM,GCAGCCAUCACAGAAGUCCAC,AUGAGUGGACUUCUGUGAUGG,.....................,.....................,pct_remaining,,106.1,1.0,-6.099999999999994,direct
TTR-127,dicerna,CMGMCMUMAMAMAMGMCMAMU,MAMGMGMGMAMUMCMGMGMUM,CAGCCAUCACAGAAGUCCACU,AAUGAGUGGACUUCUGUGAUG,.....................,.....................,pct_remaining,,96.9,1.0,3.0999999999999943,direct
TTR-128,dicerna,AMCMAMCMCMGMAMUMCMCMC,MAMUMAMUMGMCMUMUMUMAM,AGCCAUCACAGAAGUCCACUC,GAAUGAGUGGACUUCUGUGAU,.....................,.....................,pct_remaining,,89.2,1.0,10.799999999999997,direct
TTR-129,dicerna,GMCMUMAMAMAMGMCMAMUMA,MGMAMGMGMGMAMUMCMGMGM,GCCAUCACAGAAGUCCACUCA,AGAAUGAGUGGACUUCUGUGA,.....................,.....................,pct_remaining,,50.6,1.0,49.4,direct
TTR-130,dicerna,CMAMCMCMGMAMUMCMCMCMU,MAMAMUMAMUMGMCMUMUMUM,CCAUCACAGAAGUCCACUCAU,AAGAAUGAGUGGACUUCUGUG,.....................,.....................,pct_remaining,,45.0,1.0,55.0,direct
TTR-131,dicerna,CMUMAMAMAMGMCMAMUMAMU,MAMGMAMGMGMGMAMUMCMGM,CAUCACAGAAGUCCACUCAUU,CAAGAAUGAGUGGACUUCUGU,.....................,.....................,pct_remaining,,30.9,1.0,69.1,direct
TTR-132,dicerna,AMCMCMGMAMUMCMCMCMUMC,MCMAMAMUMAMUMGMCMUMUM,AUCACAGAAGUCCACUCAUUC,CCAAGAAUGAGUGGACUUCUG,.....................,.....................,pct_remaining,,21.0,1.0,79.0,direct
TTR-134,dicerna,CMCMGMAMUMCMCMCMUMCMU,MGMCMAMAMUMAMUMGMCMUM,CACAGAAGUCCACUCAUUCUU,UGCCAAGAAUGAGUGGACUUC,.....................,.....................,pct_remaining,,32.8,1.0,67.2,direct
TTR-135,dicerna,AMAMAMGMCMAMUMAMUMUMG,MUMCMAMGMAMGMGMGMAMUM,ACAGAAGUCCACUCAUUCUUG,CUGCCAAGAAUGAGUGGACUU,.....................,.....................,pct_remaining,,38.6,1.0,61.4,direct
TTR-150,dicerna,UMCMUMGMAMGMUMGMUMCMC,MGMUMAMAMGMCMUMCMGMCM,UUCUUGGCAGGAUGGCUUCUC,CGAUGAGAAGCCAUCCUGCCA,.....................,.....................,pct_remaining,,7.2,1.0,92.8,direct
TTR-151,dicerna,UMUMGMCMGMAMGMCMUMUMA,MCMAMGMGMAMCMAMCMUMCM,UCUUGGCAGGAUGGCUUCUCA,ACGAUGAGAAGCCAUCCUGCC,.....................,.....................,pct_remaining,,34.6,1.0,65.4,direct
TTR-152,dicerna,CMUMGMAMGMUMGMUMCMCMU,MAMGMUMAMAMGMCMUMCMGM,CUUGGCAGGAUGGCUUCUCAU,GACGAUGAGAAGCCAUCCUGC,.....................,.....................,pct_remaining,,0.9,1.0,99.1,direct
TTR-153,dicerna,UMGMCMGMAMGMCMUMUMAMC,MGMCMAMGMGMAMCMAMCMUM,UUGGCAGGAUGGCUUCUCAUC,AGACGAUGAGAAGCCAUCCUG,.....................,.....................,pct_remaining,,0.8,1.0,99.2,direct
TTR-154,dicerna,UMGMAMGMUMGMUMCMCMUMG,MAMAMGMUMAMAMGMCMUMCM,UGGCAGGAUGGCUUCUCAUCG,CAGACGAUGAGAAGCCAUCCU,.....................,.....................,pct_remaining,,7.0,1.0,93.0,direct
TTR-155,dicerna,GMCMGMAMGMCMUMUMAMCMU,MCMGMCMAMGMGMAMCMAMCM,GGCAGGAUGGCUUCUCAUCGU,GCAGACGAUGAGAAGCCAUCC,.....................,.....................,pct_remaining,,2.1,1.0,97.9,direct
TTR-156,dicerna,GMAMGMUMGMUMCMCMUMGMC,MGMAMAMGMUMAMAMGMCMUM,GCAGGAUGGCUUCUCAUCGUC,AGCAGACGAUGAGAAGCCAUC,.....................,.....................,pct_remaining,,3.1,1.0,96.9,direct
TTR-157,dicerna,CMGMAMGMCMUMUMAMCMUMU,MAMCMGMCMAMGMGMAMCMAM,CAGGAUGGCUUCUCAUCGUCU,GAGCAGACGAUGAGAAGCCAU,.....................,.....................,pct_remaining,,1.7,1.0,98.3,direct
TTR-158,dicerna,AMGMUMGMUMCMCMUMGMCMG,MGMGMAMAMGMUMAMAMGMCM,AGGAUGGCUUCUCAUCGUCUG,GGAGCAGACGAUGAGAAGCCA,.....................,.....................,pct_remaining,,1.5,1.0,98.5,direct
TTR-159,dicerna,GMAMGMCMUMUMAMCMUMUMC,MGMAMCMGMCMAMGMGMAMCM,GGAUGGCUUCUCAUCGUCUGC,AGGAGCAGACGAUGAGAAGCC,.....................,.....................,pct_remaining,,1.5,1.0,98.5,direct
TTR-160,dicerna,GMUMGMUMCMCMUMGMCMGMU,MAMGMGMAMAMGMUMAMAMGM,GAUGGCUUCUCAUCGUCUGCU,GAGGAGCAGACGAUGAGAAGC,.....................,.....................,pct_remaining,,2.2,1.0,97.8,direct
TTR-161,dicerna,AMGMCMUMUMAMCMUMUMCMC,MGMGMAMCMGMCMAMGMGMAM,AUGGCUUCUCAUCGUCUGCUC,GGAGGAGCAGACGAUGAGAAG,.....................,.....................,pct_remaining,,1.6,1.0,98.4,direct
TTR-162,dicerna,UMGMUMCMCMUMGMCMGMUMC,MGMAMGMGMAMAMGMUMAMAM,UGGCUUCUCAUCGUCUGCUCC,AGGAGGAGCAGACGAUGAGAA,.....................,.....................,pct_remaining,,5.9,1.0,94.1,direct
TTR-163,dicerna,GMCMUMUMAMCMUMUMCMCMU,MAMGMGMAMCMGMCMAMGMGM,GGCUUCUCAUCGUCUGCUCCU,GAGGAGGAGCAGACGAUGAGA,.....................,.....................,pct_remaining,,55.4,1.0,44.6,direct
TTR-164,dicerna,GMUMCMCMUMGMCMGMUMCMC,MGMGMAMGMGMAMAMGMUMAM,GCUUCUCAUCGUCUGCUCCUC,AGAGGAGGAGCAGACGAUGAG,.....................,.....................,pct_remaining,,0.8,1.0,99.2,direct
TTR-165,dicerna,CMUMUMAMCMUMUMCMCMUMC,MAMAMGMGMAMCMGMCMAMGM,CUUCUCAUCGUCUGCUCCUCC,CAGAGGAGGAGCAGACGAUGA,.....................,.....................,pct_remaining,,9.3,1.0,90.7,direct
TTR-186,dicerna,UMUMCMUMGMUMGMCMGMUMU,MCMAMUMCMAMUMCMGMAMGM,UCUGCCUUGCUGGACUGGUAU,ACAAAUACCAGUCCAGCAAGG,.....................,.....................,pct_remaining,,15.4,1.0,84.6,direct
TTR-187,dicerna,CMGMCMUMCMGMAMUMGMAMU,MAMAMAMAMCMGMCMAMCMAM,CUGCCUUGCUGGACUGGUAUU,CACAAAUACCAGUCCAGCAAG,.....................,.....................,pct_remaining,,9.6,1.0,90.4,direct
TTR-234,dicerna,CMGMUMAMUMCMAMUMUMCMC,MUMAMAMGMCMCMUMGMUMCM,CCGGUGAAUCCAAGUGUCCUC,AUCAGAGGACACUUGGAUUCA,.....................,.....................,pct_remaining,,5.3,1.0,94.7,direct
TTR-238,dicerna,UMAMUMCMAMUMUMCMCMGMU,MAMCMUMAMAMGMCMCMUMGM,UGAAUCCAAGUGUCCUCUGAU,GACCAUCAGAGGACACUUGGA,.....................,.....................,pct_remaining,,4.3,1.0,95.7,direct
TTR-239,dicerna,GMAMCMAMGMGMCMUMUMAMG,MGMCMAMCMGMGMAMAMUMGM,GAAUCCAAGUGUCCUCUGAUG,UGACCAUCAGAGGACACUUGG,.....................,.....................,pct_remaining,,2.8,1.0,97.2,direct
TTR-240,dicerna,AMUMCMAMUMUMCMCMGMUMG,MUMAMCMUMAMAMGMCMCMUM,AAUCCAAGUGUCCUCUGAUGG,UUGACCAUCAGAGGACACUUG,.....................,.....................,pct_remaining,,0.7,1.0,99.3,direct
TTR-241,dicerna,AMCMAMGMGMCMUMUMAMGMU,MUMGMCMAMCMGMGMAMAMUM,AUCCAAGUGUCCUCUGAUGGU,UUUGACCAUCAGAGGACACUU,.....................,.....................,pct_remaining,,15.8,1.0,84.2,direct
TTR-242,dicerna,UMCMAMUMUMCMCMGMUMGMC,MUMUMAMCMUMAMAMGMCMCM,UCCAAGUGUCCUCUGAUGGUC,CUUUGACCAUCAGAGGACACU,.....................,.....................,pct_remaining,,1.9,1.0,98.1,direct
TTR-243,dicerna,CMAMGMGMCMUMUMAMGMUMA,MCMUMGMCMAMCMGMGMAMAM,CCAAGUGUCCUCUGAUGGUCA,ACUUUGACCAUCAGAGGACAC,.....................,.....................,pct_remaining,,9.0,1.0,91.0,direct
TTR-244,dicerna,CMAMUMUMCMCMGMUMGMCMA,MAMUMUMAMCMUMAMAMGMCM,CAAGUGUCCUCUGAUGGUCAA,AACUUUGACCAUCAGAGGACA,.....................,.....................,pct_remaining,,3.6,1.0,96.4,direct
TTR-245,dicerna,AMGMGMCMUMUMAMGMUMAMA,MAMCMUMGMCMAMCMGMGMAM,AAGUGUCCUCUGAUGGUCAAA,GAACUUUGACCAUCAGAGGAC,.....................,.....................,pct_remaining,,0.3,1.0,99.7,direct
TTR-246,dicerna,AMUMUMCMCMGMUMGMCMAMG,MGMAMUMUMAMCMUMAMAMGM,AGUGUCCUCUGAUGGUCAAAG,AGAACUUUGACCAUCAGAGGA,.....................,.....................,pct_remaining,,2.0,1.0,98.0,direct
TTR-247,dicerna,GMGMCMUMUMAMGMUMAMAMU,MAMAMCMUMGMCMAMCMGMGM,GUGUCCUCUGAUGGUCAAAGU,UAGAACUUUGACCAUCAGAGG,.....................,.....................,pct_remaining,,21.9,1.0,78.1,direct
TTR-248,dicerna,UMUMCMCMGMUMGMCMAMGMU,MUMGMAMUMUMAMCMUMAMAM,UGUCCUCUGAUGGUCAAAGUU,CUAGAACUUUGACCAUCAGAG,.....................,.....................,pct_remaining,,4.7,1.0,95.3,direct
TTR-249,dicerna,GMCMUMUMAMGMUMAMAMUMC,MCMAMAMCMUMGMCMAMCMGM,GUCCUCUGAUGGUCAAAGUUC,UCUAGAACUUUGACCAUCAGA,.....................,.....................,pct_remaining,,2.3,1.0,97.7,direct
TTR-250,dicerna,UMCMCMGMUMGMCMAMGMUMU,MUMUMGMAMUMUMAMCMUMAM,UCCUCUGAUGGUCAAAGUUCU,AUCUAGAACUUUGACCAUCAG,.....................,.....................,pct_remaining,,7.3,1.0,92.7,direct
TTR-251,dicerna,CMUMUMAMGMUMAMAMUMCMA,MAMCMAMAMCMUMGMCMAMCM,CCUCUGAUGGUCAAAGUUCUA,CAUCUAGAACUUUGACCAUCA,.....................,.....................,pct_remaining,,16.3,1.0,83.7,direct
TTR-252,dicerna,CMCMGMUMGMCMAMGMUMUMG,MCMUMUMGMAMUMUMAMCMUM,CUCUGAUGGUCAAAGUUCUAG,GCAUCUAGAACUUUGACCAUC,.....................,.....................,pct_remaining,,2.6,1.0,97.4,direct
TTR-253,dicerna,UMUMAMGMUMAMAMUMCMAMA,MGMAMCMAMAMCMUMGMCMAM,UCUGAUGGUCAAAGUUCUAGA,AGCAUCUAGAACUUUGACCAU,.....................,.....................,pct_remaining,,17.2,1.0,82.8,direct
TTR-254,dicerna,CMGMUMGMCMAMGMUMUMGMU,MAMCMUMUMGMAMUMUMAMCM,CUGAUGGUCAAAGUUCUAGAU,CAGCAUCUAGAACUUUGACCA,.....................,.....................,pct_remaining,,3.6,1.0,96.4,direct
TTR-255,dicerna,UMAMGMUMAMAMUMCMAMAMG,MCMGMAMCMAMAMCMUMGMCM,UGAUGGUCAAAGUUCUAGAUG,ACAGCAUCUAGAACUUUGACC,.....................,.....................,pct_remaining,,1.5,1.0,98.5,direct
TTR-256,dicerna,GMUMGMCMAMGMUMUMGMUMC,MAMAMCMUMUMGMAMUMUMAM,GAUGGUCAAAGUUCUAGAUGC,GACAGCAUCUAGAACUUUGAC,.....................,.....................,pct_remaining,,7.7,1.0,92.3,direct
TTR-257,dicerna,AMGMUMAMAMUMCMAMAMGMU,MGMCMGMAMCMAMAMCMUMGM,AUGGUCAAAGUUCUAGAUGCU,GGACAGCAUCUAGAACUUUGA,.....................,.....................,pct_remaining,,0.6,1.0,99.4,direct
TTR-258,dicerna,UMGMCMAMGMUMUMGMUMCMG,MGMAMAMCMUMUMGMAMUMUM,UGGUCAAAGUUCUAGAUGCUG,CGGACAGCAUCUAGAACUUUG,.....................,.....................,pct_remaining,,2.8,1.0,97.2,direct
TTR-346,dicerna,GMCMUMUMCMUMUMGMAMAMC,MCMGMUMUMCMCMGMGMCMAM,GCCAUUUGCCUCUGGGAAAAC,ACUGGUUUUCCCAGAGGCAAA,.....................,.....................,pct_remaining,,4.3,1.0,95.7,direct
TTR-347,dicerna,CMAMUMGMCMCMGMGMAMAMC,MAMUMGMUMUMCMAMAMGMAM,CCAUUUGCCUCUGGGAAAACC,CACUGGUUUUCCCAGAGGCAA,.....................,.....................,pct_remaining,,7.3,1.0,92.7,direct
TTR-348,dicerna,CMUMUMCMUMUMGMAMAMCMA,MCMCMGMUMUMCMCMGMGMCM,CAUUUGCCUCUGGGAAAACCA,UCACUGGUUUUCCCAGAGGCA,.....................,.....................,pct_remaining,,80.5,1.0,19.5,direct
TTR-349,dicerna,AMUMGMCMCMGMGMAMAMCMG,MUMAMUMGMUMUMCMAMAMGM,AUUUGCCUCUGGGAAAACCAG,CUCACUGGUUUUCCCAGAGGC,.....................,.....................,pct_remaining,,33.1,1.0,66.9,direct
TTR-350,dicerna,UMUMCMUMUMGMAMAMCMAMU,MCMCMCMGMUMUMCMCMGMGM,UUUGCCUCUGGGAAAACCAGU,ACUCACUGGUUUUCCCAGAGG,.....................,.....................,pct_remaining,,30.0,1.0,70.0,direct
TTR-351,dicerna,UMGMCMCMGMGMAMAMCMGMG,MAMUMAMUMGMUMUMCMAMAM,UUGCCUCUGGGAAAACCAGUG,GACUCACUGGUUUUCCCAGAG,.....................,.....................,pct_remaining,,85.6,1.0,14.400000000000006,direct
TTR-352,dicerna,UMCMUMUMGMAMAMCMAMUMA,MGMCMCMCMGMUMUMCMCMGM,UGCCUCUGGGAAAACCAGUGA,AGACUCACUGGUUUUCCCAGA,.....................,.....................,pct_remaining,,23.4,1.0,76.6,direct
TTR-353,dicerna,GMCMCMGMGMAMAMCMGMGMG,MAMAMUMAMUMGMUMUMCMAM,GCCUCUGGGAAAACCAGUGAG,CAGACUCACUGGUUUUCCCAG,.....................,.....................,pct_remaining,,79.8,1.0,20.200000000000003,direct
TTR-354,dicerna,CMUMUMGMAMAMCMAMUMAMU,MCMGMCMCMCMGMUMUMCMCM,CCUCUGGGAAAACCAGUGAGU,CCAGACUCACUGGUUUUCCCA,.....................,.....................,pct_remaining,,15.7,1.0,84.3,direct
TTR-355,dicerna,CMCMGMGMAMAMCMGMGMGMC,MCMAMAMUMAMUMGMUMUMCM,CUCUGGGAAAACCAGUGAGUC,UCCAGACUCACUGGUUUUCCC,.....................,.....................,pct_remaining,,4.4,1.0,95.6,direct
TTR-356,dicerna,UMUMGMAMAMCMAMUMAMUMU,MUMCMGMCMCMCMGMUMUMCM,UCUGGGAAAACCAGUGAGUCU,CUCCAGACUCACUGGUUUUCC,.....................,.....................,pct_remaining,,13.0,1.0,87.0,direct
TTR-357,dicerna,CMGMGMAMAMCMGMGMGMCMG,MCMCMAMAMUMAMUMGMUMUM,CUGGGAAAACCAGUGAGUCUG,UCUCCAGACUCACUGGUUUUC,.....................,.....................,pct_remaining,,3.9,1.0,96.1,direct
TTR-358,dicerna,UMGMAMAMCMAMUMAMUMUMG,MUMUMCMGMCMCMCMGMUMUM,UGGGAAAACCAGUGAGUCUGG,CUCUCCAGACUCACUGGUUUU,.....................,.....................,pct_remaining,,4.8,1.0,95.2,direct
TTR-359,dicerna,GMGMAMAMCMGMGMGMCMGMA,MCMCMCMAMAMUMAMUMGMUM,GGGAAAACCAGUGAGUCUGGA,GCUCUCCAGACUCACUGGUUU,.....................,.....................,pct_remaining,,47.2,1.0,52.8,direct
TTR-360,dicerna,GMAMAMCMAMUMAMUMUMGMG,MGMUMUMCMGMCMCMCMGMUM,GGAAAACCAGUGAGUCUGGAG,AGCUCUCCAGACUCACUGGUU,.....................,.....................,pct_remaining,,11.4,1.0,88.6,direct
TTR-361,dicerna,GMAMAMCMGMGMGMCMGMAMA,MAMCMCMCMAMAMUMAMUMGM,GAAAACCAGUGAGUCUGGAGA,CAGCUCUCCAGACUCACUGGU,.....................,.....................,pct_remaining,,20.0,1.0,80.0,direct
TTR-381,dicerna,AMCMGMAMGMGMUMAMAMCMG,MCMUMAMUMGMGMGMCMAMGM,AGCUGCAUGGGCUCACAACUG,UCCUCAGUUGUGAGCCCAUGC,.....................,.....................,pct_remaining,,19.0,1.0,81.0,direct
TTR-382,dicerna,GMUMCMUMGMCMCMCMAMUMA,MUMCMCMGMUMUMAMCMCMUM,GCUGCAUGGGCUCACAACUGA,CUCCUCAGUUGUGAGCCCAUG,.....................,.....................,pct_remaining,,68.0,1.0,32.0,direct
TTR-383,dicerna,CMGMAMGMGMUMAMAMCMGMG,MCMCMUMAMUMGMGMGMCMAM,CUGCAUGGGCUCACAACUGAG,CCUCCUCAGUUGUGAGCCCAU,.....................,.....................,pct_remaining,,3.4,1.0,96.6,direct
TTR-384,dicerna,UMCMUMGMCMCMCMAMUMAMG,MCMUMCMCMGMUMUMAMCMCM,UGCAUGGGCUCACAACUGAGG,UCCUCCUCAGUUGUGAGCCCA,.....................,.....................,pct_remaining,,24.8,1.0,75.2,direct
TTR-385,dicerna,GMAMGMGMUMAMAMCMGMGMA,MUMCMCMUMAMUMGMGMGMCM,GCAUGGGCUCACAACUGAGGA,UUCCUCCUCAGUUGUGAGCCC,.....................,.....................,pct_remaining,,31.6,1.0,68.4,direct
TTR-386,dicerna,CMUMGMCMCMCMAMUMAMGMG,MUMCMUMCMCMGMUMUMAMCM,CAUGGGCUCACAACUGAGGAG,AUUCCUCCUCAGUUGUGAGCC,.....................,.....................,pct_remaining,,63.7,1.0,36.3,direct
TTR-387,dicerna,AMGMGMUMAMAMCMGMGMAMG,MAMUMCMCMUMAMUMGMGMGM,AUGGGCUCACAACUGAGGAGG,AAUUCCUCCUCAGUUGUGAGC,.....................,.....................,pct_remaining,,36.8,1.0,63.2,direct
TTR-388,dicerna,UMGMCMCMCMAMUMAMGMGMA,MAMUMCMUMCMCMGMUMUMAM,UGGGCUCACAACUGAGGAGGA,AAAUUCCUCCUCAGUUGUGAG,.....................,.....................,pct_remaining,,62.0,1.0,38.0,direct
TTR-389,dicerna,GMGMUMAMAMCMGMGMAMGMA,MAMAMUMCMCMUMAMUMGMGM,GGGCUCACAACUGAGGAGGAA,CAAAUUCCUCCUCAGUUGUGA,.....................,.....................,pct_remaining,,60.0,1.0,40.0,direct
TTR-390,dicerna,GMCMCMCMAMUMAMGMGMAMU,MCMAMUMCMUMCMCMGMUMUM,GGCUCACAACUGAGGAGGAAU,ACAAAUUCCUCCUCAGUUGUG,.....................,.....................,pct_remaining,,17.8,1.0,82.2,direct
TTR-391,dicerna,GMUMAMAMCMGMGMAMGMAMU,MAMAMAMUMCMCMUMAMUMGM,GCUCACAACUGAGGAGGAAUU,UACAAAUUCCUCCUCAGUUGU,.....................,.....................,pct_remaining,,36.4,1.0,63.6,direct
TTR-392,dicerna,CMCMCMAMUMAMGMGMAMUMU,MUMCMAMUMCMUMCMCMGMUM,CUCACAACUGAGGAGGAAUUU,CUACAAAUUCCUCCUCAGUUG,.....................,.....................,pct_remaining,,30.0,1.0,70.0,direct
TTR-393,dicerna,UMAMAMCMGMGMAMGMAMUMG,MCMAMAMAMUMCMCMUMAMUM,UCACAACUGAGGAGGAAUUUG,UCUACAAAUUCCUCCUCAGUU,.....................,.....................,pct_remaining,,28.7,1.0,71.3,direct
TTR-394,dicerna,CMCMAMUMAMGMGMAMUMUMU,MUMUMCMAMUMCMUMCMCMGM,CACAACUGAGGAGGAAUUUGU,UUCUACAAAUUCCUCCUCAGU,.....................,.....................,pct_remaining,,21.7,1.0,78.3,direct
TTR-395,dicerna,AMAMCMGMGMAMGMAMUMGMA,MUMCMAMAMAMUMCMCMUMAM,ACAACUGAGGAGGAAUUUGUA,CUUCUACAAAUUCCUCCUCAG,.....................,.....................,pct_remaining,,49.3,1.0,50.7,direct
TTR-396,dicerna,CMAMUMAMGMGMAMUMUMUMG,MCMUMUMCMAMUMCMUMCMCM,CAACUGAGGAGGAAUUUGUAG,CCUUCUACAAAUUCCUCCUCA,.....................,.....................,pct_remaining,,11.8,1.0,88.2,direct
TTR-398,dicerna,AMUMAMGMGMAMUMUMUMGMA,MCMCMUMUMCMAMUMCMUMCM,ACUGAGGAGGAAUUUGUAGAA,UCCCUUCUACAAAUUCCUCCU,.....................,.....................,pct_remaining,,30.7,1.0,69.3,direct
TTR-399,dicerna,CMGMGMAMGMAMUMGMAMAMG,MUMCMUMCMAMAMAMUMCMCM,CUGAGGAGGAAUUUGUAGAAG,AUCCCUUCUACAAAUUCCUCC,.....................,.....................,pct_remaining,,11.6,1.0,88.4,direct
TTR-400,dicerna,UMAMGMGMAMUMUMUMGMAMG,MAMCMCMUMUMCMAMUMCMUM,UGAGGAGGAAUUUGUAGAAGG,UAUCCCUUCUACAAAUUCCUC,.....................,.....................,pct_remaining,,71.8,1.0,28.200000000000003,direct
TTR-401,dicerna,GMGMAMGMAMUMGMAMAMGMG,MUMUMCMUMCMAMAMAMUMCM,GAGGAGGAAUUUGUAGAAGGG,AUAUCCCUUCUACAAAUUCCU,.....................,.....................,pct_remaining,,43.9,1.0,56.1,direct
TTR-402,dicerna,AMGMGMAMUMUMUMGMAMGMA,MAMAMCMCMUMUMCMAMUMCM,AGGAGGAAUUUGUAGAAGGGA,UAUAUCCCUUCUACAAAUUCC,.....................,.....................,pct_remaining,,29.5,1.0,70.5,direct
TTR-403,dicerna,GMAMGMAMUMGMAMAMGMGMU,MUMUMUMCMUMCMAMAMAMUM,GGAGGAAUUUGUAGAAGGGAU,GUAUAUCCCUUCUACAAAUUC,.....................,.....................,pct_remaining,,27.7,1.0,72.3,direct
TTR-404,dicerna,GMGMAMUMUMUMGMAMGMAMA,MGMAMAMCMCMUMUMCMAMUM,GAGGAAUUUGUAGAAGGGAUA,UGUAUAUCCCUUCUACAAAUU,.....................,.....................,pct_remaining,,33.8,1.0,66.2,direct
TTR-405,dicerna,AMGMAMUMGMAMAMGMGMUMU,MUMUMUMUMCMUMCMAMAMAM,AGGAAUUUGUAGAAGGGAUAU,UUGUAUAUCCCUUCUACAAAU,.....................,.....................,pct_remaining,,6.2,1.0,93.8,direct
TTR-406,dicerna,GMAMUMUMUMGMAMGMAMAMA,MUMGMAMAMCMCMUMUMCMAM,GGAAUUUGUAGAAGGGAUAUA,UUUGUAUAUCCCUUCUACAAA,.....................,.....................,pct_remaining,,9.6,1.0,90.4,direct
TTR-407,dicerna,GMAMUMGMAMAMGMGMUMUMC,MUMUMUMUMUMCMUMCMAMAM,GAAUUUGUAGAAGGGAUAUAC,CUUUGUAUAUCCCUUCUACAA,.....................,.....................,pct_remaining,,17.0,1.0,83.0,direct
TTR-408,dicerna,AMUMUMUMGMAMGMAMAMAMA,MCMUMGMAMAMCMCMUMUMCM,AAUUUGUAGAAGGGAUAUACA,ACUUUGUAUAUCCCUUCUACA,.....................,.....................,pct_remaining,,35.1,1.0,64.9,direct
TTR-409,dicerna,AMUMGMAMAMGMGMUMUMCMA,MAMUMUMUMUMUMCMUMCMAM,AUUUGUAGAAGGGAUAUACAA,CACUUUGUAUAUCCCUUCUAC,.....................,.....................,pct_remaining,,16.9,1.0,83.1,direct
TTR-410,dicerna,UMUMUMGMAMGMAMAMAMAMA,MCMCMUMGMAMAMCMCMUMUM,UUUGUAGAAGGGAUAUACAAA,CCACUUUGUAUAUCCCUUCUA,.....................,.....................,pct_remaining,,33.2,1.0,66.8,direct
TTR-411,dicerna,UMGMAMAMGMGMUMUMCMAMG,MCMAMUMUMUMUMUMCMUMCM,UUGUAGAAGGGAUAUACAAAG,UCCACUUUGUAUAUCCCUUCU,.....................,.....................,pct_remaining,,46.8,1.0,53.2,direct
TTR-412,dicerna,UMUMGMAMGMAMAMAMAMAMU,MUMCMCMUMGMAMAMCMCMUM,UGUAGAAGGGAUAUACAAAGU,UUCCACUUUGUAUAUCCCUUC,.....................,.....................,pct_remaining,,32.9,1.0,67.1,direct
TTR-413,dicerna,GMAMAMGMGMUMUMCMAMGMG,MUMCMAMUMUMUMUMUMCMUM,GUAGAAGGGAUAUACAAAGUG,UUUCCACUUUGUAUAUCCCUU,.....................,.....................,pct_remaining,,26.1,1.0,73.9,direct
TTR-414,dicerna,UMGMAMGMAMAMAMAMAMUMG,MUMUMCMCMUMGMAMAMCMCM,UAGAAGGGAUAUACAAAGUGG,AUUUCCACUUUGUAUAUCCCU,.....................,.....................,pct_remaining,,37.0,1.0,63.0,direct
TTR-415,dicerna,AMAMGMGMUMUMCMAMGMGMA,MAMUMCMAMUMUMUMUMUMCM,AGAAGGGAUAUACAAAGUGGA,UAUUUCCACUUUGUAUAUCCC,.....................,.....................,pct_remaining,,43.8,1.0,56.2,direct
TTR-416,dicerna,GMAMGMAMAMAMAMAMUMGMA,MUMUMUMCMCMUMGMAMAMCM,GAAGGGAUAUACAAAGUGGAA,CUAUUUCCACUUUGUAUAUCC,.....................,.....................,pct_remaining,,28.8,1.0,71.2,direct
TTR-417,dicerna,AMGMGMUMUMCMAMGMGMAMA,MCMAMUMCMAMUMUMUMUMUM,AAGGGAUAUACAAAGUGGAAA,UCUAUUUCCACUUUGUAUAUC,.....................,.....................,pct_remaining,,65.0,1.0,35.0,direct
TTR-418,dicerna,AMGMAMAMAMAMAMUMGMAMU,MUMUMUMUMCMCMUMGMAMAM,AGGGAUAUACAAAGUGGAAAU,GUCUAUUUCCACUUUGUAUAU,.....................,.....................,pct_remaining,,16.6,1.0,83.4,direct
TTR-419,dicerna,GMGMUMUMCMAMGMGMAMAMA,MGMCMAMUMCMAMUMUMUMUM,GGGAUAUACAAAGUGGAAAUA,UGUCUAUUUCCACUUUGUAUA,.....................,.....................,pct_remaining,,73.7,1.0,26.299999999999997,direct
TTR-420,dicerna,GMAMAMAMAMAMUMGMAMUMG,MUMUMUMUMUMCMCMUMGMAM,GGAUAUACAAAGUGGAAAUAG,GUGUCUAUUUCCACUUUGUAU,.....................,.....................,pct_remaining,,37.0,1.0,63.0,direct
TTR-421,dicerna,GMUMUMCMAMGMGMAMAMAMA,MGMGMCMAMUMCMAMUMUMUM,GAUAUACAAAGUGGAAAUAGA,GGUGUCUAUUUCCACUUUGUA,.....................,.....................,pct_remaining,,40.0,1.0,60.0,direct
TTR-422,dicerna,AMAMAMAMAMUMGMAMUMGMC,MGMUMUMUMUMUMCMCMUMGM,AUAUACAAAGUGGAAAUAGAC,UGGUGUCUAUUUCCACUUUGU,.....................,.....................,pct_remaining,,3.4,1.0,96.6,direct
TTR-423,dicerna,UMUMCMAMGMGMAMAMAMAMA,MUMGMGMCMAMUMCMAMUMUM,UAUACAAAGUGGAAAUAGACA,UUGGUGUCUAUUUCCACUUUG,.....................,.....................,pct_remaining,,3.5,1.0,96.5,direct
TTR-424,dicerna,AMAMAMAMUMGMAMUMGMCMC,MUMGMUMUMUMUMUMCMCMUM,AUACAAAGUGGAAAUAGACAC,UUUGGUGUCUAUUUCCACUUU,.....................,.....................,pct_remaining,,5.6,1.0,94.4,direct
TTR-425,dicerna,UMCMAMGMGMAMAMAMAMAMC,MUMUMGMGMCMAMUMCMAMUM,UACAAAGUGGAAAUAGACACC,AUUUGGUGUCUAUUUCCACUU,.....................,.....................,pct_remaining,,36.3,1.0,63.7,direct
TTR-426,dicerna,AMAMAMUMGMAMUMGMCMCMA,MAMUMGMUMUMUMUMUMCMCM,ACAAAGUGGAAAUAGACACCA,GAUUUGGUGUCUAUUUCCACU,.....................,.....................,pct_remaining,,29.2,1.0,70.8,direct
TTR-427,dicerna,CMAMGMGMAMAMAMAMAMCMA,MGMUMUMGMGMCMAMUMCMAM,CAAAGUGGAAAUAGACACCAA,AGAUUUGGUGUCUAUUUCCAC,.....................,.....................,pct_remaining,,15.5,1.0,84.5,direct
TTR-428,dicerna,AMAMUMGMAMUMGMCMCMAMA,MAMAMUMGMUMUMUMUMUMCM,AAAGUGGAAAUAGACACCAAA,AAGAUUUGGUGUCUAUUUCCA,.....................,.....................,pct_remaining,,6.7,1.0,93.3,direct
TTR-429,dicerna,AMGMGMAMAMAMAMAMCMAMU,MAMGMUMUMGMGMCMAMUMCM,AAGUGGAAAUAGACACCAAAU,UAAGAUUUGGUGUCUAUUUCC,.....................,.....................,pct_remaining,,6.0,1.0,94.0,direct
TTR-430,dicerna,AMUMGMAMUMGMCMCMAMAMC,MUMAMAMUMGMUMUMUMUMUM,AGUGGAAAUAGACACCAAAUC,GUAAGAUUUGGUGUCUAUUUC,.....................,.....................,pct_remaining,,13.4,1.0,86.6,direct
TTR-431,dicerna,GMGMAMAMAMAMAMCMAMUMU,MGMAMGMUMUMGMGMCMAMUM,GUGGAAAUAGACACCAAAUCU,AGUAAGAUUUGGUGUCUAUUU,.....................,.....................,pct_remaining,,46.1,1.0,53.9,direct
TTR-432,dicerna,UMGMAMUMGMCMCMAMAMCMU,MAMUMAMAMUMGMUMUMUMUM,UGGAAAUAGACACCAAAUCUU,CAGUAAGAUUUGGUGUCUAUU,.....................,.....................,pct_remaining,,5.1,1.0,94.9,direct
TTR-433,dicerna,GMAMAMAMAMAMCMAMUMUMA,MCMGMAMGMUMUMGMGMCMAM,GGAAAUAGACACCAAAUCUUA,CCAGUAAGAUUUGGUGUCUAU,.....................,.....................,pct_remaining,,5.0,1.0,95.0,direct
TTR-434,dicerna,GMAMUMGMCMCMAMAMCMUMC,MCMAMUMAMAMUMGMUMUMUM,GAAAUAGACACCAAAUCUUAC,UCCAGUAAGAUUUGGUGUCUA,.....................,.....................,pct_remaining,,2.8,1.0,97.2,direct
TTR-435,dicerna,AMAMAMAMAMCMAMUMUMAMU,MUMCMGMAMGMUMUMGMGMCM,AAAUAGACACCAAAUCUUACU,UUCCAGUAAGAUUUGGUGUCU,.....................,.....................,pct_remaining,,3.4,1.0,96.6,direct
TTR-436,dicerna,AMUMGMCMCMAMAMCMUMCMG,MUMCMAMUMAMAMUMGMUMUM,AAUAGACACCAAAUCUUACUG,CUUCCAGUAAGAUUUGGUGUC,.....................,.....................,pct_remaining,,5.5,1.0,94.5,direct
TTR-437,dicerna,AMAMAMAMCMAMUMUMAMUMG,MCMUMCMGMAMGMUMUMGMGM,AUAGACACCAAAUCUUACUGG,CCUUCCAGUAAGAUUUGGUGU,.....................,.....................,pct_remaining,,30.9,1.0,69.1,direct
TTR-439,dicerna,AMAMAMCMAMUMUMAMUMGMA,MGMCMUMCMGMAMGMUMUMGM,AGACACCAAAUCUUACUGGAA,UGCCUUCCAGUAAGAUUUGGU,.....................,.....................,pct_remaining,,4.7,1.0,95.3,direct
TTR-440,dicerna,GMCMCMAMAMCMUMCMGMAMG,MUMCMUMCMAMUMAMAMUMGM,GACACCAAAUCUUACUGGAAG,GUGCCUUCCAGUAAGAUUUGG,.....................,.....................,pct_remaining,,6.6,1.0,93.4,direct
TTR-462,dicerna,CMCMUMGMAMCMCMCMAMUMC,MCMUMGMAMGMGMAMAMGMCM,CACUUGGCAUCUCCCCAUUCC,UCAUGGAAUGGGGAGAUGCCA,.....................,.....................,pct_remaining,,46.2,1.0,53.8,direct
TTR-463,dicerna,AMUMGMCMUMUMCMCMUMCMA,MUMAMGMAMUMGMGMGMUMCM,ACUUGGCAUCUCCCCAUUCCA,CUCAUGGAAUGGGGAGAUGCC,.....................,.....................,pct_remaining,,89.4,1.0,10.599999999999994,direct
TTR-464,dicerna,CMUMGMAMCMCMCMAMUMCMU,MCMCMUMGMAMGMGMAMAMGM,CUUGGCAUCUCCCCAUUCCAU,GCUCAUGGAAUGGGGAGAUGC,.....................,.....................,pct_remaining,,14.9,1.0,85.1,direct
TTR-465,dicerna,UMGMCMUMUMCMCMUMCMAMG,MGMUMAMGMAMUMGMGMGMUM,UUGGCAUCUCCCCAUUCCAUG,UGCUCAUGGAAUGGGGAGAUG,.....................,.....................,pct_remaining,,27.1,1.0,72.9,direct
TTR-466,dicerna,UMGMAMCMCMCMAMUMCMUMA,MUMCMCMUMGMAMGMGMAMAM,UGGCAUCUCCCCAUUCCAUGA,AUGCUCAUGGAAUGGGGAGAU,.....................,.....................,pct_remaining,,17.5,1.0,82.5,direct
TTR-467,dicerna,GMCMUMUMCMCMUMCMAMGMG,MAMGMUMAMGMAMUMGMGMGM,GGCAUCUCCCCAUUCCAUGAG,CAUGCUCAUGGAAUGGGGAGA,.....................,.....................,pct_remaining,,80.8,1.0,19.200000000000003,direct
TTR-468,dicerna,GMAMCMCMCMAMUMCMUMAMC,MCMUMCMCMUMGMAMGMGMAM,GCAUCUCCCCAUUCCAUGAGC,GCAUGCUCAUGGAAUGGGGAG,.....................,.....................,pct_remaining,,83.8,1.0,16.200000000000003,direct
TTR-469,dicerna,CMUMUMCMCMUMCMAMGMGMA,MGMAMGMUMAMGMAMUMGMGM,CAUCUCCCCAUUCCAUGAGCA,UGCAUGCUCAUGGAAUGGGGA,.....................,.....................,pct_remaining,,95.7,1.0,4.299999999999997,direct
TTR-470,dicerna,AMCMCMCMAMUMCMUMAMCMU,MUMCMUMCMCMUMGMAMGMGM,AUCUCCCCAUUCCAUGAGCAU,CUGCAUGCUCAUGGAAUGGGG,.....................,.....................,pct_remaining,,27.0,1.0,73.0,direct
TTR-471,dicerna,UMUMCMCMUMCMAMGMGMAMG,MCMGMAMGMUMAMGMAMUMGM,UCUCCCCAUUCCAUGAGCAUG,UCUGCAUGCUCAUGGAAUGGG,.....................,.....................,pct_remaining,,32.7,1.0,67.3,direct
TTR-472,dicerna,CMCMCMAMUMCMUMAMCMUMC,MUMUMCMUMCMCMUMGMAMGM,CUCCCCAUUCCAUGAGCAUGC,CUCUGCAUGCUCAUGGAAUGG,.....................,.....................,pct_remaining,,73.9,1.0,26.099999999999994,direct
TTR-473,dicerna,UMCMCMUMCMAMGMGMAMGMA,MCMCMGMAMGMUMAMGMAMUM,UCCCCAUUCCAUGAGCAUGCA,CCUCUGCAUGCUCAUGGAAUG,.....................,.....................,pct_remaining,,78.0,1.0,22.0,direct
TTR-474,dicerna,CMCMAMUMCMUMAMCMUMCMG,MCMUMUMCMUMCMCMUMGMAM,CCCCAUUCCAUGAGCAUGCAG,ACCUCUGCAUGCUCAUGGAAU,.....................,.....................,pct_remaining,,49.4,1.0,50.6,direct
TTR-482,dicerna,CMUMAMCMUMCMGMGMUMGMA,MGMAMAMCMCMUMUMCMUMCM,CAUGAGCAUGCAGAGGUGGUA,UGAAUACCACCUCUGCAUGCU,.....................,.....................,pct_remaining,,7.2,1.0,92.8,direct
TTR-483,dicerna,AMGMGMAMGMAMAMGMGMUMU,MUMAMUMCMAMCMCMGMAMGM,AUGAGCAUGCAGAGGUGGUAU,GUGAAUACCACCUCUGCAUGC,.....................,.....................,pct_remaining,,4.4,1.0,95.6,direct
TTR-484,dicerna,UMAMCMUMCMGMGMUMGMAMU,MGMGMAMAMCMCMUMUMCMUM,UGAGCAUGCAGAGGUGGUAUU,UGUGAAUACCACCUCUGCAUG,.....................,.....................,pct_remaining,,4.9,1.0,95.1,direct
TTR-485,dicerna,GMGMAMGMAMAMGMGMUMUMC,MUMUMAMUMCMAMCMCMGMAM,GAGCAUGCAGAGGUGGUAUUC,CUGUGAAUACCACCUCUGCAU,.....................,.....................,pct_remaining,,26.1,1.0,73.9,direct
TTR-489,dicerna,AMGMAMAMGMGMUMUMCMCMG,MUMGMUMUMAMUMCMAMCMCM,AUGCAGAGGUGGUAUUCACAG,UUGGCUGUGAAUACCACCUCU,.....................,.....................,pct_remaining,,5.6,1.0,94.4,direct
TTR-493,dicerna,AMAMGMGMUMUMCMCMGMCMA,MUMGMUMGMUMUMAMUMCMAM,AGAGGUGGUAUUCACAGCCAA,GUCGUUGGCUGUGAAUACCAC,.....................,.....................,pct_remaining,,11.8,1.0,88.2,direct
TTR-494,dicerna,GMGMUMGMAMUMAMAMCMAMC,MGMCMUMGMCMGMGMAMAMCM,GAGGUGGUAUUCACAGCCAAC,AGUCGUUGGCUGUGAAUACCA,.....................,.....................,pct_remaining,,4.9,1.0,95.1,direct
TTR-581,dicerna,GMCMUMAMCMAMCMCMAMGMA,MUMAMUMCMUMGMAMUMGMGM,GUCGUCACCAAUCCCAAGGAA,CUCAUUCCUUGGGAUUGGUGA,.....................,.....................,pct_remaining,,92.4,1.0,7.599999999999994,direct
TTR-631,dicerna,GMAMGMGMGMUMGMAMUMCMU,MUMCMUMAMAMCMCMUMCMUM,GGACGAGGGAUGGGAUUUCAU,UUACAUGAAAUCCCAUCCCUC,.....................,.....................,pct_remaining,,3.7,1.0,96.3,direct
TTR-632,dicerna,GMCMAMGMAMGMGMUMUMAMG,MUMAMAMGMAMUMCMAMCMCM,GACGAGGGAUGGGAUUUCAUG,GUUACAUGAAAUCCCAUCCCU,.....................,.....................,pct_remaining,,2.8,1.0,97.2,direct
TTR-635,dicerna,GMGMGMUMGMAMUMCMUMUMA,MUMGMUMCMUMAMAMCMCMUM,GAGGGAUGGGAUUUCAUGUAA,UUGGUUACAUGAAAUCCCAUC,.....................,.....................,pct_remaining,,7.2,1.0,92.8,direct
TTR-636,dicerna,AMGMAMGMGMUMUMAMGMAMC,MUMGMUMAMAMGMAMUMCMAM,AGGGAUGGGAUUUCAUGUAAC,CUUGGUUACAUGAAAUCCCAU,.....................,.....................,pct_remaining,,3.3,1.0,96.7,direct
TTR-637,dicerna,GMGMUMGMAMUMCMUMUMAMC,MCMUMGMUMCMUMAMAMCMCM,GGGAUGGGAUUUCAUGUAACC,UCUUGGUUACAUGAAAUCCCA,.....................,.....................,pct_remaining,,3.5,1.0,96.5,direct
TTR-639,dicerna,GMUMGMAMUMCMUMUMAMCMA,MCMCMUMGMUMCMUMAMAMCM,GAUGGGAUUUCAUGUAACCAA,ACUCUUGGUUACAUGAAAUCC,.....................,.....................,pct_remaining,,7.9,1.0,92.1,direct
TTR-640,dicerna,AMGMGMUMUMAMGMAMCMAMG,MAMUMUMGMUMAMAMGMAMUM,AUGGGAUUUCAUGUAACCAAG,UACUCUUGGUUACAUGAAAUC,.....................,.....................,pct_remaining,,4.1,1.0,95.9,direct
TTR-641,dicerna,UMGMAMUMCMUMUMAMCMAMA,MUMCMCMUMGMUMCMUMAMAM,UGGGAUUUCAUGUAACCAAGA,AUACUCUUGGUUACAUGAAAU,.....................,.....................,pct_remaining,,3.2,1.0,96.8,direct
TTR-642,dicerna,GMGMUMUMAMGMAMCMAMGMG,MAMAMUMUMGMUMAMAMGMAM,GGGAUUUCAUGUAACCAAGAG,AAUACUCUUGGUUACAUGAAA,.....................,.....................,pct_remaining,,6.1,1.0,93.9,direct
TTR-643,dicerna,GMAMUMCMUMUMAMCMAMAMU,MAMUMCMCMUMGMUMCMUMAM,GGAUUUCAUGUAACCAAGAGU,GAAUACUCUUGGUUACAUGAA,.....................,.....................,pct_remaining,,2.1,1.0,97.9,direct
TTR-644,dicerna,GMUMUMAMGMAMCMAMGMGMA,MGMAMAMUMUMGMUMAMAMGM,GAUUUCAUGUAACCAAGAGUA,GGAAUACUCUUGGUUACAUGA,.....................,.....................,pct_remaining,,4.5,1.0,95.5,direct
TTR-645,dicerna,AMUMCMUMUMAMCMAMAMUMU,MGMAMUMCMCMUMGMUMCMUM,AUUUCAUGUAACCAAGAGUAU,UGGAAUACUCUUGGUUACAUG,.....................,.....................,pct_remaining,,1.7,1.0,98.3,direct
TTR-646,dicerna,UMUMAMGMAMCMAMGMGMAMU,MUMGMAMAMUMUMGMUMAMAM,UUUCAUGUAACCAAGAGUAUU,AUGGAAUACUCUUGGUUACAU,.....................,.....................,pct_remaining,,3.6,1.0,96.4,direct
TTR-647,dicerna,UMCMUMUMAMCMAMAMUMUMC,MAMGMAMUMCMCMUMGMUMCM,UUCAUGUAACCAAGAGUAUUC,AAUGGAAUACUCUUGGUUACA,.....................,.....................,pct_remaining,,4.4,1.0,95.6,direct
TTR-648,dicerna,UMAMGMAMCMAMGMGMAMUMC,MAMUMGMAMAMUMUMGMUMAM,UCAUGUAACCAAGAGUAUUCC,AAAUGGAAUACUCUUGGUUAC,.....................,.....................,pct_remaining,,2.3,1.0,97.7,direct
TTR-649,dicerna,CMUMUMAMCMAMAMUMUMCMA,MAMAMGMAMUMCMCMUMGMUM,CAUGUAACCAAGAGUAUUCCA,AAAAUGGAAUACUCUUGGUUA,.....................,.....................,pct_remaining,,4.5,1.0,95.5,direct
TTR-650,dicerna,AMGMAMCMAMGMGMAMUMCMU,MAMAMUMGMAMAMUMUMGMUM,AUGUAACCAAGAGUAUUCCAU,AAAAAUGGAAUACUCUUGGUU,.....................,.....................,pct_remaining,,1.5,1.0,98.5,direct
TTR-651,dicerna,UMUMAMCMAMAMUMUMCMAMU,MAMAMAMGMAMUMCMCMUMGM,UGUAACCAAGAGUAUUCCAUU,UAAAAAUGGAAUACUCUUGGU,.....................,.....................,pct_remaining,,1.6,1.0,98.4,direct
TTR-652,dicerna,GMAMCMAMGMGMAMUMCMUMU,MUMAMAMUMGMAMAMUMUMGM,GUAACCAAGAGUAUUCCAUUU,GUAAAAAUGGAAUACUCUUGG,.....................,.....................,pct_remaining,,4.7,1.0,95.3,direct
TTR-653,dicerna,UMAMCMAMAMUMUMCMAMUMU,MGMAMAMAMGMAMUMCMCMUM,UAACCAAGAGUAUUCCAUUUU,AGUAAAAAUGGAAUACUCUUG,.....................,.....................,pct_remaining,,2.5,1.0,97.5,direct
TTR-654,dicerna,AMCMAMGMGMAMUMCMUMUMU,MAMUMAMAMUMGMAMAMUMUM,AACCAAGAGUAUUCCAUUUUU,UAGUAAAAAUGGAAUACUCUU,.....................,.....................,pct_remaining,,2.9,1.0,97.1,direct
TTR-655,dicerna,AMCMAMAMUMUMCMAMUMUMA,MUMGMAMAMAMGMAMUMCMCM,ACCAAGAGUAUUCCAUUUUUA,UUAGUAAAAAUGGAAUACUCU,.....................,.....................,pct_remaining,,4.2,1.0,95.8,direct
TTR-656,dicerna,CMAMGMGMAMUMCMUMUMUMC,MUMAMUMAMAMUMGMAMAMUM,CCAAGAGUAUUCCAUUUUUAC,UUUAGUAAAAAUGGAAUACUC,.....................,.....................,pct_remaining,,2.7,1.0,97.3,direct
TTR-657,dicerna,CMAMAMUMUMCMAMUMUMAMU,MUMUMGMAMAMAMGMAMUMCM,CAAGAGUAUUCCAUUUUUACU,CUUUAGUAAAAAUGGAAUACU,.....................,.....................,pct_remaining,,2.1,1.0,97.9,direct
TTR-658,dicerna,AMGMGMAMUMCMUMUMUMCMA,MCMUMAMUMAMAMUMGMAMAM,AAGAGUAUUCCAUUUUUACUA,GCUUUAGUAAAAAUGGAAUAC,.....................,.....................,pct_remaining,,2.1,1.0,97.9,direct
TTR-659,dicerna,AMAMUMUMCMAMUMUMAMUMA,MGMUMUMGMAMAMAMGMAMUM,AGAGUAUUCCAUUUUUACUAA,UGCUUUAGUAAAAAUGGAAUA,.....................,.....................,pct_remaining,,1.3,1.0,98.7,direct
TTR-660,dicerna,GMGMAMUMCMUMUMUMCMAMA,MUMCMUMAMUMAMAMUMGMAM,GAGUAUUCCAUUUUUACUAAA,CUGCUUUAGUAAAAAUGGAAU,.....................,.....................,pct_remaining,,2.7,1.0,97.3,direct
TTR-661,dicerna,AMUMUMCMAMUMUMAMUMAMG,MCMGMUMUMGMAMAMAMGMAM,AGUAUUCCAUUUUUACUAAAG,ACUGCUUUAGUAAAAAUGGAA,.....................,.....................,pct_remaining,,1.2,1.0,98.8,direct
TTR-662,dicerna,GMAMUMCMUMUMUMCMAMAMC,MAMUMCMUMAMUMAMAMUMGM,GUAUUCCAUUUUUACUAAAGC,CACUGCUUUAGUAAAAAUGGA,.....................,.....................,pct_remaining,,2.5,1.0,97.5,direct
TTR-663,dicerna,UMUMCMAMUMUMAMUMAMGMA,MCMCMGMUMUMGMAMAMAMGM,UAUUCCAUUUUUACUAAAGCA,ACACUGCUUUAGUAAAAAUGG,.....................,.....................,pct_remaining,,15.5,1.0,84.5,direct
TTR-664,dicerna,AMUMCMUMUMUMCMAMAMCMG,MAMAMUMCMUMAMUMAMAMUM,AUUCCAUUUUUACUAAAGCAG,AACACUGCUUUAGUAAAAAUG,.....................,.....................,pct_remaining,,2.5,1.0,97.5,direct
TTR-665,dicerna,UMCMAMUMUMAMUMAMGMAMU,MAMCMCMGMUMUMGMAMAMAM,UUCCAUUUUUACUAAAGCAGU,AAACACUGCUUUAGUAAAAAU,.....................,.....................,pct_remaining,,6.7,1.0,93.3,direct
TTR-666,dicerna,UMCMUMUMUMCMAMAMCMGMG,MAMAMAMUMCMUMAMUMAMAM,UCCAUUUUUACUAAAGCAGUG,AAAACACUGCUUUAGUAAAAA,.....................,.....................,pct_remaining,,13.2,1.0,86.8,direct
TTR-667,dicerna,CMAMUMUMAMUMAMGMAMUMU,MAMAMCMCMGMUMUMGMAMAM,CCAUUUUUACUAAAGCAGUGU,GAAAACACUGCUUUAGUAAAA,.....................,.....................,pct_remaining,,2.3,1.0,97.7,direct
TTR-668,dicerna,CMUMUMUMCMAMAMCMGMGMU,MGMAMAMAMUMCMUMAMUMAM,CAUUUUUACUAAAGCAGUGUU,UGAAAACACUGCUUUAGUAAA,.....................,.....................,pct_remaining,,1.3,1.0,98.7,direct
TTR-669,dicerna,AMUMUMAMUMAMGMAMUMUMU,MUMAMAMCMCMGMUMUMGMAM,AUUUUUACUAAAGCAGUGUUU,GUGAAAACACUGCUUUAGUAA,.....................,.....................,pct_remaining,,2.5,1.0,97.5,direct
TTR-670,dicerna,UMUMUMCMAMAMCMGMGMUMU,MGMGMAMAMAMUMCMUMAMUM,UUUUUACUAAAGCAGUGUUUU,GGUGAAAACACUGCUUUAGUA,.....................,.....................,pct_remaining,,3.1,1.0,96.9,direct
TTR-671,dicerna,UMUMAMUMAMGMAMUMUMUMC,MGMUMAMAMCMCMGMUMUMGM,UUUUACUAAAGCAGUGUUUUC,AGGUGAAAACACUGCUUUAGU,.....................,.....................,pct_remaining,,30.0,1.0,70.0,direct
TTR-672,dicerna,UMUMCMAMAMCMGMGMUMUMA,MAMGMGMAMAMAMUMCMUMAM,UUUACUAAAGCAGUGUUUUCA,GAGGUGAAAACACUGCUUUAG,.....................,.....................,pct_remaining,,12.5,1.0,87.5,direct
TTR-673,dicerna,UMAMUMAMGMAMUMUMUMCMC,MGMGMUMAMAMCMCMGMUMUM,UUACUAAAGCAGUGUUUUCAC,UGAGGUGAAAACACUGCUUUA,.....................,.....................,pct_remaining,,2.8,1.0,97.2,direct
TTR-674,dicerna,UMCMAMAMCMGMGMUMUMAMC,MUMAMGMGMAMAMAMUMCMUM,UACUAAAGCAGUGUUUUCACC,AUGAGGUGAAAACACUGCUUU,.....................,.....................,pct_remaining,,5.2,1.0,94.8,direct
TTR-675,dicerna,AMUMAMGMAMUMUMUMCMCMU,MAMGMGMUMAMAMCMCMGMUM,ACUAAAGCAGUGUUUUCACCU,UAUGAGGUGAAAACACUGCUU,.....................,.....................,pct_remaining,,5.4,1.0,94.6,direct
TTR-676,dicerna,CMAMAMCMGMGMUMUMAMCMC,MUMUMAMGMGMAMAMAMUMCM,CUAAAGCAGUGUUUUCACCUC,AUAUGAGGUGAAAACACUGCU,.....................,.....................,pct_remaining,,2.3,1.0,97.7,direct
TTR-677,dicerna,UMAMGMAMUMUMUMCMCMUMA,MAMAMGMGMUMAMAMCMCMGM,UAAAGCAGUGUUUUCACCUCA,CAUAUGAGGUGAAAACACUGC,.....................,.....................,pct_remaining,,3.6,1.0,96.4,direct
TTR-678,dicerna,AMAMCMGMGMUMUMAMCMCMU,MCMUMUMAMGMGMAMAMAMUM,AAAGCAGUGUUUUCACCUCAU,GCAUAUGAGGUGAAAACACUG,.....................,.....................,pct_remaining,,3.0,1.0,97.0,direct
TTR-679,dicerna,AMGMAMUMUMUMCMCMUMAMA,MGMAMAMGMGMUMAMAMCMCM,AAGCAGUGUUUUCACCUCAUA,AGCAUAUGAGGUGAAAACACU,.....................,.....................,pct_remaining,,4.6,1.0,95.4,direct
TTR-680,dicerna,AMCMGMGMUMUMAMCMCMUMU,MAMCMUMUMAMGMGMAMAMAM,AGCAGUGUUUUCACCUCAUAU,UAGCAUAUGAGGUGAAAACAC,.....................,.....................,pct_remaining,,2.3,1.0,97.7,direct
TTR-681,dicerna,GMAMUMUMUMCMCMUMAMAMG,MUMGMAMAMGMGMUMAMAMCM,GCAGUGUUUUCACCUCAUAUG,AUAGCAUAUGAGGUGAAAACA,.....................,.....................,pct_remaining,,3.3,1.0,96.7,direct
TTR-682,dicerna,CMGMGMUMUMAMCMCMUMUMC,MAMAMCMUMUMAMGMGMAMAM,CAGUGUUUUCACCUCAUAUGC,CAUAGCAUAUGAGGUGAAAAC,.....................,.....................,pct_remaining,,2.9,1.0,97.1,direct
TTR-683,dicerna,AMUMUMUMCMCMUMAMAMGMU,MCMUMGMAMAMGMGMUMAMAM,AGUGUUUUCACCUCAUAUGCU,ACAUAGCAUAUGAGGUGAAAA,.....................,.....................,pct_remaining,,1.8,1.0,98.2,direct
TTR-684,dicerna,GMGMUMUMAMCMCMUMUMCMA,MAMAMAMCMUMUMAMGMGMAM,GUGUUUUCACCUCAUAUGCUA,AACAUAGCAUAUGAGGUGAAA,.....................,.....................,pct_remaining,,2.8,1.0,97.2,direct
TTR-685,dicerna,UMUMUMCMCMUMAMAMGMUMU,MAMCMUMGMAMAMGMGMUMAM,UGUUUUCACCUCAUAUGCUAU,UAACAUAGCAUAUGAGGUGAA,.....................,.....................,pct_remaining,,1.6,1.0,98.4,direct
TTR-686,dicerna,GMUMUMAMCMCMUMUMCMAMG,MUMAMAMAMCMUMUMAMGMGM,GUUUUCACCUCAUAUGCUAUG,CUAACAUAGCAUAUGAGGUGA,.....................,.....................,pct_remaining,,2.5,1.0,97.5,direct
TTR-687,dicerna,UMUMCMCMUMAMAMGMUMUMU,MCMAMCMUMGMAMAMGMGMUM,UUUUCACCUCAUAUGCUAUGU,UCUAACAUAGCAUAUGAGGUG,.....................,.....................,pct_remaining,,7.2,1.0,92.8,direct
TTR-688,dicerna,UMUMAMCMCMUMUMCMAMGMU,MUMUMAMAMAMCMUMUMAMGM,UUUCACCUCAUAUGCUAUGUU,UUCUAACAUAGCAUAUGAGGU,.....................,.....................,pct_remaining,,8.3,1.0,91.7,direct
TTR-689,dicerna,UMCMCMUMAMAMGMUMUMUMA,MUMCMAMCMUMGMAMAMGMGM,UUCACCUCAUAUGCUAUGUUA,CUUCUAACAUAGCAUAUGAGG,.....................,.....................,pct_remaining,,5.7,1.0,94.3,direct
TTR-690,dicerna,UMAMCMCMUMUMCMAMGMUMG,MCMUMUMAMAMAMCMUMUMAM,UCACCUCAUAUGCUAUGUUAG,ACUUCUAACAUAGCAUAUGAG,.....................,.....................,pct_remaining,,1.3,1.0,98.7,direct
TTR-691,dicerna,CMCMUMAMAMGMUMUMUMAMA,MAMUMCMAMCMUMGMAMAMGM,CACCUCAUAUGCUAUGUUAGA,GACUUCUAACAUAGCAUAUGA,.....................,.....................,pct_remaining,,2.5,1.0,97.5,direct
TTR-692,dicerna,AMCMCMUMUMCMAMGMUMGMA,MGMCMUMUMAMAMAMCMUMUM,ACCUCAUAUGCUAUGUUAGAA,GGACUUCUAACAUAGCAUAUG,.....................,.....................,pct_remaining,,1.9,1.0,98.1,direct
TTR-693,dicerna,CMUMAMAMGMUMUMUMAMAMG,MGMAMUMCMAMCMUMGMAMAM,CCUCAUAUGCUAUGUUAGAAG,UGGACUUCUAACAUAGCAUAU,.....................,.....................,pct_remaining,,2.3,1.0,97.7,direct
TTR-694,dicerna,CMCMUMUMCMAMGMUMGMAMU,MUMGMCMUMUMAMAMAMCMUM,CUCAUAUGCUAUGUUAGAAGU,CUGGACUUCUAACAUAGCAUA,.....................,.....................,pct_remaining,,1.9,1.0,98.1,direct
TTR-695,dicerna,UMAMAMGMUMUMUMAMAMGMC,MCMGMAMUMCMAMCMUMGMAM,UCAUAUGCUAUGUUAGAAGUC,CCUGGACUUCUAACAUAGCAU,.....................,.....................,pct_remaining,,4.8,1.0,95.2,direct
TTR-696,dicerna,CMUMUMCMAMGMUMGMAMUMC,MCMUMGMCMUMUMAMAMAMCM,CAUAUGCUAUGUUAGAAGUCC,GCCUGGACUUCUAACAUAGCA,.....................,.....................,pct_remaining,,4.0,1.0,96.0,direct
TTR-697,dicerna,AMAMGMUMUMUMAMAMGMCMA,MGMCMGMAMUMCMAMCMUMGM,AUAUGCUAUGUUAGAAGUCCA,UGCCUGGACUUCUAACAUAGC,.....................,.....................,pct_remaining,,6.2,1.0,93.8,direct
TTR-698,dicerna,UMUMCMAMGMUMGMAMUMCMG,MUMCMUMGMCMUMUMAMAMAM,UAUGCUAUGUUAGAAGUCCAG,CUGCCUGGACUUCUAACAUAG,.....................,.....................,pct_remaining,,3.5,1.0,96.5,direct
TTR-699,dicerna,AMGMUMUMUMAMAMGMCMAMG,MCMGMCMGMAMUMCMAMCMUM,AUGCUAUGUUAGAAGUCCAGG,UCUGCCUGGACUUCUAACAUA,.....................,.....................,pct_remaining,,7.8,1.0,92.2,direct
TTR-702,dicerna,CMAMGMUMGMAMUMCMGMCMG,MUMUMUMCMUMGMCMUMUMAM,CUAUGUUAGAAGUCCAGGCAG,GUCUCUGCCUGGACUUCUAAC,.....................,.....................,pct_remaining,,2.9,1.0,97.1,direct
TTR-704,dicerna,AMGMUMGMAMUMCMGMCMGMG,MUMUMUMUMCMUMGMCMUMUM,AUGUUAGAAGUCCAGGCAGAG,UUGUCUCUGCCUGGACUUCUA,.....................,.....................,pct_remaining,,3.0,1.0,97.0,direct
TTR-705,dicerna,UMUMAMAMGMCMAMGMAMAMA,MUMGMCMCMGMCMGMAMUMCM,UGUUAGAAGUCCAGGCAGAGA,AUUGUCUCUGCCUGGACUUCU,.....................,.....................,pct_remaining,,4.3,1.0,95.7,direct
TTR-706,dicerna,GMUMGMAMUMCMGMCMGMGMC,MAMUMUMUMUMCMUMGMCMUM,GUUAGAAGUCCAGGCAGAGAC,UAUUGUCUCUGCCUGGACUUC,.....................,.....................,pct_remaining,,5.5,1.0,94.5,direct
TTR-707,dicerna,UMAMAMGMCMAMGMAMAMAMA,MUMUMGMCMCMGMCMGMAMUM,UUAGAAGUCCAGGCAGAGACA,UUAUUGUCUCUGCCUGGACUU,.....................,.....................,pct_remaining,,6.0,1.0,94.0,direct
TTR-708,dicerna,UMGMAMUMCMGMCMGMGMCMA,MUMAMUMUMUMUMCMUMGMCM,UAGAAGUCCAGGCAGAGACAA,UUUAUUGUCUCUGCCUGGACU,.....................,.....................,pct_remaining,,4.2,1.0,95.8,direct
TTR-709,dicerna,AMAMGMCMAMGMAMAMAMAMU,MUMUMUMGMCMCMGMCMGMAM,AGAAGUCCAGGCAGAGACAAU,UUUUAUUGUCUCUGCCUGGAC,.....................,.....................,pct_remaining,,3.4,1.0,96.6,direct
TTR-710,dicerna,GMAMUMCMGMCMGMGMCMAMA,MUMUMAMUMUMUMUMCMUMGM,GAAGUCCAGGCAGAGACAAUA,GUUUUAUUGUCUCUGCCUGGA,.....................,.....................,pct_remaining,,7.4,1.0,92.6,direct
TTR-711,dicerna,AMGMCMAMGMAMAMAMAMUMA,MGMUMUMUMGMCMCMGMCMGM,AAGUCCAGGCAGAGACAAUAA,UGUUUUAUUGUCUCUGCCUGG,.....................,.....................,pct_remaining,,2.5,1.0,97.5,direct
TTR-712,dicerna,AMUMCMGMCMGMGMCMAMAMA,MUMUMUMAMUMUMUMUMCMUM,AGUCCAGGCAGAGACAAUAAA,AUGUUUUAUUGUCUCUGCCUG,.....................,.....................,pct_remaining,,2.1,1.0,97.9,direct
TTR-713,dicerna,GMCMAMGMAMAMAMAMUMAMA,MAMGMUMUMUMGMCMCMGMCM,GUCCAGGCAGAGACAAUAAAA,AAUGUUUUAUUGUCUCUGCCU,.....................,.....................,pct_remaining,,10.4,1.0,89.6,direct
TTR-714,dicerna,UMCMGMCMGMGMCMAMAMAMC,MAMUMUMUMAMUMUMUMUMCM,UCCAGGCAGAGACAAUAAAAC,GAAUGUUUUAUUGUCUCUGCC,.....................,.....................,pct_remaining,,2.9,1.0,97.1,direct
TTR-716,dicerna,CMGMCMGMGMCMAMAMAMCMU,MGMAMUMUMUMAMUMUMUMUM,CAGGCAGAGACAAUAAAACAU,AGGAAUGUUUUAUUGUCUCUG,.....................,.....................,pct_remaining,,3.4,1.0,96.6,direct
TTR-717,dicerna,AMGMAMAMAMAMUMAMAMAMU,MAMGMAMGMUMUMUMGMCMCM,AGGCAGAGACAAUAAAACAUU,CAGGAAUGUUUUAUUGUCUCU,.....................,.....................,pct_remaining,,4.0,1.0,96.0,direct
TTR-718,dicerna,GMCMGMGMCMAMAMAMCMUMC,MCMGMAMUMUMUMAMUMUMUM,GGCAGAGACAAUAAAACAUUC,ACAGGAAUGUUUUAUUGUCUC,.....................,.....................,pct_remaining,,2.7,1.0,97.3,direct
TTR-719,dicerna,GMAMAMAMAMUMAMAMAMUMC,MAMAMGMAMGMUMUMUMGMCM,GCAGAGACAAUAAAACAUUCC,CACAGGAAUGUUUUAUUGUCU,.....................,.....................,pct_remaining,,2.8,1.0,97.2,direct
TTR-720,dicerna,CMGMGMCMAMAMAMCMUMCMU,MCMCMGMAMUMUMUMAMUMUM,CAGAGACAAUAAAACAUUCCU,UCACAGGAAUGUUUUAUUGUC,.....................,.....................,pct_remaining,,2.4,1.0,97.6,direct
TTR-721,dicerna,AMAMAMAMUMAMAMAMUMCMG,MUMAMAMGMAMGMUMUMUMGM,AGAGACAAUAAAACAUUCCUG,UUCACAGGAAUGUUUUAUUGU,.....................,.....................,pct_remaining,,3.0,1.0,97.0,direct
TTR-722,dicerna,GMGMCMAMAMAMCMUMCMUMU,MUMCMCMGMAMUMUMUMAMUM,GAGACAAUAAAACAUUCCUGU,UUUCACAGGAAUGUUUUAUUG,.....................,.....................,pct_remaining,,3.7,1.0,96.3,direct
TTR-723,dicerna,AMAMAMUMAMAMAMUMCMGMG,MUMUMAMAMGMAMGMUMUMUM,AGACAAUAAAACAUUCCUGUG,CUUUCACAGGAAUGUUUUAUU,.....................,.....................,pct_remaining,,5.3,1.0,94.7,direct
TTR-724,dicerna,GMCMAMAMAMCMUMCMUMUMA,MCMUMCMCMGMAMUMUMUMAM,GACAAUAAAACAUUCCUGUGA,CCUUUCACAGGAAUGUUUUAU,.....................,.....................,pct_remaining,,12.6,1.0,87.4,direct
TTR-725,dicerna,AMAMUMAMAMAMUMCMGMGMA,MCMUMUMAMAMGMAMGMUMUM,ACAAUAAAACAUUCCUGUGAA,GCCUUUCACAGGAAUGUUUUA,.....................,.....................,pct_remaining,,3.2,1.0,96.8,direct
TTR-726,dicerna,CMAMAMAMCMUMCMUMUMAMA,MGMCMUMCMCMGMAMUMUMUM,CAAUAAAACAUUCCUGUGAAA,UGCCUUUCACAGGAAUGUUUU,.....................,.....................,pct_remaining,,2.4,1.0,97.6,direct
TTR-727,dicerna,AMUMAMAMAMUMCMGMGMAMG,MUMCMUMUMAMAMGMAMGMUM,AAUAAAACAUUCCUGUGAAAG,GUGCCUUUCACAGGAAUGUUU,.....................,.....................,pct_remaining,,2.1,1.0,97.9,direct
TTR-728,dicerna,AMAMAMCMUMCMUMUMAMAMG,MGMGMCMUMCMCMGMAMUMUM,AUAAAACAUUCCUGUGAAAGG,AGUGCCUUUCACAGGAAUGUU,.....................,.....................,pct_remaining,,7.4,1.0,92.6,direct
TTR-731,dicerna,AMAMAMUMCMGMGMAMGMCMC,MAMAMUMCMUMUMAMAMGMAM,AAACAUUCCUGUGAAAGGCAC,AAAAGUGCCUUUCACAGGAAU,.....................,.....................,pct_remaining,,7.4,1.0,92.6,direct
TTR-732,dicerna,AMCMUMCMUMUMAMAMGMAMU,MAMAMGMGMCMUMCMCMGMAM,AACAUUCCUGUGAAAGGCACU,GAAAAGUGCCUUUCACAGGAA,.....................,.....................,pct_remaining,,7.5,1.0,92.5,direct
TTR-733,dicerna,AMAMUMCMGMGMAMGMCMCMU,MGMAMAMUMCMUMUMAMAMGM,ACAUUCCUGUGAAAGGCACUU,UGAAAAGUGCCUUUCACAGGA,.....................,.....................,pct_remaining,,17.0,1.0,83.0,direct
TTR-734,dicerna,CMUMCMUMUMAMAMGMAMUMU,MUMAMAMGMGMCMUMCMCMGM,CAUUCCUGUGAAAGGCACUUU,AUGAAAAGUGCCUUUCACAGG,.....................,.....................,pct_remaining,,20.3,1.0,79.7,direct
TTR-735,dicerna,AMUMCMGMGMAMGMCMCMUMU,MAMGMAMAMUMCMUMUMAMAM,AUUCCUGUGAAAGGCACUUUU,AAUGAAAAGUGCCUUUCACAG,.....................,.....................,pct_remaining,,76.9,1.0,23.099999999999994,direct
TTR-736,dicerna,UMCMUMUMAMAMGMAMUMUMC,MAMUMAMAMGMGMCMUMCMCM,UUCCUGUGAAAGGCACUUUUC,GAAUGAAAAGUGCCUUUCACA,.....................,.....................,pct_remaining,,75.4,1.0,24.599999999999994,direct
TTR-738,dicerna,CMUMUMAMAMGMAMUMUMCMU,MGMAMUMAMAMGMGMCMUMCM,CCUGUGAAAGGCACUUUUCAU,UGGAAUGAAAAGUGCCUUUCA,.....................,.....................,pct_remaining,,79.8,1.0,20.200000000000003,direct
TTR-739,dicerna,CMGMGMAMGMCMCMUMUMAMU,MUMGMAMGMAMAMUMCMUMUM,CUGUGAAAGGCACUUUUCAUU,GUGGAAUGAAAAGUGCCUUUC,.....................,.....................,pct_remaining,,96.5,1.0,3.5,direct
TTR-740,dicerna,UMUMAMAMGMAMUMUMCMUMC,MGMGMAMUMAMAMGMGMCMUM,UGUGAAAGGCACUUUUCAUUC,AGUGGAAUGAAAAGUGCCUUU,.....................,.....................,pct_remaining,,84.8,1.0,15.200000000000003,direct
TTR-741,dicerna,GMGMAMGMCMCMUMUMAMUMC,MAMUMGMAMGMAMAMUMCMUM,GUGAAAGGCACUUUUCAUUCC,AAGUGGAAUGAAAAGUGCCUU,.....................,.....................,pct_remaining,,98.4,1.0,1.5999999999999943,direct
TTR-742,dicerna,UMAMAMGMAMUMUMCMUMCMA,MAMGMGMAMUMAMAMGMGMCM,UGAAAGGCACUUUUCAUUCCA,AAAGUGGAAUGAAAAGUGCCU,.....................,.....................,pct_remaining,,100.0,1.0,0.0,direct
TTR-743,dicerna,GMAMGMCMCMUMUMAMUMCMC,MAMAMUMGMAMGMAMAMUMCM,GAAAGGCACUUUUCAUUCCAC,UAAAGUGGAAUGAAAAGUGCC,.....................,.....................,pct_remaining,,114.3,1.0,-14.299999999999997,direct
TTR-744,dicerna,AMAMGMAMUMUMCMUMCMAMU,MUMAMGMGMAMUMAMAMGMGM,AAAGGCACUUUUCAUUCCACU,UUAAAGUGGAAUGAAAAGUGC,.....................,.....................,pct_remaining,,97.1,1.0,2.9000000000000057,direct
TTR-745,dicerna,AMGMCMCMUMUMAMUMCMCMU,MUMAMAMUMGMAMGMAMAMUM,AAGGCACUUUUCAUUCCACUU,GUUAAAGUGGAAUGAAAAGUG,.....................,.....................,pct_remaining,,74.0,1.0,26.0,direct
TTR-746,dicerna,AMGMAMUMUMCMUMCMAMUMU,MGMUMAMGMGMAMUMAMAMGM,AGGCACUUUUCAUUCCACUUU,AGUUAAAGUGGAAUGAAAAGU,.....................,.....................,pct_remaining,,74.5,1.0,25.5,direct
TTR-747,dicerna,GMCMCMUMUMAMUMCMCMUMA,MAMUMAMAMUMGMAMGMAMAM,GGCACUUUUCAUUCCACUUUA,AAGUUAAAGUGGAAUGAAAAG,.....................,.....................,pct_remaining,,79.8,1.0,20.200000000000003,direct
TTR-748,dicerna,GMAMUMUMCMUMCMAMUMUMA,MAMGMUMAMGMGMAMUMAMAM,GCACUUUUCAUUCCACUUUAA,CAAGUUAAAGUGGAAUGAAAA,.....................,.....................,pct_remaining,,72.5,1.0,27.5,direct
TTR-749,dicerna,CMCMUMUMAMUMCMCMUMAMC,MCMAMUMAMAMUMGMAMGMAM,CACUUUUCAUUCCACUUUAAC,UCAAGUUAAAGUGGAAUGAAA,.....................,.....................,pct_remaining,,90.2,1.0,9.799999999999997,direct
TTR-750,dicerna,AMUMUMCMUMCMAMUMUMAMU,MUMAMGMUMAMGMGMAMUMAM,ACUUUUCAUUCCACUUUAACU,AUCAAGUUAAAGUGGAAUGAA,.....................,.....................,pct_remaining,,112.6,1.0,-12.599999999999994,direct
TTR-751,dicerna,CMUMUMAMUMCMCMUMAMCMU,MAMCMAMUMAMAMUMGMAMGM,CUUUUCAUUCCACUUUAACUU,AAUCAAGUUAAAGUGGAAUGA,.....................,.....................,pct_remaining,,96.0,1.0,4.0,direct
TTR-752,dicerna,UMUMCMUMCMAMUMUMAMUMG,MAMUMAMGMUMAMGMGMAMUM,UUUUCAUUCCACUUUAACUUG,AAAUCAAGUUAAAGUGGAAUG,.....................,.....................,pct_remaining,,100.6,1.0,-0.5999999999999943,direct
TTR-753,dicerna,UMUMAMUMCMCMUMAMCMUMA,MAMAMCMAMUMAMAMUMGMAM,UUUCAUUCCACUUUAACUUGA,AAAAUCAAGUUAAAGUGGAAU,.....................,.....................,pct_remaining,,83.9,1.0,16.099999999999994,direct
TTR-754,dicerna,UMCMUMCMAMUMUMAMUMGMU,MAMAMUMAMGMUMAMGMGMAM,UUCAUUCCACUUUAACUUGAU,AAAAAUCAAGUUAAAGUGGAA,.....................,.....................,pct_remaining,,82.0,1.0,18.0,direct
TTR-755,dicerna,UMAMUMCMCMUMAMCMUMAMU,MAMAMAMCMAMUMAMAMUMGM,UCAUUCCACUUUAACUUGAUU,AAAAAAUCAAGUUAAAGUGGA,.....................,.....................,pct_remaining,,80.9,1.0,19.099999999999994,direct
TTR-756,dicerna,CMUMCMAMUMUMAMUMGMUMU,MAMAMAMUMAMGMUMAMGMGM,CAUUCCACUUUAACUUGAUUU,UAAAAAAUCAAGUUAAAGUGG,.....................,.....................,pct_remaining,,76.5,1.0,23.5,direct
TTR-757,dicerna,AMUMCMCMUMAMCMUMAMUMU,MUMAMAMAMCMAMUMAMAMUM,AUUCCACUUUAACUUGAUUUU,UUAAAAAAUCAAGUUAAAGUG,.....................,.....................,pct_remaining,,88.3,1.0,11.700000000000003,direct
TTR-758,dicerna,UMCMAMUMUMAMUMGMUMUMU,MUMAMAMAMUMAMGMUMAMGM,UUCCACUUUAACUUGAUUUUU,UUUAAAAAAUCAAGUUAAAGU,.....................,.....................,pct_remaining,,115.3,1.0,-15.299999999999997,direct
TTR-759,dicerna,UMCMCMUMAMCMUMAMUMUMU,MUMUMAMAMAMCMAMUMAMAM,UCCACUUUAACUUGAUUUUUU,AUUUAAAAAAUCAAGUUAAAG,.....................,.....................,pct_remaining,,110.3,1.0,-10.299999999999997,direct
TTR-760,dicerna,CMAMUMUMAMUMGMUMUMUMA,MAMUMAMAMAMUMAMGMUMAM,CCACUUUAACUUGAUUUUUUA,AAUUUAAAAAAUCAAGUUAAA,.....................,.....................,pct_remaining,,103.3,1.0,-3.299999999999997,direct
TTR-761,dicerna,CMCMUMAMCMUMAMUMUMUMA,MAMUMUMAMAMAMCMAMUMAM,CACUUUAACUUGAUUUUUUAA,GAAUUUAAAAAAUCAAGUUAA,.....................,.....................,pct_remaining,,96.8,1.0,3.200000000000003,direct
TTR-762,dicerna,AMUMUMAMUMGMUMUMUMAMA,MGMAMUMAMAMAMUMAMGMUM,ACUUUAACUUGAUUUUUUAAA,GGAAUUUAAAAAAUCAAGUUA,.....................,.....................,pct_remaining,,92.1,1.0,7.900000000000006,direct
TTR-763,dicerna,CMUMAMCMUMAMUMUMUMAMU,MGMAMUMUMAMAMAMCMAMUM,CUUUAACUUGAUUUUUUAAAU,GGGAAUUUAAAAAAUCAAGUU,.....................,.....................,pct_remaining,,97.2,1.0,2.799999999999997,direct
TTR-764,dicerna,UMUMAMUMGMUMUMUMAMAMU,MGMGMAMUMAMAMAMUMAMGM,UUUAACUUGAUUUUUUAAAUU,AGGGAAUUUAAAAAAUCAAGU,.....................,.....................,pct_remaining,,105.0,1.0,-5.0,direct
TTR-765,dicerna,UMAMCMUMAMUMUMUMAMUMC,MAMGMAMUMUMAMAMAMCMAM,UUAACUUGAUUUUUUAAAUUC,AAGGGAAUUUAAAAAAUCAAG,.....................,.....................,pct_remaining,,95.6,1.0,4.400000000000006,direct
TTR-766,dicerna,UMAMUMGMUMUMUMAMAMUMC,MAMGMGMAMUMAMAMAMUMAM,UAACUUGAUUUUUUAAAUUCC,UAAGGGAAUUUAAAAAAUCAA,.....................,.....................,pct_remaining,,120.1,1.0,-20.099999999999994,direct
TTR-767,dicerna,AMCMUMAMUMUMUMAMUMCMC,MUMAMGMAMUMUMAMAMAMCM,AACUUGAUUUUUUAAAUUCCC,AUAAGGGAAUUUAAAAAAUCA,.....................,.....................,pct_remaining,,104.0,1.0,-4.0,direct
TTR-768,dicerna,AMUMGMUMUMUMAMAMUMCMU,MAMAMGMGMAMUMAMAMAMUM,ACUUGAUUUUUUAAAUUCCCU,AAUAAGGGAAUUUAAAAAAUC,.....................,.....................,pct_remaining,,99.6,1.0,0.4000000000000057,direct
TTR-769,dicerna,CMUMAMUMUMUMAMUMCMCMU,MAMUMAMGMAMUMUMAMAMAM,CUUGAUUUUUUAAAUUCCCUU,CAAUAAGGGAAUUUAAAAAAU,.....................,.....................,pct_remaining,,94.9,1.0,5.099999999999994,direct
TTR-770,dicerna,UMGMUMUMUMAMAMUMCMUMA,MCMAMAMGMGMAMUMAMAMAM,UUGAUUUUUUAAAUUCCCUUA,ACAAUAAGGGAAUUUAAAAAA,.....................,.....................,pct_remaining,,90.6,1.0,9.400000000000006,direct
TTR-771,dicerna,UMAMUMUMUMAMUMCMCMUMU,MAMAMUMAMGMAMUMUMAMAM,UGAUUUUUUAAAUUCCCUUAU,GACAAUAAGGGAAUUUAAAAA,.....................,.....................,pct_remaining,,95.1,1.0,4.900000000000006,direct
TTR-772,dicerna,GMUMUMUMAMAMUMCMUMAMU,MGMCMAMAMGMGMAMUMAMAM,GAUUUUUUAAAUUCCCUUAUU,GGACAAUAAGGGAAUUUAAAA,.....................,.....................,pct_remaining,,82.8,1.0,17.200000000000003,direct
TTR-773,dicerna,AMUMUMUMAMUMCMCMUMUMG,MGMAMAMUMAMGMAMUMUMAM,AUUUUUUAAAUUCCCUUAUUG,GGGACAAUAAGGGAAUUUAAA,.....................,.....................,pct_remaining,,89.4,1.0,10.599999999999994,direct
TTR-775,dicerna,UMUMUMAMUMCMCMUMUMGMC,MAMGMAMAMUMAMGMAMUMUM,UUUUUAAAUUCCCUUAUUGUC,AAGGGACAAUAAGGGAAUUUA,.....................,.....................,pct_remaining,,109.1,1.0,-9.099999999999994,direct
TTR-780,dicerna,AMAMUMCMUMAMUMUMCMUMC,MUMGMAMGMGMCMAMAMGMGM,AAAUUCCCUUAUUGUCCCUUC,UUUGGAAGGGACAAUAAGGGA,.....................,.....................,pct_remaining,,99.5,1.0,0.5,direct
TTR-781,dicerna,AMUMCMCMUMUMGMCMCMUMC,MUMUMGMAMGMAMAMUMAMGM,AAUUCCCUUAUUGUCCCUUCC,UUUUGGAAGGGACAAUAAGGG,.....................,.....................,pct_remaining,,93.6,1.0,6.400000000000006,direct
TTR-784,dicerna,UMCMUMAMUMUMCMUMCMAMA,MUMUMUMGMAMGMGMCMAMAM,UCCCUUAUUGUCCCUUCCAAA,UUUUUUUGGAAGGGACAAUAA,.....................,.....................,pct_remaining,,84.1,1.0,15.900000000000006,direct
TTR-805,dicerna,AMAMAMAMAMUMAMAMUMUMA,MUMGMAMAMUMUMGMUMCMCM,AAAAAGAGAAUCAAAAUUUUA,UUUGUAAAAUUUUGAUUCUCU,.....................,.....................,pct_remaining,,81.8,1.0,18.200000000000003,direct
TTR-806,dicerna,AMAMGMGMAMCMAMAMUMUMC,MUMUMUMAMAMUMUMAMUMUM,AAAAGAGAAUCAAAAUUUUAC,CUUUGUAAAAUUUUGAUUCUC,.....................,.....................,pct_remaining,,86.8,1.0,13.200000000000003,direct
TTR-807,dicerna,AMAMAMAMUMAMAMUMUMAMA,MCMUMGMAMAMUMUMGMUMCM,AAAGAGAAUCAAAAUUUUACA,UCUUUGUAAAAUUUUGAUUCU,.....................,.....................,pct_remaining,,91.4,1.0,8.599999999999994,direct
TTR-808,dicerna,AMGMGMAMCMAMAMUMUMCMA,MUMUMUMUMAMAMUMUMAMUM,AAGAGAAUCAAAAUUUUACAA,UUCUUUGUAAAAUUUUGAUUC,.....................,.....................,pct_remaining,,86.3,1.0,13.700000000000003,direct
TTR-809,dicerna,AMAMAMUMAMAMUMUMAMAMA,MUMCMUMGMAMAMUMUMGMUM,AGAGAAUCAAAAUUUUACAAA,AUUCUUUGUAAAAUUUUGAUU,.....................,.....................,pct_remaining,,126.5,1.0,-26.5,direct
TTR-810,dicerna,GMGMAMCMAMAMUMUMCMAMG,MAMUMUMUMUMAMAMUMUMAM,GAGAAUCAAAAUUUUACAAAG,GAUUCUUUGUAAAAUUUUGAU,.....................,.....................,pct_remaining,,110.6,1.0,-10.599999999999994,direct
TTR-811,dicerna,AMAMUMAMAMUMUMAMAMAMA,MGMUMCMUMGMAMAMUMUMGM,AGAAUCAAAAUUUUACAAAGA,UGAUUCUUUGUAAAAUUUUGA,.....................,.....................,pct_remaining,,102.3,1.0,-2.299999999999997,direct
TTR-812,dicerna,GMAMCMAMAMUMUMCMAMGMA,MUMAMUMUMUMUMAMAMUMUM,GAAUCAAAAUUUUACAAAGAA,UUGAUUCUUUGUAAAAUUUUG,.....................,.....................,pct_remaining,,94.1,1.0,5.900000000000006,direct
TTR-813,dicerna,AMUMAMAMUMUMAMAMAMAMU,MUMGMUMCMUMGMAMAMUMUM,AAUCAAAAUUUUACAAAGAAU,UUUGAUUCUUUGUAAAAUUUU,.....................,.....................,pct_remaining,,99.0,1.0,1.0,direct
TTR-814,dicerna,AMCMAMAMUMUMCMAMGMAMC,MUMUMAMUMUMUMUMAMAMUM,AUCAAAAUUUUACAAAGAAUC,CUUUGAUUCUUUGUAAAAUUU,.....................,.....................,pct_remaining,,94.7,1.0,5.299999999999997,direct
TTR-815,dicerna,UMAMAMUMUMAMAMAMAMUMA,MCMUMGMUMCMUMGMAMAMUM,UCAAAAUUUUACAAAGAAUCA,CCUUUGAUUCUUUGUAAAAUU,.....................,.....................,pct_remaining,,87.5,1.0,12.5,direct
TTR-816,dicerna,CMAMAMUMUMCMAMGMAMCMA,MCMUMUMAMUMUMUMUMAMAM,CAAAAUUUUACAAAGAAUCAA,UCCUUUGAUUCUUUGUAAAAU,.....................,.....................,pct_remaining,,93.5,1.0,6.5,direct
TTR-817,dicerna,AMAMUMUMAMAMAMAMUMAMA,MUMCMUMGMUMCMUMGMAMAM,AAAAUUUUACAAAGAAUCAAA,UUCCUUUGAUUCUUUGUAAAA,.....................,.....................,pct_remaining,,97.4,1.0,2.5999999999999943,direct
TTR-818,dicerna,AMAMUMUMCMAMGMAMCMAMG,MUMCMUMUMAMUMUMUMUMAM,AAAUUUUACAAAGAAUCAAAG,AUUCCUUUGAUUCUUUGUAAA,.....................,.....................,pct_remaining,,99.2,1.0,0.7999999999999972,direct
TTR-819,dicerna,AMUMUMAMAMAMAMUMAMAMG,MAMUMCMUMGMUMCMUMGMAM,AAUUUUACAAAGAAUCAAAGG,AAUUCCUUUGAUUCUUUGUAA,.....................,.....................,pct_remaining,,83.1,1.0,16.900000000000006,direct
TTR-821,dicerna,UMUMAMAMAMAMUMAMAMGMA,MGMAMUMCMUMGMUMCMUMGM,UUUUACAAAGAAUCAAAGGAA,AGAAUUCCUUUGAUUCUUUGU,.....................,.....................,pct_remaining,,91.4,1.0,8.599999999999994,direct
TTR-822,dicerna,UMUMCMAMGMAMCMAMGMAMU,MAMAMUMCMUMUMAMUMUMUM,UUUACAAAGAAUCAAAGGAAU,UAGAAUUCCUUUGAUUCUUUG,.....................,.....................,pct_remaining,,89.8,1.0,10.200000000000003,direct
TTR-823,dicerna,UMAMAMAMAMUMAMAMGMAMU,MUMGMAMUMCMUMGMUMCMUM,UUACAAAGAAUCAAAGGAAUU,CUAGAAUUCCUUUGAUUCUUU,.....................,.....................,pct_remaining,,91.7,1.0,8.299999999999997,direct
TTR-824,dicerna,UMCMAMGMAMCMAMGMAMUMC,MCMAMAMUMCMUMUMAMUMUM,UACAAAGAAUCAAAGGAAUUC,UCUAGAAUUCCUUUGAUUCUU,.....................,.....................,pct_remaining,,94.9,1.0,5.099999999999994,direct
TTR-825,dicerna,AMAMAMAMUMAMAMGMAMUMU,MUMUMGMAMUMCMUMGMUMCM,ACAAAGAAUCAAAGGAAUUCU,UUCUAGAAUUCCUUUGAUUCU,.....................,.....................,pct_remaining,,94.4,1.0,5.599999999999994,direct
TTR-826,dicerna,CMAMGMAMCMAMGMAMUMCMA,MUMCMAMAMUMCMUMUMAMUM,CAAAGAAUCAAAGGAAUUCUA,UUUCUAGAAUUCCUUUGAUUC,.....................,.....................,pct_remaining,,109.0,1.0,-9.0,direct
TTR-827,dicerna,AMAMAMUMAMAMGMAMUMUMG,MUMUMUMGMAMUMCMUMGMUM,AAAGAAUCAAAGGAAUUCUAG,CUUUCUAGAAUUCCUUUGAUU,.....................,.....................,pct_remaining,,89.3,1.0,10.700000000000003,direct
TTR-828,dicerna,AMGMAMCMAMGMAMUMCMAMA,MCMUMCMAMAMUMCMUMUMAM,AAGAAUCAAAGGAAUUCUAGA,ACUUUCUAGAAUUCCUUUGAU,.....................,.....................,pct_remaining,,100.2,1.0,-0.20000000000000284,direct
TTR-829,dicerna,AMAMUMAMAMGMAMUMUMGMA,MAMUMUMUMGMAMUMCMUMGM,AGAAUCAAAGGAAUUCUAGAA,UACUUUCUAGAAUUCCUUUGA,.....................,.....................,pct_remaining,,91.8,1.0,8.200000000000003,direct
TTR-830,dicerna,GMAMCMAMGMAMUMCMAMAMA,MUMCMUMCMAMAMUMCMUMUM,GAAUCAAAGGAAUUCUAGAAA,AUACUUUCUAGAAUUCCUUUG,.....................,.....................,pct_remaining,,97.3,1.0,2.700000000000003,direct
TTR-831,dicerna,AMUMAMAMGMAMUMUMGMAMG,MAMAMUMUMUMGMAMUMCMUM,AAUCAAAGGAAUUCUAGAAAG,GAUACUUUCUAGAAUUCCUUU,.....................,.....................,pct_remaining,,95.6,1.0,4.400000000000006,direct
TTR-832,dicerna,AMCMAMGMAMUMCMAMAMAMU,MGMUMCMUMCMAMAMUMCMUM,AUCAAAGGAAUUCUAGAAAGU,AGAUACUUUCUAGAAUUCCUU,.....................,.....................,pct_remaining,,88.9,1.0,11.099999999999994,direct
TTR-833,dicerna,UMAMAMGMAMUMUMGMAMGMA,MAMAMAMUMUMUMGMAMUMCM,UCAAAGGAAUUCUAGAAAGUA,CAGAUACUUUCUAGAAUUCCU,.....................,.....................,pct_remaining,,88.6,1.0,11.400000000000006,direct
TTR-834,dicerna,CMAMGMAMUMCMAMAMAMUMU,MCMGMUMCMUMCMAMAMUMCM,CAAAGGAAUUCUAGAAAGUAU,CCAGAUACUUUCUAGAAUUCC,.....................,.....................,pct_remaining,,106.3,1.0,-6.299999999999997,direct
TTR-835,dicerna,AMAMGMAMUMUMGMAMGMAMC,MCMAMAMAMUMUMUMGMAMUM,AAAGGAAUUCUAGAAAGUAUC,CCCAGAUACUUUCUAGAAUUC,.....................,.....................,pct_remaining,,102.5,1.0,-2.5,direct
TTR-869,dicerna,AMGMGMGMUMCMAMUMUMCMU,MAMAMUMGMAMUMUMGMUMUM,AGGAGAGAUCCAAAUUUCCAU,GACAAUGGAAAUUUGGAUCUC,.....................,.....................,pct_remaining,,94.8,1.0,5.200000000000003,direct
TTR-870,dicerna,GMAMAMAMCMAMAMUMCMAMU,MGMCMAMGMAMAMUMGMAMCM,GGAGAGAUCCAAAUUUCCAUU,AGACAAUGGAAAUUUGGAUCU,.....................,.....................,pct_remaining,,86.7,1.0,13.299999999999997,direct
TTR-873,dicerna,GMGMUMCMAMUMUMCMUMGMC,MCMAMAMAMUMGMAMUMUMGM,GAGAUCCAAAUUUCCAUUGUC,GCAAGACAAUGGAAAUUUGGA,.....................,.....................,pct_remaining,,91.3,1.0,8.700000000000003,direct
TTR-874,dicerna,AMAMCMAMAMUMCMAMUMUMU,MGMAMGMCMAMGMAMAMUMGM,AGAUCCAAAUUUCCAUUGUCU,UGCAAGACAAUGGAAAUUUGG,.....................,.....................,pct_remaining,,91.5,1.0,8.5,direct
TTR-875,dicerna,GMUMCMAMUMUMCMUMGMCMU,MUMCMAMAMAMUMGMAMUMUM,GAUCCAAAUUUCCAUUGUCUU,UUGCAAGACAAUGGAAAUUUG,.....................,.....................,pct_remaining,,101.9,1.0,-1.9000000000000057,direct
TTR-876,dicerna,AMCMAMAMUMCMAMUMUMUMG,MUMGMAMGMCMAMGMAMAMUM,AUCCAAAUUUCCAUUGUCUUG,CUUGCAAGACAAUGGAAAUUU,.....................,.....................,pct_remaining,,78.2,1.0,21.799999999999997,direct
TTR-877,dicerna,UMCMAMUMUMCMUMGMCMUMC,MCMUMCMAMAMAMUMGMAMUM,UCCAAAUUUCCAUUGUCUUGC,GCUUGCAAGACAAUGGAAAUU,.....................,.....................,pct_remaining,,87.7,1.0,12.299999999999997,direct
TTR-878,dicerna,CMAMAMUMCMAMUMUMUMGMA,MGMUMGMAMGMCMAMGMAMAM,CCAAAUUUCCAUUGUCUUGCA,UGCUUGCAAGACAAUGGAAAU,.....................,.....................,pct_remaining,,99.5,1.0,0.5,direct
TTR-879,dicerna,CMAMUMUMCMUMGMCMUMCMA,MUMCMUMCMAMAMAMUMGMAM,CAAAUUUCCAUUGUCUUGCAA,UUGCUUGCAAGACAAUGGAAA,.....................,.....................,pct_remaining,,92.3,1.0,7.700000000000003,direct
TTR-880,dicerna,AMAMUMCMAMUMUMUMGMAMG,MUMGMUMGMAMGMCMAMGMAM,AAAUUUCCAUUGUCUUGCAAG,UUUGCUUGCAAGACAAUGGAA,.....................,.....................,pct_remaining,,84.2,1.0,15.799999999999997,direct
TTR-881,dicerna,AMUMUMCMUMGMCMUMCMAMC,MUMUMCMUMCMAMAMAMUMGM,AAUUUCCAUUGUCUUGCAAGC,CUUUGCUUGCAAGACAAUGGA,.....................,.....................,pct_remaining,,88.8,1.0,11.200000000000003,direct
TTR-882,dicerna,AMUMCMAMUMUMUMGMAMGMA,MCMUMGMUMGMAMGMCMAMGM,AUUUCCAUUGUCUUGCAAGCA,GCUUUGCUUGCAAGACAAUGG,.....................,.....................,pct_remaining,,88.4,1.0,11.599999999999994,direct
TTR-883,dicerna,UMUMCMUMGMCMUMCMAMCMA,MGMUMUMCMUMCMAMAMAMUM,UUUCCAUUGUCUUGCAAGCAA,UGCUUUGCUUGCAAGACAAUG,.....................,.....................,pct_remaining,,79.6,1.0,20.400000000000006,direct
TTR-884,dicerna,UMCMAMUMUMUMGMAMGMAMA,MUMCMUMGMUMGMAMGMCMAM,UUCCAUUGUCUUGCAAGCAAA,GUGCUUUGCUUGCAAGACAAU,.....................,.....................,pct_remaining,,87.8,1.0,12.200000000000003,direct
TTR-885,dicerna,UMCMUMGMCMUMCMAMCMAMG,MGMGMUMUMCMUMCMAMAMAM,UCCAUUGUCUUGCAAGCAAAG,CGUGCUUUGCUUGCAAGACAA,.....................,.....................,pct_remaining,,88.7,1.0,11.299999999999997,direct
TTR-886,dicerna,CMAMUMUMUMGMAMGMAMAMC,MCMUMCMUMGMUMGMAMGMCM,CCAUUGUCUUGCAAGCAAAGC,ACGUGCUUUGCUUGCAAGACA,.....................,.....................,pct_remaining,,101.6,1.0,-1.5999999999999943,direct
TTR-887,dicerna,CMUMGMCMUMCMAMCMAMGMA,MAMGMGMUMUMCMUMCMAMAM,CAUUGUCUUGCAAGCAAAGCA,UACGUGCUUUGCUUGCAAGAC,.....................,.....................,pct_remaining,,110.0,1.0,-10.0,direct
TTR-888,dicerna,AMUMUMUMGMAMGMAMAMCMC,MUMCMUMCMUMGMUMGMAMGM,AUUGUCUUGCAAGCAAAGCAC,AUACGUGCUUUGCUUGCAAGA,.....................,.....................,pct_remaining,,91.7,1.0,8.299999999999997,direct
TTR-889,dicerna,UMGMCMUMCMAMCMAMGMAMG,MAMAMGMGMUMUMCMUMCMAM,UUGUCUUGCAAGCAAAGCACG,AAUACGUGCUUUGCUUGCAAG,.....................,.....................,pct_remaining,,85.1,1.0,14.900000000000006,direct
TTR-890,dicerna,UMUMUMGMAMGMAMAMCMCMU,MAMUMCMUMCMUMGMUMGMAM,UGUCUUGCAAGCAAAGCACGU,UAAUACGUGCUUUGCUUGCAA,.....................,.....................,pct_remaining,,93.3,1.0,6.700000000000003,direct
TTR-891,dicerna,GMCMUMCMAMCMAMGMAMGMA,MUMAMAMGMGMUMUMCMUMCM,GUCUUGCAAGCAAAGCACGUA,UUAAUACGUGCUUUGCUUGCA,.....................,.....................,pct_remaining,,84.8,1.0,15.200000000000003,direct
TTR-892,dicerna,UMUMGMAMGMAMAMCMCMUMU,MUMAMUMCMUMCMUMGMUMGM,UCUUGCAAGCAAAGCACGUAU,UUUAAUACGUGCUUUGCUUGC,.....................,.....................,pct_remaining,,82.2,1.0,17.799999999999997,direct
TTR-893,dicerna,CMUMCMAMCMAMGMAMGMAMU,MUMUMAMAMGMGMUMUMCMUM,CUUGCAAGCAAAGCACGUAUU,AUUUAAUACGUGCUUUGCUUG,.....................,.....................,pct_remaining,,100.2,1.0,-0.20000000000000284,direct
TTR-894,dicerna,UMGMAMGMAMAMCMCMUMUMA,MAMUMAMUMCMUMCMUMGMUM,UUGCAAGCAAAGCACGUAUUA,UAUUUAAUACGUGCUUUGCUU,.....................,.....................,pct_remaining,,83.8,1.0,16.200000000000003,direct
TTR-895,dicerna,UMCMAMCMAMGMAMGMAMUMA,MUMUMUMAMAMGMGMUMUMCM,UGCAAGCAAAGCACGUAUUAA,AUAUUUAAUACGUGCUUUGCU,.....................,.....................,pct_remaining,,86.4,1.0,13.599999999999994,direct
TTR-896,dicerna,GMAMGMAMAMCMCMUMUMAMA,MAMAMUMAMUMCMUMCMUMGM,GCAAGCAAAGCACGUAUUAAA,CAUAUUUAAUACGUGCUUUGC,.....................,.....................,pct_remaining,,86.5,1.0,13.5,direct
TTR-897,dicerna,CMAMCMAMGMAMGMAMUMAMU,MCMUMUMUMAMAMGMGMUMUM,CAAGCAAAGCACGUAUUAAAU,UCAUAUUUAAUACGUGCUUUG,.....................,.....................,pct_remaining,,89.1,1.0,10.900000000000006,direct
TTR-898,dicerna,AMGMAMAMCMCMUMUMAMAMA,MUMAMAMUMAMUMCMUMCMUM,AAGCAAAGCACGUAUUAAAUA,AUCAUAUUUAAUACGUGCUUU,.....................,.....................,pct_remaining,,97.5,1.0,2.5,direct
TTR-899,dicerna,AMCMAMGMAMGMAMUMAMUMU,MAMCMUMUMUMAMAMGMGMUM,AGCAAAGCACGUAUUAAAUAU,GAUCAUAUUUAAUACGUGCUU,.....................,.....................,pct_remaining,,89.4,1.0,10.599999999999994,direct
TTR-900,dicerna,GMAMAMCMCMUMUMAMAMAMG,MGMUMAMAMUMAMUMCMUMCM,GCAAAGCACGUAUUAAAUAUG,AGAUCAUAUUUAAUACGUGCU,.....................,.....................,pct_remaining,,86.4,1.0,13.599999999999994,direct
TTR-901,dicerna,CMAMGMAMGMAMUMAMUMUMA,MAMAMCMUMUMUMAMAMGMGM,CAAAGCACGUAUUAAAUAUGA,CAGAUCAUAUUUAAUACGUGC,.....................,.....................,pct_remaining,,97.4,1.0,2.5999999999999943,direct
TTR-902,dicerna,AMAMCMCMUMUMAMAMAMGMU,MCMGMUMAMAMUMAMUMCMUM,AAAGCACGUAUUAAAUAUGAU,GCAGAUCAUAUUUAAUACGUG,.....................,.....................,pct_remaining,,78.7,1.0,21.299999999999997,direct
TTR-903,dicerna,AMGMAMGMAMUMAMUMUMAMC,MGMAMAMCMUMUMUMAMAMGM,AAGCACGUAUUAAAUAUGAUC,UGCAGAUCAUAUUUAAUACGU,.....................,.....................,pct_remaining,,93.2,1.0,6.799999999999997,direct
TTR-904,dicerna,AMCMCMUMUMAMAMAMGMUMU,MUMCMGMUMAMAMUMAMUMCM,AGCACGUAUUAAAUAUGAUCU,CUGCAGAUCAUAUUUAAUACG,.....................,.....................,pct_remaining,,87.9,1.0,12.099999999999994,direct
TTR-905,dicerna,GMAMGMAMUMAMUMUMAMCMG,MCMGMAMAMCMUMUMUMAMAM,GCACGUAUUAAAUAUGAUCUG,GCUGCAGAUCAUAUUUAAUAC,.....................,.....................,pct_remaining,,89.7,1.0,10.299999999999997,direct
TTR-906,dicerna,CMCMUMUMAMAMAMGMUMUMC,MGMUMCMGMUMAMAMUMAMUM,CACGUAUUAAAUAUGAUCUGC,GGCUGCAGAUCAUAUUUAAUA,.....................,.....................,pct_remaining,,91.8,1.0,8.200000000000003,direct
TTR-908,dicerna,CMUMUMAMAMAMGMUMUMCMG,MUMGMUMCMGMUMAMAMUMAM,CGUAUUAAAUAUGAUCUGCAG,AUGGCUGCAGAUCAUAUUUAA,.....................,.....................,pct_remaining,,90.7,1.0,9.299999999999997,direct
TTR-909,dicerna,GMAMUMAMUMUMAMCMGMAMC,MAMGMCMGMAMAMCMUMUMUM,GUAUUAAAUAUGAUCUGCAGC,AAUGGCUGCAGAUCAUAUUUA,.....................,.....................,pct_remaining,,82.2,1.0,17.799999999999997,direct
TTR-911,dicerna,AMUMAMUMUMAMCMGMAMCMA,MUMAMGMCMGMAMAMCMUMUM,AUUAAAUAUGAUCUGCAGCCA,UUAAUGGCUGCAGAUCAUAUU,.....................,.....................,pct_remaining,,85.8,1.0,14.200000000000003,direct
TTR-912,dicerna,UMAMAMAMGMUMUMCMGMCMU,MUMAMUMGMUMCMGMUMAMAM,UUAAAUAUGAUCUGCAGCCAU,UUUAAUGGCUGCAGAUCAUAU,.....................,.....................,pct_remaining,,83.2,1.0,16.799999999999997,direct
TTR-913,dicerna,UMAMUMUMAMCMGMAMCMAMU,MUMUMAMGMCMGMAMAMCMUM,UAAAUAUGAUCUGCAGCCAUU,UUUUAAUGGCUGCAGAUCAUA,.....................,.....................,pct_remaining,,87.7,1.0,12.299999999999997,direct
TTR-914,dicerna,AMAMAMGMUMUMCMGMCMUMA,MUMUMAMUMGMUMCMGMUMAM,AAAUAUGAUCUGCAGCCAUUA,UUUUUAAUGGCUGCAGAUCAU,.....................,.....................,pct_remaining,,95.3,1.0,4.700000000000003,direct
TTR-915,dicerna,AMUMUMAMCMGMAMCMAMUMA,MUMUMUMAMGMCMGMAMAMCM,AAUAUGAUCUGCAGCCAUUAA,CUUUUUAAUGGCUGCAGAUCA,.....................,.....................,pct_remaining,,86.2,1.0,13.799999999999997,direct
TTR-916,dicerna,AMAMGMUMUMCMGMCMUMAMA,MCMUMUMAMUMGMUMCMGMUM,AUAUGAUCUGCAGCCAUUAAA,UCUUUUUAAUGGCUGCAGAUC,.....................,.....................,pct_remaining,,95.4,1.0,4.599999999999994,direct
TTR-917,dicerna,UMUMAMCMGMAMCMAMUMAMA,MUMUMUMUMAMGMCMGMAMAM,UAUGAUCUGCAGCCAUUAAAA,GUCUUUUUAAUGGCUGCAGAU,.....................,.....................,pct_remaining,,92.4,1.0,7.599999999999994,direct
TTR-918,dicerna,AMGMUMUMCMGMCMUMAMAMA,MGMCMUMUMAMUMGMUMCMGM,AUGAUCUGCAGCCAUUAAAAA,UGUCUUUUUAAUGGCUGCAGA,.....................,.....................,pct_remaining,,93.1,1.0,6.900000000000006,direct
TTR-919,dicerna,UMAMCMGMAMCMAMUMAMAMG,MUMUMUMUMUMAMGMCMGMAM,UGAUCUGCAGCCAUUAAAAAG,GUGUCUUUUUAAUGGCUGCAG,.....................,.....................,pct_remaining,,89.2,1.0,10.799999999999997,direct
