sense_seq,anti_seq,sense_mods,anti_mods,tier,pIC50,ic50_nM,hill_slope,fit_r2,source_type
AAAAAGAAUUCCAACCGACCU,AGGUCGGUUGGAAUUCUUUUUGG,asasaaagAfaUfUfCfcaaccgaccuL96,asGfsgucGfgUfUfggaaUfuCfuuuuusgsg,GOLD_LEGACY,9.413290192035657,0.3861088960202296,0.5000000000000001,0.9824099213962432,MULTI_DOSE_HILL
AAAAAGAAUUCCAACCGACCU,AGGUCGGUUGGAAUUCUUUUUGG,asasaaagaaUfUfCfcaaccgaccuL96,asdGsgudCgdGuuggdAaUfucuuuuusgsg,GOLD_LEGACY,10.734255588014614,0.0184392992278469,0.5005850367281279,0.9987518092726132,MULTI_DOSE_HILL
AAAAAGUCUACAAACCAGUUA,UAACTGGUUUGUAGACUUUUUGC,asasaaag(Uhd)cUfAfCfaaaccaguuaL96,VPusAfsacdTg(G2p)uuuguaGfaCfuuuuusgsc,GOLD_LEGACY,8.20612373208508,6.221230147973242,0.7535640142888105,0.9578795394470082,MULTI_DOSE_HILL
AAAACUCCCUCAACUGGAUGU,ACAUCCAGUUGAGGGAGUUUUGC,asasaacuccCfUfCfaacuggauguL96,asdCsaudCcdAguugdAgGfgaguuuusgsc,GOLD_LEGACY,10.358170850300834,0.0438358214887409,0.5395927470841283,0.9999999579191649,MULTI_DOSE_HILL
AAAAGAAUUCCAACCGACCAU,ATGGTCGGUUGGAAUUCUUUUUG,asasaagaauUfCfCfaaccgaccauL96,asdTsggdTcdGguugdGaAfuucuuuususg,GOLD_LEGACY,10.481573989583758,0.0329933193290926,0.5000178920983904,0.9815989234150114,MULTI_DOSE_HILL
AAAAGAAUUCCAACCGACCAU,AUGGUCGGUUGGAAUUCUUUUUG,asasaagaAfuUfCfCfaaccgaccauL96,asUfsgguCfgGfUfuggaAfuUfcuuuususg,GOLD_LEGACY,10.263687581506424,0.0544894492728296,0.5106153467168426,1.0,MULTI_DOSE_HILL
AAAAUCUGAGAAGCUUGACUA,UAGUCAAGCUUCUCAGAUUUUAC,asasaau(Chd)UfgAfGfAfagcuugacuaL96,VPusAfsgudCa(Agn)gcuucuCfaGfauuuusasc,GOLD_LEGACY,9.657192069090984,0.2201952422275985,0.9313890613666318,0.999999999996271,MULTI_DOSE_HILL
AAACAACCAUCACCGUGUCCC,GGGACACGGUGAUGGUUGUUUUU,fApsmApsfAmCfAmAfCmCfAmUfCmAfCmCfGmUfGmUfCmCpsfC,vmGpsfGpsmGfAmCfAmCfGmGfUmGfAmUfGmGfUmUfGmUfUmUpsmUpsmU,GOLD_LEGACY,6.916203882217002,121.28193512903276,3.98153135436092,0.9999999826953376,MULTI_DOSE_HILL
AAACACGUCCCGGGAGGCGGA,UCCGCCTCCCGGGACGUGUUUGA,asasaca(Chd)guCfCfCfgggaggcggaL96,VPusdCscgdCc(Tgn)cccgdGgAfcguguuusgsa,GOLD_LEGACY,6.041923858923204,907.9797044142332,3.9999021895294833,1.0,MULTI_DOSE_HILL
AAACCAGUUGACCUGAGCAAA,UUUGCUCAGGUCAACUGGUUUGU,asasacc(Ahd)GfuUfGfAfccugagcaaaL96,VPusUfsugdCu(C2p)aggucaAfcUfgguuusgsu,GOLD_LEGACY,9.115595698569583,0.7663096620810729,1.2271550456593523,0.9869498412929444,MULTI_DOSE_HILL
AAACGGCUUUCAGUUGAGCUA,UAGCTCAACUGAAAGCCGUUUCU,asasacggCfuUfUfCfaguugagcsusa,VPuAfgcdTc(Agn)acugaaAfgCfcguuuscsu,GOLD_LEGACY,9.780638288096466,0.1657149583077999,0.7795205711529254,1.0,MULTI_DOSE_HILL
AAACGUUCUGGUGUCUGACUU,GUCAGACACCAGAACGUUUUU,fApsmApsfAmCfGmUfUmCfUmGfGmUfGmUfCmUfGmAfCpsmUpsmU,mGpsfUpsmCfAmGfAmCfAmCfCmAfGmAfAmCfGmUfUmUpsmUpsmU,GOLD_LEGACY,8.594734608239236,2.5425259357531065,0.5335043223912256,0.9962476886687068,MULTI_DOSE_HILL
AAACUCCCUCAACUGGAUGAU,ATCATCCAGUUGAGGGAGUUUUG,asasacucccUfCfAfacuggaugauL96,asdTscadTcdCaguudGaGfggaguuususg,GOLD_LEGACY,7.938344595881326,11.525384002542031,0.5000000000000001,0.990182058954493,MULTI_DOSE_HILL
AAAGAAUUCCAACCGACCAGU,ACUGGUCGGUUGGAAUUCUUUUU,asasagaaUfuCfCfAfaccgaccaguL96,asCfsuggUfcGfGfuuggAfaUfucuuususu,GOLD_LEGACY,9.633072269697896,0.2327703878914834,0.7852929328564545,0.9999994576615758,MULTI_DOSE_HILL
AAAGAAUUCCAACCGACCAGU,ACUGGUCGGUUGGAAUUCUUUUU,asasagaauuCfCfAfaccgaccaguL96,asdCsugdGudCgguudGgAfauucuuususu,GOLD_LEGACY,11.680253894689647,0.0020880750557828,0.5000000000286935,0.9940715690312798,MULTI_DOSE_HILL
AAAGACUUGGUUGGUAGGGUA,UACCCUACCAACCAAGUCUUUCU,asasagacuuGfGfUfugguagggsusa,VPudAccdCudAccaadCcAfagucuuuscsu,GOLD_LEGACY,7.538180953688948,28.961366283160963,0.8835226179263259,1.0,MULTI_DOSE_HILL
AAAGAGCAAAACUAUUCAGAA,UUCUGAAUAGUTUUGCUCUUUCU,asasagag(Chd)adAadAcuauucagaaL96,VPuUfcugdAauagudTuUfgdCucuuuscsu,GOLD_LEGACY,8.53189685260859,2.938347443200775,1.1594202042499488,0.999942375766174,MULTI_DOSE_HILL
AAAGAGCAAAACUAUUCAGAA,UUCUGAAUAGUUUUGCUCUUUCU,asasaga(Ghd)CfaAfAfAfcuauucagaaL96,VPusUfscugAfauaguuuUfgCfucuuuscsu,GOLD_LEGACY,10.064078831473124,0.086282191741788,0.5000002320081468,0.9128458072735344,MULTI_DOSE_HILL
AAAGAGCAAAACUAUUCAGAA,UUCUGAAUAGUUUUGCUCUUUCU,asasagag(Chd)aAfAfAfcuauucagaaL96,VPuUfcugAfauaguuuUfgCfucuuuscsu,GOLD_LEGACY,10.148799452543578,0.0709905510736761,0.5002121867774644,0.9706782727036076,MULTI_DOSE_HILL
AAAGUCAAGUCCACGAACUUU,AAAGUUCGUGGACUUGACUUUUU,fApsmApsfAmGfUmCfAmAfGmUfCmCfAmCfGmAfAmCfUmUpsfU,vmApsfApsmAfGmUfUmCfGmUfGmGfAmCfUmUfGmAfCmUfUmUpsmUpsmU,GOLD_LEGACY,6.5321901033083405,293.6364038783663,0.7969620455474974,0.998014277432244,MULTI_DOSE_HILL
AAAUAACCUCUUGUAGUUA,UAACUACAAGAGGUUAUUUUU,mAmAfAmUfAmAfCfCfUmCfUmUfGmUfAmGfUmUfA,fU*fA*mAfCmUfAmCfAmAfGmAmGmGfUmUfAmUfUmU*mU*mU,GOLD_LEGACY,9.342521512607204,0.4544420260440563,1.6203497873649622,0.927948666220497,MULTI_DOSE_HILL
AAAUACCAUUCCAUUGUUUGA,UCAAACAAUGGAAUGGUAUUUAG,asasauacCfaUfUfCfcauuguuugaL96,VPusCfsaaaCfaAfUfggaaUfgGfuauuusasg,GOLD_LEGACY,9.937484837630446,0.1154822301888008,0.5273158980328566,1.0,MULTI_DOSE_HILL
AAAUACCAUUCCAUUGUUUGA,UCAAACAAUGGAAUGGUAUUUAG,asasauaccaUfUfCfcauuguuusgsa,VPudCaadAcdAauggdAaUfgguauuusasg,GOLD_LEGACY,11.87674335000598,0.0013281791245313,0.5000244649255913,0.9483262891167216,MULTI_DOSE_HILL
AAAUAGUCUACAAACCAGUUA,UAACTGGUUUGTAGACUAUUUCU,asasauag(Uhd)cUfAfCfaaaccaguuaL96,VPusdAsacdTg(G2p)uuugdTadGadCuauuuscsu,GOLD_LEGACY,7.943715468945187,11.383728544692376,3.999998090599283,0.999999961821206,MULTI_DOSE_HILL
AAAUAGUCUACAAACCAGUUA,UAACTGGUUUGTAGACUAUUUGC,asasauag(Uhd)cUfAfCfaaaccaguuaL96,VPusdAsacdTg(G2p)uuugdTaGfacuauuusgsc,GOLD_LEGACY,9.393640231969968,0.4039799099367595,0.5000000000000001,0.9995657384423032,MULTI_DOSE_HILL
AAAUAGUCUACAAACCAGUUA,UAACTGGUUUGUAGACUAUUUGC,asasaua(Ghd)ucUfAfCfaaaccaguuaL96,VPusAfsacdTg(G2p)uuuguaGfaCfuauuusgsc,GOLD_LEGACY,10.086722355677471,0.0818988199701063,0.5000000000000001,0.9723889658646944,MULTI_DOSE_HILL
AAAUAGUCUACAAACCAGUUA,UAACUGGTUUGTAGACUAUUUGC,asasauag(Uhd)cUfAfCfaaaccaguuaL96,VPusAfsacudGg(Tgn)uugdTaGfaCfuauuusgsc,GOLD_LEGACY,9.164709919594276,0.6843686082761661,0.7565014541103835,1.0,MULTI_DOSE_HILL
AAAUAGUCUACAAACCAGUUA,UAACUGGTUUGUAGACUAUUUGC,asasauag(Uhd)cUfAfCfaaaccaguuaL96,VPusAfsacudGg(Tgn)uuguaGfaCfuauuusgsc,GOLD_LEGACY,7.976122807543457,10.56518710082336,0.5280428607822126,0.9999999999942516,MULTI_DOSE_HILL
AAAUAGUCUACAAACGAGUUA,UAACTCGUUUGTAGACUAUUUGC,asasauag(Uhd)cUfAfCfaaacgaguuaL96,VPusdAsacdTcdGuuugdTaGfacuauuusgsc,GOLD_LEGACY,8.422310961762447,3.781717107887163,0.5000378353622634,0.9999999999543469,MULTI_DOSE_HILL
AAAUAUAAUGAGGACCUAUAA,UUAUAGGUCCUCAUUAUAUUUAC,asasauauAfaUfGfAfggaccuausasa,VPuUfaudAg(G2p)uccucaUfuAfuauuusasc,GOLD_LEGACY,10.119594607052925,0.0759286001188599,1.6099926957564794,0.9999999990601008,MULTI_DOSE_HILL
AAAUCAAAAUGAAAUGAAU,AUUCAUUUCAUUUUGAUUUUG,AmsAmsAmUmCfAmAfAfAfUmGmAmAmAmUmGmAmAmUm,AmsUfsUmCfAmUfUmUmCfAmUmUfUmUfGmAfUmUfUmsUmsGm,GOLD_LEGACY,12.0,0.001,1.2009925443873877,0.9195891634272344,MULTI_DOSE_HILL
AAAUCAAAAUGAAAUGAAU,AUUCAUUUCAUUUUGAUUUUG,AmsAmsAmUmCfAmAfAfAfUmGmAmAmAmUmGmAmAmUm(NAG1),AmsUfsUmCfAmUf(-)hmpNA(U)UmCfAmUmUfUmUfGmAfUmUfUmsUmsGm,GOLD_LEGACY,10.111989284765189,0.0772699649478021,1.049493731631027,0.9930238049175828,MULTI_DOSE_HILL
AAAUCGUAUGCAGAAUAUA,UAUAUUCUGCAUACGAUUUUU,mAmAfAmUfCmGfUfAfUmGfCmAfGmAfAmUfAmUfA,fU*fA*mUfAmUfUmCfUmGfCmAmUmAfCmGfAmUfUmU*mU*mU,GOLD_LEGACY,9.624797232301695,0.2372481134548778,0.9332585144452226,0.999925823530932,MULTI_DOSE_HILL
AAAUCUGAGAAGCUUGACUUA,UAAGTCAAGCUUCUCAGAUUUUA,asasauc(Uhd)GfaGfAfAfgcuugacuuaL96,VPusAfsagdTc(Agn)agcuucUfcAfgauuususa,GOLD_LEGACY,9.675815360756532,0.2109524818661164,0.9026490321379848,0.9707609987151252,MULTI_DOSE_HILL
AAAUGAAAUGAAUAAAUAA,UUAUUUAUUCAUUUCAUUUUG,AmsAmsAmUmGfAmAfAfUfGmAmAmUmAmAmAmUmAmAm,UmsUfsAmUfUmUfAmUmUfCmAmUfUmUfCmAfUmUfUmsUmsGm,GOLD_LEGACY,11.236650478092324,0.0057989521062245,1.3056233063815883,0.9955278038601716,MULTI_DOSE_HILL
AAAUGAAAUGAAUAAAUAA,UUAUUUAUUCAUUUCAUUUUG,AmsAmsAmUmGfAmAfAfUfGmAmAmUmAmAmAmUmAmAm(-NAG0052'),UmsUfsAmUfUmUf(-)hmpNA(A)UmUmCfAmUfUmUfCmAfUmUfUmsUmsGm,GOLD_LEGACY,10.940724901162126,0.0114623878328944,1.1631233553931035,0.9871303976340472,MULTI_DOSE_HILL
AAAUGAAAUGAAUAAAUAA,UUAUUUAUUCAUUUCAUUUUG,AmsAmsAmUmGfAmAfAfUfGmAmAmUmAmAmAmUmAmAm(NAG1),UmsUfsAmUfUmUf(-)hmpNA(A)UmUfCmAmUfUmUfCmAfUmUfUmsUmsGm,GOLD_LEGACY,10.536903945050971,0.0290466502182074,0.7772575858067378,0.9131179610446216,MULTI_DOSE_HILL
AAAUGAAAUGAAUAAAUAA,UUAUUUAUUCAUUUCAUUUUG,AmsAmsAmUmGfAmAfAfUfGmAmAmUmAmAmAmUmAmsAms(NAG1),UmsUfsAmUfUmUf(-)hmpNA(A)UmUmCfAmUfUmUfCmAfUmUfUmsUmsGm,GOLD_LEGACY,10.36468567704737,0.0431831504112956,1.216069459985399,0.9835096138396084,MULTI_DOSE_HILL
AAAUGAAAUGAAUAAAUAA,UUAUUUAUUCAUUUCAUUUUG,AmsAmsAmUmGmAmAfAfUfGmAmAmUmAmAmAmUmAmAm(-NAG0052'),UmsUfsAmUfUmUf(-)hmpNA(A)UmUmCfAmUfUmUfCmAfUmUfUmsUmsGm,GOLD_LEGACY,11.077000332342145,0.0083752864121113,1.3143322103781707,0.9920114542109356,MULTI_DOSE_HILL
AAAUUGUCUACAAACCAGUUA,UAACTGGUUUGUAGACAAUUUGC,asasauug(Uhd)cUfAfCfaaaccaguuaL96,VPusAfsacdTg(G2p)uuuguaGfaCfaauuusgsc,GOLD_LEGACY,7.902564024801446,12.515147579299946,0.5416778994557535,0.9785183146997976,MULTI_DOSE_HILL
AACAACCACCUGGCAAUAUGU,ACAUAUTGCCAGGUGGUUGUUGG,asascaaccaCfCfUfggcaauauguL96,asdCsaudAudTgccadGgUfgguuguusgsg,GOLD_LEGACY,8.046702738397627,8.98043267978664,4.0,0.9999999034472128,MULTI_DOSE_HILL
AACAAUCCUUGGCCUGCCAGU,ACUGGCAGGCCAAGGAUUGUUGG,asascaauCfcUfUfGfgccugccaguL96,asCfsugdGc(Agn)ggccaaGfgAfuuguusgsg,GOLD_LEGACY,6.041923858923204,907.9797044142332,3.9999021895294833,1.0,MULTI_DOSE_HILL
AACAAUCCUUGGCCUGCCAGU,ACUGGCAGGCCAAGGAUUGUUGG,asascaauccUfUfGfgccugccaguL96,asdCsugdGcdAggccdAaGfgauuguusgsg,GOLD_LEGACY,7.904556303550001,12.457867183828586,3.9999991417464864,0.9999999699618108,MULTI_DOSE_HILL
AACACCUUUUUCACCUAACUU,AAGUUAGGUGAAAAAGGUGUUCU,asascaccUfuUfUfUfcaccuaacuuL96,asAfsguuAfgGfUfgaaaAfaGfguguuscsu,GOLD_LEGACY,8.802622835400493,1.575350389256646,0.936825805087447,0.9496729258079004,MULTI_DOSE_HILL
AACACGUCCCGGGAGGCGGCA,UGCCGCCUCCCGGGACGUGUUUG,asascac(Ghd)ucCfCfGfggaggcggcaL96,VPusGfsccdGc(C2p)ucccggGfaCfguguususg,GOLD_LEGACY,6.041923858923204,907.9797044142332,3.9999021895294833,1.0,MULTI_DOSE_HILL
AACAGACGGAGCAACUGCCAU,ATGGCAGUUGCTCCGUCUGUUGA,asascagacgGfAfGfcaacugccauL96,asdTsggdCadGuugcdTcCfgucuguusgsa,GOLD_LEGACY,8.983478063372413,1.0387760706654028,0.8017149428231837,0.9999999999080552,MULTI_DOSE_HILL
AACAGCACAGUUACUGGACAU,ATGUCCAGUAACUGUGCUGUUGC,asascagcacAfGfUfuacuggacauL96,asdTsgudCcdAguaadCuGfugcuguusgsc,GOLD_LEGACY,7.963495054039967,10.876895247059196,4.0,0.999999955915509,MULTI_DOSE_HILL
AACAGCACAGUUACUGGACAU,AUGUCCAGUAACUGUGCUGUUGC,asascagcAfcAfGfUfuacuggacauL96,asUfsgudCc(Agn)guaacuGfuGfcuguusgsc,GOLD_LEGACY,6.041923858923204,907.9797044142332,3.9999021895294833,1.0,MULTI_DOSE_HILL
AACAGCACCUCAGUGUCUGUU,AACAGACACUGAGGUGCUGUUGU,asascagcAfcCfUfCfagugucuguuL96,asAfscagAfcAfCfugagGfuGfcuguusgsu,GOLD_LEGACY,7.800940831481172,15.814634840478606,3.999999739694303,0.9999999798211884,MULTI_DOSE_HILL
AACAGCACCUCAGUGUCUGUU,AACAGACACUGAGGUGCUGUUGU,asascagcacCfUfCfagugucuguuL96,asdAscadGadCacugdAgGfugcuguusgsu,GOLD_LEGACY,8.762493217076251,1.7278529663524624,0.5097901551631271,0.9766943042959844,MULTI_DOSE_HILL
AACCAAGCUGAGUUUCCUAUA,UAUAGGAAACUCAGCUUGGUUAG,asasccaaGfcUfGfAfguuuccuauaL96,VPusAfsuagGfaAfAfcucaGfcUfugguusasg,GOLD_LEGACY,9.660092827949136,0.2187294052450056,0.5006520034314952,0.998467816890196,MULTI_DOSE_HILL
AACCACCUGGCAAUAUGACUU,AAGUCATAUUGCCAGGUGGUUGU,asasccacCfuGfGfCfaauaugacuuL96,asAfsgudCa(Tgn)auugccAfgGfugguusgsu,GOLD_LEGACY,7.8967271065372495,12.684486584260464,3.999999644493138,0.9999999711753657,MULTI_DOSE_HILL
AACCACCUGGCAAUAUGACUU,AAGUCATAUUGCCAGGUGGUUGU,asasccaccuGfGfCfaauaugacuuL96,asdAsgudCadTauugdCcAfggugguusgsu,GOLD_LEGACY,8.455874282265139,3.5004648234277327,2.8311640704336307,0.9999999969191228,MULTI_DOSE_HILL
AACCAGUGUUUAGCGCGGGAU,ATCCCGCGCUAAACACUGGUUCU,asasccagugUfUfUfagcgcgggauL96,asdTsccdCgdCgcuadAaCfacugguuscsu,GOLD_LEGACY,9.55429019261521,0.279067850573182,0.5845088426539264,1.0,MULTI_DOSE_HILL
AACCAGUGUUUAGCGCGGGAU,AUCCCGCGCUAAACACUGGUUCU,asasccagUfgUfUfUfagcgcgggauL96,asUfscccGfcGfCfuaaaCfaCfugguuscsu,GOLD_LEGACY,8.637895776044052,2.301994194113443,0.8795766651381535,0.9999999999949752,MULTI_DOSE_HILL
AACCAGUUGACCUGAGCAAGA,UCUUGCTCAGGUCAACUGGUUUG,asasccag(Uhd)uGfAfCfcugagcaagaL96,VPusCfsuudGc(Tgn)caggucAfaCfugguususg,GOLD_LEGACY,9.68789814152472,0.2051643310323873,1.3698821759279851,0.9980814444451171,MULTI_DOSE_HILL
AACCCAACAACCACCUGGCAU,ATGCCAGGUGGTUGUUGGGUUGG,asascccaacAfAfCfcaccuggcauL96,asdTsgcdCadGguggdTuGfuuggguusgsg,GOLD_LEGACY,7.9294856486615215,11.76289854750169,3.999998894125652,0.9999999652412512,MULTI_DOSE_HILL
AACCGACCAGCUUGUUUGUGU,ACACAAACAAGCUGGUCGGUUGG,asasccgaCfcAfGfCfuuguuuguguL96,asCfsacaAfaCfAfagcuGfgUfcgguusgsg,GOLD_LEGACY,9.934743485022652,0.1162134823267634,0.7631652283819804,0.9999998015977132,MULTI_DOSE_HILL
AACCUCACUUGCAAUAAUUAA,UTAATUAUUGCAAGUGAGGUUAG,asasccucacUfUfGfcaauaauusasa,VPudTaadTudAuugcdAaGfugagguusasg,GOLD_LEGACY,12.0,0.001,0.5000000000000424,0.9319980063806276,MULTI_DOSE_HILL
AACCUCACUUGCAAUAAUUAA,UUAAUUAUUGCAAGUGAGGUUAG,asasccucAfcUfUfGfcaauaauuaaL96,VPusUfsaauUfaUfUfgcaaGfuGfagguusasg,GOLD_LEGACY,8.618185293539195,2.408877451866473,0.5000000000000003,0.9697325742828942,MULTI_DOSE_HILL
AACCUGACACAAUGUCCAAT,TUGGACAUUGUGUCAGGUUTT,AfaCfcUfgAfCfAfcAfaUfgUfcCfaAf(invdT),dTUfgGfaCfaUfuGfuguCfaGfgUfudTsdT,GOLD_LEGACY,8.422589059100616,3.77929628778126,3.999999930439351,0.9999999825551332,MULTI_DOSE_HILL
AACCUGCAAAAAUUGAGCAAU,ATUGCUCAAUUTUUGCAGGUUCA,asasccugcaAfAfAfauugagcaauL96,asdTsugdCudCaauudTuUfgcagguuscsa,GOLD_LEGACY,12.0,0.001,0.7034763684306824,0.969970037493852,MULTI_DOSE_HILL
AACCUGCAAAAAUUGAGCAAU,AUUGCUCAAUUUUUGCAGGUUCA,asasccugCfaAfAfAfauugagcaauL96,asUfsugcUfcAfAfuuuuUfgCfagguuscsa,GOLD_LEGACY,12.0,0.001,0.5197554452081142,0.990888214898482,MULTI_DOSE_HILL
AACGAGCUCUGGUGCUGGAGU,ACUCCAGCACCAGAGCUCGUUCU,asascgagcuCfUfGfgugcuggaguL96,asdCsucdCadGcaccdAgAfgcucguuscsu,GOLD_LEGACY,7.875806031748309,13.310487694297686,1.3409033551616942,0.9999801465831444,MULTI_DOSE_HILL
AACGAGGUUCUCAUUGGAGAU,AUCUCCAAUGAGAACCUCGUUCC,asascgagGfuUfCfUfcauuggagauL96,asUfscucCfaAfUfgagcAfcCfucguuscsc,GOLD_LEGACY,9.7095479009727,0.1951875437988861,1.1344074983176151,0.9999999993937532,MULTI_DOSE_HILL
AACGUCCAGUCCAAGUGUGGA,UCCACACUUGGACUGGACGUUGC,asascgu(Chd)caGfUfCfcaaguguggaL96,VPusdCscadCadCuuggdAcUfggacguusgsc,GOLD_LEGACY,7.381936898803142,41.50143381254069,0.9710998796252426,1.0,MULTI_DOSE_HILL
AACGUUCUGGUGUCUGACUUU,AGUCAGACACCAGAACGUUUU,fApsmApsfCmGfUmUfCmUfGmGfUmGfUmCfUmGfAmCfUpsmUpsmU,mApsfGpsmUfCmAfGmAfCmAfCmCfAmGfAmAfCmGfUmUpsmUpsmU,GOLD_LEGACY,7.6976336571410116,20.061635842354587,0.5000000000008366,0.9084259539072264,MULTI_DOSE_HILL
AACUCCCUCAACUGGAUGAAU,ATUCAUCCAGUTGAGGGAGUUUU,asascucccuCfAfAfcuggaugaauL96,asdTsucdAudCcagudTgAfgggaguususu,GOLD_LEGACY,11.281517777776363,0.0052297655778077,0.5487734720793733,0.9999999999999998,MULTI_DOSE_HILL
AACUCCCUCAACUGGAUGAAU,AUUCAUCCAGUUGAGGGAGUUUU,asascuccCfuCfAfAfcuggaugaauL96,asUfsucaUfcCfAfguugAfgGfgaguususu,GOLD_LEGACY,10.3728496971611,0.0423789607931582,0.7554763993974472,0.9999999999999992,MULTI_DOSE_HILL
AACUCUAUUCUGGACUUUA,UAAAGUCCAGAAUAGAGUUUU,mAmAfCmUfCmUfAfUfUmCfUmGfGmAfCmUfUmUfA,fU*fA*mAfAmGfUmCfCmAfGmAmAmUfAmGfAmGfUmU*mU*mU,GOLD_LEGACY,9.169444951819916,0.6769475927006137,1.926293773181348,0.933839109978934,MULTI_DOSE_HILL
AACUGCAACUAGACUGCAGAU,ATCUGCAGUCUAGUUGCAGUUUC,asascugcaaCfUfAfgacugcagauL96,asdTscudGcdAgucudAgUfugcaguususc,GOLD_LEGACY,6.041923858923204,907.9797044142332,3.9999021895294833,1.0,MULTI_DOSE_HILL
AACUGCAACUAGACUGCAGAU,AUCUGCAGUCUAGUUGCAGUUUC,asascugcAfaCfUfAfgacugcagauL96,asUfscudGc(Agn)gucuagUfuGfcaguususc,GOLD_LEGACY,6.041923858923204,907.9797044142332,3.9999021895294833,1.0,MULTI_DOSE_HILL
AACUUCUUGGGCUUCCGUAUU,AAUACGGAAGCCCAAGAAGUUGG,asascuucUfuGfGfGfcuuccguauuL96,asAfsuacGfgAfAfgcccAfaGfaaguusgsg,GOLD_LEGACY,11.797974548612666,0.0015923020395618,0.500000144277147,0.9287448790786892,MULTI_DOSE_HILL
AACUUCUUGGGCUUCCGUAUU,AAUACGGAAGCCCAAGAAGUUGG,asascuucuuGfGfGfcuuccguauuL96,asdAsuadCgdGaagcdCcAfagaaguusgsg,GOLD_LEGACY,10.353284232510909,0.0443318410569971,3.9999999988417456,0.9999999919102835,MULTI_DOSE_HILL
AACUUGCUACCCAUUAGGAUU,AAUCCUAAUGGGUAGCAAGUUGC,asascuugCfuAfCfCfcauuaggauuL96,asAfsuccu(Agn)auggguAfgCfaaguusgsc,GOLD_LEGACY,8.947578573288096,1.128291786612972,0.8880612205235715,0.9852958916082998,MULTI_DOSE_HILL
AAGAAAGAAGUGGGUGAUGUA,UACAUCACCCACUUCUUUCUUCA,asasgaaaGfaAfGfUfgggugauguaL96,PlusAfscauCfaCfCfcacuUfcUfuucuuscsa,GOLD_LEGACY,9.73965926589722,0.1821129100180444,0.5000000000000001,0.9030470762568288,MULTI_DOSE_HILL
AAGAACCAGUGUUUAGCGCGU,ACGCGCTAAACACUGGUUCUUGC,asasgaaccaGfUfGfuuuagcgcguL96,asdCsgcdGcdTaaacdAcUfgguucuusgsc,GOLD_LEGACY,11.368463860834323,0.0042809104105971,0.6268858277141527,0.9998516234107084,MULTI_DOSE_HILL
AAGAACCAGUGUUUAGCGCGU,ACGCGCUAAACACUGGUUCUUGC,asasgaacCfaGfUfGfuuuagcgcguL96,asCfsgcgCfuAfAfacacUfgGfuucuusgsc,GOLD_LEGACY,10.92515401531499,0.0118808081961581,0.5001420747809295,0.9881604682210294,MULTI_DOSE_HILL
AAGAAGUCUGAUAGAUGGA,UCCAUCUAUCAGACUUCUUUU,mAmAfGmAfAmGfUfCfUmGfAmUfAmGfAmUfGmGfA,fU*fC*mCfAmUfCmUfAmUfCmAmGmAfCmUfUmCfUmU*mU*mU,GOLD_LEGACY,9.056408531118354,0.878196028774272,3.999999999999973,0.938759275902256,MULTI_DOSE_HILL
AAGAAUUCCAACCGACCAGCU,AGCUGGTCGGUTGGAAUUCUUUU,asasgaauucCfAfAfccgaccagcuL96,asdGscudGgdTcggudTgGfaauucuususu,GOLD_LEGACY,9.794933378735514,0.1603491349210085,0.5000000023969711,0.9905126636843355,MULTI_DOSE_HILL
AAGAAUUCCAACCGACCAGCU,AGCUGGUCGGUUGGAAUUCUUUU,asasgaauUfcCfAfAfccgaccagcuL96,asGfscugGfuCfGfguugGfaAfuucuususu,GOLD_LEGACY,9.022341753241369,0.9498570418589038,1.467634115325222,0.9930507811687808,MULTI_DOSE_HILL
AAGACGGAUGUGCCAGAUAUU,AAUATCTGGCACAUCCGUCUUGA,asasgacgGfaUfGfUfgccagauauuL96,asAfsuadTc(Tgn)ggcacaUfcCfgucuusgsa,GOLD_LEGACY,8.290485162230139,5.122887724281104,1.81378030772592,0.9999983122085851,MULTI_DOSE_HILL
AAGACGGAUGUGCCAGAUAUU,AAUATCTGGCACAUCCGUCUUGA,asasgacggaUfGfUfgccagauauuL96,asdAsuadTcdTggcadCaUfccgucuusgsa,GOLD_LEGACY,8.082548732629501,8.268967164327416,3.999999884114348,0.999971585031304,MULTI_DOSE_HILL
AAGAGACCAAGAUGAAGUUUU,AAAACUTCAUCTUGGUCUCUUCA,asasgagaccAfAfGfaugaaguuuuL96,asdAsaadCudTcaucdTuGfgucucuuscsa,GOLD_LEGACY,8.874108502658288,1.336261627772856,3.9999999771423056,0.9999999981955154,MULTI_DOSE_HILL
AAGAGACCAAGAUGAAGUUUU,AAAACUTCAUCTUGGUCUCUUCU,asasgagaccAfAfGfaugaaguuuuL96,asdAsaadCudTcaucdTuGfgucucuuscsu,GOLD_LEGACY,8.583229134153042,2.6107835392568317,3.999681441110509,0.9999999999928229,MULTI_DOSE_HILL
AAGAUGAAGUUUCCCAGGCAU,ATGCCUGGGAAACUUCAUCUUGG,asasgaugaaGfUfUfucccaggcauL96,asdTsgcdCudGggaadAcUfucaucuusgsg,GOLD_LEGACY,8.062041182504927,8.668796689367156,4.0,0.9999998848823848,MULTI_DOSE_HILL
AAGAUGUCAGGGACUAGGGAU,AUCCCUAGUCCCUGACAUCUUCU,asasgaugUfcAfGfGfgacuagggauL96,asUfsccdCu(Agn)gucccuGfaCfaucuuscsu,GOLD_LEGACY,7.891355528089448,12.842349115538012,4.0,0.9083424764767094,MULTI_DOSE_HILL
AAGAUUACAAGAAACGGCUUA,UAAGCCGUUUCTUGUAAUCUUGU,asasgauuacAfAfGfaaacggcususa,VPudAagdCcdGuuucdTuGfuaaucuusgsu,GOLD_LEGACY,11.61727404375346,0.0024139371375544,0.5998329092197171,1.0,MULTI_DOSE_HILL
AAGAUUACAAGAAACGGCUUA,UAAGCCGUUUCUUGUAAUCUUGU,asasgauuAfcAfAfGfaaacggcususa,VPuAfagdCc(G2p)uuucuuGfuAfaucuusgsu,GOLD_LEGACY,10.647020482620023,0.0225413289803068,1.057918156490507,0.9999727376826104,MULTI_DOSE_HILL
AAGAUUGACAGGUUCAUGCAU,ATGCAUGAACCTGUCAAUCUUCU,asasgauugaCfAfGfguucaugcauL96,asdTsgcdAudGaaccdTgUfcaaucuuscsu,GOLD_LEGACY,10.606336164806656,0.0247550515584733,0.5364840782105328,1.0,MULTI_DOSE_HILL
AAGAUUGACAGGUUCAUGCAU,AUGCAUGAACCUGUCAAUCUUCU,asasgauuGfaCfAfGfguucaugcauL96,asUfsgcaUfgAfAfccugUfcAfaucuuscsu,GOLD_LEGACY,10.728204928460933,0.0186979963875472,0.5000426162630206,0.972442187855386,MULTI_DOSE_HILL
AAGCACAGCUAUCCAUCAGAU,ATCUGATGGAUAGCUGUGCUUGA,asasgcacagCfUfAfuccaucagauL96,asdTscudGadTggaudAgCfugugcuusgsa,GOLD_LEGACY,7.846740921012221,14.231775325085714,3.999999775641761,0.9999999767969964,MULTI_DOSE_HILL
AAGCACAGCUAUCCAUCAGAU,AUCUGATGGAUAGCUGUGCUUGA,asasgcacAfgCfUfAfuccaucagauL96,asUfscudGa(Tgn)ggauagCfuGfugcuusgsa,GOLD_LEGACY,8.000926511772493,9.978689018252377,0.7088553175421491,0.9860246266643408,MULTI_DOSE_HILL
AAGCAGAACGAGCUCUGGUGU,ACACCAGAGCUCGUUCUGCUUGG,asasgcagaaCfGfAfgcucugguguL96,asdCsacdCadGagcudCgUfucugcuusgsg,GOLD_LEGACY,7.884930809547106,13.03374411489963,0.7750170584019823,0.9943826576813578,MULTI_DOSE_HILL
AAGCAGAUAGAUGGUCCAGCU,AGCUGGACCAUCUAUCUGCUUCC,asasgcagAfuAfGfAfugguccagcuL96,asGfscudGg(Agn)ccaucuAfuCfugcuuscsc,GOLD_LEGACY,7.968550652987846,10.751012010008347,4.0,0.9819021627649582,MULTI_DOSE_HILL
AAGCAGAUAGAUGGUCCAGCU,AGCUGGACCAUCUAUCUGCUUCC,asasgcagauAfGfAfugguccagcuL96,asdGscudGgdAccaudCuAfucugcuuscsc,GOLD_LEGACY,8.24778396389795,5.652180678209194,0.8378940951622381,0.9933898926206064,MULTI_DOSE_HILL
AAGCCAACAAUCCUUGGCCUU,AAGGCCAAGGATUGUUGGCUUUG,asasgccaacAfAfUfccuuggccuuL96,asdAsggdCcdAaggadTuGfuuggcuususg,GOLD_LEGACY,8.757575073290512,1.7475311534592972,3.999966928455871,0.9999999998106088,MULTI_DOSE_HILL
AAGCCACAAGAUUACAAGAAA,UUUCTUGUAAUCUUGUGGCUUGU,asasgccaCfaAfGfAfuuacaagasasa,VPuUfucdTu(G2p)uaaucuUfgUfggcuusgsu,GOLD_LEGACY,12.0,0.001,0.6065184788595656,0.9896492662338884,MULTI_DOSE_HILL
AAGCUCGCAUGGUCAGUAAAA,UUUUACTGACCAUGCGAGCUUGG,asasgcu(Chd)GfcAfUfGfgucaguaaaaL96,VPusUfsuudAc(Tgn)gaccauGfcGfagcuusgsg,GOLD_LEGACY,7.826482744880346,14.911359991687352,3.999999702295866,0.9999999783190564,MULTI_DOSE_HILL
AAGGAUAAUAUCAAACACGUA,UACGTGTUUGATAUUAUCCUUUG,asasgga(Uhd)aaUfAfUfcaaacacguaL96,VPusdAscgdTg(Tgn)uugadTaUfuauccuususg,GOLD_LEGACY,7.112340105120598,77.20757195904498,0.7508348543960841,1.0,MULTI_DOSE_HILL
AAGGAUGAAGAGAUUACCA,UGGUAAUCUCUUCAUCCUUUU,mAmAfGmGfAmUfGfAfAmGfAmGfAmUfUmAfCmCfA,fU*fG*mGfUmAfAmUfCmUfCmUmUmCfAmUfCmCfUmU*mU*mU,GOLD_LEGACY,9.722675655127642,0.1893757408652136,4.0,0.977724714593054,MULTI_DOSE_HILL
AAGGCCAGGAGUCGGAACAUU,UGUUCCGACUCCUGGCCUUUU,fApsmApsfGmGfCmCfAmGfGmAfGmUfCmGfGmAfAmCfApsmUpsmU,mUpsfGpsmUfUmCfCmGfAmCfUmCfCmUfGmGfCmCfUmUpsmUpsmU,GOLD_LEGACY,6.000003273458462,999.9924626117509,0.5928848162388334,0.9999841552644312,MULTI_DOSE_HILL
AAGGCUACUGUUGGAUUGAUA,UAUCAATCCAACAGUAGCCUUUA,asasggcuAfcUfGfUfuggauugasusa,VPuAfucdAa(Tgn)ccaacaGfuAfgccuususa,GOLD_LEGACY,6.961332790378718,109.3118412488865,0.8252864619528669,0.9973975064702778,MULTI_DOSE_HILL
AAGGCUACUGUUGGAUUGAUA,UAUCAATCCAACAGUAGCCUUUA,asasggcuacUfGfUfuggauugasusa,VPudAucdAadTccaadCaGfuagccuususa,GOLD_LEGACY,10.695679701418774,0.0201520994897096,0.5000080642740438,0.9969485490105224,MULTI_DOSE_HILL
AAGGUCAAGAGGGAGAUGGGU,ACCCAUCUCCCTCUUGACCUUCC,asasggucaaGfAfGfggagauggguL96,asdCsccdAudCucccdTcUfugaccuuscsc,GOLD_LEGACY,7.9653206029818575,10.831270374903024,3.9999999999999702,0.9993633174949292,MULTI_DOSE_HILL
AAGGUGGAGGGUCUCACUUUU,AAAAGUGAGACCCUCCACCUUGU,asasggugGfaGfGfGfucucacuuuuL96,asAfsaagUfgAfGfacccUfcCfaccuusgsu,GOLD_LEGACY,10.875513258534214,0.0133194637883034,0.6149522233684458,0.9999999999999992,MULTI_DOSE_HILL
AAGGUGGAGGGUCUCACUUUU,AAAAGUGAGACCCUCCACCUUGU,asasgguggaGfGfGfucucacuuuuL96,asdAsaadGudGagacdCcUfccaccuusgsu,GOLD_LEGACY,11.278980325505444,0.0052604109666877,0.5000002546406952,0.9987555948147114,MULTI_DOSE_HILL
AAGUCAAGUCCACGAACUUUC,GAAAGUUCGUGGACUUGACUUUU,fApsmApsfGmUfCmAfAmGfUmCfCmAfCmGfAmAfCmUfUmUpsfC,vmGpsfApsmAfAmGfUmUfCmGfUmGfGmAfCmUfUmGfAmCfUmUpsmUpsmU,GOLD_LEGACY,6.004988160311463,988.5800448503468,4.0,1.0,MULTI_DOSE_HILL
AAGUCCACGAACUUUCUUCAU,AUGAAGAAAGUUCGUGGACUUUU,fApsmApsfGmUfCmCfAmCfGmAfAmCfUmUfUmCfUmUfCmApsfU,vmApsfUpsmGfAmAfGmAfAmAfGmUfUmCfGmUfGmGfAmCfUmUpsmUpsmU,GOLD_LEGACY,6.265179180054333,543.0262449551432,0.8345098040323711,1.0,MULTI_DOSE_HILL
AAGUCGUGGAUGCCUUGGUAU,AUACCAAGGCAUCCACGACUUUU,fApsmApsfGmUfCmGfUmGfGmAfUmGfCmCfUmUfGmGfUmApsfU,vmApsfUpsmAfCmCfAmAfGmGfCmAfUmCfCmAfCmGfAmCfUmUpsmUpsmU,GOLD_LEGACY,7.883446500756506,13.078366368945323,0.5000000000000001,0.9569896511240668,MULTI_DOSE_HILL
AAGUCUACAAACCAGUUGAA,UUCAACUGGUUUGUAGACUAU,(invAb)psmAps(L13)mAmGmUmCmUmAfCfAfAmAmCmCmAmGmUmUmGmApsmAps(invAb),(VPmU)psfUpsmCpsmAmAfCmUfGfGmUmUmUmGfUmAfGmAmCmUpsmApsmU,GOLD_LEGACY,6.079651212516894,832.4320395946702,1.3373565799189586,1.0,MULTI_DOSE_HILL
AAGUCUACAAACCAGUUGAA,UUCAACUGGUUUGUAGACUAU,(invAb)psmAps(L4)mAmGmUmCmUmAfCfAfAmAmCmCmAmGmUmUmGmApsmAps(invAb),(VPmU)psfUpsmCpsmAmAfCmUfGfGmUmUmUmGfUmAfGmAmCmUpsmApsmU,GOLD_LEGACY,6.019331621563789,956.4634494527584,2.024596959945953,0.9999999999374126,MULTI_DOSE_HILL
AAGUCUACAAACCAGUUGAA,UUCAACUGGUUUGUAGACUAU,(invAb)psmAps(L5)mAmGmUmCmUmAfCfAfAmAmCmCmAmGmUmUmGmApsmAps(invAb),(VPmU)psfUpsmCpsmAmAfCmUfGfGmUmUmUmGfUmAfGmAmCmUpsmApsmU,GOLD_LEGACY,6.159969977115298,691.8787990178396,0.8706861274345145,0.9999999988779638,MULTI_DOSE_HILL
AAGUCUCUCGUAGUGUUAAGA,UCUUAACACUACGAGAGACUUAA,asasgucucuCfGfUfaguguuaasgsa,VPudCuudAadCacuadCgAfgagacuusasa,GOLD_LEGACY,11.569780998528724,0.0026928924051686,0.5000000142175581,0.9834259710497348,MULTI_DOSE_HILL
AAGUCUGGUGUCCUGAAACUU,AAGUTUCAGGACACCAGACUUCU,asasgucuggUfGfUfccugaaacuuL96,asdAsgudTudCaggadCaCfcagacuuscsu,GOLD_LEGACY,8.208966221581274,6.180644698916892,0.911981991491812,0.9970489417638888,MULTI_DOSE_HILL
AAGUGGGCUCAUUAGGCA,UGCCUAAUGAGCCACACUUGG,mApsmApsfGmUmG(L1)fGfGfCmUmCfAmUmUmAmGfGpsmCpsmA,(VPmU)psfGpsmCmCmUfAmAmUmGmAmGmCmCfAmCfAmCmUmUpsmGpsmG,GOLD_LEGACY,6.546252637520861,284.2806910455016,1.1708615097340414,0.9999999999827044,MULTI_DOSE_HILL
AAGUGGGCUCAUUAGGCA,UGCCUAAUGAGCCACACUUGG,mApsmApsfGmUmG(L3)fGfGfCmUmCfAmUmUmAmGfGpsmCpsmA,(VPmU)psfGpsmCmCmUfAmAmUmGmAmGmCmCfAmCfAmCmUmUpsmGpsmG,GOLD_LEGACY,6.6434321513452606,227.2834686364417,1.2853557652508296,1.0,MULTI_DOSE_HILL
AAGUGGGCUCAUUAGGCA,UGCCUAAUGAGCCACACUUGG,mApsmApsfGmUmG(L4)fGfGfCmUmCfAmUmUmAmGfGpsmCpsmA,(VPmU)psfGpsmCmCmUfAmAmUmGmAmGmCmCfAmCfAmCmUmUpsmGpsmG,GOLD_LEGACY,6.799948573594847,158.5080876598724,1.6065526090408455,1.0,MULTI_DOSE_HILL
AAGUGGGCUCAUUAGGCA,UGCCUAAUGAGCCACACUUGG,mApsmApsfGmUmG(L5)fGfGfCmUmCfAmUmUmAmGfGpsmCpsmA,(VPmU)psfGpsmCmCmUfAmAmUmGmAmGmCmCfAmCfAmCmUmUpsmGpsmG,GOLD_LEGACY,6.0772833329538685,836.9830576979826,1.0228038453720805,1.0,MULTI_DOSE_HILL
AAGUGGGCUCAUUAGGCA,UGCCUAAUGAGCCACACUUGG,mApsmApsfGmUmG(L6)fGfGfCmUmCfAmUmUmAmGfGpsmCpsmA,(VPmU)psfGpsmCmCmUfAmAmUmGmAmGmCmCfAmCfAmCmUmUpsmGpsmG,GOLD_LEGACY,6.295952346306738,505.8801675109872,0.8166009959482476,1.0,MULTI_DOSE_HILL
AAGUGGGCUCAUUAGGCA,UGCCUAAUGAGCCACACUUGG,mApsmApsfGmUmG(L7)fGfGfCmUmCfAmUmUmAmGfGpsmCpsmA,(VPmU)psfGpsmCmCmUfAmAmUmGmAmGmCmCfAmCfAmCmUmUpsmGpsmG,GOLD_LEGACY,6.264683053217191,543.6469386243124,1.1396096594127167,1.0,MULTI_DOSE_HILL
AAGUGGGUGGUAUAGAGGCUA,UAGCCUCUAUACCACCCACUUGG,asasguggGfuGfGfUfauagaggcsusa,VPuAfgcdCu(C2p)uauaccAfcCfcacuusgsg,GOLD_LEGACY,11.800037848587914,0.0015847550756808,0.5000037510172496,0.9287283875009266,MULTI_DOSE_HILL
AAGUGUGGCUCAAAGGAUAAA,UTUATCCUUUGAGCCACACUUGG,asasgug(Uhd)ggCfUfCfaaaggauaaaL96,VPusdTsuadTc(C2p)uuugdAgCfcacacuusgsg,GOLD_LEGACY,7.582749131452768,26.13670695310223,3.999999959724823,0.999999984350314,MULTI_DOSE_HILL
AAGUGUGGCUCAUUAGGCA,UGCCUAAAUGAGCCACACUUGG,mApsmApsfGmUmGmUfGfGfCmUmCfAmUmUmAmGfGmCmA(Chol4),(VPmU)psfGpsmCmCmUfA(GNA-A)mUmGmAmGmCmCfAmCfAmCmUmUpsmGpsmG,GOLD_LEGACY,7.918503745992029,12.064136822726423,1.148308405304075,0.9664455052256736,MULTI_DOSE_HILL
AAGUGUGGCUCAUUAGGCA,UGCCUAAUGAGCCACACUUGG,(Chol4)mApsmApsfGmUmGmUfGfGfCmUmCfAmUmUmAmGfGpsmCpsmA,(VPmU)psfGpsmCmCmUfAmAmUmGmAmGmCmCfAmCfAmCmUmUpsmGpsmG,GOLD_LEGACY,7.761699622170613,17.310131927814748,1.0385064942277495,1.0,MULTI_DOSE_HILL
AAGUGUGGCUCAUUAGGCA,UGCCUAAUGAGCCACACUUGG,(L2)mApsmApsfGmUmGmUfGfGfCmUmCfAmUmUmAmGfGpsmCpsmA,(VPmU)psfGpsmCmCmUfAmAmUmGmAmGmCmCfAmCfAmCmUmUpsmGpsmG,GOLD_LEGACY,7.336711113087713,46.05628319798878,1.5178844971567826,0.9999999999999136,MULTI_DOSE_HILL
AAGUGUGGCUCAUUAGGCA,UGCCUAAUGAGCCACACUUGG,(L8)mApsmApsfGmUmGmUfGfGfCmUmCfAmUmUmAmGfGpsmCpsmA(L8),(VPmU)psfGpsmCmCmUfAmAmUmGmAmGmCmCfAmCfAmCmUmUpsmGpsmG,GOLD_LEGACY,6.098179821222263,797.6643430372746,1.0543430341181674,1.0,MULTI_DOSE_HILL
AAGUGUGGCUCAUUAGGCA,UGCCUAAUGAGCCACACUUGG,(L9)mApsmApsfGmUmGmUfGfGfCmUmCfAmUmUmAmGfGpsmCpsmA,(VPmU)psfGpsmCmCmUfAmAmUmGmAmGmCmCfAmCfAmCmUmUpsmGpsmG,GOLD_LEGACY,6.256834098910698,553.5615300973529,1.618132387653353,1.0,MULTI_DOSE_HILL
AAGUGUGGCUCAUUAGGCA,UGCCUAAUGAGCCACACUUGG,(L9)mApsmApsfGmUmGmUfGfGfCmUmCfAmUmUmAmGfGpsmCpsmA(L96),(VPmU)psfGpsmCmCmUfAmAmUmGmAmGmCmCfAmCfAmCmUmUpsmGpsmG,GOLD_LEGACY,6.437004679430272,365.59085242856247,1.917708844799641,0.9994853485873076,MULTI_DOSE_HILL
AAGUGUGGCUCAUUAGGCA,UGCCUAAUGAGCCACACUUGG,(invAb)psmApsmAmGmUmGmUfGfGfCmUmCmAmUmUmAmGmGmCpsmAps(invAb)(Chol4),(VPmU)psfGpsmCmCmUfAmAfUfGmAmGmCmCfAmCfAmCmUmUpsmGpsmG,GOLD_LEGACY,8.07421692466855,8.429136277709633,0.7762804214851122,0.9999999996839416,MULTI_DOSE_HILL
AAGUGUGGCUCAUUAGGCA,UGCCUAAUGAGCCACACUUGG,(invAb)psmApsmAmGmUmGmUfGfGfCmUmCmAmUmUmAmGmGmCpsmAps(invAb)(Chol4),(VPmU)psfGpsmCpsfCmUfAmAfUmGfAmGfCmCfAmCfAmCfUmUmGpsmG,GOLD_LEGACY,7.6333850057912755,23.26028299303761,0.9480911252752344,0.9999999998308716,MULTI_DOSE_HILL
AAGUGUGGCUCAUUAGGCA,UGCCUAAUGAGCCACACUUGG,mApsmApsfGmUmGmUfGfGfCmUmCfAmUmUmAmGfGmCmA(Chol4),(VPmU)psfGpsmCmCmUfAmAmUmGmAmGmCmCfAmCfAmCmUmUpsmGpsmG,GOLD_LEGACY,8.218962986171647,6.040001045953085,1.2350529758799,0.9817176967954488,MULTI_DOSE_HILL
AAGUGUGGCUCAUUAGGCA,UGCCUAAUGAGCCACACUUGG,mApsmApsfGmUmGmUfGfGfCmUmCfAmUmUmAmGfGpsmCpsmA(C7NH-L17),(VPmU)psfGpsmCmCmUfAmAmUmGmAmGmCmCfAmCfAmCmUmUpsmGpsmG,GOLD_LEGACY,7.583404626629707,26.09728770361088,1.3788923300008875,1.0,MULTI_DOSE_HILL
AAGUGUGGCUCAUUAGGCA,UGCCUAAUGAGCCACACUUGG,mApsmApsfGmUmGmUfGfGfCmUmCfAmUmUmAmGfGpsmCpsmA(L8),(VPmU)psfGpsmCmCmUfAmAmUmGmAmGmCmCfAmCfAmCmUmUpsmGpsmG,GOLD_LEGACY,6.368998221625391,427.5646369648448,1.6018309508219752,1.0,MULTI_DOSE_HILL
AAGUGUGGCUCAUUAGGCA,UGCCUAAUGAGCCACACUUGG,mApsmApsfGmUmGmUfGfGfCmUmCfAmUmUmAmGfGpsmCpsmA(L96),(VPmU)psfGpsmCmCmUfAmAmUmGmAmGmCmCfAmCfAmCmUmUpsmGpsmG,GOLD_LEGACY,6.571949947577175,267.9477116662224,1.605936353230933,0.9999999999996227,MULTI_DOSE_HILL
AAGUGUGGCUCAUUAGGCA,UGCCUAAUGAGCCACACUUGG,mApsmApsmGmUfGmUfGfGfCmUmCmAmUmUmAmGmGpsmCpsmA(Chol4),(VPmU)psfGpsmCmCmUfAmAfUfGmAmGmCmCfAmCfAmCmUmUpsmGpsmG,GOLD_LEGACY,8.249576403831622,5.628900815002807,0.922068683259916,1.0,MULTI_DOSE_HILL
AAGUGUGGCUCAUUAGGCA,UGCCUAAUGAGCCACACUUGG,mApsmApsmGmUfGmUfGfGfCmUmCmAmUmUmAmGmGpsmCpsmA(Chol4),(VPmU)psfGpsmCmCmUfAmAmUmGmAmGmCmCfAmCfAmCmUmUpsmGpsmG,GOLD_LEGACY,8.107955737479278,7.79909593470644,0.7687079553510595,0.9999999995847336,MULTI_DOSE_HILL
AAGUGUGGCUCAUUAGGCA,UGCCUAAUGAGCCACACUUGG,mApsmApsmGmUfGmUfGfGfCmUmCmAmUmUmAmGmGpsmCpsmA(Chol4),(VPmU)psfGpsmCpsfCmUfAmAfUmGfAmGfCmCfAmCfAmCfUmUmGpsmG,GOLD_LEGACY,7.83703368942825,14.553461809608034,1.0726388220998198,0.9999999999982578,MULTI_DOSE_HILL
AAGUGUGGCUCAUUAGGCA,UGCCUAAUGAGCCACACUUGGAG,(invAb)psmApsmAmGmUmGmUfGfGfCmUmCmAmUmUmAmGmGmCpsmAps(invAb)(Chol4),(VPmU)psfGpsmCmCmUfAmAfUfGmAmGmCmCfAmCfAmCmUmUmGmGpsmApsmG,GOLD_LEGACY,7.8998133009933955,12.594667280243929,1.069423956239453,0.9999999999994164,MULTI_DOSE_HILL
AAGUGUGGCUCAUUAGGCA,UGCCUAAUGAGCCACACUUGGUU,(invAb)psmApsmAmGmUmGmUfGfGfCmUmCmAmUmUmAmGmGmCpsmAps(invAb)(Chol4),(VPmU)psfGpsmCmCmUmAfAmUmGmAmGfCmCfAmCmAmCmUmUmGmGpsmUpsmU,GOLD_LEGACY,7.779114019401901,16.629759963743012,1.2777259599934754,0.9999999999990868,MULTI_DOSE_HILL
AAGUGUGGCUCAUUAGGCAAC,UGCCUAAUGAGCCACACUUGG,(invAb)psmApsmAmGmUfGmUfGfGfCmUmCmAmUmUmAmGmGmCmApsmApsmC(Chol4),(VPmU)psfGpsmCmCmUfAmAmUmGmAmGmCmCfAmCfAmCmUmUpsmGpsmG,GOLD_LEGACY,8.35983487322088,4.366818351743801,1.024332641852963,0.9999999999733707,MULTI_DOSE_HILL
AAGUGUGGCUCAUUAGGCATT,UGCCUAAAUGAGCCACACUUGG,mApsmApsfGmUmGmUfGfGfCmUmCfAmUmUmAmGfGpsmCpsmAdTdT(L2),(VPmU)psfGpsmCmCmUfA(GNA-A)mUmGmAmGmCmCfAmCfAmCmUmUpsmGpsmG,GOLD_LEGACY,7.306630561559274,49.35935073705474,1.2187050922677818,0.9999999999995154,MULTI_DOSE_HILL
AAGUGUGGCUCAUUAGGCATT,UGCCUAAUGAGCCACACUUGG,mApsmApsfGmUmGmUfGfGfCmUmCfAmUmUmAmGfGpsmCpsmAdTdT(Chol4),(VPmU)psfGpsmCmCmUfAmAmUmGmAmGmCmCfAmCfAmCmUmUpsmGpsmG,GOLD_LEGACY,8.152118594636582,7.045006617132117,1.2140590807747935,1.0,MULTI_DOSE_HILL
AAGUGUGGCUCAUUAGGCATT,UGCCUAAUGAGCCACACUUGG,mApsmApsfGmUmGmUfGfGfCmUmCfAmUmUmAmGfGpsmCpsmAdTdT(L10),(VPmU)psfGpsmCmCmUfAmAmUmGmAmGmCmCfAmCfAmCmUmUpsmGpsmG,GOLD_LEGACY,7.030747436611715,93.16495175161064,2.0061602791317523,0.9999999999999098,MULTI_DOSE_HILL
AAGUGUGGCUCAUUAGGCATT,UGCCUAAUGAGCCACACUUGG,mApsmApsfGmUmGmUfGfGfCmUmCfAmUmUmAmGfGpsmCpsmAdTdT(L2),(VPmU)psfGpsmCmCmUfAmAmUmGmAmGmCmCfAmCfAmCmUmUpsmGpsmG,GOLD_LEGACY,7.662761216536172,21.738961002492047,1.4006194729291543,1.0,MULTI_DOSE_HILL
AAGUGUGGCUCAUUAGGCAUU,UGCCUAAUGAGCCACACUUUU,mApsmApsfGmUfGmUfGmGfCmUfCmAfUmUfAmGfGmCfApsmUpsmU(Chol4),(VPmU)psfGpsmCfCmUfAmAfUmGfAmGfCmCfAmCfAmCfUmUpsmUpsmU,GOLD_LEGACY,8.00629352852567,9.85613109786711,1.2341152428558475,0.9908604733752532,MULTI_DOSE_HILL
AAGUUGAGAACAAAAAUUGGU,ACCAAUUUUUGUUCUCAACUUGA,asasguugAfgAfAfCfaaaaauugguL96,asCfscaaUfuUfUfuguuCfuCfaacuusgsa,GOLD_LEGACY,11.693071419491028,0.0020273492956188,0.5000000239511037,0.9940190656350432,MULTI_DOSE_HILL
AAGUUUCCCAGGCACAGGGCU,AGCCCUGUGCCTGGGAAACUUCA,asasguuuccCfAfGfgcacagggcuL96,asdGsccdCudGugccdTgGfgaaacuuscsa,GOLD_LEGACY,7.740931472809833,18.15802155022645,3.9999998780899215,0.9999999821137876,MULTI_DOSE_HILL
AAUACCAUUCCAUUGUUUGUA,UACAAACAAUGGAAUGGUAUUUA,asasuaccauUfCfCfauuguuugsusa,VPudAcadAadCaaugdGaAfugguauususa,GOLD_LEGACY,10.026077446818372,0.0941721646314516,0.5150897201422363,0.9882646538371734,MULTI_DOSE_HILL
AAUAGUCUACAAACCAGUUGA,UCAACUGGUUUGUAGACUAUUUG,asasuag(Uhd)CfuAfCfAfaaccaguugaL96,VPusCfsaadCu(G2p)guuuguAfgAfcuauususg,GOLD_LEGACY,10.024087875555152,0.0946045718214991,4.0,0.9970620124672448,MULTI_DOSE_HILL
AAUAUAAUGAGGACCUAUACA,UGUATAGGUCCUCAUUAUAUUUA,asasuauaAfuGfAfGfgaccuauascsa,VPuGfuadTa(G2p)guccucAfuUfauauususa,GOLD_LEGACY,10.376322503368044,0.0420414316362856,0.6878276966190362,0.99999999757583,MULTI_DOSE_HILL
AAUCAGGUGUCCUAGAGAAT,TUCUCUAGGACACCUGAUUTT,AfaUfcAfgGfUfGfuCfcUfaGfaGfaAf(invdT),dTUfcUfcUfaGfgAfcacCfuGfaUfudTsdT,GOLD_LEGACY,8.399583669779755,3.9848899330829592,3.9999998897360474,0.9999999830362104,MULTI_DOSE_HILL
AAUCAGUAAGAGGUGUUAUUA,UAAUAACACCUCUUACUGAUUUA,asasucagUfaAfGfAfgguguuaususa,VPuAfaudAa(C2p)accucuUfaCfugauususa,GOLD_LEGACY,10.201839493180458,0.062829051990316,1.5621974361528328,0.9999999999999994,MULTI_DOSE_HILL
AAUCCAAGCACAAGAUUAU,AUAAUCUUGUGCUUGGAUUUU,AmsAmsUmCmCfAmAfGfCfAmCmAmAmGmAmUmUmAmUm,AmsUfsAmAfUmCfUmUmGfUmGmCfUmUfGmGfAmUfUmsUmsUm,GOLD_LEGACY,11.2120337770914,0.0061371427190993,1.5796882277064073,0.9899197810558006,MULTI_DOSE_HILL
AAUCCAAGCACAAGAUUAU,AUAAUCUUGUGCUUGGAUUUU,AmsAmsUmCmCfAmAfGfCfAmCmAmAmGmAmUmUmAmUm(NAG1),AmsUfsAmAfUmCf(-)hmpNA(U)UmGfUmGmCfUmUfGmGfAmUfUmsUmsUm,GOLD_LEGACY,10.824330228082694,0.0149854494118621,1.188872926437515,0.9570682101990206,MULTI_DOSE_HILL
AAUCUGAGAAGCUUGACUUCA,UGAAGUCAAGCUUCUCAGAUUUU,asasuc(Uhd)gAfgAfAfGfcuugacuucaL96,VPusGfsaadGu(C2p)aagcuuCfuCfagauususu,GOLD_LEGACY,8.178552412409621,6.628993414769727,0.8685306335585072,0.9958913852877312,MULTI_DOSE_HILL
AAUGAGAGUACCUGUGAGCAU,ATGCTCACAGGTACUCUCAUUGU,asasugagagUfAfCfcugugagcauL96,asdTsgcdTcdAcaggdTaCfucucauusgsu,GOLD_LEGACY,10.462355491264962,0.0344861337907488,0.5031106343110977,1.0,MULTI_DOSE_HILL
AAUGAGAGUACCUGUGAGCAU,AUGCUCACAGGUACUCUCAUUGU,asasugagAfgUfAfCfcugugagcauL96,asUfsgcuCfaCfAfgguaCfuCfucauusgsu,GOLD_LEGACY,9.595564070222188,0.253767458247749,0.5315714100899064,0.9999999999989772,MULTI_DOSE_HILL
AAUGCUGCCCUGUACCCUGCC,GGCAGGGUACAGGGCAGCAUUUU,fApsmApsfUmGfCmUfGmCfCmCfUmGfUmAfCmCfCmUfGmCpsfC,vmGpsfGpsmCfAmGfGmGfUmAfCmAfGmGfGmCfAmGfCmAfUmUpsmUpsmU,GOLD_LEGACY,6.004988160311463,988.5800448503468,4.0,1.0,MULTI_DOSE_HILL
AAUGGCAAUGUGGUCAAGACU,AGUCTUGACCACAUUGCCAUUAU,asasuggcaaUfGfUfggucaagacuL96,asdGsucdTudGaccadCaUfugccauusasu,GOLD_LEGACY,7.920003830975082,12.022538293139414,3.9999981257273656,0.9999999672068958,MULTI_DOSE_HILL
AAUGGGGGUGGGGAGGCAAGU,ACUUGCCUCCCCACCCCCAUUCU,asasugggggUfGfGfggaggcaaguL96,asdCsuudGcdCucccdCaCfccccauuscsu,GOLD_LEGACY,8.786897754874822,1.6334364594740065,0.5000000000000207,0.9999621404879664,MULTI_DOSE_HILL
AAUGGUCGGGAUGCUGGCCAU,ATGGCCAGCAUCCCGACCAUUGC,asasuggucgGfGfAfugcuggccauL96,asdTsggdCcdAgcaudCcCfgaccauusgsc,GOLD_LEGACY,8.971246153941625,1.068449120868937,0.5176106961766802,0.9915789781531288,MULTI_DOSE_HILL
AAUGGUCGGGAUGCUGGCCAU,AUGGCCAGCAUCCCGACCAUUGC,asasugguCfgGfGfAfugcuggccauL96,asUfsggcCfaGfCfauccCfgAfccauusgsc,GOLD_LEGACY,8.733015299014797,1.849203475415757,0.7043680694437939,1.0,MULTI_DOSE_HILL
AAUGGUGUAGAACACUAAUUA,UAAUTAGUGUUCUACACCAUUAC,asasugguGfuAfGfAfacacuaaususa,VPuAfaudTa(G2p)uguucuAfcAfccauusasc,GOLD_LEGACY,10.256097716224618,0.0554500936253575,1.0468180985597535,0.9999995842180875,MULTI_DOSE_HILL
AAUGUCCACCAGCUCAUCUUU,AGAUGAGCUGGUGGACAUUUU,fApsmApsfUmGfUmCfCmAfCmCfAmGfCmUfCmAfUmCfUpsmUpsmU,mApsfGpsmAfUmGfAmGfCmUfGmGfUmGfGmAfCmAfUmUpsmUpsmU,GOLD_LEGACY,7.602641077136802,24.96657238002712,0.5000000000000001,0.91897837683921,MULTI_DOSE_HILL
AAUGUGGUCAAGACGGAUGUU,AACATCCGUCUTGACCACAUUGC,asasugugguCfAfAfgacggauguuL96,asdAscadTcdCgucudTgAfccacauusgsc,GOLD_LEGACY,8.366804960747107,4.2972937252369485,1.6852317868867963,0.9999999999977116,MULTI_DOSE_HILL
AAUUAGUCUACAAACCAGUUA,UAACTGGUUUGUAGACUAAUUGC,asasuuag(Uhd)cUfAfCfaaaccaguuaL96,VPusAfsacdTg(G2p)uuuguaGfaCfuaauusgsc,GOLD_LEGACY,9.76022305544639,0.173690851620653,0.5000853529497549,0.9999345772501032,MULTI_DOSE_HILL
AAUUCCAACCGACCAGCUUGU,ACAAGCTGGUCGGUUGGAAUUCU,asasuuccaaCfCfGfaccagcuuguL96,asdCsaadGcdTggucdGgUfuggaauuscsu,GOLD_LEGACY,9.902003676493973,0.1253130566594618,0.5000000007283473,0.9370844742885506,MULTI_DOSE_HILL
AAUUCCAACCGACCAGCUUGU,ACAAGCUGGUCGGUUGGAAUUCU,asasuuccAfaCfCfGfaccagcuuguL96,asCfsaagCfuGfGfucggUfuGfgaauuscsu,GOLD_LEGACY,9.635361248296858,0.2315467831123075,0.5000000000000001,0.9279780059785762,MULTI_DOSE_HILL
ACAAAAGCACUUCUUCCAA,UUGGAAGAAGUGCUUUUGUUU,mAmCfAmAfAmAfGfCfAmCfUmUfCmUfUmCfCmAfA,fU*fU*mGfGmAfAmGfAmAfGmUmGmCfUmUfUmUfGmU*mU*mU,GOLD_LEGACY,9.590381183318325,0.2568140718117327,3.999999999909893,0.9872430290226256,MULTI_DOSE_HILL
ACAAACCAGUUGACCUGAGCA,UGCUCAGGUCAACUGGUUUGUAG,ascsaaa(Chd)caGfUfUfgaccugagcaL96,VPusGfscudCa(G2p)gucaacUfgGfuuugusasg,GOLD_LEGACY,10.220172493113164,0.0602320308936373,3.999999999999947,0.9145021668625182,MULTI_DOSE_HILL
ACAACAGCACCUCAGUGUCUU,AAGACACUGAGGUGCUGUUGUCC,ascsaacaGfcAfCfCfucagugucuuL96,asAfsgacAfcUfGfagguGfcUfguuguscsc,GOLD_LEGACY,9.17939213040638,0.6616188492515009,0.6285240569296289,0.9999999979031008,MULTI_DOSE_HILL
ACAACAGCACCUCAGUGUCUU,AAGACACUGAGGUGCUGUUGUCC,ascsaacagcAfCfCfucagugucuuL96,asdAsgadCadCugagdGuGfcuguuguscsc,GOLD_LEGACY,11.006119814302403,0.0098600742578612,0.5000309921843265,0.963931916780645,MULTI_DOSE_HILL
ACAACCACCUGGCAAUAUGAU,ATCATATUGCCAGGUGGUUGUUG,ascsaaccacCfUfGfgcaauaugauL96,asdTscadTadTugccdAgGfugguugususg,GOLD_LEGACY,7.937326661058061,11.55242982117434,1.8441508512013116,0.9999997983484696,MULTI_DOSE_HILL
ACAACCAUCACCGUGUCCCUU,GGGACACGGUGAUGGUUGUUU,fApsmCpsfAmAfCmCfAmUfCmAfCmCfGmUfGmUfCmCfCpsmUpsmU,mGpsfGpsmGfAmCfAmCfGmGfUmGfAmUfGmGfUmUfGmUpsmUpsmU,GOLD_LEGACY,6.004988160311463,988.5800448503468,4.0,1.0,MULTI_DOSE_HILL
ACAAGAUUACAAGAAACGGCA,UGCCGUTUCUUGUAAUCUUGUGG,ascsaagauuAfCfAfagaaacggscsa,VPudGccdGudTucuudGuAfaucuugusgsg,GOLD_LEGACY,10.85861902679056,0.0138478060804076,0.6003654453588564,0.9993682668352728,MULTI_DOSE_HILL
ACAAUAGAAGACAGGUGGCUU,AAGCCACCUGUCUUCUAUUGUCU,ascsaauagaAfGfAfcagguggcuuL96,asdAsgcdCadCcugudCuUfcuauuguscsu,GOLD_LEGACY,6.000000541027993,999.9987542377844,0.5726175369073525,0.9602269262936964,MULTI_DOSE_HILL
ACAAUCCUUGGCCUGCCAGUU,AACUGGCAGGCCAAGGAUUGUUG,ascsaauccuUfGfGfccugccaguuL96,asdAscudGgdCaggcdCaAfggauugususg,GOLD_LEGACY,8.253741285698196,5.575177698832396,1.781593307167276,0.9999999999995164,MULTI_DOSE_HILL
ACAAUGAGAGUACCUGUGAGU,ACUCACAGGUACUCUCAUUGUGG,ascsaaugAfgAfGfUfaccugugaguL96,asCfsucaCfaGfGfuacuCfuCfauugusgsg,GOLD_LEGACY,9.11164210812781,0.7733175954365846,0.5338989079513266,0.9999999243087524,MULTI_DOSE_HILL
ACAAUGAGAGUACCUGUGAGU,ACUCACAGGUACUCUCAUUGUGG,ascsaaugagAfGfUfaccugugaguL96,asdCsucdAcdAgguadCuCfucauugusgsg,GOLD_LEGACY,11.164996694863314,0.0068391685211402,0.500000050918195,0.9821432993319592,MULTI_DOSE_HILL
ACACAGCAGGACACCAGCAGU,ACUGCUGGUGUCCUGCUGUGUCC,ascsacagcaGfGfAfcaccagcaguL96,asdCsugdCudGgugudCcUfgcuguguscsc,GOLD_LEGACY,8.030308137747964,9.325923792277948,0.7144390451726726,0.9860751523258834,MULTI_DOSE_HILL
ACACCACAUCAACAUAAUA,UAUUAUGUUGAUGUGGUGUCA,AmsCmsAmCmCfAmCfAfUfCmAmAmCmAmUmAmAmUmAm,UmsAfsUmUfAmUfGmUmUfGmAmUfGmUfGmGfUmGfUmsCmsAm,GOLD_LEGACY,10.043357040786985,0.090498828891401,3.999999991280331,0.9988642698144772,MULTI_DOSE_HILL
ACACCACAUCAACAUAAUAAG,UAUUAUGUUGAUGUGGUGUCA,AmsCmsAmCmCfAmCfAfUfCmAmAmCmAmUmAmAmUmAm(-NAG0052'),UmsAfsUmUfAmUfGmUfUmGfAmUfGmUfGmGfUmGfUmsCfsAm,GOLD_LEGACY,10.22700384957383,0.0592920068930223,1.4741911280818747,0.9965879844797556,MULTI_DOSE_HILL
ACACCAGCAGCCCUUCCUAGU,ACUAGGAAGGGCUGCUGGUGUCC,ascsaccagcAfGfCfccuuccuaguL96,asdCsuadGgdAagggdCuGfcugguguscsc,GOLD_LEGACY,7.8427936688353554,14.361715893294036,3.999999899553117,0.9999999771205474,MULTI_DOSE_HILL
ACACCAGCAUAGUCGGACAT,TGUCCGACUAUGCUGGUGUTT,AfcAfcCfaGfcAfuAfgUfcGfgAfcAf(invdT),dTGfuCfcGfaCfuAfuGfcUfgGfuGfudTsdT,GOLD_LEGACY,8.586925284108577,2.5886582288255715,3.9999998359619258,0.9999999724085226,MULTI_DOSE_HILL
ACACCUUUUUCACCUAACUAU,AUAGUUAGGUGAAAAAGGUGUUC,ascsaccuUfuUfUfCfaccuaacuauL96,asUfsaguu(Agn)ggugaaAfaAfggugususc,GOLD_LEGACY,8.464865596207288,3.428738814241442,0.7381955760437224,0.9923290389148548,MULTI_DOSE_HILL
ACACGUCCCGGGAGGCGGCAA,UUGCCGCCUCCCGGGACGUGUUU,ascsacg(Uhd)ccCfGfGfgaggcggcaaL96,VPusUfsgcdCg(C2p)cucccgGfgAfcgugususu,GOLD_LEGACY,6.041923858923204,907.9797044142332,3.9999021895294833,1.0,MULTI_DOSE_HILL
ACACUGUGUAAGCCAGAAGAU,AUCUUCUGGCUUACACAGUGUCC,ascsacugUfgUfAfAfgccagaagauL96,asUfscuuCfuGfGfcuuaCfaCfaguguscsc,GOLD_LEGACY,9.40401722846212,0.3944416542644602,0.5000000003307633,0.9994556120628147,MULTI_DOSE_HILL
ACAGACGGAGCAACUGCCAUU,AAUGGCAGUUGCUCCGUCUGUUG,ascsagacggAfGfCfaacugccauuL96,asdAsugdGcdAguugdCuCfcgucugususg,GOLD_LEGACY,9.35265789042096,0.4439582282871822,0.6174099257244021,0.9978768987915464,MULTI_DOSE_HILL
ACAGCACAGUUACUGGACAAU,ATUGTCCAGUAACUGUGCUGUUG,ascsagcacaGfUfUfacuggacaauL96,asdTsugdTcdCaguadAcUfgugcugususg,GOLD_LEGACY,7.961257721151151,10.933073779278114,4.0,0.9999999566615866,MULTI_DOSE_HILL
ACAGCUAUCCAUCAGAUGAUU,AAUCAUCUGAUGGAUAGCUGUGC,ascsagcuauCfCfAfucagaugauuL96,asdAsucdAudCugaudGgAfuagcugusgsc,GOLD_LEGACY,8.512125142707932,3.075210559804346,0.729276975516047,0.961024279128714,MULTI_DOSE_HILL
ACAGGACCCACUGGGAGACAU,ATGUCUCCCAGTGGGUCCUGUCC,ascsaggaccCfAfCfugggagacauL96,asdTsgudCudCccagdTgGfguccuguscsc,GOLD_LEGACY,7.824470882714379,14.98059687131435,3.999999887224957,0.9999999784527844,MULTI_DOSE_HILL
ACAGGAUUCUGAAAACUCCC,AGGGAGUUUUCAGAAUCCUGU,(GalNAc3)sacaggaUfuCfUfGfAfaaacucccs(invAb),asGfsggagUfuuucagAfaUfccusgsu,GOLD_LEGACY,9.42166493643165,0.3787346705148626,1.739074671175996,0.9454470448911156,MULTI_DOSE_HILL
ACAGGAUUCUGAAAACUCCC,AGGGAGUUUUCAGAAUCCUGUUU,(GalNAc3)sacaggaUfuCfUfGfAfaaacucccs(invAb),asGfsggagUfuuucagAfaUfccugususu,GOLD_LEGACY,9.256462133984382,0.5540358480649283,3.872259551781181,0.9669605929749536,MULTI_DOSE_HILL
ACAGGCUACAGGCAAUCCUGU,ACAGGATUGCCTGUAGCCUGUCA,ascsaggcuaCfAfGfgcaauccuguL96,asdCsagdGadTugccdTgUfagccuguscsa,GOLD_LEGACY,9.288535184924124,0.5145941148230638,0.5000012000513884,0.9954453177265606,MULTI_DOSE_HILL
ACAGGUUCAUGCAGGCUGUGU,ACACAGCCUGCAUGAACCUGUCA,ascsagguUfcAfUfGfcaggcuguguL96,asCfsacaGfcCfUfgcauGfaAfccuguscsa,GOLD_LEGACY,6.041923858923204,907.9797044142332,3.9999021895294833,1.0,MULTI_DOSE_HILL
ACAGGUUCAUGCAGGCUGUGU,ACACAGCCUGCAUGAACCUGUCA,ascsagguucAfUfGfcaggcuguguL96,asdCsacdAgdCcugcdAuGfaaccuguscsa,GOLD_LEGACY,9.000155712608716,0.9996415227367134,0.5038441527831683,0.9999999992384188,MULTI_DOSE_HILL
ACAUCAAGACUAAUCUUGA,UCAAGAUUAGUCUUGAUGUUU,mAmCfAmUfCmAfAfGfAmCfUmAfAmUfCmUfUmGfA,fU*fC*mAfAmGfAmUfUmAfGmUmCmUfUmGfAmUfGmU*mU*mU,GOLD_LEGACY,8.984320194970094,1.036763752765092,0.7223096063818693,0.971645694286236,MULTI_DOSE_HILL
ACAUGAGCAAGAUUUGCAACU,AGUUGCAAAUCUUGCUCAUGUAU,ascsaugaGfcAfAfGfauuugcaacuL96,asGfsuudGc(Agn)aaucuuGfcUfcaugusasu,GOLD_LEGACY,7.167669963475627,67.97199808824656,3.9999999999997815,0.9476662977463944,MULTI_DOSE_HILL
ACAUGAGCAAGAUUUGCAACU,AGUUGCAAAUCUUGCUCAUGUAU,ascsaugaGfcAfAfGfauuugcaacuL96,asGfsuugCfaAfAfucuuGfcUfcaugusasu,GOLD_LEGACY,7.912344923964667,12.236439746610923,1.4610382354555698,0.9251030245933316,MULTI_DOSE_HILL
ACAUGAGCUGUGAGGGUCAAU,ATUGACCCUCACAGCUCAUGUCU,ascsaugagcUfGfUfgagggucaauL96,asdTsugdAcdCcucadCaGfcucauguscsu,GOLD_LEGACY,7.878786816237923,13.219443827466511,3.999999973804565,0.999999973569807,MULTI_DOSE_HILL
ACAUGCAGUUGUAAACUUGAA,UUCAAGTUUACAACUGCAUGUUU,ascsaugcAfgUfUfGfuaaacuugsasa,VPuUfcadAg(Tgn)uuacaaCfuGfcaugususu,GOLD_LEGACY,9.953528086376462,0.1112940415202333,0.7171072730148247,0.9972915256938648,MULTI_DOSE_HILL
ACAUGUCAGUCUUGGUCCAT,TGGACCAAGACUGACAUGUTT,AfcAfuGfuCfAfGfuCfuUfgGfuCfcAf(invdT),dTGfgAfcCfaAfgAfcugAfcAfuGfudTsdT,GOLD_LEGACY,6.199323327248309,631.9412032420688,3.999908376412997,1.0,MULTI_DOSE_HILL
ACCAAGAUGAAGUUUCCCAGU,ACUGGGAAACUTCAUCUUGGUCU,ascscaagauGfAfAfguuucccaguL96,asdCsugdGgdAaacudTcAfucuugguscsu,GOLD_LEGACY,8.330579371884825,4.671115738167448,2.589325185154031,0.9999999955033618,MULTI_DOSE_HILL
ACCAAGGAUGAAGAGAUUA,UAAUCUCUUCAUCCUUGGUGC,AmsCmsCmAmAfGmGfAfUfGmAmAmGmAmGmAmUmUmAm,UmsAfsAmUfCmUfCmUmUfCmAmUfCmCfUmUfGmGfUmsGmsCm,GOLD_LEGACY,11.012444511773658,0.0097175210087736,1.9473830549990625,0.9783445984781204,MULTI_DOSE_HILL
ACCAAGGAUGAAGAGAUUA,UAAUCUCUUCAUCCUUGGUGC,AmsCmsCmAmAfGmGfAfUfGmAmAmGmAmGmAmUmUmAm(NAG1),UmsAfsAmUfCmUf(-)hmpNA(C)UmUfCmAmUfCmCfUmUfGmGfUmsGmsCm,GOLD_LEGACY,10.191484163054271,0.0643451528613328,1.112836315825651,0.9985979134138752,MULTI_DOSE_HILL
ACCACAGAGUCUGUGGAAGAU,AUCUUCCACAGACUCUGUGGUGG,ascscac(Ahd)GfaGfUfCfuguggaagsasu,asUfscuuCfcAfCfagacUfcUfguggusgsg,GOLD_LEGACY,9.1998170753586,0.631223159407926,3.9999875905664606,0.9999993258028372,MULTI_DOSE_HILL
ACCACCUGGCAAUAUGACUCU,AGAGTCAUAUUGCCAGGUGGUUG,ascscaccUfgGfCfAfauaugacucuL96,asGfsagdTc(Agn)uauugcCfaGfguggususg,GOLD_LEGACY,7.849836433771739,14.130696419943034,3.999999754802698,0.9999999765332388,MULTI_DOSE_HILL
ACCACCUGGCAAUAUGACUCU,AGAGTCAUAUUGCCAGGUGGUUG,ascscaccugGfCfAfauaugacucuL96,asdGsagdTcdAuauudGcCfagguggususg,GOLD_LEGACY,7.963698077094957,10.871811727655125,3.999993729965425,0.9999999558450844,MULTI_DOSE_HILL
ACCAGCAGCCCUUCCUAGAGU,ACUCTAGGAAGGGCUGCUGGUGU,ascscagcagCfCfCfuuccuagaguL96,asdCsucdTadGgaagdGgCfugcuggusgsu,GOLD_LEGACY,7.934119888322165,11.638047132060434,3.9999982862726777,0.9999999641934084,MULTI_DOSE_HILL
ACCAGCUGAAUUACUGCAGUU,AACUGCAGUAATUCAGCUGGUAC,ascscagcugAfAfUfuacugcaguuL96,asdAscudGcdAguaadTuCfagcuggusasc,GOLD_LEGACY,8.033385603844085,9.260072696878064,4.0,0.9999999164767605,MULTI_DOSE_HILL
ACCAGCUGAAUUACUGCAGUU,AACUGCAGUAAUUCAGCUGGUAC,ascscagcUfgAfAfUfuacugcaguuL96,asAfscudGc(Agn)guaauuCfaGfcuggusasc,GOLD_LEGACY,7.887061063299248,12.969968959343973,3.9999995694169694,0.9999999725272488,MULTI_DOSE_HILL
ACCAGCUUGUUUGUGAAACAU,ATGUTUCACAAACAAGCUGGUCG,ascscagcuuGfUfUfugugaaacauL96,asdTsgudTudCacaadAcAfagcugguscsg,GOLD_LEGACY,11.667243489897126,0.002151575102566,0.5000000140233308,0.994125350544491,MULTI_DOSE_HILL
ACCAGCUUGUUUGUGAAACAU,AUGUUUCACAAACAAGCUGGUCG,ascscagcUfuGfUfUfugugaaacauL96,asUfsguuUfcAfCfaaacAfaGfcugguscsg,GOLD_LEGACY,11.278980325505444,0.0052604109666877,0.5000002546406952,0.9987555948147114,MULTI_DOSE_HILL
ACCAGUUGACCUGAGCAAGGA,UCCUTGCUCAGGUCAACUGGUUU,ascscag(Uhd)UfgAfCfCfugagcaaggaL96,VPusCfscudTg(C2p)ucagguCfaAfcuggususu,GOLD_LEGACY,9.928183174508325,0.1179822911014019,3.999999999963521,0.9968595660758316,MULTI_DOSE_HILL
ACCAUCACAGAUGCUGAAACA,UGUUTCAGCAUCUGUGAUGGUUC,ascscaucAfcAfGfAfugcugaaascsa,VPuGfuudTc(Agn)gcaucuGfuGfauggususc,GOLD_LEGACY,12.0,0.001,0.5830325892028257,0.9216263002086964,MULTI_DOSE_HILL
ACCAUUAUGGACAGAGUUAT,TAACUCUGUCCAUAAUGGUTT,AfcCfaUfuAfUfGfgAfcAfgAfgUfuAf(invdT),dTAfaCfuCfuGfuCfcauAfaUfgGfudTsdT,GOLD_LEGACY,8.504952044614596,3.126424572103913,3.999999971389665,0.9999999795560086,MULTI_DOSE_HILL
ACCAUUCCAUUGUUUGUGCAA,UTGCACAAACAAUGGAAUGGUAU,ascscauuccAfUfUfguuugugcsasa,VPudTgcdAcdAaacadAuGfgaauggusasu,GOLD_LEGACY,9.541241738321666,0.2875797234105458,1.0491818365077532,0.999999994986219,MULTI_DOSE_HILL
ACCCAAAUGGGCACUUUCUUU,AAAGAAAGUGCCCAUUUGGGUCC,ascsccaaauGfGfGfcacuuucuuuL96,asdAsagdAadAgugcdCcAfuuuggguscsc,GOLD_LEGACY,8.237470830791407,5.788008619632635,1.0768894129688205,0.9992874939154092,MULTI_DOSE_HILL
ACCCAACAACCACCUGGCAAU,ATUGCCAGGUGGUUGUUGGGUUG,ascsccaacaAfCfCfaccuggcaauL96,asdTsugdCcdAggugdGuUfguugggususg,GOLD_LEGACY,7.9368402665018225,11.565375384493054,3.99999811240066,0.9999999635495904,MULTI_DOSE_HILL
ACCCAAGCUCGCAUGGUCAGA,UCUGACCAUGCGAGCUUGGGUCA,ascscca(Ahd)GfcUfCfGfcauggucagaL96,VPusCfsugdAc(C2p)augcgaGfcUfuggguscsa,GOLD_LEGACY,7.538953173295517,28.90991579418945,0.729960303796858,0.994441766140829,MULTI_DOSE_HILL
ACCCAAGCUCGCAUGGUCAGA,UCUGACCAUGCGAGCUUGGGUCA,ascscca(Ahd)gcUfCfGfcauggucagaL96,VPusdCsugdAcdCaugcdGaGfcuuggguscsa,GOLD_LEGACY,7.894124870237444,12.760718543326783,1.6631908798061337,0.9999990387496646,MULTI_DOSE_HILL
ACCCACUGGGAGACAAGCAUU,AAUGCUTGUCUCCCAGUGGGUCC,ascsccacUfgGfGfAfgacaagcauuL96,asAfsugdCu(Tgn)gucuccCfaGfuggguscsc,GOLD_LEGACY,8.433125973398287,3.688705867998512,1.705133138430139,0.9999894228595664,MULTI_DOSE_HILL
ACCCACUGGGAGACAAGCAUU,AAUGCUTGUCUCCCAGUGGGUCC,ascsccacugGfGfAfgacaagcauuL96,asdAsugdCudTgucudCcCfaguggguscsc,GOLD_LEGACY,7.987046310400369,10.302762524794367,3.9999998095456215,0.9884594395317288,MULTI_DOSE_HILL
ACCCAUUAGGAUAAUGUCUUU,AGACAUUAUCCUAAUGGGUUU,fApsmCpsfCmCfAmUfUmAfGmGfAmUfAmAfUmGfUmCfUpsmUpsmU,mApsfGpsmAfCmAfUmUfAmUfCmCfUmAfAmUfGmGfGmUpsmUpsmU,GOLD_LEGACY,8.987205991900565,1.0298975098899723,0.8516818076515962,0.9438763010788525,MULTI_DOSE_HILL
ACCGACCAGCUUGUUUGUGAU,ATCACAAACAAGCUGGUCGGUUG,ascscgaccaGfCfUfuguuugugauL96,asdTscadCadAacaadGcUfggucggususg,GOLD_LEGACY,9.634988039556728,0.2317458471753172,0.5000001066792377,0.999648233407026,MULTI_DOSE_HILL
ACCGACCAGCUUGUUUGUGAU,AUCACAAACAAGCUGGUCGGUUG,ascscgacCfaGfCfUfuguuugugauL96,asUfscacAfaAfCfaagcUfgGfucggususg,GOLD_LEGACY,10.185094626521296,0.0652988260396086,0.6601800113389608,1.0,MULTI_DOSE_HILL
ACCGCCCAUUCCUGUUUGCUU,AAGCAAACAGGAAUGGGCGGUUC,ascscgccCfaUfUfCfcuguuugcuuL96,asAfsgcaAfaCfAfggaaUfgGfgcggususc,GOLD_LEGACY,9.56605949856515,0.2716067140767582,0.563466323111079,0.9999998522479284,MULTI_DOSE_HILL
ACCGCCCAUUCCUGUUUGCUU,AAGCAAACAGGAAUGGGCGGUUC,ascscgcccaUfUfCfcuguuugcuuL96,asdAsgcdAadAcaggdAaUfgggcggususc,GOLD_LEGACY,10.301115252139851,0.0499901854488591,0.5000016514154126,0.997507076840052,MULTI_DOSE_HILL
ACCGUGUCCCCCUUCUAUGGG,CCCAUAGAAGGGGGACACGGUUU,fApsmCpsfCmGfUmGfUmCfCmCfCmCfUmUfCmUfAmUfGmGpsfG,vmCpsfCpsmCfAmUfAmGfAmAfGmGfGmGfGmAfCmAfCmGfGmUpsmUpsmU,GOLD_LEGACY,6.004988160311463,988.5800448503468,4.0,1.0,MULTI_DOSE_HILL
ACCGUGUCCCCCUUCUAUGUU,CAUAGAAGGGGGACACGGUUU,fApsmCpsfCmGfUmGfUmCfCmCfCmCfUmUfCmUfAmUfGpsmUpsmU,mCpsfApsmUfAmGfAmAfGmGfGmGfGmAfCmAfCmGfGmUpsmUpsmU,GOLD_LEGACY,6.004988160311463,988.5800448503468,4.0,1.0,MULTI_DOSE_HILL
ACCUGACCAGUCGUCCCAGAU,ATCUGGGACGACUGGUCAGGUGC,ascscugaccAfGfUfcgucccagauL96,asdTscudGgdGacgadCuGfgucaggusgsc,GOLD_LEGACY,8.145378593984592,7.155193879059282,0.8025353494419399,0.992787062924438,MULTI_DOSE_HILL
ACCUGCAAAAAUUGAGCAAUU,AAUUGCTCAAUTUUUGCAGGUUC,ascscugcaaAfAfAfuugagcaauuL96,asdAsuudGcdTcaaudTuUfugcaggususc,GOLD_LEGACY,10.47949853609408,0.033151368726567,3.979403874895376,0.9999999915496632,MULTI_DOSE_HILL
ACCUGCAAAAAUUGAGCAAUU,AAUUGCUCAAUUUUUGCAGGUUC,ascscugcAfaAfAfAfuugagcaauuL96,asAfsuugCfuCfAfauuuUfuGfcaggususc,GOLD_LEGACY,12.0,0.001,0.7034763684306824,0.969970037493852,MULTI_DOSE_HILL
ACCUGGAUCAUAAUGGCAAUU,AAUUGCCAUUATGAUCCAGGUAG,ascscuggauCfAfUfaauggcaauuL96,asdAsuudGcdCauuadTgAfuccaggusasg,GOLD_LEGACY,8.72348104803866,1.890248717012672,3.999999999663199,0.9999999999010616,MULTI_DOSE_HILL
ACCUGGCAAUAUGACUCACUU,AAGUGAGUCAUAUUGCCAGGUGG,ascscuggcaAfUfAfugacucacuuL96,asdAsgudGadGucaudAuUfgccaggusgsg,GOLD_LEGACY,8.749446639263745,1.7805466669738033,3.999999999996497,0.99999999983787,MULTI_DOSE_HILL
ACCUGUUUUGCUUUUGUAACU,AGUUACAAAAGCAAAACAGGUCU,ascscuguUuUGCuuuuguaacu,asGsuuacAaaagCaAaAcagguscsu,GOLD_LEGACY,6.085756791750367,820.8110761618964,0.9271763168563296,0.9999999998832684,MULTI_DOSE_HILL
ACCUUAACUCUGCCCUCUAGU,ACUAGAGGGCAGAGUUAAGGUAU,ascscuuaacUfCfUfgcccucuaguL96,asdCsuadGadGggcadGaGfuuaaggusasu,GOLD_LEGACY,7.605742500789787,24.78891391016956,3.999999983934563,0.9999999841950667,MULTI_DOSE_HILL
ACCUUUUCUUCUAAUGAGUCU,AGACTCAUUAGAAGAAAAGGUGG,ascscuuuucUfUfCfuaaugagucuL96,asdGsacdTcdAuuagdAaGfaaaaggusgsg,GOLD_LEGACY,10.262518732053676,0.05463629835648,0.5000000025373592,0.9978863879800998,MULTI_DOSE_HILL
ACCUUUUCUUCUAAUGAGUCU,AGACUCAUUAGAAGAAAAGGUGG,ascscuuuUfcUfUfCfuaaugagucuL96,asGfsacuCfaUfUfagaaGfaAfaaggusgsg,GOLD_LEGACY,9.24897803340154,0.5636661653182553,0.6855424025363216,0.9999999451586852,MULTI_DOSE_HILL
ACGAAGUCGUGGAUGCCUUGG,CCAAGGCAUCCACGACUUCGUUU,fApsmCpsfGmAfAmGfUmCfGmUfGmGfAmUfGmCfCmUfUmGpsfG,vmCpsfCpsmAfAmGfGmCfAmUfCmCfAmCfGmAfCmUfUmCfGmUpsmUpsmU,GOLD_LEGACY,6.245791444623583,567.817215143613,0.5000000000000001,0.939207212521795,MULTI_DOSE_HILL
ACGACGCAGAGCGCGGCUGGA,UCCAGCCGCGCUCUGCGUCGUUU,fApsmCpsfGmAfCmGfCmAfGmAfGmCfGmCfGmGfCmUfGmGpsfA,vmUpsfCpsmCfAmGfCmCfGmCfGmCfUmCfUmGfCmGfUmCfGmUpsmUpsmU,GOLD_LEGACY,7.029875810637459,93.35212091606344,2.276253106478696,0.9999999981727278,MULTI_DOSE_HILL
ACGCAGAGCGCGGCUGGAGCU,AGCUCCAGCCGCGCUCUGCGUUU,fApsmCpsfGmCfAmGfAmGfCmGfCmGfGmCfUmGfGmAfGmCpsfU,vmApsfGpsmCfUmCfCmAfGmCfCmGfCmGfCmUfCmUfGmCfGmUpsmUpsmU,GOLD_LEGACY,7.13641951798672,73.04331617832207,4.0,0.9999999776909908,MULTI_DOSE_HILL
ACGCCUCUGCACAGGGAACCU,AGGUUCCCUGUGCAGAGGCGUUU,fApsmCpsfGmCfCmUfCmUfGmCfAmCfAmGfGmGfAmAfCmCpsfU,vmApsfGpsmGfUmUfCmCfCmUfGmUfGmCfAmGfAmGfGmCfGmUpsmUpsmU,GOLD_LEGACY,6.693376788372893,202.59242906699436,1.1853447565762492,1.0,MULTI_DOSE_HILL
ACGCGCGCAUGUUGUUCGGUU,CCGAACAACAUGCGCGCGUUU,fApsmCpsfGmCfGmCfGmCfAmUfGmUfUmGfUmUfCmGfGpsmUpsmU,mCpsfCpsmGfAmAfCmAfAmCfAmUfGmCfGmCfGmCfGmUpsmUpsmU,GOLD_LEGACY,6.004988160311463,988.5800448503468,4.0,1.0,MULTI_DOSE_HILL
ACGCUCUCUGGACUUCACAGU,ACUGTGAAGUCCAGAGAGCGUGG,ascsgcucucUfGfGfacuucacaguL96,asdCsugdTgdAagucdCaGfagagcgusgsg,GOLD_LEGACY,10.583055542182247,0.0261182730487535,0.5000014594678177,0.9648810289156152,MULTI_DOSE_HILL
ACGCUCUCUGGACUUCACAGU,ACUGUGAAGUCCAGAGAGCGUGG,ascsgcucUfcUfGfGfacuucacaguL96,asCfsuguGfaAfGfuccaGfaGfagcgusgsg,GOLD_LEGACY,7.777450215188428,16.693591611687896,0.6335286830410257,0.9940986289712064,MULTI_DOSE_HILL
ACGGAGCAACUGCCAUCCGAU,ATCGGATGGCAGUUGCUCCGUCU,ascsggagcaAfCfUfgccauccgauL96,asdTscgdGadTggcadGuUfgcuccguscsu,GOLD_LEGACY,8.221561056641132,6.0039759420979495,1.248100352909742,0.999852864965394,MULTI_DOSE_HILL
ACGGAGCAACUGCCAUCCGAU,AUCGGATGGCAGUUGCUCCGUCU,ascsggagCfaAfCfUfgccauccgauL96,asUfscgdGa(Tgn)ggcaguUfgCfuccguscsu,GOLD_LEGACY,8.833057585855327,1.4687315163200128,0.7411883087011549,1.0,MULTI_DOSE_HILL
ACGGAUGUGCCAGAUAUGGUU,AACCAUAUCUGGCACAUCCGUCU,ascsggauguGfCfCfagauaugguuL96,asdAsccdAudAucugdGcAfcauccguscsu,GOLD_LEGACY,8.403677161337416,3.947506362462056,2.210624199223912,0.9999998243153232,MULTI_DOSE_HILL
ACGUAGACUUCCAGGAACUGU,ACAGTUCCUGGAAGUCUACGUAA,ascsguagacUfUfCfcaggaacuguL96,asdCsagdTudCcuggdAaGfucuacgusasa,GOLD_LEGACY,7.777661646355711,16.68546651066047,3.999999989007535,0.9999999808803052,MULTI_DOSE_HILL
ACGUUCUGGUGUCUGACUUUU,AAGUCAGACACCAGAACGUUU,fApsmCpsfGmUfUmCfUmGfGmUfGmUfCmUfGmAfCmUfUpsmUpsmU,mApsfApsmGfUmCfAmGfAmCfAmCfCmAfGmAfAmCfGmUpsmUpsmU,GOLD_LEGACY,8.736137114730049,1.835958606044945,0.5159169738824829,0.9842399557191188,MULTI_DOSE_HILL
ACUAAAUACCAUUCCAUUGUA,UACAAUGGAAUGGUAUUUAGUCC,ascsuaaauaCfCfAfuuccauugsusa,VPudAcadAudGgaaudGgUfauuuaguscsc,GOLD_LEGACY,11.99862113135266,0.001003180007924,0.5486307901716163,0.9999998462497924,MULTI_DOSE_HILL
ACUACCAUUAUGGACAGAAT,TUCUGUCCAUAAUGGUAGUTT,AfcUfaCfcAfUfUfaUfgGfaCfaGfaAf(invdT),dTUfcUfgUfcCfaUfaauGfgUfaGfudTsdT,GOLD_LEGACY,8.522404379942778,3.003278589885777,3.999999841628743,0.9999999785205524,MULTI_DOSE_HILL
ACUCAACAGACGGAGCAACUU,AAGUTGCUCCGTCUGUUGAGUCU,ascsucaacaGfAfCfggagcaacuuL96,asdAsgudTgdCuccgdTcUfguugaguscsu,GOLD_LEGACY,8.98048397379989,1.045962287526548,1.0584467505314907,0.964715295278706,MULTI_DOSE_HILL
ACUCCACUUCAGCCUACAGCU,AGCUGUAGGCUGAAGUGGAGUCU,ascsuccaCfuUfCfAfgccuacagcuL96,asGfscudGu(Agn)ggcugaAfgUfggaguscsu,GOLD_LEGACY,7.763487185925287,17.239029548907517,1.940053730678186,1.0,MULTI_DOSE_HILL
ACUCCACUUCAGCCUACAGCU,AGCUGUAGGCUGAAGUGGAGUCU,ascsuccacuUfCfAfgccuacagcuL96,asdGscudGudAggcudGaAfguggaguscsu,GOLD_LEGACY,7.813806860806392,15.352996085634183,3.999999999999972,0.9999820151181926,MULTI_DOSE_HILL
ACUCCCACUACAUCAAGAA,UUCUUGAUGUAGUGGGAGUUU,mAmCfUmCfCmCfAfCfUmAfCmAfUmCfAmAfGmAfA,fU*fU*mCfUmUfGmAfUmGfUmAmGmUfGmGfGmAfGmU*mU*mU,GOLD_LEGACY,9.138749292461466,0.7265252415814731,3.0165899592863035,0.9274026151822858,MULTI_DOSE_HILL
ACUCCCUCAACUGGAUGAAGU,ACUUCATCCAGTUGAGGGAGUUU,ascsucccucAfAfCfuggaugaaguL96,asdCsuudCadTccagdTuGfagggagususu,GOLD_LEGACY,10.99172756581875,0.0101923055382434,0.5000000207686912,0.999953676937873,MULTI_DOSE_HILL
ACUCCCUCAACUGGAUGAAGU,ACUUCAUCCAGUUGAGGGAGUUU,ascsucccUfcAfAfCfuggaugaaguL96,asCfsuucAfuCfCfaguuGfaGfggagususu,GOLD_LEGACY,9.273910072785988,0.532218451704832,1.1453091636318011,1.0,MULTI_DOSE_HILL
ACUCUAAGAUCUGAUGAAGU,UACUUCAUCAGAUCUUAGAGUUU,(GalNAc3)scaaugcUfuCfAfAfUfgucccagus(invAb),asAfscuggGfacauUfgAfaGfcauugsasg,GOLD_LEGACY,9.35447319546386,0.4421064027193352,3.9114223510329382,0.962954437096942,MULTI_DOSE_HILL
ACUCUGGAAUCCAUUCUGGUA,UACCAGAAUGGAUUCCAGAGUCC,ascsucugGfaAfUfCfcauucugguaL96,VPusAfsccaGfaAfUfggauUfcCfagaguscsc,GOLD_LEGACY,9.478474374681069,0.3322963916075581,0.6781466778511079,0.999999997545306,MULTI_DOSE_HILL
ACUGCAGUGGGCAGUGCCCUU,AAGGGCACUGCCCACUGCAGUAA,ascsugcaguGfGfGfcagugcccuuL96,asdAsggdGcdAcugcdCcAfcugcagusasa,GOLD_LEGACY,7.965522339146016,10.82624025913592,3.99999999999998,0.9999999552204112,MULTI_DOSE_HILL
ACUGGAUACUGCAGCCCGAGU,ACUCGGGCUGCAGUAUCCAGUCC,ascsuggauaCfUfGfcagcccgaguL96,asdCsucdGgdGcugcdAgUfauccaguscsc,GOLD_LEGACY,8.04208305347852,9.07646937265851,2.076866548258451,0.9999999628102988,MULTI_DOSE_HILL
ACUGGCCAUCUUUAAGUCUGA,UCAGACUUAAAGAUGGCCAGUAA,ascsuggcCfaUfCfUfuuaagucugaL96,VPusCfsagaCfuUfAfaagaUfgGfccagusasa,GOLD_LEGACY,9.688799977267555,0.204738738350883,0.7735429202654812,0.999999999976558,MULTI_DOSE_HILL
ACUGUCACAGACUCCACUUCU,AGAAGUGGAGUCUGUGACAGUAG,ascsugucacAfGfAfcuccacuucuL96,asdGsaadGudGgagudCuGfugacagusasg,GOLD_LEGACY,8.76585868170463,1.714515115510204,3.99999999199858,0.9999999997781236,MULTI_DOSE_HILL
ACUGUUGGAUUGAUUCGAAAA,UTUUCGAAUCAAUCCAACAGUAG,ascsuguuggAfUfUfgauucgaasasa,VPudTuudCgdAaucadAuCfcaacagusasg,GOLD_LEGACY,11.69218891217804,0.002031473155594,0.5000000037800634,0.9711656402511716,MULTI_DOSE_HILL
ACUGUUGGAUUGAUUCGAAAA,UUUUCGAAUCAAUCCAACAGUAG,ascsuguuGfgAfUfUfgauucgaaaaL96,VPusUfsuucGfaAfUfcaauCfcAfacagusasg,GOLD_LEGACY,9.581399082756231,0.262180819884696,0.7481843466147629,0.999999999205442,MULTI_DOSE_HILL
ACUUCAGCCUACAGCUCCCUU,AAGGGAGCUGUAGGCUGAAGUGG,ascsuucagcCfUfAfcagcucccuuL96,asdAsggdGadGcugudAgGfcugaagusgsg,GOLD_LEGACY,7.918297528674469,12.069866632300757,3.999999164671925,0.999999967537216,MULTI_DOSE_HILL
ACUUCCAGGAACUGGGAUGGU,ACCATCCCAGUTCCUGGAAGUCU,ascsuuccagGfAfAfcugggaugguL96,asdCscadTcdCcagudTcCfuggaaguscsu,GOLD_LEGACY,7.730917762741097,18.58156279069196,3.99999991879052,0.9999999823782708,MULTI_DOSE_HILL
ACUUCUUGGGCUUCCGUAUAU,ATAUACGGAAGCCCAAGAAGUUG,ascsuucuugGfGfCfuuccguauauL96,asdTsaudAcdGgaagdCcCfaagaagususg,GOLD_LEGACY,11.096393764938464,0.0080095152951941,0.5306095429843914,0.9999999999999998,MULTI_DOSE_HILL
ACUUCUUGGGCUUCCGUAUAU,AUAUACGGAAGCCCAAGAAGUUG,ascsuucuUfgGfGfCfuuccguauauL96,asUfsauaCfgGfAfagccCfaAfgaagususg,GOLD_LEGACY,10.662230112441286,0.021765562108946,0.5050418090697358,1.0,MULTI_DOSE_HILL
ACUUGCUACCCAUUAGGAUAU,AUAUCCTAAUGGGUAGCAAGUUG,ascsuugcUfaCfCfCfauuaggauauL96,asUfsaucc(Tgn)aaugggUfaGfcaagususg,GOLD_LEGACY,8.969385338126454,1.0730369122732353,3.999999999999999,0.9887303520816428,MULTI_DOSE_HILL
ACUUUCAGCCUUCCUGAGUCU,AGACTCAGGAAGGCUGAAAGUAG,ascsuuucAfgCfCfUfuccugagucuL96,asGfsacdTc(Agn)ggaaggCfuGfaaagusasg,GOLD_LEGACY,7.824470882714379,14.98059687131435,3.999999887224957,0.9999999784527844,MULTI_DOSE_HILL
ACUUUCAGCCUUCCUGAGUCU,AGACTCAGGAAGGCUGAAAGUAG,ascsuuucagCfCfUfuccugagucuL96,asdGsacdTcdAggaadGgCfugaaagusasg,GOLD_LEGACY,6.701348669328289,198.9075786591677,0.5205764516677983,0.9655252502321254,MULTI_DOSE_HILL
ACUUUCCAGCAAAACUCCCUU,AAGGGAGUUUUGCUGGAAAGUGA,ascsuuucCfaGfCfAfaaacucccuuL96,asAfsgggAfgUfUfuugcUfgGfaaagusgsa,GOLD_LEGACY,11.84375997065482,0.0014329796711091,0.6294283866486939,1.0,MULTI_DOSE_HILL
ACUUUCCAGCAAAACUCCCUU,AAGGGAGUUUUGCUGGAAAGUGA,ascsuuuccaGfCfAfaaacucccuuL96,asdAsggdGadGuuuudGcUfggaaagusgsa,GOLD_LEGACY,10.353284232510909,0.0443318410569971,3.9999999988417456,0.9999999919102835,MULTI_DOSE_HILL
AGAACAAAAAUUGGGUUUUAU,ATAAAACCCAATUUUUGUUCUCA,asgsaacaaaAfAfUfuggguuuuauL96,asdTsaadAadCccaadTuUfuuguucuscsa,GOLD_LEGACY,10.47824523295051,0.0332471763536402,3.994664958999265,0.9999999921241546,MULTI_DOSE_HILL
AGAACAAAAAUUGGGUUUUAU,AUAAAACCCAAUUUUUGUUCUCA,asgsaacaAfaAfAfUfuggguuuuauL96,asUfsaaaAfcCfCfaauuUfuUfguucuscsa,GOLD_LEGACY,10.47824523295051,0.0332471763536402,3.994664958999265,0.9999999921241546,MULTI_DOSE_HILL
AGAACACUAAUUCAUAAUCAA,UTGATUAUGAATUAGUGUUCUAC,asgsaacacuAfAfUfucauaaucsasa,VPudTgadTudAugaadTuAfguguucusasc,GOLD_LEGACY,10.087682552454652,0.0817179470429476,0.500000000002196,0.9619114910895435,MULTI_DOSE_HILL
AGAACACUAAUUCAUAAUCAA,UUGATUAUGAAUUAGUGUUCUAC,asgsaacaCfuAfAfUfucauaaucsasa,VPuUfgadTu(Agn)ugaauuAfgUfguucusasc,GOLD_LEGACY,10.142031505167491,0.0721055169543158,0.5000009258127652,0.9992265740788944,MULTI_DOSE_HILL
AGAACCAGUGUUUAGCGCGGU,ACCGCGCUAAACACUGGUUCUUG,asgsaaccAfgUfGfUfuuagcgcgguL96,asCfscgcGfcUfAfaacaCfuGfguucususg,GOLD_LEGACY,9.478677996949004,0.3321406284375419,0.5000000000000001,0.9440167246953268,MULTI_DOSE_HILL
AGAACCAGUGUUUAGCGCGGU,ACCGCGCUAAACACUGGUUCUUG,asgsaaccagUfGfUfuuagcgcgguL96,asdCscgdCgdCuaaadCaCfugguucususg,GOLD_LEGACY,10.295931341904396,0.0505904634705426,0.5509251427352939,1.0,MULTI_DOSE_HILL
AGAACGAGCUCUGGUGCUGGU,ACCAGCACCAGAGCUCGUUCUGC,asgsaacgAfgCfUfCfuggugcugguL96,asCfscadGc(Agn)ccagagCfuCfguucusgsc,GOLD_LEGACY,8.021289190939875,9.521619208757476,0.5131915938137683,0.9922976442390108,MULTI_DOSE_HILL
AGAACGAGCUCUGGUGCUGGU,ACCAGCACCAGAGCUCGUUCUGC,asgsaacgagCfUfCfuggugcugguL96,asdCscadGcdAccagdAgCfucguucusgsc,GOLD_LEGACY,8.020220667395021,9.54507472334567,4.0,0.9977389266465548,MULTI_DOSE_HILL
AGAAGAUGUCAGGGACUAGGU,ACCUAGTCCCUGACAUCUUCUCA,asgsaagaUfgUfCfAfgggacuagguL96,asCfscudAg(Tgn)cccugaCfaUfcuucuscsa,GOLD_LEGACY,7.247935763654421,56.50205406234543,3.447454118060943,0.9999998079571436,MULTI_DOSE_HILL
AGAAGAUUGACAGGUUCAUGU,ACAUGAACCUGUCAAUCUUCUCA,asgsaagaUfuGfAfCfagguucauguL96,asCfsaugAfaCfCfugucAfaUfcuucuscsa,GOLD_LEGACY,11.194700798394743,0.0063870336112724,0.5000001952072317,0.9999418552276528,MULTI_DOSE_HILL
AGAAGCUGGAUCUUAGCAACA,UGUUGCTAAGATCCAGCUUCUUA,asgsaag(Chd)ugGfAfUfcuuagcaacaL96,VPusdGsuudGc(Tgn)aagadTcCfagcuucususa,GOLD_LEGACY,6.041923858923204,907.9797044142332,3.9999021895294833,1.0,MULTI_DOSE_HILL
AGAAGGAGCUAAAAUGGCAGA,UCUGCCAUUUUAGCUCCUUCUUG,asgsaaggAfgCfUfAfaaauggcagaL96,VPusCfsugcCfaUfUfuuagCfuCfcuucususg,GOLD_LEGACY,7.025985387889234,94.1921287523354,0.5000000000000021,0.999953685353208,MULTI_DOSE_HILL
AGAAUCAGGUGUCCUAGAAT,TUCUAGGACACCUGAUUCUTT,AfgAfaUfcAfgGfuGfuCfcUfaGfaAf(invdT),dTUfcUfaGfgAfcAfcCfuGfaUfuCfudTsdT,GOLD_LEGACY,8.344379514755719,4.525019814263228,0.8234110770291531,0.9999999999648846,MULTI_DOSE_HILL
AGAAUUCCAACCGACCAGCUU,AAGCTGGUCGGTUGGAAUUCUUU,asgsaauuccAfAfCfcgaccagcuuL96,asdAsgcdTgdGucggdTuGfgaauucususu,GOLD_LEGACY,10.815650745558134,0.0152879500272555,0.5000000821400812,0.9995897985724594,MULTI_DOSE_HILL
AGACAAGCAUUUAUACUUUCU,AGAAAGTAUAAAUGCUUGUCUCC,asgsacaaGfcAfUfUfuauacuuucuL96,asGfsaadAg(Tgn)auaaauGfcUfugucuscsc,GOLD_LEGACY,7.997059088193507,10.0679467948524,4.0,0.9988662389343548,MULTI_DOSE_HILL
AGACAAGCAUUUAUACUUUCU,AGAAAGTAUAAAUGCUUGUCUCC,asgsacaagcAfUfUfuauacuuucuL96,asdGsaadAgdTauaadAuGfcuugucuscsc,GOLD_LEGACY,8.909513692578294,1.2316471533504116,3.999999995797707,0.9999999964075575,MULTI_DOSE_HILL
AGACAUGAGCUGUGAGGGUCU,AGACCCTCACAGCUCAUGUCUGG,asgsacauGfaGfCfUfgugagggucuL96,asGfsacdCc(Tgn)cacagcUfcAfugucusgsg,GOLD_LEGACY,7.924701801523234,11.893185658206024,0.5317389084176738,0.9124960612812127,MULTI_DOSE_HILL
AGACAUGAGCUGUGAGGGUCU,AGACCCTCACAGCUCAUGUCUGG,asgsacaugaGfCfUfgugagggucuL96,asdGsacdCcdTcacadGcUfcaugucusgsg,GOLD_LEGACY,6.545569058744429,284.728500703439,0.5000000000000001,0.9537524627438024,MULTI_DOSE_HILL
AGACCAAGAUGAAGUUUCCCU,AGGGAAACUUCAUCUUGGUCUCU,asgsaccaagAfUfGfaaguuucccuL96,asdGsggdAadAcuucdAuCfuuggucuscsu,GOLD_LEGACY,8.034761070090092,9.23079125418846,4.0,0.9999999152464556,MULTI_DOSE_HILL
AGACGGAGCAACUGCCAUCCU,AGGATGGCAGUTGCUCCGUCUGU,asgsacggagCfAfAfcugccauccuL96,asdGsgadTgdGcagudTgCfuccgucusgsu,GOLD_LEGACY,7.946799594804599,11.303173793208044,0.6285836614977065,0.9695565475725672,MULTI_DOSE_HILL
AGACGGAUGUGCCAGAUAUGU,ACAUAUCUGGCACAUCCGUCUUG,asgsacggauGfUfGfccagauauguL96,asdCsaudAudCuggcdAcAfuccgucususg,GOLD_LEGACY,7.936597992236988,11.571829011321762,0.869329489668821,1.0,MULTI_DOSE_HILL
AGACUCCACUUCAGCCUACAU,ATGUAGGCUGAAGUGGAGUCUGU,asgsacuccaCfUfUfcagccuacauL96,asdTsgudAgdGcugadAgUfggagucusgsu,GOLD_LEGACY,8.874125092984707,1.336210582700725,3.9999999976783487,0.9999999981949524,MULTI_DOSE_HILL
AGACUGCAGCAACAGAGAA,UUCUCUGUUGCUGCAGUCUUU,mAmGfAmCfUmGfCfAfGmCfAmAfCmAfGmAfGmAfA,fU*fU*mCfUmCfUmGfUmUfGmCmUmGfCmAfGmUfCmU*mU*mU,GOLD_LEGACY,9.120332118548944,0.7579976888316378,1.620641437846812,1.0,MULTI_DOSE_HILL
AGACUGGUGACAUGGCUUCUU,GAAGCCAUGUCACCAGUCUUU,fApsmGpsfAmCfUmGfGmUfGmAfCmAfUmGfGmCfUmUfCpsmUpsmU,mGpsfApsmAfGmCfCmAfUmGfUmCfAmCfCmAfGmUfCmUpsmUpsmU,GOLD_LEGACY,6.004988160311463,988.5800448503468,4.0,1.0,MULTI_DOSE_HILL
AGACUUCCAGGAACUGGGAUU,AAUCCCAGUUCCUGGAAGUCUAC,asgsacuuccAfGfGfaacugggauuL96,asdAsucdCcdAguucdCuGfgaagucusasc,GOLD_LEGACY,6.041923858923204,907.9797044142332,3.9999021895294833,1.0,MULTI_DOSE_HILL
AGAGACCAAGAUGAAGUUUCU,AGAAACTUCAUCUUGGUCUCUUC,asgsagaccaAfGfAfugaaguuucuL96,asdGsaadAcdTucaudCuUfggucucususc,GOLD_LEGACY,8.664069282058001,2.167358323260796,1.4937302799371843,0.9999999999987172,MULTI_DOSE_HILL
AGAGAGAGCCCACAGAGUCUU,AAGACUCUGUGGGCUCUCUCUCA,asgsagagAfgCfCfCfacagagucuuL96,asAfsgacUfcUfGfugggCfuCfucucuscsa,GOLD_LEGACY,10.017301833050643,0.0960944193609625,0.5000004693648653,0.9615317331456568,MULTI_DOSE_HILL
AGAGAGAGCCCACAGAGUCUU,AAGACUCUGUGGGCUCUCUCUCA,asgsagagagCfCfCfacagagucuuL96,asdAsgadCudCugugdGgCfucucucuscsa,GOLD_LEGACY,10.784066960199164,0.0164411821096727,0.7351084926021423,1.0,MULTI_DOSE_HILL
AGAGAUAUGCCUUCGAGGAUU,AAUCCUCGAAGGCAUAUCUCUCC,asgsagauAfuGfCfCfuucgaggauuL96,asAfsuccu(Cgn)gaaggcAfuAfucucuscsc,GOLD_LEGACY,7.929523232362487,11.761880634193629,0.5000000000000255,0.974306452577116,MULTI_DOSE_HILL
AGAGCGCGGCUGGAGCUUGUC,GACAAGCUCCAGCCGCGCUCUUU,fApsmGpsfAmGfCmGfCmGfGmCfUmGfGmAfGmCfUmUfGmUpsfC,vmGpsfApsmCfAmAfGmCfUmCfCmAfGmCfCmGfCmGfCmUfCmUpsmUpsmU,GOLD_LEGACY,6.999517982054244,100.11105034893342,3.999999982798698,0.9999999830754386,MULTI_DOSE_HILL
AGAGCGCGGCUGGAGCUUGUU,CAAGCUCCAGCCGCGCUCUUU,fApsmGpsfAmGfCmGfCmGfGmCfUmGfGmAfGmCfUmUfGpsmUpsmU,mCpsfApsmAfGmCfUmCfCmAfGmCfCmGfCmGfCmUfCmUpsmUpsmU,GOLD_LEGACY,6.306395968610681,493.86020391143046,0.5000000000000001,0.9866580369732242,MULTI_DOSE_HILL
AGAGUACCUGUGAGCAGCUGU,ACAGCUGCUCACAGGUACUCUCA,asgsaguaCfcUfGfUfgagcagcuguL96,asCfsagcUfgCfUfcacaGfgUfacucuscsa,GOLD_LEGACY,8.615335467476495,2.424736402284131,0.6701161964594132,0.9091079679074738,MULTI_DOSE_HILL
AGAGUACCUGUGAGCAGCUGU,ACAGCUGCUCACAGGUACUCUCA,asgsaguaccUfGfUfgagcagcuguL96,asdCsagdCudGcucadCaGfguacucuscsa,GOLD_LEGACY,9.030869987127984,0.9313866589567036,0.7237381390764533,1.0,MULTI_DOSE_HILL
AGAUAAUUAAUAAGAAGCUGA,UCAGCUTCUUATUAAUUAUCUGC,asgsaua(Ahd)uuAfAfUfaagaagcugaL96,VPusdCsagdCudTcuuadTuAfauuaucusgsc,GOLD_LEGACY,7.680032529578028,20.89139644002172,3.996439206942067,0.9999999915532068,MULTI_DOSE_HILL
AGAUAGAUGGUCCAGCAGGCU,AGCCTGCUGGACCAUCUAUCUGC,asgsauagauGfGfUfccagcaggcuL96,asdGsccdTgdCuggadCcAfucuaucusgsc,GOLD_LEGACY,7.926292034482696,11.84971664675622,3.999996726548344,0.999999965928739,MULTI_DOSE_HILL
AGAUAUGCCUUCGAGGAUAUU,AAUAUCCUCGAAGGCAUAUCUCU,asgsauauGfcCfUfUfcgaggauauuL96,asAfsuauc(Cgn)ucgaagGfcAfuaucuscsu,GOLD_LEGACY,7.457657787129596,34.86119040423014,0.5132933482093467,0.9321716926341016,MULTI_DOSE_HILL
AGAUAUUUAUUCUGGGUUUUG,CAAAACCCAGAAUAAAUAUCUUC,asgsauauUuAUUcuggguuuug,csAsaaacCcagaAuAaAuaucususc,GOLD_LEGACY,6.060032464673813,870.8984855321964,1.9117631039717649,0.9999990792783116,MULTI_DOSE_HILL
AGAUGAAGUUUCCCAGGCACU,AGUGCCTGGGAAACUUCAUCUUG,asgsaugaAfgUfUfUfcccaggcacuL96,asGfsugdCc(Tgn)gggaaaCfuUfcaucususg,GOLD_LEGACY,7.988143823494138,10.276759106175929,3.999999999999916,0.9999999460560484,MULTI_DOSE_HILL
AGAUGAAGUUUCCCAGGCACU,AGUGCCTGGGAAACUUCAUCUUG,asgsaugaagUfUfUfcccaggcacuL96,asdGsugdCcdTgggadAaCfuucaucususg,GOLD_LEGACY,7.981358623967408,10.43857884843356,3.999999999909949,0.9999999491009948,MULTI_DOSE_HILL
AGAUGAUCUACUUUCAGCCUU,AAGGCUGAAAGTAGAUCAUCUGA,asgsaugaucUfAfCfuuucagccuuL96,asdAsggdCudGaaagdTaGfaucaucusgsa,GOLD_LEGACY,8.839225298512755,1.4480204705374533,1.3556410944422692,0.9980979730848244,MULTI_DOSE_HILL
AGAUGCAAGUCCAUUCUUGGU,ACCAAGAAUGGACUUGCAUCUGA,asgsaugcAfaGfUfCfcauucuugguL96,asCfscaaGfaAfUfggacUfuGfcaucusgsa,GOLD_LEGACY,9.005161183365756,0.988186272703089,0.6799806705426517,0.9982958655757528,MULTI_DOSE_HILL
AGAUGCUGAGAUUCGCCCAT,TGGGCGAAUCUCAGCAUCUTT,AfgAfuGfcUfGfAfgAfuUfcGfcCfcAf(invdT),dTGfgGfcGfaAfuCfucaGfcAfuCfudTsdT,GOLD_LEGACY,6.199323327248309,631.9412032420688,3.999908376412997,1.0,MULTI_DOSE_HILL
AGAUGGUCCAGCAGGCUUGAU,ATCAAGCCUGCTGGACCAUCUAU,asgsauggucCfAfGfcaggcuugauL96,asdTscadAgdCcugcdTgGfaccaucusasu,GOLD_LEGACY,7.921857899204417,11.971321678882044,1.4640578201521377,1.0,MULTI_DOSE_HILL
AGAUGGUGUCUGCUAUUGUAA,UTACAATAGCAGACACCAUCUGA,asgsauggugUfCfUfgcuauugusasa,VPudTacdAadTagcadGaCfaccaucusgsa,GOLD_LEGACY,12.0,0.001,0.6213059168884946,0.9416817934486396,MULTI_DOSE_HILL
AGAUGUCAGGGACUAGGGAGU,ACUCCCTAGUCCCUGACAUCUUC,asgsaugucaGfGfGfacuagggaguL96,asdCsucdCcdTagucdCcUfgacaucususc,GOLD_LEGACY,7.929210402187629,11.770355981778977,3.9999986261459903,0.9999999653015634,MULTI_DOSE_HILL
AGAUUGACAGGUUCAUGCAGU,ACUGCATGAACCUGUCAAUCUUC,asgsauugacAfGfGfuucaugcaguL96,asdCsugdCadTgaacdCuGfucaaucususc,GOLD_LEGACY,11.595231644605406,0.0025396177593151,0.5005567656367687,0.9775533733215686,MULTI_DOSE_HILL
AGAUUGACAGGUUCAUGCAGU,ACUGCAUGAACCUGUCAAUCUUC,asgsauugAfcAfGfGfuucaugcaguL96,asCfsugcAfuGfAfaccuGfuCfaaucususc,GOLD_LEGACY,9.90277673688508,0.1250901931518803,0.5001467421204141,0.9999919995350348,MULTI_DOSE_HILL
AGCAAAACUCCCUCAACUGGU,ACCAGUTGAGGGAGUUUUGCUGG,asgscaaaacUfCfCfcucaacugguL96,asdCscadGudTgaggdGaGfuuuugcusgsg,GOLD_LEGACY,10.187210162572873,0.0649815157508956,1.3394971247998064,0.999832620173692,MULTI_DOSE_HILL
AGCAAAACUCCCUCAACUGGU,ACCAGUUGAGGGAGUUUUGCUGG,asgscaaaAfcUfCfCfcucaacugguL96,asCfscagUfuGfAfgggaGfuUfuugcusgsg,GOLD_LEGACY,9.64980689505947,0.2239716786119597,0.6977918170332711,1.0,MULTI_DOSE_HILL
AGCAACGUCCAGUCCAAGUGA,UCACTUGGACUGGACGUUGCUAA,asgscaa(Chd)guCfCfAfguccaagugaL96,VPusdCsacdTu(G2p)gacudGgAfcguugcusasa,GOLD_LEGACY,6.041923858923204,907.9797044142332,3.9999021895294833,1.0,MULTI_DOSE_HILL
AGCAAGAUUUGCAACUUGCUU,AAGCAAGUUGCAAAUCUUGCUCA,asgscaagAfuUfUfGfcaacuugcuuL96,asAfsgcaAfgUfUfgcaaAfuCfuugcuscsa,GOLD_LEGACY,7.688433564152283,20.4911548777022,0.9809946341530632,0.916455028316156,MULTI_DOSE_HILL
AGCACAGUUACUGGACAACCU,AGGUTGTCCAGTAACUGUGCUGU,asgscacaguUfAfCfuggacaaccuL96,asdGsgudTgdTccagdTaAfcugugcusgsu,GOLD_LEGACY,8.613407201733484,2.435526157612303,1.8099033448435264,0.999980491449526,MULTI_DOSE_HILL
AGCACAGUUACUGGACAACCU,AGGUTGTCCAGUAACUGUGCUGU,asgscacaGfuUfAfCfuggacaaccuL96,asGfsgudTg(Tgn)ccaguaAfcUfgugcusgsu,GOLD_LEGACY,7.949660633540177,11.228955647837257,4.0,0.9939956853034676,MULTI_DOSE_HILL
AGCACCACAUCACCAACCUGU,ACAGGUTGGUGAUGUGGUGCUCA,asgscaccacAfUfCfaccaaccuguL96,asdCsagdGudTggugdAuGfuggugcuscsa,GOLD_LEGACY,7.70617290641372,19.671029676754983,0.7343811512771435,0.9934436057931612,MULTI_DOSE_HILL
AGCAGAACGAGCUCUGGUGCU,AGCACCAGAGCTCGUUCUGCUUG,asgscagaacGfAfGfcucuggugcuL96,asdGscadCcdAgagcdTcGfuucugcususg,GOLD_LEGACY,7.873924950878772,13.368265095495673,3.999892084638689,0.9377192463112756,MULTI_DOSE_HILL
AGCAGAACGAGCUCUGGUGCU,AGCACCAGAGCUCGUUCUGCUUG,asgscagaAfcGfAfGfcucuggugcuL96,asGfscadCc(Agn)gagcucGfuUfcugcususg,GOLD_LEGACY,7.308741201066705,49.120049855839575,0.8553361445373423,0.9988661475710414,MULTI_DOSE_HILL
AGCAGAUAGAUGGUCCAGCAU,ATGCTGGACCATCUAUCUGCUUC,asgscagauaGfAfUfgguccagcauL96,asdTsgcdTgdGaccadTcUfaucugcususc,GOLD_LEGACY,8.055088992029408,8.808683542636038,2.815322069879534,0.999999999997068,MULTI_DOSE_HILL
AGCAGGUGGAUCUAUUUCAUA,UAUGAAAUAGAUCCACCUGCUUA,asgscaggUfgGfAfUfcuauuucauaL96,VPusAfsugaAfaUfAfgaucCfaCfcugcususa,GOLD_LEGACY,9.35151229445678,0.4451308615175415,0.7657046072550195,1.0,MULTI_DOSE_HILL
AGCAUGAGGUUCUUAGAAUGU,ACAUUCUAAGAACCUCAUGCUGG,asgscaugAfgGfUfUfcuuagaauguL96,asCfsauuCfuAfAfgaacCfuCfaugcusgsg,GOLD_LEGACY,8.444678674461763,3.591875918536551,1.1350246785310307,0.9117143111501922,MULTI_DOSE_HILL
AGCAUGCGUUAAUUCAGCUGU,ACAGCUGAAUUAACGCAUGCUGA,asgscaugCfgUfUfAfauucagcuguL96,asCfsagcUfgAfAfuuaaCfgCfaugcusgsa,GOLD_LEGACY,7.567471538065496,27.07250620555048,0.5000000000000001,0.9334349503137797,MULTI_DOSE_HILL
AGCCAACAAUCCUUGGCCUGU,ACAGGCCAAGGAUUGUUGGCUUU,asgsccaacaAfUfCfcuuggccuguL96,asdCsagdGcdCaaggdAuUfguuggcususu,GOLD_LEGACY,8.003869559482595,9.911295863508569,4.0,0.9999999378161806,MULTI_DOSE_HILL
AGCCAAGCAGCAAAUCCUGGU,ACCAGGAUUUGCUGCUUGGCUAG,asgsccaagcAfGfCfaaauccugguL96,asdCscadGgdAuuugdCuGfcuuggcusasg,GOLD_LEGACY,8.314616190470131,4.846004460302183,0.7019464208776437,0.9962682916385248,MULTI_DOSE_HILL
AGCCAAGCAGCAAAUCCUGGU,ACCAGGAUUUGCUGCUUGGCUCU,asgsccaagcAfGfCfaaauccugguL96,asdCscadGgdAuuugdCuGfcuuggcuscsu,GOLD_LEGACY,6.965738845057783,108.20844471352628,0.5000000000009699,0.9916907534182,MULTI_DOSE_HILL
AGCCCUUCCUAGAGCUUAAGU,ACUUAAGCUCUAGGAAGGGCUGC,asgscccuucCfUfAfgagcuuaaguL96,asdCsuudAadGcucudAgGfaagggcusgsc,GOLD_LEGACY,6.041923858923204,907.9797044142332,3.9999021895294833,1.0,MULTI_DOSE_HILL
AGCCGUUUCUCCUUGGUCUAA,UUAGACCAAGGAGAAACGGCU,AmsGmsCmCmGmUmUfUfCfUmCmCmUmUmGmGmUmCmUmAmAmL96,UmsUfsAmGfAmCfCmAmAmGfGmAfGmAfAmAfCmGfGmsCmsUm,GOLD_LEGACY,9.43751149944989,0.365164458133636,1.1169500107426382,0.9726610901224304,MULTI_DOSE_HILL
AGCCGUUUCUCCUUGGUCUAA,UUAGACCAAGGAGAAACGGCUUU,AmsGmsCmCmGmUmUfUfCfUmCmCmUmUmGmGmUmCmUmAmAmL96,UmsUfsAmGfAmCfCmAmAmGfGmAfGmAfAmAfCmGfGmCmUmsUmsUm,GOLD_LEGACY,9.53498321844096,0.2917539748382199,0.7966261439720952,0.9815555430715796,MULTI_DOSE_HILL
AGCCUCCUCAAAGCCAACAAU,ATUGTUGGCUUTGAGGAGGCUGA,asgsccuccuCfAfAfagccaacaauL96,asdTsugdTudGgcuudTgAfggaggcusgsa,GOLD_LEGACY,8.331348218943344,4.6628536103915925,2.402759961012646,0.999999980133865,MULTI_DOSE_HILL
AGCCUCUGGAAACACUGAAGU,ACUUCAGUGUUUCCAGAGGCUCC,asgsccucUfgGfAfAfacacugaaguL96,asCfsuucAfgUfGfuuucCfaGfaggcuscsc,GOLD_LEGACY,8.716946676504584,1.918904332899141,1.067757029046356,0.9999999999948612,MULTI_DOSE_HILL
AGCCUGCCAUCUGUGCUCUUA,UAAGAGCACAGAUGGCAGGCUCA,asgsccugCfcAfUfCfugugcucususa,VPuAfagdAg(C2p)acagauGfgCfaggcuscsa,GOLD_LEGACY,9.976370475637696,0.1055916373673494,0.6856292085727631,1.0,MULTI_DOSE_HILL
AGCCUUCUUUUGGGAAAGAGU,ACUCUUUCCCAAAAGAAGGCUAG,asgsccuuCfuUfUfUfgggaaagaguL96,asCfsucuUfuCfCfcaaaAfgAfaggcusasg,GOLD_LEGACY,8.51386155320694,3.0629396989031816,0.5291922534883677,0.9308661478767786,MULTI_DOSE_HILL
AGCGAGCACGCCCCGCACCUC,GAGGUGCGGGGCGUGCUCGCUUU,fApsmGpsfCmGfAmGfCmAfCmGfCmCfCmCfGmCfAmCfCmUpsfC,vmGpsfApsmGfGmUfGmCfGmGfGmGfCmGfUmGfCmUfCmGfCmUpsmUpsmU,GOLD_LEGACY,6.004988160311463,988.5800448503468,4.0,1.0,MULTI_DOSE_HILL
AGCUAGCCAAGCAGCAAAUCU,AGAUTUGCUGCTUGGCUAGCUCC,asgscuagccAfAfGfcagcaaaucuL96,asdGsaudTudGcugcdTuGfgcuagcuscsc,GOLD_LEGACY,9.036478810564969,0.9194353333983348,1.3959593549087963,0.9972063268739064,MULTI_DOSE_HILL
AGCUAUCCAUCAGAUGAUCUU,AAGATCAUCUGAUGGAUAGCUGU,asgscuauCfcAfUfCfagaugaucuuL96,asAfsgadTc(Agn)ucugauGfgAfuagcusgsu,GOLD_LEGACY,8.008230857380378,9.812262151600669,0.6458222231982405,0.9720555418447834,MULTI_DOSE_HILL
AGCUAUCCAUCAGAUGAUCUU,AAGATCAUCUGAUGGAUAGCUGU,asgscuauccAfUfCfagaugaucuuL96,asdAsgadTcdAucugdAuGfgauagcusgsu,GOLD_LEGACY,8.380400295153942,4.164853262901099,0.6667226408492434,0.9509079384824588,MULTI_DOSE_HILL
AGCUCAGAGGGUACGAGCUGA,UCAGCUCGUACCCUCUGAGCUCG,asgscucaGfaGfGfGfuacgagcusgsa,VPuCfagdCu(C2p)guacccUfcUfgagcuscsg,GOLD_LEGACY,10.198891947896088,0.0632569214491071,0.5000000000000001,0.9186030259438752,MULTI_DOSE_HILL
AGCUCGCAUGGUCAGUAAAAA,UUUUTACUGACCAUGCGAGCUUG,asgscucg(Chd)aUfGfGfucaguaaaaaL96,VPusUfsuudTa(C2p)ugaccaUfgCfgagcususg,GOLD_LEGACY,10.015735558318267,0.0964416077319999,0.6854887691427457,1.0,MULTI_DOSE_HILL
AGCUCGGGAUGUUCACAACCA,UGGUTGTGAACAUCCCGAGCUAG,asgscucgGfgAfUfGfuucacaacscsa,VPuGfgudTg(Tgn)gaacauCfcCfgagcusasg,GOLD_LEGACY,10.557856302010917,0.0276785731381891,0.5910440281586511,0.9999921418924682,MULTI_DOSE_HILL
AGCUGAACCUGCAAAAAUUGU,ACAATUTUUGCAGGUUCAGCUCG,asgscugaacCfUfGfcaaaaauuguL96,asdCsaadTudTuugcdAgGfuucagcuscsg,GOLD_LEGACY,12.0,0.001,0.700319279596784,0.9703464591771628,MULTI_DOSE_HILL
AGCUGAACCUGCAAAAAUUGU,ACAAUUUUUGCAGGUUCAGCUCG,asgscugaAfcCfUfGfcaaaaauuguL96,asCfsaauUfuUfUfgcagGfuUfcagcuscsg,GOLD_LEGACY,9.801348777916129,0.1579978663249731,0.502433541263551,1.0,MULTI_DOSE_HILL
AGCUGAAUUACUGCAGUGGGU,ACCCACTGCAGTAAUUCAGCUGG,asgscugaauUfAfCfugcaguggguL96,asdCsccdAcdTgcagdTaAfuucagcusgsg,GOLD_LEGACY,7.944369323549043,11.366602600697387,3.999999961960578,0.999999961649234,MULTI_DOSE_HILL
AGCUGAGUUUCCUAUGGGAAA,UUUCCCAUAGGAAACUCAGCUUG,asgscugaGfuUfUfCfcuaugggaaaL96,VPusUfsuccCfaUfAfggaaAfcUfcagcususg,GOLD_LEGACY,8.9964571121961,1.0081911661671294,0.5000000000000001,0.9905304606933164,MULTI_DOSE_HILL
AGCUGAUAUUGAUGGACAGUA,UACUGUCCAUCAAUAUCAGCUAC,asgscugaUfaUfUfGfauggacagsusa,VPuAfcudGu(C2p)caucaaUfaUfcagcusasc,GOLD_LEGACY,10.40428289035593,0.0394200444491264,0.5000000000057885,0.9157478189227124,MULTI_DOSE_HILL
AGCUGGAUCUUAGCAACGUCA,UGACGUTGCUAAGAUCCAGCUUC,asgscug(Ghd)auCfUfUfagcaacgucaL96,VPusdGsacdGudTgcuadAgAfuccagcususc,GOLD_LEGACY,7.293623303843769,50.86003985430806,0.5000000000000193,0.9884240623903278,MULTI_DOSE_HILL
AGCUGUGAGGGUCAAGCACAU,ATGUGCTUGACCCUCACAGCUCA,asgscugugaGfGfGfucaagcacauL96,asdTsgudGcdTugacdCcUfcacagcuscsa,GOLD_LEGACY,6.041923858923204,907.9797044142332,3.9999021895294833,1.0,MULTI_DOSE_HILL
AGCUGUGAGGGUCAAGCACAU,AUGUGCTUGACCCUCACAGCUCA,asgscuguGfaGfGfGfucaagcacauL96,asUfsgudGc(Tgn)ugacccUfcAfcagcuscsa,GOLD_LEGACY,6.041923858923204,907.9797044142332,3.9999021895294833,1.0,MULTI_DOSE_HILL
AGCUUGUUUGUGAAACAAAAU,ATUUTGTUUCACAAACAAGCUGG,asgscuuguuUfGfUfgaaacaaaauL96,asdTsuudTgdTuucadCaAfacaagcusgsg,GOLD_LEGACY,10.400624984076964,0.0397534674909087,3.999951786992522,0.9999999921197296,MULTI_DOSE_HILL
AGCUUGUUUGUGAAACAAAAU,AUUUUGUUUCACAAACAAGCUGG,asgscuugUfuUfGfUfgaaacaaaauL96,asUfsuuuGfuUfUfcacaAfaCfaagcusgsg,GOLD_LEGACY,10.78031493106172,0.0165838388499291,0.5000019058372313,0.9712931830096616,MULTI_DOSE_HILL
AGGAAGCAGAUAGAUGGUCCU,AGGACCAUCUATCUGCUUCCUCC,asgsgaagcaGfAfUfagaugguccuL96,asdGsgadCcdAucuadTcUfgcuuccuscsc,GOLD_LEGACY,8.687359266947503,2.054190578720569,1.3835063572139754,0.9994384055548444,MULTI_DOSE_HILL
AGGAAGCAGAUAGAUGGUCCU,AGGACCAUCUAUCUGCUUCCUCC,asgsgaagCfaGfAfUfagaugguccuL96,asGfsgadCc(Agn)ucuaucUfgCfuuccuscsc,GOLD_LEGACY,8.055799172020032,8.794290915086634,4.0,0.9999998929542364,MULTI_DOSE_HILL
AGGACCCACUGGGAGACAAGU,ACUUGUCUCCCAGUGGGUCCUGU,asgsgacccaCfUfGfggagacaaguL96,asdCsuudGudCucccdAgUfggguccusgsu,GOLD_LEGACY,7.943061308767709,11.40088831394004,3.99999999997564,0.9999999619925172,MULTI_DOSE_HILL
AGGAGGAAGCAGAUAGAUGGU,ACCATCTAUCUGCUUCCUCCUCC,asgsgaggAfaGfCfAfgauagaugguL96,asCfscadTc(Tgn)aucugcUfuCfcuccuscsc,GOLD_LEGACY,7.936590974752333,11.572015994560038,1.1874619974074323,0.9998979902125348,MULTI_DOSE_HILL
AGGAGGAAGCAGAUAGAUGGU,ACCATCTAUCUGCUUCCUCCUCC,asgsgaggaaGfCfAfgauagaugguL96,asdCscadTcdTaucudGcUfuccuccuscsc,GOLD_LEGACY,7.957193394651176,11.035870747090549,3.999998311204159,0.999999957962334,MULTI_DOSE_HILL
AGGAGUGAGUGACAACGUACU,AGUACGTUGUCACUCACUCCUCC,asgsgaguGfaGfUfGfacaacguacuL96,asGfsuacg(Tgn)ugucacUfcAfcuccuscsc,GOLD_LEGACY,7.729360326781228,18.648318293995548,0.5000000000000001,0.9834188433780316,MULTI_DOSE_HILL
AGGAGUGAGUGACAACGUAUU,UACGUUGUCACUCACUCCUUU,fApsmGpsfGmAfGmUfGmAfGmUfGmAfCmAfAmCfGmUfApsmUpsmU,mUpsfApsmCfGmUfUmGfUmCfAmCfUmCfAmCfUmCfCmUpsmUpsmU,GOLD_LEGACY,8.78708470156423,1.632733480650457,1.300803172172976,0.930573968376468,MULTI_DOSE_HILL
AGGAUAAUAUCAAACACGUCA,UGACGUGUUUGAUAUUAUCCUUU,asgsgau(Ahd)auAfUfCfaaacacgucaL96,VPusdGsacdGu(G2p)uuugdAuAfuuauccususu,GOLD_LEGACY,7.845124389071436,14.28484758420243,3.9998766796993688,0.902970714402355,MULTI_DOSE_HILL
AGGAUCUUAUGACCUGCAGGU,ACCUGCAGGUCAUAAGAUCCUUG,asgsgaucuuAfUfGfaccugcagguL96,asdCscudGcdAggucdAuAfagauccususg,GOLD_LEGACY,7.899456609598378,12.605015684310638,3.999999880775344,0.9802086961238582,MULTI_DOSE_HILL
AGGAUGAAGAGAUUACCAA,UUGGUAAUCUCUUCAUCCUUG,AmsGmsGmAmUfGmAfAfGfAmGmAmUmUmAmCmCmAmAm,UmsUfsGmGfUmAfAmUmCfUmCmUfUmCfAmUfCmCfUmsUmsGm,GOLD_LEGACY,10.891941964199122,0.0128250195498104,1.2179211058145167,0.9924681531819152,MULTI_DOSE_HILL
AGGAUGAAGAGAUUACCAA,UUGGUAAUCUCUUCAUCCUUG,AmsGmsGmAmUfGmAfAfGfAmGmAmUmUmAmCmCmAmAm(NAG1),UmsUfsGmGfUmAf(-)hmpNA(A)UmCfUmCmUfUmCfAmUfCmCfUmsUmsGm,GOLD_LEGACY,10.370802928860885,0.0425791582055174,1.2198387857383826,0.9992160978080142,MULTI_DOSE_HILL
AGGAUGAAGAGAUUACCAA,UUGGUAAUCUCUUCAUCCUUU,mAmGfGmAfUmGfAfAfGmAfGmAfUmUfAmCfCmAfA,fU*fU*mGfGmUfAmAfUmCfUmCmUmUfCmAfUmCfCmU*mU*mU,GOLD_LEGACY,9.419841943393184,0.3803277871695472,3.999999999998963,0.9994684955460564,MULTI_DOSE_HILL
AGGCAAGAACCAGUGUUUAGU,ACUAAACACUGGUUCUUGCCUCC,asgsgcaaGfaAfCfCfaguguuuaguL96,asCfsuaaAfcAfCfugguUfcUfugccuscsc,GOLD_LEGACY,10.349264854091656,0.0447440349867172,0.5000008700377031,0.99802043537209,MULTI_DOSE_HILL
AGGCAUUGCUGCCUCUUUCCU,AGGAAAGAGGCAGCAAUGCCUGG,asgsgcauugCfUfGfccucuuuccuL96,asdGsgadAadGaggcdAgCfaaugccusgsg,GOLD_LEGACY,8.012014543385263,9.727146495644032,4.0,0.9999999327888628,MULTI_DOSE_HILL
AGGCUACUGUUGGAUUGAUUA,UAAUCAAUCCAACAGUAGCCUUU,asgsgcuacuGfUfUfggauugaususa,VPudAaudCadAuccadAcAfguagccususu,GOLD_LEGACY,11.60379248281726,0.0024900468431187,0.5000003796002105,0.9986260509466632,MULTI_DOSE_HILL
AGGGUAAAUCAGUAAGAGGUA,UACCTCTUACUGAUUUACCCUAC,asgsgguaAfaUfCfAfguaagaggsusa,VPuAfccdTc(Tgn)uacugaUfuUfacccusasc,GOLD_LEGACY,10.4013517793867,0.0396869953795319,0.5000000000003127,0.9760672811203192,MULTI_DOSE_HILL
AGGGUAAAUCAGUAAGAGGUA,UACCUCUUACUGAUUUACCCUAC,asgsgguaAfaUfCfAfguaagagguaL96,VPusAfsccuCfuUfAfcugaUfuUfacccusasc,GOLD_LEGACY,9.235519019225476,0.5814079699278075,0.6376384551821429,1.0,MULTI_DOSE_HILL
AGGGUCAAGCACAGCUAUCCU,AGGATAGCUGUGCUUGACCCUCA,asgsggucaaGfCfAfcagcuauccuL96,asdGsgadTadGcugudGcUfugacccuscsa,GOLD_LEGACY,7.093478429738559,80.63462494516064,0.6214009183991784,0.9871579266280872,MULTI_DOSE_HILL
AGGGUCUCACUUUCCAGCAAU,ATUGCUGGAAAGUGAGACCCUCC,asgsggucucAfCfUfuuccagcaauL96,asdTsugdCudGgaaadGuGfagacccuscsc,GOLD_LEGACY,11.39951139917585,0.0039855531106673,0.5000000348797415,0.9738029419812538,MULTI_DOSE_HILL
AGGGUCUCACUUUCCAGCAAU,AUUGCUGGAAAGUGAGACCCUCC,asgsggucUfcAfCfUfuuccagcaauL96,asUfsugcUfgGfAfaaguGfaGfacccuscsc,GOLD_LEGACY,11.132191074786546,0.0073757964879728,0.500003108420801,0.9569186079609618,MULTI_DOSE_HILL
AGGUCAAGAGGGAGAUGGGCU,AGCCCATCUCCCUCUUGACCUUC,asgsgucaAfgAfGfGfgagaugggcuL96,asGfsccdCa(Tgn)cucccuCfuUfgaccususc,GOLD_LEGACY,7.9538540391322785,11.121054290110338,4.0,0.9998504571384588,MULTI_DOSE_HILL
AGGUCAAGAGGGAGAUGGGCU,AGCCCATCUCCCUCUUGACCUUC,asgsgucaagAfGfGfgagaugggcuL96,asdGsccdCadTcuccdCuCfuugaccususc,GOLD_LEGACY,7.871387369858178,13.4466044634907,3.999999839260243,0.999927312478838,MULTI_DOSE_HILL
AGGUCAUCAGCUUUGCUACUU,AAGUAGCAAAGCUGAUGACCUCC,asgsgucaucAfGfCfuuugcuacuuL96,asdAsgudAgdCaaagdCuGfaugaccuscsc,GOLD_LEGACY,8.66087152965575,2.183375689200163,1.7033499783279051,0.9999999999983116,MULTI_DOSE_HILL
AGGUGCUGAACAGCAUUUUUU,AAAAAATGCUGTUCAGCACCUCC,asgsgugcugAfAfCfagcauuuuuuL96,asdAsaadAadTgcugdTuCfagcaccuscsc,GOLD_LEGACY,12.0,0.001,0.5226716459388423,0.9187406512095738,MULTI_DOSE_HILL
AGGUGCUGAACAGCAUUUUUU,AAAAAAUGCUGUUCAGCACCUCC,asgsgugcUfgAfAfCfagcauuuuuuL96,asAfsaaaAfuGfCfuguuCfaGfcaccuscsc,GOLD_LEGACY,11.654036232976932,0.0022180113644737,0.5000000000184074,0.9941804610947536,MULTI_DOSE_HILL
AGGUGCUGGGAGAGAUAUGCC,GGCAUAUCUCUCCCAGCACCUUU,fApsmGpsfGmUfGmCfUmGfGmGfAmGfAmGfAmUfAmUfGmCpsfC,vmGpsfGpsmCfAmUfAmUfCmUfCmUfCmCfCmAfGmCfAmCfCmUpsmUpsmU,GOLD_LEGACY,6.619643497082493,240.0802877353744,0.5000000000000001,0.9210123400312128,MULTI_DOSE_HILL
AGGUGGAGGGUCUCACUUUCU,AGAAAGTGAGACCCUCCACCUUG,asgsguggagGfGfUfcucacuuucuL96,asdGsaadAgdTgagadCcCfuccaccususg,GOLD_LEGACY,9.190327497565606,0.6451675305138743,0.60743112305821,0.999999997431701,MULTI_DOSE_HILL
AGGUGGAGGGUCUCACUUUCU,AGAAAGUGAGACCCUCCACCUUG,asgsguggAfgGfGfUfcucacuuucuL96,asGfsaaaGfuGfAfgaccCfuCfcaccususg,GOLD_LEGACY,9.050616351137892,0.8899869710864077,0.7903995545967748,0.9999999923514216,MULTI_DOSE_HILL
AGUAAAAGCAAAGACGGGACA,UGUCCCGUCUUUGCUUUUACUGA,asgsuaa(Ahd)AfgCfAfAfagacgggacaL96,VPusGfsucdCc(G2p)ucuuugCfuUfuuacusgsa,GOLD_LEGACY,9.580192980449892,0.262909948167157,1.0042511597919088,1.0,MULTI_DOSE_HILL
AGUAAAAUCUGAGAAGCUUGA,UCAAGCTUCUCAGAUUUUACUUC,asgsuaa(Ahd)AfuCfUfGfagaagcuugaL96,VPusCfsaadGc(Tgn)ucucagAfuUfuuacususc,GOLD_LEGACY,9.291264132559885,0.5113707315585909,2.0452335193996705,0.9849218862816204,MULTI_DOSE_HILL
AGUAAUGGUGUAGAACACUAA,UUAGTGTUCUACACCAUUACUCA,asgsuaauGfgUfGfUfagaacacusasa,VPuUfagdTg(Tgn)ucuacaCfcAfuuacuscsa,GOLD_LEGACY,11.137625175379462,0.0072840819737176,0.5000010109855857,0.9639780653317394,MULTI_DOSE_HILL
AGUAUACAUUUUUGCAUUGCU,AGCAAUGCAAAAAUGUAUACUUU,asgsuauaCfaUfUfUfuugcauugcuL96,asGfscaaUfgCfAfaaaaUfgUfauacususu,GOLD_LEGACY,11.421531571641198,0.0037885099164775,0.5969855591230816,0.9999946262881204,MULTI_DOSE_HILL
AGUAUACAUUUUUGCAUUGCU,AGCAAUGCAAAAAUGUAUACUUU,asgsuauacaUfUfUfuugcauugcuL96,asdGscadAudGcaaadAaUfguauacususu,GOLD_LEGACY,12.0,0.001,0.5692643790242314,0.9622345876725956,MULTI_DOSE_HILL
AGUAUAUCCAGCCGAUCUA,UAGAUCGGCUGGAUAUACUUU,mAmGfUmAfUmAfUfCfCmAfGmCfCmGfAmUfCmUfA,fU*fA*mGfAmUfCmGfGmCfUmGmGmAfUmAfUmAfCmU*mU*mU,GOLD_LEGACY,9.867304887863048,0.13573602041024,2.3657992679870725,0.961373921296722,MULTI_DOSE_HILL
AGUAUGCAAUGACUCGAGCUA,UAGCTCGAGUCAUUGCAUACUGU,asgsuaugCfaAfUfGfacucgagcsusa,VPuAfgcdTc(G2p)agucauUfgCfauacusgsu,GOLD_LEGACY,10.678457523009172,0.0209672984488008,0.5000000564467324,0.959137640093834,MULTI_DOSE_HILL
AGUCCAAGUGUGGCUCAAAGA,UCUUTGAGCCACACUUGGACUGG,asgsucc(Ahd)agUfGfUfggcucaaagaL96,VPusdCsuudTg(Agn)gccadCaCfuuggacusgsg,GOLD_LEGACY,6.567677547211409,270.5966731041364,0.5082619670243211,0.9984174166010288,MULTI_DOSE_HILL
AGUCGUCCCAGAAUAACUCAU,ATGAGUTAUUCTGGGACGACUGG,asgsucguccCfAfGfaauaacucauL96,asdTsgadGudTauucdTgGfgacgacusgsg,GOLD_LEGACY,8.238052915699225,5.78025614797641,2.520967814951129,0.9999999968851976,MULTI_DOSE_HILL
AGUCUACAAACCAGUUGAA,UUCAACUGGUUUGUAGACUAU,(invAb)psmApsmGfUmCmUmAfCfAfAmAmCfCmAmGmUmUfGpsmApsmA(Chol4),(VPmU)psfUpsmCmAmAfC(UNA-U)mGmGmUmUmUmGfUmAfGmAmCmUpsmApsmU,GOLD_LEGACY,7.466809614786714,34.13425159299307,1.1568799951334043,0.9999999999999692,MULTI_DOSE_HILL
AGUCUACAAACCAGUUGAA,UUCAACUGGUUUGUAGACUAU,(invAb)psmApsmGfUmCmUmAfCfAfAmAmCfCmAmGmUmUfGpsmApsmA(Chol4),(VPmU)psfUpsmCpsmAmAfC(UNA-U)mGmGmUmUmUmGfUmAfGmAmCmUmApsmU,GOLD_LEGACY,7.195440770650701,63.761603357336895,1.2029398009548509,0.9999999999941857,MULTI_DOSE_HILL
AGUCUACAAACCAGUUGAA,UUCAACUGGUUUGUAGACUAU,(invAb)psmApsmGfUmCmUmAfCfAfAmAmCfCmAmGmUmUmGmApsmAps(Chol4),(VPmU)psfUpsmCmAmAfC(UNA-U)mGmGmUmUmUmGfUmAfGmAmCmUpsmApsmU,GOLD_LEGACY,7.436634555826444,36.59025567808946,1.2247550209730442,0.9999999999980016,MULTI_DOSE_HILL
AGUCUACAAACCAGUUGAA,UUCAACUGGUUUGUAGACUAU,(invAb)psmApsmGmUmCmUmAfCfAfAmAmCfCmAmGmUmUfGmApsmAps(Chol4),(VPmU)psfUpsmCmAmAfC(UNA-U)mGmGmUmUmUmGfUmAfGmAmCmUpsmApsmU,GOLD_LEGACY,7.268019497108748,53.948640240273065,1.0016236148167523,0.9999999999653156,MULTI_DOSE_HILL
AGUCUACAAACCAGUUGAA,UUCAACUGGUUUGUAGACUAU,(invAb)psmApsmGmUmCmUmAfCfAfAmAmCfCmAmGmUmUmGmApsmAps(Chol4),(VPmU)psfUpsmCmAmAfC(UNA-U)mGmGmUmUmUmGfUmAfGmAmCmUpsmApsmU,GOLD_LEGACY,6.820312845439554,151.24713422844368,1.3323963091686502,0.999955389886478,MULTI_DOSE_HILL
AGUCUACAAACCAGUUGAA,UUCAACUGGUUUGUAGACUAU,(invAb)psmApsmGmUmCmUmAfCfAfAmAmCmCmAmGmUmUmGmApsmAps(invAb)(Chol4),(VPmU)psfUpsmCmAmAfCmUmGfGmUmUmUmGfUmAfGmAmCmUpsmApsmU,GOLD_LEGACY,7.819098386139923,15.167067300641456,1.292442694732243,0.9999999999993312,MULTI_DOSE_HILL
AGUCUACAAACCAGUUGAA,UUCAACUGGUUUGUAGACUAU,(invAb)psmApsmGmUmCmUmAfCfAfAmAmCmCmAmGmUmUmGmApsmAps(invAb)(Chol4),(VPmU)psfUpsmCpsfAmAfCmUfGmGfUmUfUmGfUmAfGmAfCmUmApsmU,GOLD_LEGACY,7.621820040714671,23.88800929044405,1.2032638766415449,0.999999999995208,MULTI_DOSE_HILL
AGUCUACAAACCAGUUGAA,UUCAACUGGUUUGUAGACUAU,(invAb)psmApsmGmUmCmUmAfCfAfAmAmCmCmAmGmUmUmGmApsmAps(invAb)(Chol4),(VPmU)psfUpsmCpsmAmAfCmUfGfGmUmUmUmGfUmAfGmAmCmUpsmApsmU,GOLD_LEGACY,7.354356675873482,44.22250341324144,0.9364524293958256,0.9952819669423784,MULTI_DOSE_HILL
AGUCUACAAACCAGUUGAA,UUCAACUGGUUUGUAGACUAU,mApsmGpsfUmCmUmAfCfAfAmAmCfCmAmGmUmUfGmAmA(Chol4),(VPmU)psfUpsmCmAmAfCmUmGmGmUmUmUmGfUmAfGmAmCmUpsmApsmU,GOLD_LEGACY,7.791211986422294,16.172904183608438,1.138705863072955,0.9999999999991052,MULTI_DOSE_HILL
AGUCUACAAACCAGUUGAA,UUCAACUGGUUUGUAGACUAU,mApsmGpsfUmCmUmAfCfAfAmAmCfCmAmGmUmUfGpsmApsmA(Chol4),(VPmU)psfUpsmCpsmAmAfC(UNA-U)mGmGmUmUmUmGfUmAfGmAmCmUmApsmU,GOLD_LEGACY,7.340527633844733,45.65332003996807,3.999999915172056,0.9999982537645032,MULTI_DOSE_HILL
AGUCUACAAACCAGUUGAA,UUCAACUGGUUUGUAGACUAU,mApsmGpsmUmCfUmAfCfAfAmAmCmCmAmGmUmUmGpsmApsmA(Chol4),(VPmU)psfUpsmCpsfAmAfCmUfGmGfUmUfUmGfUmAfGmAfCmUmApsmU,GOLD_LEGACY,7.505547014565673,31.221444000672697,0.9324835330115904,0.9999999999359268,MULTI_DOSE_HILL
AGUCUACAAACCAGUUGAA,UUCAACUGGUUUGUAGACUAU,mApsmGpsmUmCfUmAfCfAfAmAmCmCmAmGmUmUmGpsmApsmA(Chol4),(VPmU)psfUpsmCpsmAmAfCmUfGfGmUmUmUmGfUmAfGmAmCmUpsmApsmU,GOLD_LEGACY,7.225322245380864,59.52203276944923,1.608377581538739,0.999999999997377,MULTI_DOSE_HILL
AGUCUACAAACCAGUUGAA,UUCAACUGGUUUGUAGACUAUUU,(invAb)psmApsmGmUmCmUmAfCfAfAmAmCmCmAmGmUmUmGmApsmAps(invAb)(Chol4),(VPmU)psfUpsmCmAmAfCmUfGfGmUmUmUmGfUmAfGmAmCmUmAmUpsmUpsmU,GOLD_LEGACY,7.526962381530461,29.71923447787464,0.8925732275036704,0.999999996838331,MULTI_DOSE_HILL
AGUCUACAAACCAGUUGAA,UUCAACUGGUUUGUAGACUAUUU,(invAb)psmApsmGmUmCmUmAfCfAfAmAmCmCmAmGmUmUmGmApsmAps(invAb)(Chol4),(VPmU)psfUpsmCmAmAmC(UNA-U)mGmGmUmUmUmGfUmAfGmAmCmUmAmUpsmUpsmU,GOLD_LEGACY,7.400774448722949,39.73978848767363,0.8655075716614736,0.9999999996588076,MULTI_DOSE_HILL
AGUCUACAAACCAGUUGAA,UUCAACUGGUUUGUAGACUAUUU,(invAb)psmApsmGmUmCmUmAfCfAfAmAmCmCmAmGmUmUmGmApsmAps(invAb)(Chol4),(VPmU)psfUpsmCmAmAmCfUmGmGmUmUfUmGfUmAmGmAmCmUmAmUpsmUpsmU,GOLD_LEGACY,7.449093935972648,35.555440540840145,0.8402883538543354,1.0,MULTI_DOSE_HILL
AGUCUACAAACCAGUUGAAUU,UUCAACUGGUUUGUAGACUUU,mApsmGpsfUmCfUmAfCmAfAmAfCmCfAmGfUmUfGmAfApsmUpsmU(Chol4),(VPmU)psfUpsmCfAmAfCmUfGmGfUmUfUmGfUmAfGmAfCmUpsmUpsmU,GOLD_LEGACY,7.463933744583998,34.36103646634083,1.3303141968780408,0.9999999999991686,MULTI_DOSE_HILL
AGUCUACAAACCAGUUGACCA,UUCAACUGGUUUGUAGACUAU,(invAb)psmApsmGmUmCmUmAfCfAfAmAmCmCmAmGmUmUmGmAmCpsmCpsmA(Chol4),(VPmU)psfUpsmCpsmAmAfCmUmGmGmUmUmUmGfUmAfGmAmCmUmApsmU,GOLD_LEGACY,7.737443371362108,18.30444766576239,0.8092286356408834,0.9999999989262818,MULTI_DOSE_HILL
AGUCUCCCACCUUUUCUUCUU,AAGAAGAAAAGGUGGGAGACUGG,asgsucucCfcAfCfCfuuuucuucuuL96,asAfsgaaGfaAfAfagguGfgGfagacusgsg,GOLD_LEGACY,10.390430982507096,0.0406976204779524,0.500002159120608,0.9824136551639916,MULTI_DOSE_HILL
AGUCUCCCACCUUUUCUUCUU,AAGAAGAAAAGGUGGGAGACUGG,asgsucucccAfCfCfuuuucuucuuL96,asdAsgadAgdAaaagdGuGfggagacusgsg,GOLD_LEGACY,10.237148437609187,0.0579230687202425,3.9999999637927743,0.999999990717512,MULTI_DOSE_HILL
AGUCUGGUGUCCUGAAACUGU,ACAGTUTCAGGACACCAGACUUC,asgsucugguGfUfCfcugaaacuguL96,asdCsagdTudTcaggdAcAfccagacususc,GOLD_LEGACY,7.973192482772976,10.636714860652315,3.999999999999979,0.9137711163752512,MULTI_DOSE_HILL
AGUGAGUGACAACGUACCCUU,AAGGGUACGUUGUCACUCACUCC,asgsugagUfgAfCfAfacguacccuuL96,asAfsgggu(Agn)cguuguCfaCfucacuscsc,GOLD_LEGACY,7.361253795234194,43.52574413761978,0.6149761665457261,0.9949137593969613,MULTI_DOSE_HILL
AGUGAGUGACAACGUACCCUU,GGGUACGUUGUCACUCACUUU,fApsmGpsfUmGfAmGfUmGfAmCfAmAfCmGfUmAfCmCfCpsmUpsmU,mGpsfGpsmGfUmAfCmGfUmUfGmUfCmAfCmUfCmAfCmUpsmUpsmU,GOLD_LEGACY,7.784218850080887,16.435432986283484,0.53310046854414,0.9230550774888364,MULTI_DOSE_HILL
AGUGGCCUUAUCCCUCCUUCC,GGAAGGAGGGAUAAGGCCACUUU,fApsmGpsfUmGfGmCfCmUfUmAfUmCfCmCfUmCfCmUfUmCpsfC,vmGpsfGpsmAfAmGfGmAfGmGfGmAfUmAfAmGfGmCfCmAfCmUpsmUpsmU,GOLD_LEGACY,6.73720714452615,183.14406756038272,0.5000000000000001,0.9021075954090544,MULTI_DOSE_HILL
AGUGGGAUUCAGAUCCAUCAU,AUGAUGGAUCUGAAUCCCACUUC,asgsugg(Ghd)AfuUfCfAfgauccaucsasu,asUfsgauGfgAfUfcugaAfuCfccacususc,GOLD_LEGACY,10.053898894031713,0.088328550985155,4.0,0.9422427132347893,MULTI_DOSE_HILL
AGUGGUGUCUGCUGUCACUGU,ACAGTGACAGCAGACACCACUGC,asgsugguGfuCfUfGfcugucacuguL96,asCfsagdTg(Agn)cagcagAfcAfccacusgsc,GOLD_LEGACY,6.041923858923204,907.9797044142332,3.9999021895294833,1.0,MULTI_DOSE_HILL
AGUGGUGUCUGCUGUCACUGU,ACAGTGACAGCAGACACCACUGC,asgsugguguCfUfGfcugucacuguL96,asdCsagdTgdAcagcdAgAfcaccacusgsc,GOLD_LEGACY,7.715779527240775,19.240682482909936,3.999999947514628,0.9999999827314195,MULTI_DOSE_HILL
AGUGUCUUGAAUGUAAGAACU,AGUUCUTACAUTCAAGACACUAA,asgsugucuuGfAfAfuguaagaacuL96,asdGsuudCudTacaudTcAfagacacusasa,GOLD_LEGACY,8.334630936445304,4.627741199058896,0.5000000000000001,0.9655866849695542,MULTI_DOSE_HILL
AGUGUGGCUCAAAGGAUAAUA,UAUUAUCCUUUGAGCCACACUUG,asgsugu(Ghd)gcUfCfAfaaggauaauaL96,VPusdAsuudAu(C2p)cuuudGaGfccacacususg,GOLD_LEGACY,6.041923858923204,907.9797044142332,3.9999021895294833,1.0,MULTI_DOSE_HILL
AGUGUUAAGUUAUAGUGAAUA,UAUUCACUAUAACUUAACACUAC,asgsuguuAfaGfUfUfauagugaasusa,VPuAfuudCa(C2p)uauaacUfuAfacacusasc,GOLD_LEGACY,10.494762465447378,0.0320064520320013,0.7215186889169797,1.0,MULTI_DOSE_HILL
AGUUACUUCACUCUAGGAAUA,UAUUCCTAGAGUGAAGUAACUCU,asgsuuacUfuCfAfCfucuaggaasusa,VPuAfuudCc(Tgn)agagugAfaGfuaacuscsu,GOLD_LEGACY,11.158335725940772,0.0069448724531079,0.5000000025586079,0.9726699324254816,MULTI_DOSE_HILL
AGUUGCUUGUUCGUGCACAUA,UAUGTGCACGAACAAGCAACUGA,asgsuugcUfuGfUfUfcgugcacasusa,VPuAfugdTg(C2p)acgaacAfaGfcaacusgsa,GOLD_LEGACY,10.733912570985558,0.0184538688168753,0.8450104948625824,0.997409901930442,MULTI_DOSE_HILL
AUAAAGGCUACUGUUGGAUUA,UAAUCCAACAGTAGCCUUUAUCA,asusaaaggcUfAfCfuguuggaususa,VPudAaudCcdAacagdTaGfccuuuauscsa,GOLD_LEGACY,11.301300227687774,0.0049968898065834,0.5000000001691401,0.9656676209886038,MULTI_DOSE_HILL
AUAAAGGCUACUGUUGGAUUA,UAAUCCAACAGUAGCCUUUAUCA,asusaaagGfcUfAfCfuguuggaususa,VPuAfaudCc(Agn)acaguaGfcCfuuuauscsa,GOLD_LEGACY,9.749172094872788,0.1781672616452563,0.5000000000000001,0.9949543223182844,MULTI_DOSE_HILL
AUAAAGUUAUUACUCUGAUUA,UAAUCAGAGUAAUAACUUUAUUU,asusaaag(Uhd)uAfUfUfacucugauuaL96,VPusAfsaudCa(G2p)aguaauAfaCfuuuaususu,GOLD_LEGACY,9.330958435606108,0.4667040443459707,0.5000000156907425,0.9042975680762664,MULTI_DOSE_HILL
AUAAGAAGCUGGAUCUUAGCA,UGCUAAGAUCCAGCUUCUUAUUA,asusaag(Ahd)agCfUfGfgaucuuagcaL96,VPusdGscudAadGauccdAgCfuucuuaususa,GOLD_LEGACY,7.561180648115362,27.46751383175813,0.5470269396326866,0.9531166005954832,MULTI_DOSE_HILL
AUAAUAUCAAACACGUCCCGA,UCGGGACGUGUTUGAUAUUAUCC,asusaau(Ahd)ucAfAfAfcacgucccgaL96,VPusdCsggdGadCgugudTuGfauauuauscsc,GOLD_LEGACY,7.588666524002548,25.78300162577368,0.5000000000000001,0.9863715963463454,MULTI_DOSE_HILL
AUAAUGGCAAUGUGGUCAAGU,ACUUGACCACATUGCCAUUAUGA,asusaauggcAfAfUfguggucaaguL96,asdCsuudGadCcacadTuGfccauuausgsa,GOLD_LEGACY,8.03524397921106,9.220532878626605,1.3685832984619528,0.9999999999999996,MULTI_DOSE_HILL
AUACACCCCUUCCACCUCGUU,AACGAGGUGGAAGGGGUGUAUGU,asusacacCfcCfUfUfccaccucguuL96,asAfscgaGfgUfGfgaagGfgGfuguausgsu,GOLD_LEGACY,7.675291884129492,21.12069066345838,3.9999998866242414,0.9999999834546665,MULTI_DOSE_HILL
AUACACCCCUUCCACCUCGUU,AACGAGGUGGAAGGGGUGUAUGU,asusacacccCfUfUfccaccucguuL96,asdAscgdAgdGuggadAgGfgguguausgsu,GOLD_LEGACY,8.899335089706604,1.2608543185871048,1.1958073738871609,1.0,MULTI_DOSE_HILL
AUACAUUUUUGCAUUGCCUUU,AAAGGCAAUGCAAAAAUGUAUAC,asusacauuuUfUfGfcauugccuuuL96,asdAsagdGcdAaugcdAaAfaauguausasc,GOLD_LEGACY,10.318730454557056,0.0480031288251975,3.9999999234635175,0.9999999916832574,MULTI_DOSE_HILL
AUACCACACUGGCAUCAGAT,TCUGAUGCCAGUGUGGUAUTT,AfuAfcCfaCfAfCfuGfgCfaUfcAfgAf(invdT),dTCfuGfaUfgCfcAfgugUfgGfuAfudTsdT,GOLD_LEGACY,8.499340068341027,3.167086548137901,3.999999777658613,0.9999999798503464,MULTI_DOSE_HILL
AUACCAUUCCAUUGUUUGUGA,UCACAAACAAUGGAAUGGUAUUU,asusaccauuCfCfAfuuguuugusgsa,VPudCacdAadAcaaudGgAfaugguaususu,GOLD_LEGACY,11.078772399978186,0.0083411820510298,0.8949693595892505,0.982277424102824,MULTI_DOSE_HILL
AUACUCUACAAACCAGUUGAA,UTCAACTGGUUTGUAGAGUAUCU,asusacu(Chd)uaCfAfAfaccaguugaaL96,VPusdTscadAc(Tgn)gguudTgUfadGaguauscsu,GOLD_LEGACY,7.322537464153092,47.58417410157781,0.8296134283926015,1.0,MULTI_DOSE_HILL
AUAGACUACAAACCAGUUGAA,UTCAACTGGUUTGUAGUCUAUCU,asusaga(Chd)uaCfAfAfaccaguugaaL96,VPusdTscadAc(Tgn)gguudTgUfadGucuauscsu,GOLD_LEGACY,8.643263877237226,2.273715501916852,0.7306078491242484,0.9999999999973463,MULTI_DOSE_HILL
AUAGAUGGUCCAGCAGGCUUU,AAAGCCTGCUGGACCAUCUAUCU,asusagauGfgUfCfCfagcaggcuuuL96,asAfsagdCc(Tgn)gcuggaCfcAfucuauscsu,GOLD_LEGACY,8.079850322244795,8.320504843706846,3.999999999999854,0.9999998571699316,MULTI_DOSE_HILL
AUAGAUGGUCCAGCAGGCUUU,AAAGCCTGCUGGACCAUCUAUCU,asusagauggUfCfCfagcaggcuuuL96,asdAsagdCcdTgcugdGaCfcaucuauscsu,GOLD_LEGACY,8.025302953929453,9.4340255058469,4.0,0.9999999232396468,MULTI_DOSE_HILL
AUAGCUACAAACCAGUUGAA,UUCAACUGGUUUGUAGACUAU,(invAb)psmApsmUmAmG(L13)mCmUmAfCfAfAmAmCmCmAmGmUmUmGmApsmAps(invAb),(VPmU)psfUpsmCpsmAmAfCmUfGfGmUmUmUmGfUmAfGmAmCmUpsmApsmU,GOLD_LEGACY,6.000000000748192,999.999998277225,1.7805170930744996,0.997823871066238,MULTI_DOSE_HILL
AUAGCUACAAACCAGUUGAA,UUCAACUGGUUUGUAGACUAU,(invAb)psmApsmUmAmG(L4)mCmUmAfCfAfAmAmCmCmAmGmUmUmGmApsmAps(invAb),(VPmU)psfUpsmCpsmAmAfCmUfGfGmUmUmUmGfUmAfGmAmCmUpsmApsmU,GOLD_LEGACY,6.001643769201277,996.222235316356,1.1562525354843929,0.9999999999999992,MULTI_DOSE_HILL
AUAGUCACAAACCAGUUGAA,UUCAACUGGUUUGUAGACUAU,(invAb)psmApsmUmAmGmUmC(L13)mAfCfAfAmAmCmCmAmGmUmUmGmApsmAps(invAb),(VPmU)psfUpsmCmAmAfCmUfGfGmUmUmUmGfUmAfGmAmCmUpsmApsmU,GOLD_LEGACY,6.393675737651994,403.9468839681784,1.4165717657421455,1.0,MULTI_DOSE_HILL
AUAGUCACAAACCAGUUGAA,UUCAACUGGUUUGUAGACUAU,(invAb)psmApsmUmAmGmUmC(L13)mAfCfAfAmAmCmCmAmGmUmUmGmApsmAps(invAb),(VPmU)psfUpsmCpsmAmAfCmUfGfGmUmUmUmGfUmAfGmAmCmUpsmApsmU,GOLD_LEGACY,6.000193994129889,999.5534117586168,0.8049541156305215,0.9999999985977106,MULTI_DOSE_HILL
AUAGUCACAAACCAGUUGAA,UUCAACUGGUUUGUAGACUAU,(invAb)psmApsmUmAmGmUmC(L4)mAfCfAfAmAmCmCmAmGmUmUmGmApsmAps(invAb),(VPmU)psfUpsmCpsmAmAfCmUfGfGmUmUmUmGfUmAfGmAmCmUpsmApsmU,GOLD_LEGACY,6.2053288424710455,623.2627298510246,0.98071169559847,0.9611992081925294,MULTI_DOSE_HILL
AUAGUCACAAACCAGUUGAA,UUCAACUGGUUUGUAGACUAU,(invAb)psmApsmUmAmGmUmC(L5)mAfCfAfAmAmCmCmAmGmUmUmGmApsmAps(invAb),(VPmU)psfUpsmCpsmAmAfCmUfGfGmUmUmUmGfUmAfGmAmCmUpsmApsmU,GOLD_LEGACY,6.3403726580323685,456.6961410579936,1.0359386734267777,0.9620910836001536,MULTI_DOSE_HILL
AUAGUCUACAAACCAAUUGAA,UTCAAUTGGUUTGUAGACUAUCU,asusagu(Chd)uaCfAfAfaccaauugaaL96,VPusdTscadAudTgguudTgUfagacuauscsu,GOLD_LEGACY,8.392871574042996,4.046955472106848,0.5000000000000001,0.9956808466768544,MULTI_DOSE_HILL
AUAGUCUACAAACCAGUGAA,UUCAACUGGUUUGUAGACUAU,(invAb)psmApsmUmAmGmUmCmUmAfCfAfAmAmCmCmAmG(L13)mUmGmApsmAps(invAb),(VPmU)psfUpsmCpsmAmAfCmUfGfGmUmUmUmGfUmAfGmAmCmUpsmApsmU,GOLD_LEGACY,6.138330819784402,727.2256361292494,1.8090471143537885,0.9999999999955604,MULTI_DOSE_HILL
AUAGUCUACAAACCAGUGAA,UUCAACUGGUUUGUAGACUAU,(invAb)psmApsmUmAmGmUmCmUmAfCfAfAmAmCmCmAmG(L4)mUmGmApsmAps(invAb),(VPmU)psfUpsmCpsmAmAfCmUfGfGmUmUmUmGfUmAfGmAmCmUpsmApsmU,GOLD_LEGACY,6.4429676731777565,360.6054837852637,1.040593783161031,0.9624944023014232,MULTI_DOSE_HILL
AUAGUCUACAAACCAGUGAA,UUCAACUGGUUUGUAGACUAU,(invAb)psmApsmUmAmGmUmCmUmAfCfAfAmAmCmCmAmG(L5)mUmGmApsmAps(invAb),(VPmU)psfUpsmCpsmAmAfCmUfGfGmUmUmUmGfUmAfGmAmCmUpsmApsmU,GOLD_LEGACY,6.265500113440169,542.6251095922564,1.1708041407305143,0.9884805012565424,MULTI_DOSE_HILL
AUAGUCUACAAACCAGUGAA,UUCAACUGGUUUGUAGACUAU,(invAb)psmApsmUmAmGmUmCmUmAfCfAfAmAmCmCmAmGmU(L13)mGmApsmAps(invAb),(VPmU)psfUpsmCpsmAmAfCmUfGfGmUmUmUmGfUmAfGmAmCmUpsmApsmU,GOLD_LEGACY,6.235902213184189,580.8951985917258,0.9461679780603311,0.9533509912351232,MULTI_DOSE_HILL
AUAGUCUACAAACCAGUGAA,UUCAACUGGUUUGUAGACUAU,(invAb)psmApsmUmAmGmUmCmUmAfCfAfAmAmCmCmAmGmU(L4)mGmApsmAps(invAb),(VPmU)psfUpsmCpsmAmAfCmUfGfGmUmUmUmGfUmAfGmAmCmUpsmApsmU,GOLD_LEGACY,6.000468966195715,998.9207482401794,1.0286624844395766,0.9999999993699504,MULTI_DOSE_HILL
AUAGUCUACAAACCAGUGAA,UUCAACUGGUUUGUAGACUAU,(invAb)psmApsmUmAmGmUmCmUmAfCfAfAmAmCmCmAmGmU(L5)mGmApsmAps(invAb),(VPmU)psfUpsmCpsmAmAfCmUfGfGmUmUmUmGfUmAfGmAmCmUpsmApsmU,GOLD_LEGACY,6.017342959175413,960.8531999605872,0.9221703733452016,1.0,MULTI_DOSE_HILL
AUAGUCUACAAACCAGUUGAA,UTCAACTGGUUTGUAGACUAUCU,asusagu(Chd)uaCfAfAfaccaguugaaL96,VPusdTscadAc(Tgn)gguudTgUfadGacuauscsu,GOLD_LEGACY,8.492050066869966,3.2206974774777004,0.5000000000000001,0.9166497744879244,MULTI_DOSE_HILL
AUAGUCUACAAACCAGUUGAA,UTCAACTGGUUTGUAGACUAUUU,asusagu(Chd)uaCfAfAfaccaguugaaL96,VPusdTscadAc(Tgn)gguudTgUfagacuaususu,GOLD_LEGACY,8.471310942766884,3.3782287781636318,0.7193613805034533,0.9999999932695064,MULTI_DOSE_HILL
AUAGUCUACAAACCAGUUGAA,UUCAACATGGUUUGUAGACUAU,(invAb)psmApsmUmAmGmUmCmUmAfCfAfAmAmCmCmAmGmUmUmGmAmAps(invAb)ps(Chol4),(VPmU)psfUpsmCmAmAmC(GNA-T)mGmGmUmUmUmGfUmAfGmAmCmUpsmApsmU,GOLD_LEGACY,7.171816440781015,67.32611572027378,1.4384944490038278,1.0,MULTI_DOSE_HILL
AUAGUCUACAAACCAGUUGAA,UUCAACTGGUUTGUAGACUAUUU,asusagu(Chd)uaCfAfAfaccaguugaaL96,VPusUfscadAc(Tgn)gguudTgUfaGfacuaususu,GOLD_LEGACY,10.424315475842311,0.0376430256951803,0.8319798888210831,1.0,MULTI_DOSE_HILL
AUAGUCUACAAACCAGUUGAA,UUCAACTGGUUUGUAGACUAU,(invAb)psmApsmUmAmGmUmCmUmAfCfAfAmAmCmCmAmGmUmUmGmAmAps(invAb)ps(Chol4),(VPmU)psfUpsmCmAmAmCdTmGmGmUmUmUmGfUmAfGmAmCmUpsmApsmU,GOLD_LEGACY,7.640619015971169,22.87604720401801,1.1900475110816005,0.999999999996978,MULTI_DOSE_HILL
AUAGUCUACAAACCAGUUGAA,UUCAACTGGUUUGUAGACUAUUU,asusagu(Chd)UfaCfAfAfaccaguugaaL96,VPusUfscadAc(Tgn)gguuugUfaGfacuaususu,GOLD_LEGACY,9.740472033666936,0.1817724104418972,1.7716002688534178,0.9674056815712332,MULTI_DOSE_HILL
AUAGUCUACAAACCAGUUGAA,UUCAACTGGUUUGUAGACUAUUU,asusagu(Chd)uaCfAfAfaccaguugaaL96,VPusUfscadAc(Tgn)gguuugUfaGfacuaususu,GOLD_LEGACY,9.523845386798756,0.2993330102545188,0.7707889118770933,0.989639116051376,MULTI_DOSE_HILL
AUAGUCUACAAACCAGUUGAA,UUCAACTGGUUUGUAGACUAUUU,asusagu(Chd)uaCfAfAfaccaguugaaL96,VPusUfscadAc(Tgn)gguuugUfadGacuaususu,GOLD_LEGACY,8.134949095808487,7.329104334398174,0.7412997082445811,0.9643292268735132,MULTI_DOSE_HILL
AUAGUCUACAAACCAGUUGAA,UUCAACUGGUUUGTAGACUAU,(invAb)psmApsmUmAmGmUmCmUmAfCfAfAmAmCmCmAmGmUmUmGmAmAps(invAb)ps(Chol4),(VPmU)psfUpsmCmAmAfCmUfGfGmUmUmUmGdTmAfGmAmCmUpsmApsmU,GOLD_LEGACY,7.408686560508719,39.0223517617364,0.8897680013149014,0.999999999914096,MULTI_DOSE_HILL
AUAGUCUACAAACCAGUUGAA,UUCAACUGGUUUGUAGACUAU,(invAb)psmApsmUmAmGmUmC(C6NH-L15U)mAfCfAfAmAmCmCmAmGmUmUmGmApsmAps(invAb),(VPmU)psfUpsmCpsmAmAfCmUfGfGmUmUmUmGfUmAfGmAmCmUpsmApsmU,GOLD_LEGACY,6.042262662344117,907.2716441450552,0.9353975806429928,0.9718662795800732,MULTI_DOSE_HILL
AUAGUCUACAAACCAGUUGAA,UUCAACUGGUUUGUAGACUAU,(invAb)psmApsmUmAmGmUmC(C6NH-L16U)mAfCfAfAmAmCmCmAmGmUmUmGmApsmAps(invAb),(VPmU)psfUpsmCpsmAmAfCmUfGfGmUmUmUmGfUmAfGmAmCmUpsmApsmU,GOLD_LEGACY,6.055397135716273,880.2435760048173,1.1095168609467287,0.9993667753558674,MULTI_DOSE_HILL
AUAGUCUACAAACCAGUUGAA,UUCAACUGGUUUGUAGACUAU,(invAb)psmApsmUmAmGmUmC(C6NH-L17U)mAfCfAfAmAmCmCmAmGmUmUmGmApsmAps(invAb),(VPmU)psfUpsmCpsmAmAfCmUfGfGmUmUmUmGfUmAfGmAmCmUpsmApsmU,GOLD_LEGACY,6.253690318017115,557.5832025712431,1.5440939113658196,0.9989036233609854,MULTI_DOSE_HILL
AUAGUCUACAAACCAGUUGAA,UUCAACUGGUUUGUAGACUAU,(invAb)psmApsmUmAmGmUmC(C6NH-L18U)mAfCfAfAmAmCmCmAmGmUmUmGmApsmAps(invAb),(VPmU)psfUpsmCpsmAmAfCmUfGfGmUmUmUmGfUmAfGmAmCmUpsmApsmU,GOLD_LEGACY,6.672610175603588,212.51511499884137,1.4673593185878824,0.9999999999999292,MULTI_DOSE_HILL
AUAGUCUACAAACCAGUUGAA,UUCAACUGGUUUGUAGACUAU,(invAb)psmApsmUmAmGmUmC(C6NH-L20U)mAfCfAfAmAmCmCmAmGmUmUmGmApsmAps(invAb),(VPmU)psfUpsmCpsmAmAfCmUfGfGmUmUmUmGfUmAfGmAmCmUpsmApsmU,GOLD_LEGACY,6.060877792457653,869.2049833051933,1.238198194108617,0.9966245478870258,MULTI_DOSE_HILL
AUAGUCUACAAACCAGUUGAA,UUCAACUGGUUUGUAGACUAU,(invAb)psmApsmUmAmGmUmC(C6NH-L4U)mAfCfAfAmAmCmCmAmGmUmUmGmApsmAps(invAb),(VPmU)psfUpsmCpsmAmAfCmUfGfGmUmUmUmGfUmAfGmAmCmUpsmApsmU,GOLD_LEGACY,6.119190602465219,759.9926593781306,1.607035562685584,0.9999999999400866,MULTI_DOSE_HILL
AUAGUCUACAAACCAGUUGAA,UUCAACUGGUUUGUAGACUAU,(invAb)psmApsmUmAmGmUmCmUmAfCfAdAmAmCmCmAmGmUmUmGmApsmAps(invAb)(Chol4),(VPmU)psfUpsmCmAmAfCmUfGfGmUmUmUmGfUmAfGmAmCmUpsmApsmU,GOLD_LEGACY,7.657645015717529,21.99657097230896,1.4729461258090888,0.9999999999999046,MULTI_DOSE_HILL
AUAGUCUACAAACCAGUUGAA,UUCAACUGGUUUGUAGACUAU,(invAb)psmApsmUmAmGmUmCmUmAfCfAfAmAmCmCmAmGmUmUmGmAmAps(invAb)ps(Chol4),(VPmU)psfUpsmC(UNA-A)mAmCmUmGmGmUmUmUmGfUmAfGmAmCmUpsmApsmU,GOLD_LEGACY,7.26585460995276,54.21823680167601,1.525315662948705,0.9999999999980244,MULTI_DOSE_HILL
AUAGUCUACAAACCAGUUGAA,UUCAACUGGUUUGUAGACUAU,(invAb)psmApsmUmAmGmUmCmUmAfCfAfAmAmCmCmAmGmUmUmGmAmAps(invAb)ps(Chol4),(VPmU)psfUpsmCmAmA(UNA-C)mUmGmGmUmUmUmGfUmAfGmAmCmUpsmApsmU,GOLD_LEGACY,7.314459940752761,48.47748261075332,1.4001368738739863,0.9999999999989544,MULTI_DOSE_HILL
AUAGUCUACAAACCAGUUGAA,UUCAACUGGUUUGUAGACUAU,(invAb)psmApsmUmAmGmUmCmUmAfCfAfAmAmCmCmAmGmUmUmGmAmAps(invAb)ps(Chol4),(VPmU)psfUpsmCmAmAfC(UNA-U)mGfGmUmUmUmGfUmAfGmAmCmUpsmApsmU,GOLD_LEGACY,7.440528916185686,36.263614040949605,1.1722179829582222,0.9999999999975566,MULTI_DOSE_HILL
AUAGUCUACAAACCAGUUGAA,UUCAACUGGUUUGUAGACUAU,(invAb)psmApsmUmAmGmUmCmUmAfCfAfAmAmCmCmAmGmUmUmGmAmAps(invAb)ps(Chol4),(VPmU)psfUpsmCmAmAfC(UNA-U)mGmGmUmUmUmGfUmAfGmAmCmUpsmApsmU,GOLD_LEGACY,7.4286436199661185,37.26974145726443,1.246054180231003,0.9999999999975973,MULTI_DOSE_HILL
AUAGUCUACAAACCAGUUGAA,UUCAACUGGUUUGUAGACUAU,(invAb)psmApsmUmAmGmUmCmUmAfCfAfAmAmCmCmAmGmUmUmGmAmAps(invAb)ps(Chol4),(VPmU)psfUpsmCmAmAfCmUfGfGmUmUmUmGfUdAfGmAmCmUpsmApsmU,GOLD_LEGACY,7.872358578404714,13.416567550219842,1.107008322864905,0.9999999999946182,MULTI_DOSE_HILL
AUAGUCUACAAACCAGUUGAA,UUCAACUGGUUUGUAGACUAU,(invAb)psmApsmUmAmGmUmCmUmAfCfAfAmAmCmCmAmGmUmUmGmAmAps(invAb)ps(Chol4),(VPmU)psfUpsmCmAmAfCmUfGfGmUmUmUmGfUmAdGmAmCmUpsmApsmU,GOLD_LEGACY,7.671992848065461,21.28174092332841,1.2794761193266306,0.9999999999994944,MULTI_DOSE_HILL
AUAGUCUACAAACCAGUUGAA,UUCAACUGGUUUGUAGACUAU,(invAb)psmApsmUmAmGmUmCmUmAfCfAfAmAmCmCmAmGmUmUmGmAmAps(invAb)ps(Chol4),(VPmU)psfUpsmCmAmAmC(UNA-U)fGmGmUmUmUmGfUmAfGmAmCmUpsmApsmU,GOLD_LEGACY,7.052380109843451,88.63798815137329,1.0319520589239812,1.0,MULTI_DOSE_HILL
AUAGUCUACAAACCAGUUGAA,UUCAACUGGUUUGUAGACUAU,(invAb)psmApsmUmAmGmUmCmUmAfCfAfAmAmCmCmAmGmUmUmGmAmAps(invAb)ps(Chol4),(VPmU)psfUpsmCmAmAmC(UNA-U)mGfGmUmUmUmGfUmAfGmAmCmUpsmApsmU,GOLD_LEGACY,7.518928123789903,30.274144270295107,1.2370780268421289,0.9999999999983568,MULTI_DOSE_HILL
AUAGUCUACAAACCAGUUGAA,UUCAACUGGUUUGUAGACUAU,(invAb)psmApsmUmAmGmUmCmUmAfCfAfAmAmCmCmAmGmUmUmGmAmAps(invAb)ps(Chol4),(VPmU)psfUpsmCmAmAmC(UNA-U)mGmGmUmUmUmGfUmAfGmAmCmUpsmApsmU,GOLD_LEGACY,7.256769351807429,55.36440643659416,1.1543936024092811,1.0,MULTI_DOSE_HILL
AUAGUCUACAAACCAGUUGAA,UUCAACUGGUUUGUAGACUAU,(invAb)psmApsmUmAmGmUmCmUmAfCfAfAmAmCmCmAmGmUmUmGmApsmAps(invAb)(C7NH-L14),(VPmU)psfUpsmCpsmAmAfCmUfGfGmUmUmUmGfUmAfGmAmCmUpsmApsmU,GOLD_LEGACY,6.493247488892458,321.18297101490487,1.681803664425134,0.9999999999997626,MULTI_DOSE_HILL
AUAGUCUACAAACCAGUUGAA,UUCAACUGGUUUGUAGACUAU,(invAb)psmApsmUmAmGmUmCmUmAfCfAfAmAmCmCmAmGmUmUmGmApsmAps(invAb)(C7NH-L15),(VPmU)psfUpsmCpsmAmAfCmUfGfGmUmUmUmGfUmAfGmAmCmUpsmApsmU,GOLD_LEGACY,6.640683483270014,228.7265170262245,2.272357910357126,0.9989839421057882,MULTI_DOSE_HILL
AUAGUCUACAAACCAGUUGAA,UUCAACUGGUUUGUAGACUAU,(invAb)psmApsmUmAmGmUmCmUmAfCfAfAmAmCmCmAmGmUmUmGmApsmAps(invAb)(C7NH-L16),(VPmU)psfUpsmCpsmAmAfCmUfGfGmUmUmUmGfUmAfGmAmCmUpsmApsmU,GOLD_LEGACY,6.213110844180632,612.194122605251,1.544917806363309,0.9626525497365996,MULTI_DOSE_HILL
AUAGUCUACAAACCAGUUGAA,UUCAACUGGUUUGUAGACUAU,(invAb)psmApsmUmAmGmUmCmUmAfCfAfAmAmCmCmAmGmUmUmGmApsmAps(invAb)(C7NH-L18),(VPmU)psfUpsmCpsmAmAfCmUfGfGmUmUmUmGfUmAfGmAmCmUpsmApsmU,GOLD_LEGACY,7.64938316318973,22.41903096446792,2.370321545541727,1.0,MULTI_DOSE_HILL
AUAGUCUACAAACCAGUUGAA,UUCAACUGGUUUGUAGACUAU,(invAb)psmApsmUmAmGmUmCmUmAfCfAfAmAmCmCmAmGmUmUmGmApsmAps(invAb)(C7NH-L19),(VPmU)psfUpsmCpsmAmAfCmUfGfGmUmUmUmGfUmAfGmAmCmUpsmApsmU,GOLD_LEGACY,6.428726353498831,372.62642210508335,2.0283101807001414,1.0,MULTI_DOSE_HILL
AUAGUCUACAAACCAGUUGAA,UUCAACUGGUUUGUAGACUAU,(invAb)psmApsmUmAmGmUmCmUmAfCfAfAmAmCmCmAmGmUmUmGmApsmAps(invAb)(C7NH-L20),(VPmU)psfUpsmCpsmAmAfCmUfGfGmUmUmUmGfUmAfGmAmCmUpsmApsmU,GOLD_LEGACY,6.649980213389132,223.88231378222085,3.315856785631876,0.9999999999999994,MULTI_DOSE_HILL
AUAGUCUACAAACCAGUUGAA,UUCAACUGGUUUGUAGACUAU,(invAb)psmApsmUmAmGmUmCmUmAfCfAfAmAmCmCmAmGmUmUmGmApsmAps(invAb)(Chol4),(VPmU)psfUpsmCmAmAmC(UNA-U)mGmGmUmUmUmGfUmAfGmAmCmUpsmApsmU,GOLD_LEGACY,7.430610860445161,37.10130105423231,1.1586123457331197,0.999999999999978,MULTI_DOSE_HILL
AUAGUCUACAAACCAGUUGAA,UUCAACUGGUUUGUAGACUAU,(invAb)psmApsmUmAmGmUmCmUmAfCfAfAmAmCmCmAmGmUmUmGmApsmAps(invAb)(Chol4),(VPmU)psfUpsmCpsfAmAfCmUfGmGfUmUfUmGfUmAfGmAfCmUmApsmU,GOLD_LEGACY,7.604054860541933,24.885429430292263,0.8335750871550031,0.99999999156219,MULTI_DOSE_HILL
AUAGUCUACAAACCAGUUGAA,UUCAACUGGUUUGUAGACUAU,(invAb)psmApsmUmAmGmUmCmUmAfCfAfAmAmCmCmAmGmUmUmGmApsmAps(invAb)(Chol4),(VPmU)psfUpsmCpsmAmAfCmUfGfGmUmUmUmGfUmAfGmAmCmUmApsmU,GOLD_LEGACY,7.384720359512369,41.23629524955776,1.0114266455562455,1.0,MULTI_DOSE_HILL
AUAGUCUACAAACCAGUUGAA,UUCAACUGGUUUGUAGACUAU,(invAb)psmApsmUmAmGmUmCmUmAfCfAfAmAmCmCmAmGmUmUmGmApsmAps(invAb)(Chol4),(VPmU)psfUpsmCpsmAmAfCmUfGfGmUmUmUmGfUmAfGmAmCmUpsmApsmU,GOLD_LEGACY,7.401717514282036,39.6535876120948,0.7921574359518382,0.988754329127245,MULTI_DOSE_HILL
AUAGUCUACAAACCAGUUGAA,UUCAACUGGUUUGUAGACUAU,(invAb)psmApsmUmAmGmUmCmUmAfCfAfAmAmCmCmAmGmUmUmGmApsmAps(invAb)(L11),(VPmU)psfUpsmCpsmAmAfCmUfGfGmUmUmUmGfUmAfGmAmCmUpsmApsmU,GOLD_LEGACY,6.9117081390914175,122.5439460293868,1.9800535747323744,0.9999999999999688,MULTI_DOSE_HILL
AUAGUCUACAAACCAGUUGAA,UUCAACUGGUUUGUAGACUAU,(invAb)psmApsmUmAmGmUmCmUmAfCfAfAmAmCmCmAmGmUmUmGmApsmAps(invAb)(L12),(VPmU)psfUpsmCpsmAmAfCmUfGfGmUmUmUmGfUmAfGmAmCmUpsmApsmU,GOLD_LEGACY,6.990642286851549,102.17807421999602,1.626456817847817,0.9999999999999832,MULTI_DOSE_HILL
AUAGUCUACAAACCAGUUGAA,UUCAACUGGUUUGUAGACUAU,(invAb)psmApsmUmAmGmUmCmUmAfCfAfAmAmCmCmAmGmUmUmGmApsmAps(invAb)(L24),(VPmU)psfUpsmCpsmAmAfCmUfGfGmUmUmUmGfUmAfGmAmCmUpsmApsmU,GOLD_LEGACY,6.77746061277209,166.93191949834312,2.513149730995081,0.9999999999999992,MULTI_DOSE_HILL
AUAGUCUACAAACCAGUUGAA,UUCAACUGGUUUGUAGACUAU,mApsmUpsmAmGmUmCfUmAfCfAfAmAmCmCmAmGmUmUmGpsmApsmA(Chol4),(VPmU)psfUpsmCpsfAmAfCmUfGmGfUmUfUmGfUmAfGmAfCmUmApsmU,GOLD_LEGACY,7.024311255658106,94.5559243116526,1.9586992107896413,0.999999999999754,MULTI_DOSE_HILL
AUAGUCUACAAACCAGUUGAA,UUCAACUGGUUUGUAGACUAUUU,(invAb)psmApsmUmAmGmUmCmUmAfCfAfAmAmCmCmAmGmUmUmGmApsmAps(invAb)(Chol4),(VPmU)psfUpsmCmAmAfCmUfGfGmUmUmUmGfUmAfGmAmCmUmAmUpsmUpsmU,GOLD_LEGACY,7.703665542661348,19.78492723417069,0.9696313064459188,0.9999999999762752,MULTI_DOSE_HILL
AUAGUCUACAAACCAGUUGAA,UUCAACUGGUUUGUAGACUAUUU,(invAb)psmApsmUmAmGmUmCmUmAfCfAfAmAmCmCmAmGmUmUmGmApsmAps(invAb)(Chol4),(VPmU)psfUpsmCmAmAmCfUmGmGmUmUfUmGfUmAmGmAmCmUmAmUpsmUpsmU,GOLD_LEGACY,7.425644711309676,37.52798865860925,0.8083936644007369,0.9999999969213306,MULTI_DOSE_HILL
AUAGUCUACAAACCAGUUGAA,UUCAACUGGUUUGUAGACUAUUU,mApsmUpsmAmGmUmCfUmAfCfAfAmAmCmCmAmGmUmUmGpsmApsmA(Chol4),(VPmU)psfUpsmCmAmAfCmUfGfGmUmUmUmGfUmAfGmAmCmUmAmUpsmUpsmU,GOLD_LEGACY,7.666985052626593,21.528558295783306,1.0664049351178069,0.999999999959905,MULTI_DOSE_HILL
AUAGUCUACAAACCAGUUGAA,UUCAACUGGUUUGUAGACUAUUU,mApsmUpsmAmGmUmCfUmAfCfAfAmAmCmCmAmGmUmUmGpsmApsmA(Chol4),(VPmU)psfUpsmCmAmAfCmUfGmGmUmUmUmGfUmAfGmAmCmUmAmUpsmUpsmU,GOLD_LEGACY,7.637480003617725,23.041990667076355,1.038429497043763,0.9999999999997692,MULTI_DOSE_HILL
AUAGUCUACAAACCAGUUGAA,UUCAACUGGUUUGUAGACUAUUU,mApsmUpsmAmGmUmCfUmAfCfAfAmAmCmCmAmGmUmUmGpsmApsmA(Chol4),(VPmU)psfUpsmCmAmAfCmUmGfGmUmUmUmGfUmAfGmAmCmUmAmUpsmUpsmU,GOLD_LEGACY,7.662951182159663,21.72945419914961,1.15342494372268,0.9999999999974264,MULTI_DOSE_HILL
AUAGUCUACAAACCAGUUGAA,UUCAACUGGUUUGUAGACUAUUU,mApsmUpsmAmGmUmCfUmAfCfAfAmAmCmCmAmGmUmUmGpsmApsmA(Chol4),(VPmU)psfUpsmCmAmAfCmUmGmGmUmUmUmGfUmAfGmAmCmUmAmUpsmUpsmU,GOLD_LEGACY,7.559025055650201,27.60418595440415,1.1079610912878448,1.0,MULTI_DOSE_HILL
AUAGUCUACAAACCCGUUGAA,UTCAACGGGUUTGUAGACUAUCU,asusagu(Chd)uaCfAfAfacccguugaaL96,VPusdTscadAcdGgguudTgUfagacuauscsu,GOLD_LEGACY,8.92985022158243,1.175302820611095,0.5000000000000001,0.996861840253462,MULTI_DOSE_HILL
AUAGUCUACAAACCGGUUGAA,UTCAACCGGUUTGUAGACUAUCU,asusagu(Chd)uaCfAfAfaccgguugaaL96,VPusdTscadAcdCgguudTgUfagacuauscsu,GOLD_LEGACY,8.200159038418073,6.307263305231897,0.6659920166825589,0.9994568976714592,MULTI_DOSE_HILL
AUAGUCUACAAACCUGUUGAA,UTCAACAGGUUTGUAGACUAUCU,asusagu(Chd)uaCfAfAfaccuguugaaL96,VPusdTscadAcdAgguudTgUfagacuauscsu,GOLD_LEGACY,9.170871136029705,0.6747282035243172,0.6468647288676591,0.999999999976785,MULTI_DOSE_HILL
AUAUAUGGCAUGCACAGUGAU,ATCACUGUGCATGCCAUAUAUAC,asusauauggCfAfUfgcacagugauL96,asdTscadCudGugcadTgCfcauauausasc,GOLD_LEGACY,9.374197161194823,0.4224767745361813,0.5000000000000001,0.9912251385409888,MULTI_DOSE_HILL
AUAUAUGGCAUGCACAGUGAU,AUCACUGUGCAUGCCAUAUAUAC,asusauauGfgCfAfUfgcacagugauL96,asUfscacUfgUfGfcaugCfcAfuauausasc,GOLD_LEGACY,8.64704250683357,2.254018587931045,0.5616903137260779,0.9724563918635972,MULTI_DOSE_HILL
AUAUCAAACACGUCCCGGGAA,UTCCCGGGACGTGUUUGAUAUUA,asusauc(Ahd)aaCfAfCfgucccgggaaL96,VPusdTsccdCg(G2p)gacgdTgUfuugauaususa,GOLD_LEGACY,7.423117726846161,37.7469854006772,0.9778989746144804,0.9996485446003756,MULTI_DOSE_HILL
AUAUCAAACACGUCCCGGGAA,UUCCCGGGACGUGUUUGAUAUUA,asusauc(Ahd)aaCfAfCfgucccgggaaL96,VPusUfsccdCg(G2p)gacgugUfuUfgauaususa,GOLD_LEGACY,6.041923858923204,907.9797044142332,3.9999021895294833,1.0,MULTI_DOSE_HILL
AUAUGAGAAGCUUGACUUCAA,UUGAAGTCAAGCUUCUCAUAUUU,asusaug(Ahd)gaAfGfCfuugacuucaaL96,VPusUfsgadAg(Tgn)caagdCuUfcUfcauaususu,GOLD_LEGACY,10.161739728602385,0.0689065127319095,0.5539781954704578,0.9999999988776752,MULTI_DOSE_HILL
AUAUGGCAUGCACAGUGAGCU,AGCUCACUGUGCAUGCCAUAUAU,asusauggCfaUfGfCfacagugagcuL96,asGfscucAfcUfGfugcaUfgCfcauausasu,GOLD_LEGACY,8.52887648802768,2.958853835544755,1.2390329268698734,0.9999999999985364,MULTI_DOSE_HILL
AUAUGUGGAUGGAGGAGUGUU,CACUCCUCCAUCCACAUAUUU,fApsmUpsfAmUfGmUfGmGfAmUfGmGfAmGfGmAfGmUfGpsmUpsmU,mCpsfApsmCfUmCfCmUfCmCfAmUfCmCfAmCfAmUfAmUpsmUpsmU,GOLD_LEGACY,6.775628527441445,167.63761465696163,0.6154953737747009,0.9809724786918058,MULTI_DOSE_HILL
AUCAAAAUGAAAUGAAUAA,UUAUUCAUUUCAUUUUGAUUU,AmsUmsCmAmAfAmAfUfGfAmAmAmUmGmAmAmUmAmAm,UmsUfsAmUfUmCfAmUmUfUmCmAfUmUfUmUfGmAfUmsUmsUm,GOLD_LEGACY,11.488581956675226,0.0032465197059297,1.3022876228475768,0.9564218264576896,MULTI_DOSE_HILL
AUCAAAAUGAAAUGAAUAA,UUAUUCAUUUCAUUUUGAUUU,AmsUmsCmAmAfAmAfUfGfAmAmAmUmGmAmAmUmAmAm(NAG1),UmsUfsAmUfUmCf(-)hmpNA(A)UmUfUmCmAfUmUfUmUfGmAfUmsUmsUm,GOLD_LEGACY,10.330008363509194,0.0467726133874829,1.1162448799920257,0.9995791784136754,MULTI_DOSE_HILL
AUCACCAACCUGGGCUGGCAU,ATGCCAGCCCAGGUUGGUGAUGU,asuscaccaaCfCfUfgggcuggcauL96,asdTsgcdCadGcccadGgUfuggugausgsu,GOLD_LEGACY,7.193650719110927,64.02495485151334,0.5565401170814765,0.9700745099240136,MULTI_DOSE_HILL
AUCACCAAGCUCAGUCUACGC,GCGUAGACUGAGCUUGGUGAUUU,fApsmUpsfCmAfCmCfAmAfGmCfUmCfAmGfUmCfUmAfCmGpsfC,vmGpsfCpsmGfUmAfGmAfCmUfGmAfGmCfUmUfGmGfUmGfAmUpsmUpsmU,GOLD_LEGACY,9.015891459520828,0.9640699374332192,1.124240777384402,1.0,MULTI_DOSE_HILL
AUCACCGUGUCCCCCUUCUAU,AUAGAAGGGGGACACGGUGAUUU,fApsmUpsfCmAfCmCfGmUfGmUfCmCfCmCfCmUfUmCfUmApsfU,vmApsfUpsmAfGmAfAmGfGmGfGmGfAmCfAmCfGmGfUmGfAmUpsmUpsmU,GOLD_LEGACY,6.004988160311463,988.5800448503468,4.0,1.0,MULTI_DOSE_HILL
AUCAGAGAAGCUUGACUUCAA,UUGAAGTCAAGCUUCUCUGAUUU,asuscag(Ahd)gaAfGfCfuugacuucaaL96,VPusUfsgadAg(Tgn)caagdCuUfcUfcugaususu,GOLD_LEGACY,10.037069694268494,0.0918185237062674,0.5000000108540387,0.9959321071696096,MULTI_DOSE_HILL
AUCAGAGGACUAAAUACCAUA,UAUGGUAUUUAGUCCUCUGAUAA,asuscagaGfgAfCfUfaaauaccasusa,VPuAfugdGu(Agn)uuuaguCfcUfcugausasa,GOLD_LEGACY,8.967749024246105,1.077087475156401,0.5000000000000001,0.9801711871787382,MULTI_DOSE_HILL
AUCAGAUGAUCUACUUUCAGU,ACUGAAAGUAGAUCAUCUGAUGG,asuscagaugAfUfCfuacuuucaguL96,asdCsugdAadAguagdAuCfaucugausgsg,GOLD_LEGACY,8.409714423479352,3.8930105129731776,0.971042435617294,0.9967293508174038,MULTI_DOSE_HILL
AUCAGCUGGCCUGGUUUGAUA,UAUCAAACCAGGCCAGCUGAUUG,asuscagcugGfCfCfugguuugasusa,VPudAucdAadAccagdGcCfagcugaususg,GOLD_LEGACY,10.568256089424668,0.0270236439722335,0.7488825704303221,0.9988298545999176,MULTI_DOSE_HILL
AUCAGGUGUCCUAGAGACAT,TGUCUCUAGGACACCUGAUTT,AfuCfaGfgUfGfUfcCfuAfgAfgAfcAf(invdT),dTGfuCfuCfuAfgGfacaCfcUfgAfudTsdT,GOLD_LEGACY,6.199323327248309,631.9412032420688,3.999908376412997,1.0,MULTI_DOSE_HILL
AUCAUAAUGGCAAUGUGGUCU,AGACCACAUUGCCAUUAUGAUCC,asuscauaauGfGfCfaauguggucuL96,asdGsacdCadCauugdCcAfuuaugauscsc,GOLD_LEGACY,7.977973136174797,10.520269462455396,3.999999999993777,0.9999999505195152,MULTI_DOSE_HILL
AUCAUGGUGUGGUGGAGGUUU,AAACCUCCACCACACCAUGAUGA,asuscau(Ghd)GfuGfUfGfguggaggususu,asAfsaccUfcCfAfccacAfcCfaugausgsa,GOLD_LEGACY,8.295200034638187,5.067572437596546,0.5000000000000001,0.980951152178228,MULTI_DOSE_HILL
AUCAUGUGUGGAAGUUAUUAA,UTAATAACUUCCACACAUGAUCA,asuscaugugUfGfGfaaguuauusasa,VPudTaadTadAcuucdCaCfacaugauscsa,GOLD_LEGACY,8.693847646271522,2.0237289933220017,0.5000000000000289,0.972311191234135,MULTI_DOSE_HILL
AUCCACAAUGAGAGUACCUGU,ACAGGUACUCUCAUUGUGGAUGA,asusccacAfaUfGfAfgaguaccuguL96,asCfsaggUfaCfUfcucaUfuGfuggausgsa,GOLD_LEGACY,9.57869369973026,0.2638191399885378,0.5000000000000001,0.9982477247142416,MULTI_DOSE_HILL
AUCCACAAUGAGAGUACCUGU,ACAGGUACUCUCAUUGUGGAUGA,asusccacaaUfGfAfgaguaccuguL96,asdCsagdGudAcucudCaUfuguggausgsa,GOLD_LEGACY,11.208465360069203,0.0061877768015179,0.5000000001186096,0.9999321796607036,MULTI_DOSE_HILL
AUCCAUCAGAUGAUCUACUUU,AAAGTAGAUCATCUGAUGGAUAG,asusccaucaGfAfUfgaucuacuuuL96,asdAsagdTadGaucadTcUfgauggausasg,GOLD_LEGACY,8.949322656660634,1.1237697652755008,1.0328137288265404,0.9682378165178076,MULTI_DOSE_HILL
AUCCUAGCUCGGGAUGUUCAA,UUGAACAUCCCGAGCUAGGAUGU,asusccuaGfcUfCfGfggauguucsasa,VPuUfgadAc(Agn)ucccgaGfcUfaggausgsu,GOLD_LEGACY,7.730992962519396,18.57834559938279,0.5000000000000818,0.9998111633855944,MULTI_DOSE_HILL
AUCCUAGGACAUUUUUGGA,UCCAAAAAUGUCCUAGGAUUU,mAmUfCmCfUmAfGfGfAmCfAmUfUmUfUmUfGmGfA,fU*fC*mCfAmAfAmAfAmUfGmUmCmCfUmAfGmGfAmU*mU*mU,GOLD_LEGACY,9.33963820377602,0.4574691331689016,0.6981235069699534,0.9864005354746076,MULTI_DOSE_HILL
AUCGUAUGCAGAAUAUUCAAA,UUUGAAUAUUCUGCAUACGAUUU,L025L025mA*mUmCmGmUmAfUmGfCfAfGmAmAmUmAmUmUmCmAmA*mA,mU*fU*mUmGmAfAmUmAmUmUmCmUmGfCmAfUmAmCmGmAmU*mU*mU,GOLD_LEGACY,7.251082265560635,56.094171045213805,1.2987208696881622,0.9473238532211286,MULTI_DOSE_HILL
AUCGUCAGUAAAAGCAAAGAA,UTCUTUGCUUUTACUGACGAUGC,asuscgu(Chd)agUfAfAfaagcaaagaaL96,VPusdTscudTu(G2p)cuuudTaCfudGacgausgsc,GOLD_LEGACY,7.888225390075557,12.935243541739275,3.999958531642405,0.9888550713173476,MULTI_DOSE_HILL
AUCGUUCUUUUCACUCUGGUA,UACCAGAGUGAAAAGAACGAUAG,asuscguuCfuUfUfUfcacucugguaL96,VPusAfsccaGfaGfUfgaaaAfgAfacgausasg,GOLD_LEGACY,9.652082055944144,0.2228014146737852,1.0673596530231035,0.9999999999994676,MULTI_DOSE_HILL
AUCUACUUUCAGCCUUCCUGU,ACAGGAAGGCUGAAAGUAGAUCA,asuscuacuuUfCfAfgccuuccuguL96,asdCsagdGadAggcudGaAfaguagauscsa,GOLD_LEGACY,7.819236133473061,15.162257449561976,0.7981208709757895,0.9960680964928474,MULTI_DOSE_HILL
AUCUACUUUCAGCCUUCCUGU,ACAGGAAGGCUGAAAGUAGAUCU,asuscuacuuUfCfAfgccuuccuguL96,asdCsagdGadAggcudGaAfaguagauscsu,GOLD_LEGACY,7.264155984357251,54.43071204353737,0.7383902868955866,0.9961349527119284,MULTI_DOSE_HILL
AUCUCAGAAGCUUGACUUCAA,UUGAAGTCAAGCUUCUGAGAUUU,asuscuc(Ahd)gaAfGfCfuugacuucaaL96,VPusUfsgadAg(Tgn)caagdCuUfcUfgagaususu,GOLD_LEGACY,10.018896659415775,0.0957421863192445,0.7389706219240263,1.0,MULTI_DOSE_HILL
AUCUCCCUAGCCUUCUUUUGU,ACAAAAGAAGGCUAGGGAGAUGA,asuscuccCfuAfGfCfcuucuuuuguL96,asCfsaaaAfgAfAfggcuAfgGfgagausgsa,GOLD_LEGACY,9.299023648751572,0.5023152360740746,0.759861427309499,0.999999994335633,MULTI_DOSE_HILL
AUCUGAGAAGCUUGACUUCAA,UUGAAGTCAAGCUUCUCAGAUUU,asuscug(Ahd)GfaAfGfCfuugacuucaaL96,VPusUfsgadAg(Tgn)caagcuUfcUfcagaususu,GOLD_LEGACY,9.916650704104669,0.1211572189336618,0.8959972344701294,1.0,MULTI_DOSE_HILL
AUCUGAGAAGCUUGACUUCAA,UUGAAGTCAAGCUUCUCAGAUUU,asuscug(Ahd)gaAfGfCfuugacuucaaL96,VPusUfsgadAg(Tgn)caagcuUfcUfcagaususu,GOLD_LEGACY,10.837048849314794,0.0145529538018198,0.5211297045854183,0.9864522233417774,MULTI_DOSE_HILL
AUCUGAGAAGCUUGACUUCAA,UUGAAGTCAAGCUUCUCAGAUUU,asuscug(Ahd)gaAfGfCfuugacuucaaL96,VPusUfsgadAg(Tgn)caagdCuUfcUfcagaususu,GOLD_LEGACY,10.887046740848165,0.0129703966986241,0.500000000000007,0.9769680185177462,MULTI_DOSE_HILL
AUCUGUGCUCUUCGUCAUCUA,UAGATGACGAAGAGCACAGAUGG,asuscuguGfcUfCfUfucgucaucsusa,VPuAfgadTg(Agn)cgaagaGfcAfcagausgsg,GOLD_LEGACY,11.189697757834928,0.006461037209348,0.8000204614262981,1.0,MULTI_DOSE_HILL
AUCUGUGCUCUUCGUCAUCUA,UAGAUGACGAAGAGCACAGAUGG,asuscuguGfcUfCfUfucgucaucuaL96,VPusAfsgauGfaCfGfaagaGfcAfcagausgsg,GOLD_LEGACY,9.06076753839182,0.8694256758376907,0.6689857859988193,1.0,MULTI_DOSE_HILL
AUCUUAGAAGCUUGACUUCAA,UUGAAGTCAAGCUUCUAAGAUUU,asuscuu(Ahd)gaAfGfCfuugacuucaaL96,VPusUfsgadAg(Tgn)caagdCuUfcUfaagaususu,GOLD_LEGACY,9.787484592336348,0.1631230780120549,0.5616005909306803,0.9984900420265262,MULTI_DOSE_HILL
AUGAAGAGAUUACCAAGACAU,AUGUCUUGGUAAUCUCUUCAUCC,asusgaagAfgAfUfUfaccaagacauL96,PlasUfsgucUfuGfGfuaauCfuCfuucauscsc,GOLD_LEGACY,9.615093525023118,0.2426087582502077,0.5000000000001193,0.9928124719959454,MULTI_DOSE_HILL
AUGAAGAGAUUACCAAGACAU,AUGUCUUGGUAAUCUCUUCAUCC,asusgaagAfgAfUfUfaccaagacauL96,PlasUfsgucUugguaauCfuCfuucauscsc,GOLD_LEGACY,9.781236925103634,0.1654866920718457,0.5000000000000001,0.9565577281728936,MULTI_DOSE_HILL
AUGAAGUUUCCCAGGCACAGU,ACUGTGCCUGGGAAACUUCAUCU,asusgaaguuUfCfCfcaggcacaguL96,asdCsugdTgdCcuggdGaAfacuucauscsu,GOLD_LEGACY,7.89027669009343,12.874290660975388,3.9999994482873977,0.9999999720943344,MULTI_DOSE_HILL
AUGACACCACAUCAACAUA,UAUGUUGAUGUGGUGUCAUAG,AmsUmsGmAmCfAmCfCfAfCmAmUmCmAmAmCmAmUmAm,UmsAfsUmGfUmUfGmAmUfGmUmGfGmUfGmUfCmAfUmsAmsGm,GOLD_LEGACY,9.337075137505408,0.4601769512494386,1.1210048409873803,0.9996912243818912,MULTI_DOSE_HILL
AUGAGAGUACCUGUGAGCAGU,ACUGCUCACAGGUACUCUCAUUG,asusgagaGfuAfCfCfugugagcaguL96,asCfsugcUfcAfCfagguAfcUfcucaususg,GOLD_LEGACY,10.171320572234665,0.0674030312024656,0.7644861560116722,0.9999969777484708,MULTI_DOSE_HILL
AUGAGAGUACCUGUGAGCAGU,ACUGCUCACAGGUACUCUCAUUG,asusgagaguAfCfCfugugagcaguL96,asdCsugdCudCacagdGuAfcucucaususg,GOLD_LEGACY,11.080207066712187,0.0083136729004132,0.5319947412872694,1.0,MULTI_DOSE_HILL
AUGAGCUGUGAGGGUCAAGCU,AGCUTGACCCUCACAGCUCAUGU,asusgagcUfgUfGfAfgggucaagcuL96,asGfscudTg(Agn)cccucaCfaGfcucausgsu,GOLD_LEGACY,6.041923858923204,907.9797044142332,3.9999021895294833,1.0,MULTI_DOSE_HILL
AUGAGCUGUGAGGGUCAAGCU,AGCUTGACCCUCACAGCUCAUGU,asusgagcugUfGfAfgggucaagcuL96,asdGscudTgdAcccudCaCfagcucausgsu,GOLD_LEGACY,7.2210619149996464,60.1088037525818,3.6126487522278095,0.9999999104376932,MULTI_DOSE_HILL
AUGAUCUACUUUCAGCCUUCU,AGAAGGCUGAAAGUAGAUCAUCU,asusgaucuaCfUfUfucagccuucuL96,asdGsaadGgdCugaadAgUfagaucauscsu,GOLD_LEGACY,8.26267726509997,5.461635778974001,1.0501570489127454,0.9990148388613336,MULTI_DOSE_HILL
AUGCACAGUGAGCUAUGGGGU,ACCCCATAGCUCACUGUGCAUGC,asusgcacagUfGfAfgcuaugggguL96,asdCsccdCadTagcudCaCfugugcausgsc,GOLD_LEGACY,6.041923858923204,907.9797044142332,3.9999021895294833,1.0,MULTI_DOSE_HILL
AUGCACAGUGAGCUAUGGGGU,ACCCCAUAGCUCACUGUGCAUGC,asusgcacAfgUfGfAfgcuaugggguL96,asCfscccAfuAfGfcucaCfuGfugcausgsc,GOLD_LEGACY,7.851281497504976,14.08375632917173,3.999999862858076,0.99999997640701,MULTI_DOSE_HILL
AUGCAGGCUGUGACAGGAUGU,ACAUCCTGUCACAGCCUGCAUGA,asusgcaggcUfGfUfgacaggauguL96,asdCsaudCcdTgucadCaGfccugcausgsa,GOLD_LEGACY,9.809330185735808,0.1551207208539894,0.6604226889346643,1.0,MULTI_DOSE_HILL
AUGCAGGCUGUGACAGGAUGU,ACAUCCUGUCACAGCCUGCAUGA,asusgcagGfcUfGfUfgacaggauguL96,asCfsaucCfuGfUfcacaGfcCfugcausgsa,GOLD_LEGACY,8.077256886672872,8.370340271761256,0.7497640862711445,0.9894178229761412,MULTI_DOSE_HILL
AUGCAGUUCGCCUUCACUAUA,UAUAGUGAAGGCGAACUGCAUUC,asusgcagUfuCfGfCfcuucacuasusa,VPuAfuadGu(G2p)aaggcgAfaCfugcaususc,GOLD_LEGACY,11.79732128241118,0.0015946989842009,0.5000062123676353,0.9362521839379844,MULTI_DOSE_HILL
AUGCCAAAACAACCAUCACCG,CGGUGAUGGUUGUUUUGGCAUUU,fApsmUpsfGmCfCmAfAmAfAmCfAmAfCmCfAmUfCmAfCmCpsfG,vmCpsfGpsmGfUmGfAmUfGmGfUmUfGmUfUmUfUmGfGmCfAmUpsmUpsmU,GOLD_LEGACY,8.213770023672863,6.112656288567568,0.7516399485456206,0.9775982486644668,MULTI_DOSE_HILL
AUGCCUCUGACCUGGACAAGU,ACUUGUCCAGGTCAGAGGCAUAG,asusgccucuGfAfCfcuggacaaguL96,asdCsuudGudCcaggdTcAfgaggcausasg,GOLD_LEGACY,8.549616802418369,2.820870814886713,0.7635190192808307,0.9677652541371417,MULTI_DOSE_HILL
AUGCCUCUGACCUGGACAAGU,ACUUGUCCAGGUCAGAGGCAUAG,asusgccuCfuGfAfCfcuggacaaguL96,asCfsuugUfcCfAfggucAfgAfggcausasg,GOLD_LEGACY,7.826482744880346,14.911359991687352,3.999999702295866,0.9999999783190564,MULTI_DOSE_HILL
AUGCCUUGGUAUGUUCCUGUU,CAGGAACAUACCAAGGCAUUU,fApsmUpsfGmCfCmUfUmGfGmUfAmUfGmUfUmCfCmUfGpsmUpsmU,mCpsfApsmGfGmAfAmCfAmUfAmCfCmAfAmGfGmCfAmUpsmUpsmU,GOLD_LEGACY,9.077975658638156,0.8356498534692817,1.5201447950923617,1.0,MULTI_DOSE_HILL
AUGCGUUAAUUCAGCUGGUUU,AAACCAGCUGAAUUAACGCAUGC,asusgcguUfaAfUfUfcagcugguuuL96,asAfsacca(Ggn)cugaauUfaAfcgcausgsc,GOLD_LEGACY,7.770468503418319,16.96412627680981,0.8874359571106762,0.9703035203081702,MULTI_DOSE_HILL
AUGCUCAGUAAAAGCAAAGAA,UTCUTUGCUUUTACUGAGCAUGC,asusgcu(Chd)agUfAfAfaagcaaagaaL96,VPusdTscudTu(G2p)cuuudTaCfudGagcausgsc,GOLD_LEGACY,7.801536254752497,15.79296763090246,0.9124198190027704,0.9327764083809597,MULTI_DOSE_HILL
AUGCUGAGAUUCGCCCUUAT,TAAGGGCGAAUCUCAGCAUTT,AfuGfcUfgAfgAfuUfcGfcCfcUfuAf(invdT),dTAfaGfgGfcGfaAfuCfuCfaGfcAfudTsdT,GOLD_LEGACY,8.663564261720698,2.169880106819387,4.0,0.99999995554091,MULTI_DOSE_HILL
AUGCUGAGGAUUCUUGGAACU,AGUUCCAAGAAUCCUCAGCAUAA,asusgcugAfgGfAfUfucuuggaacuL96,asGfsuucCfaAfGfaaucCfuCfagcausasa,GOLD_LEGACY,9.071641484439317,0.84792709979379,3.999999927693751,0.9999999276238778,MULTI_DOSE_HILL
AUGGACAGUAAAAGCAAAGAA,UTCUTUGCUUUTACUGUCCAUGC,asusgga(Chd)agUfAfAfaagcaaagaaL96,VPusdTscudTu(G2p)cuuudTaCfudGuccausgsc,GOLD_LEGACY,9.602472059816275,0.2497629068078753,0.500000960178961,0.983864974438636,MULTI_DOSE_HILL
AUGGAGGAGUGAGUGACAAUU,UUGUCACUCACUCCUCCAUUU,fApsmUpsfGmGfAmGfGmAfGmUfGmAfGmUfGmAfCmAfApsmUpsmU,mUpsfUpsmGfUmCfAmCfUmCfAmCfUmCfCmUfCmCfAmUpsmUpsmU,GOLD_LEGACY,8.897304680670896,1.2667628525532364,0.8007302657990614,0.9177606390228462,MULTI_DOSE_HILL
AUGGAUCACAAGAUGGAAUUA,UAAUTCCAUCUUGUGAUCCAUUC,asusggauCfaCfAfAfgauggaaususa,VPuAfaudTc(C2p)aucuugUfgAfuccaususc,GOLD_LEGACY,9.980981176182365,0.104476550197225,1.986848292112132,0.9998489485731956,MULTI_DOSE_HILL
AUGGCAAUGUGGUCAAGACGU,ACGUCUTGACCACAUUGCCAUCU,asusggcaauGfUfGfgucaagacguL96,asdCsgudCudTgaccdAcAfuugccauscsu,GOLD_LEGACY,7.951963130086965,11.16958069153008,3.9993175170528215,0.9719371246756724,MULTI_DOSE_HILL
AUGGCAAUGUGGUCAAGACGU,ACGUCUTGACCACAUUGCCAUUA,asusggcaAfuGfUfGfgucaagacguL96,asCfsgudCu(Tgn)gaccacAfuUfgccaususa,GOLD_LEGACY,7.675866877077116,21.092746001664104,3.999999919684269,0.9999999834462616,MULTI_DOSE_HILL
AUGGCAAUGUGGUCAAGACGU,ACGUCUTGACCACAUUGCCAUUA,asusggcaauGfUfGfgucaagacguL96,asdCsgudCudTgaccdAcAfuugccaususa,GOLD_LEGACY,8.369131826515082,4.274331226523016,1.0694339708298497,0.9987799216392542,MULTI_DOSE_HILL
AUGGCAGUGCGUUUAGCUGGA,UCCAGCTAAACGCACUGCCAUUU,asusggcaGfuGfCfGfuuuagcugsgsa,VPuCfcadGc(Tgn)aaacgcAfcUfgccaususu,GOLD_LEGACY,9.288407473167902,0.5147454623184576,0.5000000000000001,0.99076047911116,MULTI_DOSE_HILL
AUGGCAGUGCGUUUAGCUGGA,UCCAGCTAAACGCACUGCCAUUU,asusggcaguGfCfGfuuuagcugsgsa,VPudCcadGcdTaaacdGcAfcugccaususu,GOLD_LEGACY,10.241202748361957,0.057384850115627,0.6318438557724961,0.999999885547222,MULTI_DOSE_HILL
AUGGCAUGCACAGUGAGCUAU,ATAGCUCACUGTGCAUGCCAUAU,asusggcaugCfAfCfagugagcuauL96,asdTsagdCudCacugdTgCfaugccausasu,GOLD_LEGACY,11.667243489897126,0.002151575102566,0.5000000140233308,0.994125350544491,MULTI_DOSE_HILL
AUGGCAUGCACAGUGAGCUAU,AUAGCUCACUGUGCAUGCCAUAU,AmsUmsGmGmCmAmUfGmCfAfCfAmGmUmGmAmGmCmUmAmUmL96,AmsUfsAmGmCmUfCmAfCfUmGmUmGmCfAmUfGmCmCmAmUmsAmsUm,GOLD_LEGACY,9.774121539497775,0.1682203222147281,1.1924429111017851,0.9118645047669212,MULTI_DOSE_HILL
AUGGGGGUGGGGAGGCAAGAU,ATCUTGCCUCCCCACCCCCAUUC,asusggggguGfGfGfgaggcaagauL96,asdTscudTgdCcuccdCcAfcccccaususc,GOLD_LEGACY,8.89468849169174,1.2744168598342631,0.5000000000000001,0.9582975601312088,MULTI_DOSE_HILL
AUGGUCAGTAAAAGCAAAGAA,UTCUTUGCUUUTACUGACCAUGC,asusggu(Chd)agdTaAfdAagcaaagaaL96,VPusdTscudTu(G2p)cuuudTaCfudGaccausgsc,GOLD_LEGACY,8.742150087189112,1.8107142224230013,0.5000000000000001,0.982848232103442,MULTI_DOSE_HILL
AUGGUCAGUAAAAGAAAAGAA,UTCUTUTCUUUTACUGACCAUGC,asusggu(Chd)agUfAfAfaagaaaagaaL96,VPusdTscudTudTcuuudTaCfugaccausgsc,GOLD_LEGACY,8.373472145081312,4.231826510707271,0.5000000000000082,0.9955330190593328,MULTI_DOSE_HILL
AUGGUCAGUAAAAGCAAAGAA,UTCTUTGCUUUTACUGACCAUGC,asusggu(Chd)agUfAfAfaagcaaagaaL96,VPusdTscdTu(Tgn)gcuuudTaCfugaccausgsc,GOLD_LEGACY,7.640519733501338,22.881277411135724,0.8990109611637572,0.9997525769933826,MULTI_DOSE_HILL
AUGGUCAGUAAAAGCAAAGAA,UTCUTUGCUUUTACUGACCAUGC,asusggu(Chd)agUfAfAfaagcaaagaaL96,VPusdTscudTu(G2p)cuuudTaCfudGaccausgsc,GOLD_LEGACY,9.468149924735448,0.3402906961527056,0.5000010844236225,0.9235643366115758,MULTI_DOSE_HILL
AUGGUCAGUAAAAGCAAAGAA,UUCTUTGCUUUUACUGACCAUGC,asusggu(Chd)agUfAfAfaagcaaagaaL96,VPusUfscdTu(Tgn)gcuuuuaCfuGfaccausgsc,GOLD_LEGACY,8.336463522165037,4.608254733257735,0.5000000000000001,0.949250932422949,MULTI_DOSE_HILL
AUGGUCAGUAAAAGCAAAGAA,UUCUTUGCUUUTACUGACCAUGC,asusggu(Chd)agUfAfAfaagcaaagaaL96,VPusUfscudTu(G2p)cuuudTaCfudGaccausgsc,GOLD_LEGACY,10.111712906669272,0.0773191539735388,3.9999998003902375,0.9999999861829556,MULTI_DOSE_HILL
AUGGUCAGUAAAAGCAAAGAA,UUCUTUGCUUUTACUGACCAUGC,asusggu(Chd)agUfAfAfaagcaaagaaL96,VPusUfscudTu(G2p)cuuudTaCfugaccausgsc,GOLD_LEGACY,9.635528725626836,0.2314575087548835,0.5000000000000001,0.9488807685899526,MULTI_DOSE_HILL
AUGGUCAGUAAAAGCAAAGAA,UUCUTUGCUUUUACUGACCAUGC,asusggu(Chd)agUfAfAfaagcaaagaaL96,VPusUfscudTu(G2p)cuuuuaCfuGfaccausgsc,GOLD_LEGACY,10.12152567765631,0.0755917365411995,0.877069052749337,0.9353154648084688,MULTI_DOSE_HILL
AUGGUCAGUAAAAGCGAAGAA,UTCUTCGCUUUTACUGACCAUGC,asusggu(Chd)agUfAfAfaagcgaagaaL96,VPusdTscudTcdGcuuudTaCfugaccausgsc,GOLD_LEGACY,8.495929391866145,3.192056781454151,0.5000000000000001,0.997131707917584,MULTI_DOSE_HILL
AUGGUCCAAUUAGUUUCCUUA,UAAGGAAACUAAUUGGACCAUUU,asusgguccaAfUfUfaguuuccususa,VPudAagdGadAacuadAuUfggaccaususu,GOLD_LEGACY,11.939299858812976,0.0011500060925605,0.5000000935701089,0.9378720342467296,MULTI_DOSE_HILL
AUGGUCCAGCAGGCUUGAAGU,ACUUCAAGCCUGCUGGACCAUCU,asusggucCfaGfCfAfggcuugaaguL96,asCfsuudCa(Agn)gccugcUfgGfaccauscsu,GOLD_LEGACY,7.88384377871884,13.066408190254265,3.9999988585056143,0.9999999729443976,MULTI_DOSE_HILL
AUGGUCCAGCAGGCUUGAAGU,ACUUCAAGCCUGCUGGACCAUCU,asusgguccaGfCfAfggcuugaaguL96,asdCsuudCadAgccudGcUfggaccauscsu,GOLD_LEGACY,7.9806928022531105,10.45459462394234,4.0,0.9933458699281112,MULTI_DOSE_HILL
AUGGUCGGGAUGCUGGCCAAU,ATUGGCCAGCATCCCGACCAUUG,asusggucggGfAfUfgcuggccaauL96,asdTsugdGcdCagcadTcCfcgaccaususg,GOLD_LEGACY,8.541091942869517,2.8767893158963305,0.6475470505222222,0.9999999998970844,MULTI_DOSE_HILL
AUGGUCGGGAUGCUGGCCAAU,AUUGGCCAGCAUCCCGACCAUUG,asusggucGfgGfAfUfgcuggccaauL96,asUfsuggCfcAfGfcaucCfcGfaccaususg,GOLD_LEGACY,7.91046093578879,12.289637252600864,3.999947180920477,0.9316933023031234,MULTI_DOSE_HILL
AUGGUGGAUCCCAAGAAAGCU,AGCUUUCUUGGGAUCCACCAUGC,asusggu(Ghd)GfaUfCfCfcaagaaagscsu,asGfscuuUfcUfUfgggaUfcCfaccausgsc,GOLD_LEGACY,9.54868332146598,0.282694057001878,0.5000000000000001,0.9976579763543696,MULTI_DOSE_HILL
AUGGUGUAGAACACUAAUUCA,UGAAUUAGUGUUCUACACCAUUA,asusggugUfaGfAfAfcacuaauucaL96,VPusGfsaauUfaGfUfguucUfaCfaccaususa,GOLD_LEGACY,9.744169123358793,0.1802315744718302,0.5795059630282923,1.0,MULTI_DOSE_HILL
AUGUACGACGCAGAGCGCGGC,GCCGCGCUCUGCGUCGUACAUUU,fApsmUpsfGmUfAmCfGmAfCmGfCmAfGmAfGmCfGmCfGmGpsfC,vmGpsfCpsmCfGmCfGmCfUmCfUmGfCmGfUmCfGmUfAmCfAmUpsmUpsmU,GOLD_LEGACY,6.448721287147879,355.8596217949122,0.5000000000000001,0.9358012973161132,MULTI_DOSE_HILL
AUGUAUUAUAGAAUGCUUA,UAAGCAUUCUAUAAUACAUUU,mAmUfGmUfAmUfUfAfUmAfGmAfAmUfGmCfUmUfA,fU*fA*mAfGmCfAmUfUmCfUmAmUmAfAmUfAmCfAmU*mU*mU,GOLD_LEGACY,9.179793386036756,0.661007845206553,1.5022577561171762,0.9644441251665244,MULTI_DOSE_HILL
AUGUCCACCAGCUCAUCUCUU,GAGAUGAGCUGGUGGACAUUU,fApsmUpsfGmUfCmCfAmCfCmAfGmCfUmCfAmUfCmUfCpsmUpsmU,mGpsfApsmGfAmUfGmAfGmCfUmGfGmUfGmGfAmCfAmUpsmUpsmU,GOLD_LEGACY,6.503240403895214,313.8770745018237,0.5174502585860176,1.0,MULTI_DOSE_HILL
AUGUCUUAUGUAAUGCUGCCU,AGGCAGCAUUACAUAAGACAUUA,asusgucuUfaUfGfUfaaugcugccuL96,asGfsgcaGfcAfUfuacaUfaAfgacaususa,GOLD_LEGACY,7.416153557073507,38.35715989464467,0.6931314033836827,0.9251138279535688,MULTI_DOSE_HILL
AUGUGAGAAGCUUGACUUCAA,UUGAAGTCAAGCUUCUCACAUUU,asusgug(Ahd)gaAfGfCfuugacuucaaL96,VPusUfsgadAg(Tgn)caagdCuUfcUfcacaususu,GOLD_LEGACY,9.983394725419934,0.1038975423364959,0.731354357265233,1.0,MULTI_DOSE_HILL
AUGUGCCAGAUAUGGUGGUGU,ACACCACCAUATCUGGCACAUCC,asusgugccaGfAfUfauggugguguL96,asdCsacdCadCcauadTcUfggcacauscsc,GOLD_LEGACY,7.960242787961088,10.958653923451047,4.0,0.993334130646521,MULTI_DOSE_HILL
AUGUGGUAGACUGCAGCAA,UUGCUGCAGUCUACCACAUUU,mAmUfGmUfGmGfUfAfGmAfCmUfGmCfAmGfCmAfA,fU*fU*mGfCmUfGmCfAmGfUmCmUmAfCmCfAmCfAmU*mU*mU,GOLD_LEGACY,9.104873285740636,0.7854647765243272,1.1736030295605642,0.9994035687038244,MULTI_DOSE_HILL
AUGUGGUCAAGACGGAUGUGU,ACACAUCCGUCTUGACCACAUUG,asusguggucAfAfGfacggauguguL96,asdCsacdAudCcgucdTuGfaccacaususg,GOLD_LEGACY,8.026824966933702,9.40102122199204,4.0,0.9999999220258368,MULTI_DOSE_HILL
AUUACAAGAAACGGCUUUCAA,UUGAAAGCCGUUUCUUGUAAUCU,asusuacaAfgAfAfAfcggcuuucsasa,VPuUfgadAa(G2p)ccguuuCfuUfguaauscsu,GOLD_LEGACY,10.354417731366157,0.0442162868089271,0.994413247284754,0.9995499512146916,MULTI_DOSE_HILL
AUUCCAACCGACCAGCUUGUU,AACAAGCUGGUCGGUUGGAAUUC,asusuccaAfcCfGfAfccagcuuguuL96,asAfscaaGfcUfGfgucgGfuUfggaaususc,GOLD_LEGACY,9.297292149718013,0.5043219262780392,0.8745291142818892,1.0,MULTI_DOSE_HILL
AUUCCAACCGACCAGCUUGUU,AACAAGCUGGUCGGUUGGAAUUC,asusuccaacCfGfAfccagcuuguuL96,asdAscadAgdCuggudCgGfuuggaaususc,GOLD_LEGACY,10.440217518066918,0.0362896251257786,0.5000040048822092,0.9280653174770808,MULTI_DOSE_HILL
AUUCCACGACUAGUUCAGUUA,UAACTGAACUAGUCGUGGAAUGG,asusuccaCfgAfCfUfaguucagususa,VPuAfacdTg(Agn)acuaguCfgUfggaausgsg,GOLD_LEGACY,10.29337259835243,0.0508894083424631,0.5000000003571622,0.9833196609438324,MULTI_DOSE_HILL
AUUCCAGGUUGGCUGAUGUGU,ACACAUCAGCCAACCUGGAAUAA,asusuccaggUfUfGfgcugauguguL96,asdCsacdAudCagccdAaCfcuggaausasa,GOLD_LEGACY,7.96915672840652,10.736019004401273,3.9999999999909255,0.9999999539271216,MULTI_DOSE_HILL
AUUCCAUUGUUUGUGCAGCUA,UAGCTGCACAAACAAUGGAAUGG,asusuccaUfuGfUfUfugugcagcsusa,VPuAfgcdTg(C2p)acaaacAfaUfggaausgsg,GOLD_LEGACY,10.593515417928332,0.0254967356999672,0.8815540596105643,0.9996762367139208,MULTI_DOSE_HILL
AUUCCUGUUUGCUGUGUAUGU,ACAUACACAGCAAACAGGAAUGG,asusuccuGfuUfUfGfcuguguauguL96,asCfsauaCfaCfAfgcaaAfcAfggaausgsg,GOLD_LEGACY,9.220731681815211,0.6015452726797839,0.906497111449757,0.9999999988717272,MULTI_DOSE_HILL
AUUCUUGGCUAUUACGACAGA,UCUGTCGUAAUAGCCAAGAAUUU,asusucuuGfgCfUfAfuuacgacasgsa,VPuCfugdTc(G2p)uaauagCfcAfagaaususu,GOLD_LEGACY,10.135022091822862,0.0732787256547348,3.999999059343533,0.9998629178529248,MULTI_DOSE_HILL
AUUCUUGGCUAUUACGACAGA,UCUGTCGUAAUAGCCAAGAAUUU,asusucuuggCfUfAfuuacgacasgsa,VPudCugdTcdGuaaudAgCfcaagaaususu,GOLD_LEGACY,11.999999999992994,0.0010000000000161,0.5363254946427001,0.9620395090490788,MULTI_DOSE_HILL
AUUGACAGGUUCAUGCAGGCU,AGCCTGCAUGAACCUGUCAAUCU,asusugacagGfUfUfcaugcaggcuL96,asdGsccdTgdCaugadAcCfugucaauscsu,GOLD_LEGACY,8.647141721219954,2.2535037171736314,0.599429203818575,0.9999999996000732,MULTI_DOSE_HILL
AUUGACAGGUUCAUGCAGGCU,AGCCUGCAUGAACCUGUCAAUCU,asusugacAfgGfUfUfcaugcaggcuL96,asGfsccuGfcAfUfgaacCfuGfucaauscsu,GOLD_LEGACY,6.041923858923204,907.9797044142332,3.9999021895294833,1.0,MULTI_DOSE_HILL
AUUGAUGGACAGUAUGCAAUA,UAUUGCAUACUGUCCAUCAAUAU,asusugauGfgAfCfAfguaugcaasusa,VPuAfuudGc(Agn)uacuguCfcAfucaausasu,GOLD_LEGACY,11.241037184543655,0.0057406730812952,0.5000011170293983,0.9862257969942309,MULTI_DOSE_HILL
AUUGCGAUUGUCCAGAGACUU,AAGUCUCUGGACAAUCGCAAUGG,asusugcgAfuUfGfUfccagagacuuL96,asAfsgucu(Cgn)uggacaAfuCfgcaausgsg,GOLD_LEGACY,7.542023359062576,28.70626177714562,1.885112675230022,0.9948951698342774,MULTI_DOSE_HILL
AUUGCUGCCUCUUUCCAUUCU,AGAATGGAAAGAGGCAGCAAUGC,asusugcugcCfUfCfuuuccauucuL96,asdGsaadTgdGaaagdAgGfcagcaausgsc,GOLD_LEGACY,8.72411946464532,1.8874720765577155,3.978268436322072,0.9999999998861072,MULTI_DOSE_HILL
AUUGGCCUGUAGAGUUGCUGA,UCAGCAACUCUACAGGCCAAUCA,asusuggcCfuGfUfAfgaguugcugaL96,VPusCfsagcAfaCfUfcuacAfgGfccaauscsa,GOLD_LEGACY,9.198275310497634,0.6334680121999856,0.5488276324732249,0.9550370219225182,MULTI_DOSE_HILL
AUUGUCUACAAACCAGUUGAA,UTCAACTGGUUTGUAGACAAUCU,asusugu(Chd)uaCfAfAfaccaguugaaL96,VPusdTscadAc(Tgn)gguudTgUfadGacaauscsu,GOLD_LEGACY,8.016998267102629,9.616161153624498,0.6303063494207644,0.991483075491076,MULTI_DOSE_HILL
AUUGUCUGAACUUGCAUUGUA,UACAAUGCAAGTUCAGACAAUAC,asusugucugAfAfCfuugcauugsusa,VPudAcadAudGcaagdTuCfagacaausasc,GOLD_LEGACY,11.07729385652673,0.0083696277665402,0.5000004131016832,0.9976615651706472,MULTI_DOSE_HILL
AUUGUCUGAACUUGCAUUGUA,UACAAUGCAAGUUCAGACAAUAC,asusugucUfgAfAfCfuugcauugsusa,VPuAfcadAu(G2p)caaguuCfaGfacaausasc,GOLD_LEGACY,9.163586826117855,0.6861406883471343,3.999999999113803,0.9999996417092596,MULTI_DOSE_HILL
AUUUGCAACUUGCUACCCAUU,AAUGGGUAGCAAGUUGCAAAUCU,asusuugcAfaCfUfUfgcuacccauuL96,asAfsuggGfuAfGfcaagUfuGfcaaauscsu,GOLD_LEGACY,8.03019338649149,9.328388255704168,1.4178751562895802,0.936394174440506,MULTI_DOSE_HILL
CAAAAAGAAUUCCAACCGACU,AGUCGGUUGGAAUUCUUUUUGGA,csasaaaaGfaAfUfUfccaaccgacuL96,asGfsucgGfuUfGfgaauUfcUfuuuugsgsa,GOLD_LEGACY,10.748026065989263,0.0178638035458913,0.5041611849453412,0.9999993440936772,MULTI_DOSE_HILL
CAAAAAUCCAAGCACAAGA,UCUUGUGCUUGGAUUUUUGGU,CmsAmsAmAmAfAmUfCfCfAmAmGmCmAmCmAmAmGmAm,UmsCfsUmUfGmUfGmCmUfUmGmGfAmUfUmUfUmUfGmsGmsUm,GOLD_LEGACY,10.960657161079634,0.0109482029365237,2.1726226392646244,0.9898798822672292,MULTI_DOSE_HILL
CAAAAAUCCAAGCACAAGA,UCUUGUGCUUGGAUUUUUGGU,CmsAmsAmAmAfAmUfCfCfAmAmGmCmAmCmAmAmGmAm(-NAG0052'),UmsCfsUmUfGmUf(-)hmpNA(G)CmUmUfGmGfAmUfUmUfUmUfGmsGmsUm,GOLD_LEGACY,10.708883006547106,0.0195486600108135,1.396164998257126,0.979267426034806,MULTI_DOSE_HILL
CAAAAAUCCAAGCACAAGA,UCUUGUGCUUGGAUUUUUGGU,CmsAmsAmAmAfAmUfCfCfAmAmGmCmAmCmAmAmGmAm(NAG1),UmsCfsUmUfGmUf(-)hmpNA(G)CmUfUmGmGfAmUfUmUfUmUfGmsGmsUm,GOLD_LEGACY,10.862436939235414,0.013726602606188,0.5387486467637076,0.9266403290228252,MULTI_DOSE_HILL
CAAAAAUCCAAGCACAAGA,UCUUGUGCUUGGAUUUUUGGU,CmsAmsAmAmAfAmUfCfCfAmAmGmCmAmCmAmAmGmsAms(NAG1),UmsCfsUmUfGmUf(-)hmpNA(G)CmUmUfGmGfAmUfUmUfUmUfGmsGmsUm,GOLD_LEGACY,10.199168366625154,0.0632166726428065,1.8081043678128572,0.9953314679276476,MULTI_DOSE_HILL
CAAAACUCCCUCAACUGGA,UCCAGUUGAGGGAGUUUUG,cAAAAcucccucAAcuGGAdTsdT,UCcAGUUGAGGGAGUUUUGdTsdT,GOLD_LEGACY,10.900734929469367,0.0125679681238164,0.6086646910613228,0.9999974658067258,MULTI_DOSE_HILL
CAAAACUCCCUCAACUGGAUU,AAUCCAGUUGAGGGAGUUUUGCU,csasaaacUfcCfCfUfcaacuggauuL96,asAfsuccAfgUfUfgaggGfaGfuuuugscsu,GOLD_LEGACY,10.216019440931442,0.0608107779090214,0.5003031997501408,0.9968023478117536,MULTI_DOSE_HILL
CAAAACUCCCUCAACUGGAUU,AAUCCAGUUGAGGGAGUUUUGCU,csasaaacucCfCfUfcaacuggauuL96,asdAsucdCadGuugadGgGfaguuuugscsu,GOLD_LEGACY,11.479670625554997,0.0033138235078191,0.7321813867650513,1.0,MULTI_DOSE_HILL
CAAAAUCAAAAUGAAAUGA,UCAUUUCAUUUUGAUUUUGUG,CmsAmsAmAmAfUmCfAfAfAmAmUmGmAmAmAmUmGmAm,UmsCfsAmUfUmUfCmAmUfUmUmUfGmAfUmUfUmUfGmsUmsGm,GOLD_LEGACY,11.0155386539263,0.0096485343221286,3.99999999999634,0.9871746781363402,MULTI_DOSE_HILL
CAAAAUCAAAAUGAAAUGA,UCAUUUCAUUUUGAUUUUGUG,CmsAmsAmAmAfUmCfAfAfAmAmUmGmAmAmAmUmGmAm(NAG1),UmsCfsAmUfUmUf(-)hmpNA(C)AmUfUmUmUfGmAfUmUfUmUfGmsUmsGm,GOLD_LEGACY,9.569663806916283,0.2693619163161856,1.0156625464690845,0.996121148907324,MULTI_DOSE_HILL
CAAAAUGAAAUGAAUAAAU,AUUUAUUCAUUUCAUUUUGAU,CmsAmsAmAmAfUmGfAfAfAmUmGmAmAmUmAmAmAmUm,AmsUfsUmUfAmUfUmCmAfUmUmUfCmAfUmUfUmUfGmsAmsUm,GOLD_LEGACY,11.755214746376584,0.0017570545851681,1.3205715430680438,0.973208131115882,MULTI_DOSE_HILL
CAAAAUGAAAUGAAUAAAU,AUUUAUUCAUUUCAUUUUGAU,CmsAmsAmAmAfUmGfAfAfAmUmGmAmAmUmAmAmAmUm(NAG1),AmsUfsUmUfAmUf(-)hmpNA(U)CmAfUmUmUfCmAfUmUfUmUfGmsAmsUm,GOLD_LEGACY,9.25914443207867,0.5506245463154363,0.6341169856313541,0.961401214237676,MULTI_DOSE_HILL
CAAACACGUCCCGGGAGGCGA,UCGCCUCCCGGGACGUGUUUGAU,csasaac(Ahd)cgUfCfCfcgggaggcgaL96,VPusdCsgcdCu(C2p)ccggdGaCfguguuugsasu,GOLD_LEGACY,6.041923858923204,907.9797044142332,3.9999021895294833,1.0,MULTI_DOSE_HILL
CAAACCAGUUGACCUGAGA,UCUCAGGUCAACUGGUUUGUG,csasa(Ahd)ccAfGfUfugaccugagaL96,VPusCfsucdAg(G2p)ucaacuGfgUfuugsusg,GOLD_LEGACY,9.289140373297704,0.5138775284901654,0.5001241632885558,1.0,MULTI_DOSE_HILL
CAAACCAGUUGACCUGAGA,UCUCAGGUCAACUGGUUUGUG,csasa(Ahd)ccAfGfUfugaccugagaL96,VPusdCsucdAg(G2p)ucaadCuGfguuugsusg,GOLD_LEGACY,9.000000034013832,0.9999999216802632,0.5118730433700971,1.0,MULTI_DOSE_HILL
CAAAGACGAAGUCGUGGAUGU,ACAUCCACGACUUCGUCUUUGGA,csasaagaCfgAfAfGfucguggauguL96,asCfsaucc(Agn)cgacuuCfgUfcuuugsgsa,GOLD_LEGACY,8.022803598043451,9.488474656826003,0.5029194670064825,0.9450750129938196,MULTI_DOSE_HILL
CAAAGACGAAGUCGUGGAUUU,AUCCACGACUUCGUCUUUGUU,fCpsmApsfAmAfGmAfCmGfAmAfGmUfCmGfUmGfGmAfUpsmUpsmU,mApsfUpsmCfCmAfCmGfAmCfUmUfCmGfUmCfUmUfUmGpsmUpsmU,GOLD_LEGACY,8.996922606216948,1.007111125876006,0.9071240113851426,0.9362448732358628,MULTI_DOSE_HILL
CAAAUAGUCUACAAACCAGUA,UACUGGTUUGUAGACUAUUUGCA,csasaau(Ahd)GfuCfUfAfcaaaccaguaL96,VPusAfscudGg(Tgn)uuguagAfcUfauuugscsa,GOLD_LEGACY,7.940749941362739,11.461726962843011,0.7004412130495206,0.986277812677313,MULTI_DOSE_HILL
CAAAUGGGCACUUUCUUGUCU,AGACAAGAAAGTGCCCAUUUGGG,csasaaugggCfAfCfuuucuugucuL96,asdGsacdAadGaaagdTgCfccauuugsgsg,GOLD_LEGACY,8.640430387262382,2.2885985199212104,3.9998082168895377,0.9999999999792284,MULTI_DOSE_HILL
CAACAACCACCUGGCAAUAUU,AAUATUGCCAGGUGGUUGUUGGG,csasacaaccAfCfCfuggcaauauuL96,asdAsuadTudGccagdGuGfguuguugsgsg,GOLD_LEGACY,8.42305292627852,3.7752618004074248,1.5748166264627268,0.9999999999973254,MULTI_DOSE_HILL
CAACAGACGGAGCAACUGCCU,AGGCAGTUGCUCCGUCUGUUGAG,csasacagacGfGfAfgcaacugccuL96,asdGsgcdAgdTugcudCcGfucuguugsasg,GOLD_LEGACY,8.552280669676241,2.8036211678338985,0.5000000000000123,0.9989875319882904,MULTI_DOSE_HILL
CAACAGCACAGUUACUGGACU,AGUCCAGUAACTGUGCUGUUGCC,csasacagcaCfAfGfuuacuggacuL96,asdGsucdCadGuaacdTgUfgcuguugscsc,GOLD_LEGACY,8.016206131119347,9.633716657200637,4.0,0.9996140876726368,MULTI_DOSE_HILL
CAACAGCACCUCAGUGUCU,AGACACUGAGGUGCUGUUG,cAAcAGcAccucAGuGucudTsdT,AGAcACUGAGGUGCUGUUGdTsdT,GOLD_LEGACY,10.05039279730785,0.0890445211337326,2.4853891796136907,1.0,MULTI_DOSE_HILL
CAACAGCACCUCAGUGUCUGU,ACAGACACUGAGGUGCUGUUGUC,csasacagCfaCfCfUfcagugucuguL96,asCfsagaCfaCfUfgaggUfgCfuguugsusc,GOLD_LEGACY,9.988203555769,0.1027534575184422,0.5000606668743435,0.9813677864213114,MULTI_DOSE_HILL
CAACAGCACCUCAGUGUCUGU,ACAGACACUGAGGUGCUGUUGUC,csasacagcaCfCfUfcagugucuguL96,asdCsagdAcdAcugadGgUfgcuguugsusc,GOLD_LEGACY,11.596352533339369,0.0025330716052189,0.5000000828736363,0.9314414450691754,MULTI_DOSE_HILL
CAACCACCUGGCAAUAUGACU,AGUCAUAUUGCCAGGUGGUUGUU,csasaccaccUfGfGfcaauaugacuL96,asdGsucdAudAuugcdCaGfgugguugsusu,GOLD_LEGACY,7.965157867679999,10.835329741088628,3.999999999773967,0.99999995534672,MULTI_DOSE_HILL
CAACCAUCACCGUGUCCCCCU,AGGGGGACACGGUGAUGGUUGUU,fCpsmApsfAmCfCmAfUmCfAmCfCmGfUmGfUmCfCmCfCmCpsfU,vmApsfGpsmGfGmGfGmAfCmAfCmGfGmUfGmAfUmGfGmUfUmGpsmUpsmU,GOLD_LEGACY,6.004988160311463,988.5800448503468,4.0,1.0,MULTI_DOSE_HILL
CAACCCAACAACCACCUGGCU,AGCCAGGUGGUTGUUGGGUUGGG,csasacccaaCfAfAfccaccuggcuL96,asdGsccdAgdGuggudTgUfuggguugsgsg,GOLD_LEGACY,8.056070887154446,8.788790512276215,1.0561595807518038,0.9999926946400036,MULTI_DOSE_HILL
CAACCGACCAGCUUGUUUGUU,AACAAACAAGCTGGUCGGUUGGA,csasaccgacCfAfGfcuuguuuguuL96,asdAscadAadCaagcdTgGfucgguugsgsa,GOLD_LEGACY,10.982308529404554,0.0104157721420143,0.5736504280309583,1.0,MULTI_DOSE_HILL
CAACCGACCAGCUUGUUUGUU,AACAAACAAGCUGGUCGGUUGGA,csasaccgAfcCfAfGfcuuguuuguuL96,asAfscaaAfcAfAfgcugGfuCfgguugsgsa,GOLD_LEGACY,9.805518332989417,0.1564882259036166,0.5000000000000103,0.9999974231980444,MULTI_DOSE_HILL
CAACGUACCCUUCAUUGA(invAb),AUCAAUGAAGGGUACGUUGU,(sGalNAc3)caacGfuAfCfCfCfuucauugas(invAb),asUfscaauGfaaggGfuAfcGfuugsus,GOLD_LEGACY,9.247429928606447,0.5656790194038271,1.0337582857365166,1.0,MULTI_DOSE_HILL
CAACGUACCCUUCAUUGAUG(invAb),ACAUCAAUGAAGGGUACGUUGU,(sGalNAc3)caacguAfcCfCfUfUfgauugaugs(invAb),asCfsaucaAfugaaggGfuAfcguugsus,GOLD_LEGACY,9.162487036615095,0.6878804447499458,2.275127137386983,0.9999999866229264,MULTI_DOSE_HILL
CAACGUACCCUUCAUUGAUGU,ACAUCAAUGAAGGGUACGUUGUC,csasacguAfcCfCfUfucauugauguL96,asCfsaucAfaugaaggGfuAfcguugsusc,GOLD_LEGACY,7.632878616456852,23.28742040653827,0.8048028546797671,0.9031563060011276,MULTI_DOSE_HILL
CAACGUACCCUUCAUUGAUU(invAb),AUCAAUGAAGGGUACGUUGU,(sGalNAc3)caacGfuAfCfCfCfuucauugausus(invAb),asUfscaauGfaaggGfuAfcGfuugsus,GOLD_LEGACY,9.316333109981686,0.4826884311960137,1.3592061936414817,0.9999999981881867,MULTI_DOSE_HILL
CAACUCUAUUCUGGACUUA,UAAGUCCAGAAUAGAGUUGUU,mCmAfAmCfUmCfUfAfUmUfCmUfGmGfAmCfUmUfA,fU*fA*mAfGmUfCmCfAmGfAmAmUmAfGmAfGmUfUmG*mU*mU,GOLD_LEGACY,8.69184511303299,2.0330819608624484,0.5881437127323412,0.9703498878034952,MULTI_DOSE_HILL
CAACUGCCAUCCGAGGCUCCU,AGGAGCCUCGGAUGGCAGUUGCU,csasacugccAfUfCfcgaggcuccuL96,asdGsgadGcdCucggdAuGfgcaguugscsu,GOLD_LEGACY,8.35273067546825,4.438838298907811,0.5602569156802689,0.9775889679394536,MULTI_DOSE_HILL
CAACUUCUUGGGCUUCCGUAU,ATACGGAAGCCCAAGAAGUUGGC,csasacuucuUfGfGfgcuuccguauL96,asdTsacdGgdAagccdCaAfgaaguugsgsc,GOLD_LEGACY,9.907174721245712,0.1238298305850391,0.501159305667223,1.0,MULTI_DOSE_HILL
CAACUUCUUGGGCUUCCGUAU,AUACGGAAGCCCAAGAAGUUGGC,csasacuuCfuUfGfGfgcuuccguauL96,asUfsacgGfaAfGfcccaAfgAfaguugsgsc,GOLD_LEGACY,10.50057269578258,0.0315811037368701,0.5751346114866218,1.0,MULTI_DOSE_HILL
CAACUUGCUACCCAUUAGGAU,AUCCUAAUGGGUAGCAAGUUGCA,csasacuuGfcUfAfCfccauuaggauL96,asUfsccua(Agn)uggguaGfcAfaguugscsa,GOLD_LEGACY,7.184465322962294,65.39351425684303,1.9649289224456108,0.9998185547949082,MULTI_DOSE_HILL
CAAGAACCAGUGUUUAGCGCU,AGCGCUAAACACUGGUUCUUGCC,csasagaaCfcAfGfUfguuuagcgcuL96,asGfscgcUfaAfAfcacuGfgUfucuugscsc,GOLD_LEGACY,9.455077582186934,0.3506892213789055,0.5993006386796286,1.0,MULTI_DOSE_HILL
CAAGAACCAGUGUUUAGCGCU,AGCGCUAAACACUGGUUCUUGCC,csasagaaccAfGfUfguuuagcgcuL96,asdGscgdCudAaacadCuGfguucuugscsc,GOLD_LEGACY,10.826747591496256,0.0149022693413093,0.5000000171941074,0.9805665282147082,MULTI_DOSE_HILL
CAAGACGGAUGUGCCAGAUAU,ATAUCUGGCACAUCCGUCUUGAC,csasagacggAfUfGfugccagauauL96,asdTsaudCudGgcacdAuCfcgucuugsasc,GOLD_LEGACY,8.031891314001337,9.291988978490398,4.0,0.999999917788235,MULTI_DOSE_HILL
CAAGAUGAAGUUUCCCAGGCU,AGCCTGGGAAACUUCAUCUUGGU,csasagaugaAfGfUfuucccaggcuL96,asdGsccdTgdGgaaadCuUfcaucuugsgsu,GOLD_LEGACY,7.74516365214287,17.98193186921423,0.9429855566889204,0.9992274198512148,MULTI_DOSE_HILL
CAAGAUUACAAGAAACGGCUA,UAGCCGTUUCUTGUAAUCUUGUG,csasagauuaCfAfAfgaaacggcsusa,VPudAgcdCgdTuucudTgUfaaucuugsusg,GOLD_LEGACY,11.107594037438345,0.0078055940793131,0.7106140810281352,0.9995192489852316,MULTI_DOSE_HILL
CAAGCACAGCUAUCCAUCAGU,ACUGAUGGAUAGCUGUGCUUGAC,csasagcacaGfCfUfauccaucaguL96,asdCsugdAudGgauadGcUfgugcuugsasc,GOLD_LEGACY,8.319156648877952,4.795604412464165,0.8204136656581477,0.990514003077804,MULTI_DOSE_HILL
CAAGCACAGCUAUCCAUCAGU,ACUGAUGGAUAGCUGUGCUUGCU,csasagcacaGfCfUfauccaucaguL96,asdCsugdAudGgauadGcUfgugcuugscsu,GOLD_LEGACY,7.901535226152288,12.544829810947842,0.6699625179887387,0.9821003557316778,MULTI_DOSE_HILL
CAAGCAGAACGAGCUCUGGUU,AACCAGAGCUCGUUCUGCUUGGG,csasagcaGfaAfCfGfagcucugguuL96,asAfsccdAg(Agn)gcucguUfcUfgcuugsgsg,GOLD_LEGACY,8.321590565005984,4.768803581561638,0.7154862378042117,0.9737857218586792,MULTI_DOSE_HILL
CAAGCAGAACGAGCUCUGGUU,AACCAGAGCUCGUUCUGCUUGGG,csasagcagaAfCfGfagcucugguuL96,asdAsccdAgdAgcucdGuUfcugcuugsgsg,GOLD_LEGACY,8.703209700086024,1.9805704718945816,1.5270037554639155,0.9997541330955592,MULTI_DOSE_HILL
CAAGCUCGCAUGGUCAGUAAA,UUUACUGACCAUGCGAGCUUGGG,csasagc(Uhd)CfgCfAfUfggucaguaaaL96,VPusUfsuadCu(G2p)accaugCfgAfgcuugsgsg,GOLD_LEGACY,9.340619847389496,0.4564362752085953,1.5158562782950595,0.9942874831082128,MULTI_DOSE_HILL
CAAGCUGAGUUUCCUAUGGGA,UCCCAUAGGAAACUCAGCUUGGU,csasagcuGfaGfUfUfuccuaugggaL96,VPusCfsccaUfaGfGfaaacUfcAfgcuugsgsu,GOLD_LEGACY,9.104854682722111,0.78549842265467,0.5000000000000001,0.9672157341701284,MULTI_DOSE_HILL
CAAGUGGGUGGUAUAGAGGCA,UGCCTCTAUACCACCCACUUGGC,csasagugGfgUfGfGfuauagaggscsa,VPuGfccdTc(Tgn)auaccaCfcCfacuugsgsc,GOLD_LEGACY,8.72404119716455,1.887812262774602,0.5000000000000001,0.9696856987512014,MULTI_DOSE_HILL
CAAGUGUGGCUCAAAGGAUAA,UTAUCCTUUGAGCCACACUUGGA,csasagu(Ghd)ugGfCfUfcaaaggauaaL96,VPusdTsaudCc(Tgn)uugadGcCfacacuugsgsa,GOLD_LEGACY,8.0825404056963,8.26912571065989,0.9268925126929588,0.9981675572885448,MULTI_DOSE_HILL
CAAGUGUGGCUCAUUAGGCA,UGCCUAAUGAGCCACACUUGG,mCpsmApsmAmGmUmGmUmGfGmCfUfCfAfUmUmAmGmGmCmAps(invAb)(Chol4),(VPmU)psfGpsmCpsfCmUfAmAfUmGfAmGfCmCfAmCfAmCfUmUmGpsmG,GOLD_LEGACY,6.4989136607932165,317.0197646377318,0.8273414048783335,1.0,MULTI_DOSE_HILL
CAAGUGUGGCUCAUUAGGCA,UGCCUAAUGAGCCACACUUGGUU,mCpsmApsmAmGmUmGmUmGfGmCfUfCfAfUmUmAmGmGmCmAps(invAb)(Chol4),(VPmU)psfGpsmCmCmUmAfAmUmGmAmGfCmCfAmCmAmCmUmUmGmGpsmUpsmU,GOLD_LEGACY,6.582430961804555,261.55862052042846,3.9999999999982494,0.9925546813234486,MULTI_DOSE_HILL
CAAGUUGAGAACAAAAAUUGU,ACAATUTUUGUTCUCAACUUGAA,csasaguugaGfAfAfcaaaaauuguL96,asdCsaadTudTuugudTcUfcaacuugsasa,GOLD_LEGACY,12.0,0.001,2.942933667735392,1.0,MULTI_DOSE_HILL
CAAUGUGGUCAAGACGGAUGU,ACAUCCGUCUUGACCACAUUGCC,csasauguggUfCfAfagacggauguL96,asdCsaudCcdGucuudGaCfcacauugscsc,GOLD_LEGACY,8.656088795499276,2.207553332301227,2.114566573322167,0.9999960989248554,MULTI_DOSE_HILL
CACAAAAUCAAAAUGAAAU,AUUUCAUUUUGAUUUUGUGGC,CmsAmsCmAmAfAmAfUfCfAmAmAmAmUmGmAmAmAmUm,AmsUfsUmUfCmAfUmUmUfUmGmAfUmUfUmUfGmUfGmsGmsCm,GOLD_LEGACY,11.597045849301534,0.0025290309876994,1.2208537128674808,0.9588627644805694,MULTI_DOSE_HILL
CACAAAAUCAAAAUGAAAU,AUUUCAUUUUGAUUUUGUGGC,CmsAmsCmAmAfAmAfUfCfAmAmAmAmUmGmAmAmAmUm(NAG1),AmsUfsUmUfCmAf(-)hmpNA(U)UmUfUmGmAfUmUfUmUfGmUfGmsGmsCm,GOLD_LEGACY,10.598460991813814,0.0252080358721236,1.4029610935012815,0.9988474366862764,MULTI_DOSE_HILL
CACAAGAUUACAAGAAACGGA,UCCGTUTCUUGTAAUCUUGUGGC,csascaagauUfAfCfaagaaacgsgsa,VPudCcgdTudTcuugdTaAfucuugugsgsc,GOLD_LEGACY,11.096031129836476,0.0080162060188709,0.5000000175028567,0.9995538472779988,MULTI_DOSE_HILL
CACAAUGAGAGUACCUGUGAU,ATCACAGGUACTCUCAUUGUGGA,csascaaugaGfAfGfuaccugugauL96,asdTscadCadGguacdTcUfcauugugsgsa,GOLD_LEGACY,11.135851759393502,0.0073138869061772,0.5000231945611285,0.9824936236566724,MULTI_DOSE_HILL
CACAAUGCUCAGACGCAGAT,TCUGCGUCUGAGCAUUGUGTT,CfaCfaAfuGfCfUfcAfgAfcGfcAfgAf(invdT),dTCfuGfcGfuCfuGfagcAfuUfgUfgdTsdT,GOLD_LEGACY,8.69225602651856,2.0311592431394128,4.0,0.9999999435545672,MULTI_DOSE_HILL
CACAGACUCCACUUCAGCCUU,AAGGCUGAAGUGGAGUCUGUGAC,csascagacuCfCfAfcuucagccuuL96,asdAsggdCudGaagudGgAfgucugugsasc,GOLD_LEGACY,8.934593644424105,1.1625358530488366,3.999999985050781,0.9999999941696378,MULTI_DOSE_HILL
CACAGAUGCUUGUGAUUUUUU,AAAAAAUCACAAGCAUCUGUGGA,csascagaUfgCfUfUfgugauuuuuuL96,asAfsaaaAfuCfAfcaagCfaUfcugugsgsa,GOLD_LEGACY,7.1272383088597175,74.60392746068104,0.5000731678847842,1.0,MULTI_DOSE_HILL
CACAGCAGGACACCAGCAGCU,AGCUGCTGGUGUCCUGCUGUGUC,csascagcAfgGfAfCfaccagcagcuL96,asGfscudGc(Tgn)ggugucCfuGfcugugsusc,GOLD_LEGACY,6.041923858923204,907.9797044142332,3.9999021895294833,1.0,MULTI_DOSE_HILL
CACAGCUAUCCAUCAGAUGAU,ATCATCTGAUGGAUAGCUGUGCU,csascagcuaUfCfCfaucagaugauL96,asdTscadTcdTgaugdGaUfagcugugscsu,GOLD_LEGACY,7.919297291548053,12.04211328441339,3.9999996192524727,0.9999999673446706,MULTI_DOSE_HILL
CACAGGAAAAGGAACUGUA,UACAGUUCCUUUUCCUGUGUU,mCmAfCmAfGmGfAfAfAmAfGmGfAmAfCmUfGmUfA,fU*fA*mCfAmGfUmUfCmCfUmUmUmUfCmCfUmGfUmG*mU*mU,GOLD_LEGACY,9.325537487588774,0.4725660440104096,1.02022811934235,0.9983524364706038,MULTI_DOSE_HILL
CACAUCACCAACCUGGGCUGU,ACAGCCCAGGUTGGUGAUGUGGU,csascaucacCfAfAfccugggcuguL96,asdCsagdCcdCaggudTgGfugaugugsgsu,GOLD_LEGACY,7.777467275219072,16.692935864026467,1.0232854899231667,0.9999999999999992,MULTI_DOSE_HILL
CACCAAGCUCAGUCUACGCCU,AGGCGUAGACUGAGCUUGGUGUU,fCpsmApsfCmCfAmAfGmCfUmCfAmGfUmCfUmAfCmGfCmCpsfU,vmApsfGpsmGfCmGfUmAfGmAfCmUfGmAfGmCfUmUfGmGfUmGpsmUpsmU,GOLD_LEGACY,6.277154336263725,528.257490292871,0.5000000000000001,0.9728811125236152,MULTI_DOSE_HILL
CACCAAGCUCAGUCUACGCUU,GCGUAGACUGAGCUUGGUGUU,fCpsmApsfCmCfAmAfGmCfUmCfAmGfUmCfUmAfCmGfCpsmUpsmU,mGpsfCpsmGfUmAfGmAfCmUfGmAfGmCfUmUfGmGfUmGpsmUpsmU,GOLD_LEGACY,8.808113910043698,1.5555575746792671,0.5000000000000001,0.9222231775584332,MULTI_DOSE_HILL
CACCAAGGAUGAAGAGAUU,AAUCUCUUCAUCCUUGGUGCU,CmsAmsCmCmAfAmGfGfAfUmGmAmAmGmAmGmAmUmUm,AmsAfsUmCfUmCfUmUmCfAmUmCfCmUfUmGfGmUfGmsCmsUm,GOLD_LEGACY,11.404128500239798,0.0039434060623426,1.2628640552033543,0.9832588506310934,MULTI_DOSE_HILL
CACCAAGGAUGAAGAGAUU,AAUCUCUUCAUCCUUGGUGCU,CmsAmsCmCmAfAmGfGfAfUmGmAmAmGmAmGmAmUmsUms(NAG1),AmsAfsUmCfUmCf(-)hmpNA(U)UmCmAfUmCfCmUfUmGfGmUfGmsCmsUm,GOLD_LEGACY,10.696422367061436,0.0201176678234327,1.5803099303651422,0.9969090319974112,MULTI_DOSE_HILL
CACCACCCUGGUGCUGACUAA,UUAGTCAGCACCAGGGUGGUGGC,csasccacCfcUfGfGfugcugacusasa,VPuUfagdTc(Agn)gcaccaGfgGfuggugsgsc,GOLD_LEGACY,10.520972878553668,0.0301319419059447,0.7955197902803461,1.0,MULTI_DOSE_HILL
CACCAGCUCAUCUCCGGCAAA,UUUGCCGGAGAUGAGCUGGUGUU,fCpsmApsfCmCfAmGfCmUfCmAfUmCfUmCfCmGfGmCfAmApsfA,vmUpsfUpsmUfGmCfCmGfGmAfGmAfUmGfAmGfCmUfGmGfUmGpsmUpsmU,GOLD_LEGACY,6.004988160311463,988.5800448503468,4.0,1.0,MULTI_DOSE_HILL
CACCCUUCCUGGCACUCUUUU,AAAAGAGUGCCAGGAAGGGUGGG,csascccuucCfUfGfgcacucuuuuL96,asdAsaadGadGugccdAgGfaagggugsgsg,GOLD_LEGACY,7.948977074707387,11.246643405480558,1.1481972997741468,1.0,MULTI_DOSE_HILL
CACCGUGUCCCCCUUCUAUGG,CCAUAGAAGGGGGACACGGUGUU,fCpsmApsfCmCfGmUfGmUfCmCfCmCfCmUfUmCfUmAfUmGpsfG,vmCpsfCpsmAfUmAfGmAfAmGfGmGfGmGfAmCfAmCfGmGfUmGpsmUpsmU,GOLD_LEGACY,6.004988160311463,988.5800448503468,4.0,1.0,MULTI_DOSE_HILL
CACCUCCGUGUGAUUUAUGAU,AUCAUAAAUCACACGGAGGUGUG,csasccu(Chd)CfgUfGfUfgauuuaugsasu,asUfscauAfaAfUfcacaCfgGfaggugsusg,GOLD_LEGACY,9.76097598269634,0.1733899883035393,0.5000000406478788,0.9982848798870656,MULTI_DOSE_HILL
CACCUCGUCAUCCACAAUGAU,ATCATUGUGGATGACGAGGUGGA,csasccucguCfAfUfccacaaugauL96,asdTscadTudGuggadTgAfcgaggugsgsa,GOLD_LEGACY,11.010207853989858,0.0097676962566223,0.5000028930489756,0.9259954943481168,MULTI_DOSE_HILL
CACCUCGUCAUCCACAAUGAU,AUCAUUGUGGAUGACGAGGUGGA,csasccucGfuCfAfUfccacaaugauL96,asUfscauUfgUfGfgaugAfcGfaggugsgsa,GOLD_LEGACY,9.63088847114214,0.2339437940149154,0.5000060682674764,0.9713889220191548,MULTI_DOSE_HILL
CACCUGAAGCAGCCGUUUGUU,AACAAACGGCUGCUUCAGGUGCA,csasccugAfaGfCfAfgccguuuguuL96,asAfscaaAfcGfGfcugcUfuCfaggugscsa,GOLD_LEGACY,10.588819274784507,0.0257739347798909,0.5000176202447741,0.9655014068293089,MULTI_DOSE_HILL
CACCUGGCAAUAUGACUCACU,AGUGAGTCAUAUUGCCAGGUGGU,csasccugGfcAfAfUfaugacucacuL96,asGfsugdAg(Tgn)cauauuGfcCfaggugsgsu,GOLD_LEGACY,7.973776094551066,10.622430675178274,3.9999999997698894,0.9999999521914066,MULTI_DOSE_HILL
CACCUGUACCAUGCCCGCCUU,AAGGCGGGCAUGGUACAGGUGGU,csasccuguaCfCfAfugcccgccuuL96,asdAsggdCgdGgcaudGgUfacaggugsgsu,GOLD_LEGACY,8.522618636041303,3.0017973091408097,1.389208810542967,0.9999999999996684,MULTI_DOSE_HILL
CACCUUUUCUUCUAAUGAGUU,AACUCATUAGAAGAAAAGGUGGG,csasccuuuuCfUfUfcuaaugaguuL96,asdAscudCadTuagadAgAfaaaggugsgsg,GOLD_LEGACY,11.006577766839063,0.009849682539037,0.5000000081115077,0.9999422270726328,MULTI_DOSE_HILL
CACCUUUUCUUCUAAUGAGUU,AACUCAUUAGAAGAAAAGGUGGG,csasccuuUfuCfUfUfcuaaugaguuL96,asAfscucAfuUfAfgaagAfaAfaggugsgsg,GOLD_LEGACY,10.356844507728258,0.0439699014538202,0.6423922723552143,0.9991766594608402,MULTI_DOSE_HILL
CACGUCCCGGGAGGCGGCAGA,UCUGCCGCCUCCCGGGACGUGUU,csascgu(Chd)ccGfGfGfaggcggcagaL96,VPusdCsugdCcdGccucdCcGfggacgugsusu,GOLD_LEGACY,6.041923858923204,907.9797044142332,3.9999021895294833,1.0,MULTI_DOSE_HILL
CACGUGACCCAAGCUCGCAUA,UAUGCGAGCUUGGGUCACGUGAC,csascg(Uhd)gAfcCfCfAfagcucgcauaL96,VPusAfsugdCg(Agn)gcuuggGfuCfacgugsasc,GOLD_LEGACY,6.9761383864257525,105.64808116376098,0.5000000000360877,0.939045635701372,MULTI_DOSE_HILL
CACUAAGCCUAAGAAGUUCCU,AGGAACTUCUUAGGCUUAGUGCC,csascuaaGfcCfUfAfagaaguuccuL96,asGfsgadAc(Tgn)ucuuagGfcUfuagugscsc,GOLD_LEGACY,8.269760892345287,5.37327549076797,1.5157275295658,0.9999999999999172,MULTI_DOSE_HILL
CACUAAGCCUAAGAAGUUCCU,AGGAACTUCUUAGGCUUAGUGCC,csascuaagcCfUfAfagaaguuccuL96,asdGsgadAcdTucuudAgGfcuuagugscsc,GOLD_LEGACY,8.027454943490868,9.38739422499388,4.0,0.9999417956733416,MULTI_DOSE_HILL
CACUACAUCAAGACUAAUA,UAUUAGUCUUGAUGUAGUGUU,mCmAfCmUfAmCfAfUfCmAfAmGfAmCfUmAfAmUfA,fU*fA*mUfUmAfGmUfCmUfUmGmAmUfGmUfAmGfUmG*mU*mU,GOLD_LEGACY,9.137568896252182,0.7285025960704402,1.328235584502112,0.9703863175621746,MULTI_DOSE_HILL
CACUUGCAAUAAUUAUAAGAA,UTCUTATAAUUAUUGCAAGUGAG,csascuugcaAfUfAfauuauaagsasa,VPudTcudTadTaauudAuUfgcaagugsasg,GOLD_LEGACY,11.12945319118442,0.0074224419345775,0.5000030749420524,0.974319050379015,MULTI_DOSE_HILL
CACUUUCCAGCAAAACUCCCU,AGGGAGTUUUGCUGGAAAGUGAG,csascuuuccAfGfCfaaaacucccuL96,asdGsggdAgdTuuugdCuGfgaaagugsasg,GOLD_LEGACY,10.428359282004696,0.0372941504068762,0.6706170582443136,0.9999999052074656,MULTI_DOSE_HILL
CACUUUCCAGCAAAACUCCCU,AGGGAGUUUUGCUGGAAAGUGAG,csascuuuCfcAfGfCfaaaacucccuL96,asGfsggaGfuUfUfugcuGfgAfaagugsasg,GOLD_LEGACY,9.585656764019864,0.2596230430430716,0.822731793007877,0.9999999638259992,MULTI_DOSE_HILL
CACUUUCUUGUCUGAGACUCU,AGAGTCTCAGACAAGAAAGUGCC,csascuuuCfuUfGfUfcugagacucuL96,asGfsagdTc(Tgn)cagacaAfgAfaagugscsc,GOLD_LEGACY,8.742741397384352,1.8082505364717183,3.999256924110146,0.9999999998567044,MULTI_DOSE_HILL
CACUUUCUUGUCUGAGACUCU,AGAGTCTCAGACAAGAAAGUGCC,csascuuucuUfGfUfcugagacucuL96,asdGsagdTcdTcagadCaAfgaaagugscsc,GOLD_LEGACY,8.065955226662057,8.591020855717584,4.0,0.9999998794194236,MULTI_DOSE_HILL
CACUUUGUGAUUCCCUACCGU,ACGGUAGGGAAUCACAAAGUGGC,csascuu(Uhd)GfuGfAfUfucccuaccsgsu,asCfsgguAfgGfGfaaucAfcAfaagugsgsg,GOLD_LEGACY,9.775598735146437,0.1676491148734867,0.9570244629583669,1.0,MULTI_DOSE_HILL
CAGAAAGUGCCUGACACACUA,UAGUGUGUCAGGCACUUUCUGAG,csasgaaaGfuGfCfCfugacacacsusa,VPuAfgudGu(G2p)ucaggcAfcUfuucugsasg,GOLD_LEGACY,9.197130633243429,0.6351398567570107,1.7252867365511226,0.9150302549308328,MULTI_DOSE_HILL
CAGAACGAGCUCUGGUGCUGU,ACAGCACCAGAGCUCGUUCUGCU,csasgaacgaGfCfUfcuggugcuguL96,asdCsagdCadCcagadGcUfcguucugscsu,GOLD_LEGACY,8.950211396147125,1.121472436172841,3.999999844823939,0.9999999921369804,MULTI_DOSE_HILL
CAGAAGAAUGUUCCAGAAUGU,ACAUUCUGGAACAUUCUUCUGGC,csasgaagAfaUfGfUfuccagaauguL96,asCfsauuCfuGfGfaacaUfuCfuucugsgsc,GOLD_LEGACY,9.017369389898011,0.9607947251867388,0.5000000000000001,0.9568190511806394,MULTI_DOSE_HILL
CAGAAUAACUCAUCCUCCACU,AGUGGAGGAUGAGUUAUUCUGGG,csasgaauaaCfUfCfauccuccacuL96,asdGsugdGadGgaugdAgUfuauucugsgsg,GOLD_LEGACY,8.63568784556146,2.313727212222515,0.8381170220647133,0.9999999999899974,MULTI_DOSE_HILL
CAGACUACUUAUGAAUUUGCA,UGCAAAUUCAUAAGUAGUCUGCC,csasgacuAfcUfUfAfugaauuugcaL96,PlusGfscaaAfuucauaaGfuAfgucugscsc,GOLD_LEGACY,10.73414542228972,0.0184439772436132,0.5000000000000006,0.9188415854612358,MULTI_DOSE_HILL
CAGACUCAACAGACGGAGCAU,ATGCTCCGUCUGUUGAGUCUGAU,csasgacucaAfCfAfgacggagcauL96,asdTsgcdTcdCgucudGuUfgagucugsasu,GOLD_LEGACY,7.585437236062764,25.975431094055388,3.999999981918149,0.9999999843338528,MULTI_DOSE_HILL
CAGACUCCACUUCAGCCUACU,AGUAGGCUGAAGUGGAGUCUGUG,csasgacuccAfCfUfucagccuacuL96,asdGsuadGgdCugaadGuGfgagucugsusg,GOLD_LEGACY,8.120018270443492,7.585456629101738,4.0,0.9999997576846092,MULTI_DOSE_HILL
CAGAGCGCGGCUGGAGCUUGU,ACAAGCUCCAGCCGCGCUCUGUU,fCpsmApsfGmAfGmCfGmCfGmGfCmUfGmGfAmGfCmUfUmGpsfU,vmApsfCpsmAfAmGfCmUfCmCfAmGfCmCfGmCfGmCfUmCfUmGpsmUpsmU,GOLD_LEGACY,6.823860695972994,150.01659506313447,0.8985167846658633,0.9991069389307056,MULTI_DOSE_HILL
CAGAGCGCGGCUGGAGCUUUU,AAGCUCCAGCCGCGCUCUGUU,fCpsmApsfGmAfGmCfGmCfGmGfCmUfGmGfAmGfCmUfUpsmUpsmU,mApsfApsmGfCmUfCmCfAmGfCmCfGmCfGmCfUmCfUmGpsmUpsmU,GOLD_LEGACY,6.977575573345063,105.29904360474768,3.999999932398061,0.9999999834362778,MULTI_DOSE_HILL
CAGAGGACUAAAUACCAUUCA,UGAATGGUAUUUAGUCCUCUGAU,csasgaggAfcUfAfAfauaccauuscsa,VPuGfaadTg(G2p)uauuuaGfuCfcucugsasu,GOLD_LEGACY,10.462780661158876,0.034452388736195,0.6653214912027277,0.9999963189798422,MULTI_DOSE_HILL
CAGAGUCUACCCAACAGCUUA,UAAGCUGUUGGGUAGACUCUGUG,csasgaguCfuAfCfCfcaacagcuuaL96,PlusAfsagcUfgUfUfggguAfgAfcucugsusg,GOLD_LEGACY,9.846493298454192,0.1423989219882736,0.7944103783075678,0.9937467290537566,MULTI_DOSE_HILL
CAGAGUCUACCCAACAGCUUA,UAAGCUGUUGGGUAGACUCUGUG,csasgaguCfuAfCfCfcaacagcuuaL96,PlusAfsagcUfguuggguAfgAfcucugsusg,GOLD_LEGACY,9.90451857664346,0.1245894943843983,0.7441818061904255,0.9942730293176032,MULTI_DOSE_HILL
CAGAUAAUUAAUAAGAAGCUA,UAGCTUCUUAUTAAUUAUCUGCA,csasgau(Ahd)auUfAfAfuaagaagcuaL96,VPusdAsgcdTu(C2p)uuaudTaAfuuaucugscsa,GOLD_LEGACY,7.578709165179509,26.38097454209248,1.228646616498707,1.0,MULTI_DOSE_HILL
CAGAUAGAUGGUCCAGCAGGU,ACCUGCTGGACCAUCUAUCUGCU,csasgauaGfaUfGfGfuccagcagguL96,asCfscudGc(Tgn)ggaccaUfcUfaucugscsu,GOLD_LEGACY,7.934781450410586,11.620332355827832,3.999999987820191,0.9996437364483632,MULTI_DOSE_HILL
CAGAUAGAUGGUCCAGCAGGU,ACCUGCTGGACCAUCUAUCUGCU,csasgauagaUfGfGfuccagcagguL96,asdCscudGcdTggacdCaUfcuaucugscsu,GOLD_LEGACY,8.035189827478431,9.221682649075747,1.6315238768109694,0.9999978496335888,MULTI_DOSE_HILL
CAGAUGAUCUACUUUCAGCCU,AGGCTGAAAGUAGAUCAUCUGAU,csasgaugAfuCfUfAfcuuucagccuL96,asGfsgcdTg(Agn)aaguagAfuCfaucugsasu,GOLD_LEGACY,7.840151066512943,14.44937071351369,0.911690768524763,0.9987415661945652,MULTI_DOSE_HILL
CAGAUGAUCUACUUUCAGCCU,AGGCTGAAAGUAGAUCAUCUGAU,csasgaugauCfUfAfcuuucagccuL96,asdGsgcdTgdAaagudAgAfucaucugsasu,GOLD_LEGACY,8.391713511067627,4.057761235447815,1.470647136570186,0.9999490780446064,MULTI_DOSE_HILL
CAGCAAAACUCCCUCAACUGU,ACAGTUGAGGGAGUUUUGCUGGA,csasgcaaaaCfUfCfccucaacuguL96,asdCsagdTudGagggdAgUfuuugcugsgsa,GOLD_LEGACY,11.833254264847444,0.0014680665222981,0.5051420783675808,0.9967035256614434,MULTI_DOSE_HILL
CAGCAAAACUCCCUCAACUGU,ACAGUUGAGGGAGUUUUGCUGGA,csasgcaaAfaCfUfCfccucaacuguL96,asCfsaguUfgAfGfggagUfuUfugcugsgsa,GOLD_LEGACY,7.825407189294329,14.94833460942774,0.5280463618120741,0.9731699552306232,MULTI_DOSE_HILL
CAGCACAGUUACUGGACAACU,AGUUGUCCAGUAACUGUGCUGUU,csasgcacagUfUfAfcuggacaacuL96,asdGsuudGudCcagudAaCfugugcugsusu,GOLD_LEGACY,7.966372004913637,10.805080208279838,4.0,0.9999999549235588,MULTI_DOSE_HILL
CAGCAGCCCUUCCUAGAGCUU,AAGCTCTAGGAAGGGCUGCUGGU,csasgcagCfcCfUfUfccuagagcuuL96,asAfsgcdTc(Tgn)aggaagGfgCfugcugsgsu,GOLD_LEGACY,6.041923858923204,907.9797044142332,3.9999021895294833,1.0,MULTI_DOSE_HILL
CAGCAGCCCUUCCUAGAGCUU,AAGCTCTAGGAAGGGCUGCUGGU,csasgcagccCfUfUfccuagagcuuL96,asdAsgcdTcdTaggadAgGfgcugcugsgsu,GOLD_LEGACY,7.904387758929824,12.462702874975324,1.1336323301263571,0.9998413712359866,MULTI_DOSE_HILL
CAGCCCCUUAUUGUUAUACGAAG,UCGUAUAACAAUAAGGGGCUG,CmsAmsGmCmCmCmCfUmUfAfUfUmGmUmUmAmUmAmCmGmAm(-NAG0052'),UmsCfsGmUfAmUfAmAfCmAfAmUfAmAfGmGfGmGfCmsUfsGm,GOLD_LEGACY,9.22566889202916,0.5947454222626982,1.1101503074993313,0.9877949645701274,MULTI_DOSE_HILL
CAGCCUCCUCAAAGCCAACAU,ATGUTGGCUUUGAGGAGGCUGAA,csasgccuccUfCfAfaagccaacauL96,asdTsgudTgdGcuuudGaGfgaggcugsasa,GOLD_LEGACY,7.918677205239733,12.059319312175504,3.9999996088325385,0.9999999674644112,MULTI_DOSE_HILL
CAGCUAGCAAGAGGACCUGGU,ACCAGGTCCUCTUGCUAGCUGCA,csasgcuagcAfAfGfaggaccugguL96,asdCscadGgdTccucdTuGfcuagcugscsa,GOLD_LEGACY,7.932169058569163,11.690442265526793,4.0,0.9366492109091524,MULTI_DOSE_HILL
CAGCUAGCAAGAGGACCUGGU,ACCAGGTCCUCUUGCUAGCUGCA,csasgcuaGfcAfAfGfaggaccugguL96,asCfscadGg(Tgn)ccucuuGfcUfagcugscsa,GOLD_LEGACY,6.041923858923204,907.9797044142332,3.9999021895294833,1.0,MULTI_DOSE_HILL
CAGCUAUCCAUCAGAUGAUCU,AGAUCATCUGATGGAUAGCUGUG,csasgcuaucCfAfUfcagaugaucuL96,asdGsaudCadTcugadTgGfauagcugsusg,GOLD_LEGACY,8.24328312221256,5.711062037374453,0.585454714072792,0.917459821619393,MULTI_DOSE_HILL
CAGCUAUCCAUCAGAUGAUCU,AGAUCATCUGAUGGAUAGCUGUG,csasgcuaUfcCfAfUfcagaugaucuL96,asGfsaudCa(Tgn)cugaugGfaUfagcugsusg,GOLD_LEGACY,7.3663158509467666,43.02136136496363,0.8748648008807413,0.9990292755879104,MULTI_DOSE_HILL
CAGCUGAAUUACUGCAGUGGU,ACCACUGCAGUAAUUCAGCUGGU,csasgcugaaUfUfAfcugcagugguL96,asdCscadCudGcagudAaUfucagcugsgsu,GOLD_LEGACY,7.948096681428614,11.269465505445952,3.999998092832384,0.999999960638873,MULTI_DOSE_HILL
CAGCUUGUUUGUGAAACAAAU,ATUUGUTUCACAAACAAGCUGGU,csasgcuuguUfUfGfugaaacaaauL96,asdTsuudGudTucacdAaAfcaagcugsgsu,GOLD_LEGACY,10.322060284675867,0.0476364857726004,3.999999988134914,0.99999999170857,MULTI_DOSE_HILL
CAGCUUGUUUGUGAAACAAAU,AUUUGUUUCACAAACAAGCUGGU,csasgcuuGfuUfUfGfugaaacaaauL96,asUfsuugUfuUfCfacaaAfcAfagcugsgsu,GOLD_LEGACY,11.292707579487228,0.005096739307872,0.5000004465208245,0.9987155857021296,MULTI_DOSE_HILL
CAGCUUUGCUACUGUCACAGU,ACUGTGACAGUAGCAAAGCUGAU,csasgcuuUfgCfUfAfcugucacaguL96,asCfsugdTg(Agn)caguagCfaAfagcugsasu,GOLD_LEGACY,8.231664242830282,5.865914886823023,1.2166814562621653,0.999798109953708,MULTI_DOSE_HILL
CAGGACCCACUGGGAGACAAU,ATUGTCTCCCAGUGGGUCCUGUC,csasggacccAfCfUfgggagacaauL96,asdTsugdTcdTcccadGuGfgguccugsusc,GOLD_LEGACY,7.84130065000186,14.411173606203448,3.999999658751164,0.9999999772392854,MULTI_DOSE_HILL
CAGGACCCACUGGGAGACAAU,AUUGTCTCCCAGUGGGUCCUGUC,csasggacCfcAfCfUfgggagacaauL96,asUfsugdTc(Tgn)cccaguGfgGfuccugsusc,GOLD_LEGACY,8.13744103336382,7.287171098704069,2.087874855649829,0.999999941073808,MULTI_DOSE_HILL
CAGGCAGACUACUUAUGAAUU,AAUUCAUAAGUAGUCUGCCUGCC,csasggcaGfaCfUfAfcuuaugaauuL96,PlasAfsuucAfuAfAfguagUfcUfgccugscsc,GOLD_LEGACY,9.597496937754457,0.2526405523958923,0.5000000000000001,0.9955237766133268,MULTI_DOSE_HILL
CAGGCAGACUACUUAUGAU,AUCAUAAGUAGUCUGCCUGTT,csasggcaGfaCfUfAfcuuaugauL96,PlasUfscauAfaGfUfagucUfgCfcugsTsT,GOLD_LEGACY,10.20820052144429,0.0619155134192529,0.5000000000009547,0.9696689096751018,MULTI_DOSE_HILL
CAGGCAGACUACUUAUGAU,AUCAUAAGUAGUCUGCCUGTT,csasggcaGfaCfUfAfcuuaugauL96,PlasUfscauAfaguagucUfgCfcugsTsT,GOLD_LEGACY,10.875928696884513,0.0133067287190043,0.5000000000000001,0.9928109272124314,MULTI_DOSE_HILL
CAGGCAUUGCUGCCUCUUUCU,AGAAAGAGGCAGCAAUGCCUGGG,csasggcaUfuGfCfUfgccucuuucuL96,asGfsaadAg(Agn)ggcagcAfaUfgccugsgsg,GOLD_LEGACY,7.956795997919887,11.045973629500368,0.7400252845017167,0.9907472050076735,MULTI_DOSE_HILL
CAGGCUGUGACAGGAUGGAAU,AUUCCAUCCUGUCACAGCCUGCA,csasggcuGfuGfAfCfaggauggaauL96,asUfsuccAfuCfCfugucAfcAfgccugscsa,GOLD_LEGACY,10.633303129584691,0.0232646685962343,0.5000000021437697,0.996268993347527,MULTI_DOSE_HILL
CAGGGAACCUCUACCUUCUCU,AGAGAAGGUAGAGGUUCCCUGUG,csasgggaAfcCfUfCfuaccuucucuL96,asGfsagaa(Ggn)guagagGfuUfcccugsusg,GOLD_LEGACY,7.16080292354256,69.05530956039524,2.122944820733038,0.9471202187927098,MULTI_DOSE_HILL
CAGGUCAUGAGAGAAUGGGAA,UUCCCATUCUCUCAUGACCUGGG,csasggu(Chd)AfuGfAfGfagaaugggaaL96,VPusUfsccca(Tgn)ucucucAfuGfaccugsgsg,GOLD_LEGACY,8.241945750873061,5.728675852577065,1.5466989037712555,0.934488090106468,MULTI_DOSE_HILL
CAGGUUGGCUGAUGUGUUGGU,ACCAACACAUCAGCCAACCUGCU,csasgguuggCfUfGfauguguugguL96,asdCscadAcdAcaucdAgCfcaaccugscsu,GOLD_LEGACY,7.996169837578757,10.088582792788758,4.0,0.9971589978246668,MULTI_DOSE_HILL
CAGGUUGGCUGAUGUGUUGGU,ACCAACACAUCAGCCAACCUGGA,csasgguuggCfUfGfauguguugguL96,asdCscadAcdAcaucdAgCfcaaccugsgsa,GOLD_LEGACY,8.027739049127229,9.38125521203844,1.5441098132138884,1.0,MULTI_DOSE_HILL
CAGUCCAAGUGUGGCUCAAAA,UTUUGAGCCACACUUGGACUGGA,csasguc(Chd)aaGfUfGfuggcucaaaaL96,VPusdTsuudGa(G2p)ccacdAcUfuggacugsgsa,GOLD_LEGACY,8.678496505264121,2.09654165094115,1.11494783443282,0.996647629307992,MULTI_DOSE_HILL
CAGUCCUUCACUCAAGAACAA,UUGUTCTUGAGUGAAGGACUGAG,csasguccUfuCfAfCfucaagaacsasa,VPuUfgudTc(Tgn)ugagugAfaGfgacugsasg,GOLD_LEGACY,11.051796547945914,0.0088757171153363,0.5000019413553128,0.9482527132658114,MULTI_DOSE_HILL
CAGUCGUCCCAGAAUAACUCU,AGAGTUAUUCUGGGACGACUGGU,csasgucgUfcCfCfAfgaauaacucuL96,asGfsagdTu(Agn)uucuggGfaCfgacugsgsu,GOLD_LEGACY,7.994787449439269,10.120746583503228,4.0,0.9999999427904548,MULTI_DOSE_HILL
CAGUCGUCCCAGAAUAACUCU,AGAGTUAUUCUGGGACGACUGGU,csasgucgucCfCfAfgaauaacucuL96,asdGsagdTudAuucudGgGfacgacugsgsu,GOLD_LEGACY,8.993514712001149,1.015044980697473,3.9999932052407625,0.9999999822541938,MULTI_DOSE_HILL
CAGUGGUGUCUGCUGUCACUU,AAGUGACAGCAGACACCACUGCC,csasguggugUfCfUfgcugucacuuL96,asdAsgudGadCagcadGaCfaccacugscsc,GOLD_LEGACY,7.721617482107752,18.9837723776883,3.999999933759917,0.9999999826014458,MULTI_DOSE_HILL
CAUAAUGGCAAUGUGGUCAAU,ATUGACCACAUTGCCAUUAUGAU,csasuaauggCfAfAfuguggucaauL96,asdTsugdAcdCacaudTgCfcauuaugsasu,GOLD_LEGACY,8.138693327902702,7.266188699515022,3.999996978847253,0.9999996844833384,MULTI_DOSE_HILL
CAUACACCCCUUCCACCUCGU,ACGAGGTGGAAGGGGUGUAUGUA,csasuacaccCfCfUfuccaccucguL96,asdCsgadGgdTggaadGgGfguguaugsusa,GOLD_LEGACY,9.977115235047703,0.1054107164064072,0.7614556098447435,0.9999999973142588,MULTI_DOSE_HILL
CAUACACCCCUUCCACCUCGU,ACGAGGUGGAAGGGGUGUAUGUA,csasuacaCfcCfCfUfuccaccucguL96,asCfsgagGfuGfGfaaggGfgUfguaugsusa,GOLD_LEGACY,8.74135997037723,1.814011473528206,2.482032055108266,0.9999989689046732,MULTI_DOSE_HILL
CAUCAAGACUAAUCUUGUA,UACAAGAUUAGUCUUGAUGUU,mCmAfUmCfAmAfGfAfCmUfAmAfUmCfUmUfGmUfA,fU*fA*mCfAmAfGmAfUmUfAmGmUmCfUmUfGmAfUmG*mU*mU,GOLD_LEGACY,8.601355572985945,2.5040582482493767,0.7017181628789879,0.9073543458952044,MULTI_DOSE_HILL
CAUCACAGAUGCUGAAACAUA,UAUGTUTCAGCAUCUGUGAUGGU,csasucacagAfUfGfcugaaacasusa,VPudAugdTudTcagcdAuCfugugaugsgsu,GOLD_LEGACY,10.52446881714515,0.0298903625557515,1.676566622285582,0.9999999993959824,MULTI_DOSE_HILL
CAUCACCAAGCUCAGUCUACG,CGUAGACUGAGCUUGGUGAUGUU,fCpsmApsfUmCfAmCfCmAfAmGfCmUfCmAfGmUfCmUfAmCpsfG,vmCpsfGpsmUfAmGfAmCfUmGfAmGfCmUfUmGfGmUfGmAfUmGpsmUpsmU,GOLD_LEGACY,8.843562655256576,1.4336308725575395,1.0610501522159923,1.0,MULTI_DOSE_HILL
CAUCAGAUGAUCUACUUUCAU,ATGAAAGUAGATCAUCUGAUGGA,csasucagauGfAfUfcuacuuucauL96,asdTsgadAadGuagadTcAfucugaugsgsa,GOLD_LEGACY,8.322839318955843,4.755111238518761,0.8456023739388482,0.99242433282818,MULTI_DOSE_HILL
CAUCCACAAUGAGAGUACCUU,AAGGTACUCUCAUUGUGGAUGAC,csasuccacaAfUfGfagaguaccuuL96,asdAsggdTadCucucdAuUfguggaugsasc,GOLD_LEGACY,11.513972198443158,0.0030621594529328,0.5000090162003591,0.9565687894242552,MULTI_DOSE_HILL
CAUCCACAAUGAGAGUACCUU,AAGGUACUCUCAUUGUGGAUGAC,csasuccaCfaAfUfGfagaguaccuuL96,asAfsgguAfcUfCfucauUfgUfggaugsasc,GOLD_LEGACY,8.57283434973141,2.674026151494409,0.7828823413133299,1.0,MULTI_DOSE_HILL
CAUCCAGAACUGGUGCAAGCU,AGCUUGCACCAGUUCUGGAUGGU,csasucc(Ahd)GfaAfCfUfggugcaagscsu,asGfscuuGfcAfCfcaguUfcUfggaugsgsu,GOLD_LEGACY,9.446496892786222,0.3576869596830716,1.0049466868313657,0.9999999695697424,MULTI_DOSE_HILL
CAUCCAUCCUUCAACUUAAGU,ACUUAAGUUGAAGGAUGGAUGGA,csasuccaUfcCfUfUfcaacuuaaguL96,asCfsuuaAfgUfUfgaagGfaUfggaugsgsa,GOLD_LEGACY,7.742819214795264,18.079265609780222,0.6704895261349927,0.9440759155123604,MULTI_DOSE_HILL
CAUCCUAGGACAUUUUUGA,UCAAAAAUGUCCUAGGAUGUU,mCmAfUmCfCmUfAfGfGmAfCmAfUmUfUmUfUmGfA,fU*fC*mAfAmAfAmAfUmGfUmCmCmUfAmGfGmAfUmG*mU*mU,GOLD_LEGACY,9.525587368643588,0.2981347718732823,0.5000006960985292,0.964912914407728,MULTI_DOSE_HILL
CAUCUCCCUAGCCUUCUUUUU,AAAAAGAAGGCUAGGGAGAUGAU,csasucucCfcUfAfGfccuucuuuuuL96,asAfsaaaGfaAfGfgcuaGfgGfagaugsasu,GOLD_LEGACY,8.822121536350865,1.5061855045185355,0.5201800258203658,1.0,MULTI_DOSE_HILL
CAUCUGCCCUAAAGUCAAGUC,GACUUGACUUUAGGGCAGAUGUU,fCpsmApsfUmCfUmGfCmCfCmUfAmAfAmGfUmCfAmAfGmUpsfC,vmGpsfApsmCfUmUfGmAfCmUfUmUfAmGfGmGfCmAfGmAfUmGpsmUpsmU,GOLD_LEGACY,6.140219092306718,724.0705897470324,0.5000000000000001,0.9431344732468616,MULTI_DOSE_HILL
CAUGAGCAAGAUUUGCAACUU,AAGUUGCAAAUCUUGCUCAUGUA,csasugagCfaAfGfAfuuugcaacuuL96,asAfsguuGfcAfAfaucuUfgCfucaugsusa,GOLD_LEGACY,8.191896349375037,6.428411222905498,0.7674111287030441,0.9057058453521968,MULTI_DOSE_HILL
CAUGAGCAAGAUUUGCAACUU,AAGUUGCAAAUCUUGCUCAUGUA,csasugagCfaAfGfAfuuugcaacuuL96,asAfsguug(Cgn)aaaucuUfgCfucaugsusa,GOLD_LEGACY,9.110777837646816,0.7748580733197543,1.7451921006591335,0.9988889899100696,MULTI_DOSE_HILL
CAUGCACAGUGAGCUAUGA,UCAUAGCUCACUGUGCAUGCC,CmsAmsUmGmCfAmCfAfGfUmGmAmGmCmUmAmUmGmAm,UmsCfsAmUmAmGfCmUmCmAmCmUmGmUfGmCfAmUmGmsCmsCm,GOLD_LEGACY,10.4894228607451,0.0324023970363767,1.5657898393551717,0.9933384448305896,MULTI_DOSE_HILL
CAUGCACAGUGAGCUAUGA,UCAUAGCUCACUGUGCAUGCC,CmsAmsUmGmCfAmCfAfGfUmGmAmGmCmUmAmUmGmsAm,UmsCfsAmUfAmGf(-)hmpNA(C)UmCmAfCmUfGmUfGmCfAmUfGmsCmsCm,GOLD_LEGACY,9.891791068967104,0.1282947636567603,1.3019832771823046,0.9953667544127052,MULTI_DOSE_HILL
CAUGCACAGUGAGCUAUGA,UCAUAGCUCACUGUGCAUGCC,CmsAmsUmGmCmAmCfAfGfUmGmAmGmCmUmAmUmGmAm,UmsCfsAmUfAmGfCmUmCmAfCmUfGmUfGmCfAmUfGmsCmsCm,GOLD_LEGACY,10.728029672550107,0.0187055433304691,1.3263034915865948,0.965728581348684,MULTI_DOSE_HILL
CAUGCACAGUGAGCUAUGA,UCAUAGCUCACUGUGCAUGCC,CmsAmsUmGmCmAmCfAfGfUmGmAmGmCmUmAmUmGmAm(-NAG0052'),UmsCfsAmUfAmGf(-)hmpNA(C)UmCmAfCmUfGmUfGmCfAmUfGmsCmsCm,GOLD_LEGACY,9.60623804856743,0.2476064487602471,0.8998933459572808,0.988940455695628,MULTI_DOSE_HILL
CAUGCACAGUGAGCUAUGA,UCAUAGCUCACUGUGCAUGCC,CmsAmsUmGmCmAmCfAfGfUmGmAmGmCmUmAmUmGmAm(-NAG0052'),UmsCfsAmUfAmGfCmUmCmAfCmUfGmUfGmCfAmUfGmsCmsCm,GOLD_LEGACY,10.404671130652488,0.0393848203980094,1.3997312287291246,0.959602286099564,MULTI_DOSE_HILL
CAUGCACAGUGAGCUAUGA,UCAUAGCUCACUGUGCAUGCC,CmsAmsUmGmCmAmCfAfGfUmGmAmGmCmUmAmUmGmAmL96,UmsCfsAmUfAmGf(-)hmpNA(C)UmCmAfCmUfGmUfGmCfAmUfGmsCmsCm,GOLD_LEGACY,10.410477291845211,0.0388617817261236,1.0678856366187124,0.9655720194013356,MULTI_DOSE_HILL
CAUGCACAGUGAGCUAUGA,UCAUAGCUCACUGUGCAUGCC,CmsAmsUmGmCmAmCfAfGfUmGmAmGmCmUmAmUmGmAmL96,UmsCfsAmUfAmGfCmUmCmAfCmUfGmUfGmCfAmUfGmsCmsCm,GOLD_LEGACY,10.675785341062266,0.0210967064017508,1.0475521463171436,0.9769020780044329,MULTI_DOSE_HILL
CAUGCACAGUGAGCUAUGGGU,ACCCAUAGCUCACUGUGCAUGCC,csasugcaCfaGfUfGfagcuauggguL96,asCfsccaUfaGfCfucacUfgUfgcaugscsc,GOLD_LEGACY,7.965948989038754,10.815609808310418,4.0,0.9816048809166568,MULTI_DOSE_HILL
CAUGCACAGUGAGCUAUGGGU,ACCCAUAGCUCACUGUGCAUGCC,csasugcacaGfUfGfagcuauggguL96,asdCsccdAudAgcucdAcUfgugcaugscsc,GOLD_LEGACY,9.524555423586406,0.2988440245278822,0.8126615684585339,0.9999999909363636,MULTI_DOSE_HILL
CAUGCAGAAUACAAAUGAUGA,UCAUCAUUUGUAUUCUGCAUGGU,csasugcaGfaAfUfAfcaaaugaugaL96,VPusCfsaucAfuUfUfguauUfcUfgcaugsgsu,GOLD_LEGACY,9.832923989377775,0.1469183392980304,0.5071668854068331,1.0,MULTI_DOSE_HILL
CAUGCAGUUGUAAACUUGAUA,UAUCAAGUUUACAACUGCAUGUU,csasugcaGfuUfGfUfaaacuugasusa,VPuAfucdAa(G2p)uuuacaAfcUfgcaugsusu,GOLD_LEGACY,10.05139502847192,0.0888392680101366,0.5001494098481956,0.9999981334950574,MULTI_DOSE_HILL
CAUGCGUUAAUUCAGCUGGUU,AACCAGCUGAAUUAACGCAUGCU,csasugcgUfuAfAfUfucagcugguuL96,asAfsccag(Cgn)ugaauuAfaCfgcaugscsu,GOLD_LEGACY,7.618164834928641,24.089909311956376,0.7773657415238898,0.9588179046870936,MULTI_DOSE_HILL
CAUGGUCAGUAAAAGCAAA,UTUGCUTUUACTGACCAUGCG,csasugGfuCfAfGfuaaa(Ahd)gcaaaL96,VPusdTsugdCu(Tgn)uuacdTgAfcCfaugscsg,GOLD_LEGACY,10.044016024087009,0.0903616132541922,3.999999999999996,0.9961702471735506,MULTI_DOSE_HILL
CAUGGUCAGUAAAAGCAAA,UTUGCUTUUACTGACCAUGCG,csasugGfuCfAfGfuaaa(Ahd)gcaaaL96,VPusdTsugdCu(Tgn)uuacdTgAfcdCaugscsg,GOLD_LEGACY,10.034521617171135,0.0923588215324781,0.562365901568222,1.0,MULTI_DOSE_HILL
CAUGGUCAGUAAAAGCAAA,UUUGCUTUUACUGACCAUGCG,csasugGfuCfAfGfuaaa(Ahd)gcaaaL96,VPusUfsugdCu(Tgn)uuacugAfcCfaugscsg,GOLD_LEGACY,8.77041445096868,1.696623776955021,0.5000000001257465,0.999970121337878,MULTI_DOSE_HILL
CAUUAGGAUAAUGUCUUAUG(invAb),ACAUAAGACAUUAUCCUAAUGU,(sGalNAc3)cauuagGfaUfAfAfUfgucuuaugs(invAb),asCfsauaaGfacauuaUfcCfuaaugsus,GOLD_LEGACY,9.262552118141391,0.5463209839029511,0.6595932985191031,0.930737120705462,MULTI_DOSE_HILL
CAUUAGGAUAAUGUCUUAUUU,AUAAGACAUUAUCCUAAUGUU,fCpsmApsfUmUfAmGfGmAfUmAfAmUfGmUfCmUfUmAfUpsmUpsmU,mApsfUpsmAfAmGfAmCfAmUfUmAfUmCfCmUfAmAfUmGpsmUpsmU,GOLD_LEGACY,9.351618996024277,0.4450215109997009,1.4959469335758253,1.0,MULTI_DOSE_HILL
CAUUCCAUUGUUUGUGCAGCA,UGCUGCACAAACAAUGGAAUGGU,csasuuccAfuUfGfUfuugugcagscsa,VPuGfcudGc(Agn)caaacaAfuGfgaaugsgsu,GOLD_LEGACY,9.572932972212628,0.2673418984782398,0.8820146690283537,1.0,MULTI_DOSE_HILL
CAUUCCUGUUUGCUGUGUAUU,AAUACACAGCAAACAGGAAUGGG,csasuuccUfgUfUfUfgcuguguauuL96,asAfsuacAfcAfGfcaaaCfaGfgaaugsgsg,GOLD_LEGACY,8.601180234403289,2.5050694208183364,1.4114035234762292,0.999999999998457,MULTI_DOSE_HILL
CAUUCCUGUUUGCUGUGUAUU,AAUACACAGCAAACAGGAAUGGG,csasuuccugUfUfUfgcuguguauuL96,asdAsuadCadCagcadAaCfaggaaugsgsg,GOLD_LEGACY,9.266948099446536,0.5408189498908272,0.5417913658148527,0.9996862770187208,MULTI_DOSE_HILL
CAUUCUGCCGUCUUCAGCCUU,AAGGCUGAAGACGGCAGAAUGGA,csasuucugcCfGfUfcuucagccuuL96,asdAsggdCudGaagadCgGfcagaaugsgsa,GOLD_LEGACY,8.030964087600642,9.311848732235692,4.0,0.9999999185871442,MULTI_DOSE_HILL
CAUUGCCUUCGGUUUGUAUUU,AAAUACAAACCGAAGGCAAUGCA,csasuugcCfuUfCfGfguuuguauuuL96,asAfsauaCfaAfAfccgaAfgGfcaaugscsa,GOLD_LEGACY,7.442239606450779,36.12105226656938,0.5000000003595132,0.9995535443408556,MULTI_DOSE_HILL
CAUUGCGAUUGUCCAGAGACU,AGUCUCTGGACAAUCGCAAUGGC,csasuugcGfaUfUfGfuccagagacuL96,asGfsucuc(Tgn)ggacaaUfcGfcaaugsgsc,GOLD_LEGACY,7.870160933348526,13.484630998303334,0.6563893873673767,0.9660929970513848,MULTI_DOSE_HILL
CAUUGCUGCCUCUUUCCAUUU,AAAUGGAAAGAGGCAGCAAUGCC,csasuugcUfgCfCfUfcuuuccauuuL96,asAfsaudGg(Agn)aagaggCfaGfcaaugscsc,GOLD_LEGACY,7.845046084472045,14.28742341733136,1.9307030906370368,0.9999999347797036,MULTI_DOSE_HILL
CAUUGCUGCCUCUUUCCAUUU,AAAUGGAAAGAGGCAGCAAUGCC,csasuugcugCfCfUfcuuuccauuuL96,asdAsaudGgdAaagadGgCfagcaaugscsc,GOLD_LEGACY,8.09616245231408,8.01378243548289,4.0,0.9999998241613316,MULTI_DOSE_HILL
CCAAAAAGAAUUCCAACCGAU,ATCGGUTGGAATUCUUUUUGGAA,cscsaaaaagAfAfUfuccaaccgauL96,asdTscgdGudTggaadTuCfuuuuuggsasa,GOLD_LEGACY,9.918765189939494,0.1205687643490748,0.5074177159144059,0.9999997072527054,MULTI_DOSE_HILL
CCAAAAAGAAUUCCAACCGAU,AUCGGUUGGAAUUCUUUUUGGAA,cscsaaaaAfgAfAfUfuccaaccgauL96,asUfscggUfuGfGfaauuCfuUfuuuggsasa,GOLD_LEGACY,9.890351969137246,0.1287205927112293,0.5000000049761973,0.9742693710936532,MULTI_DOSE_HILL
CCAAAACGGUGCAACUCUA,UAGAGUUGCACCGUUUUGGUU,mCmCfAmAfAmAfCfGfGmUfGmCfAmAfCmUfCmUfA,fU*fA*mGfAmGfUmUfGmCfAmCmCmGfUmUfUmUfGmG*mU*mU,GOLD_LEGACY,9.81359613105444,0.1536044752296061,2.6197504144693413,0.996481849099584,MULTI_DOSE_HILL
CCAAAAGUGGACCCUCUAA,UUAGAGGGUCCACUUUUGGUU,mCmCfAmAfAmAfGfUfGmGfAmCfCmCfUmCfUmAfA,fU*fU*mAfGmAfGmGfGmUfCmCmAmCfUmUfUmUfGmG*mU*mU,GOLD_LEGACY,8.87705480689136,1.327226954395933,0.7462464428212117,0.9987808476936016,MULTI_DOSE_HILL
CCAAAUGGGCACUUUCUUGUU,AACAAGAAAGUGCCCAUUUGGGU,cscsaaauggGfCfAfcuuucuuguuL96,asdAscadAgdAaagudGcCfcauuuggsgsu,GOLD_LEGACY,8.826620967515385,1.4906614917549368,3.999420904628342,0.9999999992815494,MULTI_DOSE_HILL
CCAAAUGGUGGCCUGACCAT,TGGUCAGGCCACCAUUUGGTT,CfcAfaAfuGfGfUfgGfcCfuGfaCfcAf(invdT),dTGfgUfcAfgGfcCfaccAfuUfuGfgdTsdT,GOLD_LEGACY,6.199323327248309,631.9412032420688,3.999908376412997,1.0,MULTI_DOSE_HILL
CCAACAACCACCUGGCAAUAU,ATAUTGCCAGGTGGUUGUUGGGU,cscsaacaacCfAfCfcuggcaauauL96,asdTsaudTgdCcaggdTgGfuuguuggsgsu,GOLD_LEGACY,8.006096113228667,9.86061237366444,1.5074047448648118,0.9999999999999049,MULTI_DOSE_HILL
CCAACAAUCCUUGGCCUGCCU,AGGCAGGCCAAGGAUUGUUGGCU,cscsaacaauCfCfUfuggccugccuL96,asdGsgcdAgdGccaadGgAfuuguuggscsu,GOLD_LEGACY,8.081522277989112,8.288533975183263,4.0,0.9999998541584448,MULTI_DOSE_HILL
CCAACCGACCAGCUUGUUU,AAACAAGCUGGUCGGUUGG,ccAAccGAccAGcuuGuuudTsdT,AAAcAAGCUGGUCGGUUGGdTsdT,GOLD_LEGACY,10.842356983384688,0.0143761639388844,0.7996318210676788,1.0,MULTI_DOSE_HILL
CCAACCGACCAGCUUGUUUGU,ACAAACAAGCUGGUCGGUUGGAA,cscsaaccGfaCfCfAfgcuuguuuguL96,asCfsaaaCfaAfGfcuggUfcGfguuggsasa,GOLD_LEGACY,9.366580130808975,0.429951896744378,1.0825918133618582,0.9999999975820688,MULTI_DOSE_HILL
CCAACCGACCAGCUUGUUUGU,ACAAACAAGCUGGUCGGUUGGAA,cscsaaccgaCfCfAfgcuuguuuguL96,asdCsaadAcdAagcudGgUfcgguuggsasa,GOLD_LEGACY,10.97679594052032,0.0105488243157715,0.5000000207127242,0.9999641326786928,MULTI_DOSE_HILL
CCAACUUCUUGGGCUUCCGUU,AACGGAAGCCCAAGAAGUUGGCC,cscsaacuucUfUfGfggcuuccguuL96,asdAscgdGadAgcccdAaGfaaguuggscsc,GOLD_LEGACY,8.717168076212596,1.9179263407672549,0.99931812884993,0.9999999999953566,MULTI_DOSE_HILL
CCAAGAUGAAGUUUCCCAGGU,ACCUGGGAAACTUCAUCUUGGUC,cscsaagaugAfAfGfuuucccagguL96,asdCscudGgdGaaacdTuCfaucuuggsusc,GOLD_LEGACY,7.739187033747745,18.231103904685035,3.999999839968688,0.999999982161776,MULTI_DOSE_HILL
CCAAGCUCGCAUGGUCAGUAA,UUACTGACCAUGCGAGCUUGGGU,cscsaag(Chd)UfcGfCfAfuggucaguaaL96,VPusUfsacdTg(Agn)ccaugcGfaGfcuuggsgsu,GOLD_LEGACY,9.396285537209424,0.4015267307714689,0.8284067883376374,0.9927202672050938,MULTI_DOSE_HILL
CCAAGCUGAGUUUCCUAUGGA,UCCAUAGGAAACUCAGCUUGGUU,cscsaagcUfgAfGfUfuuccuauggaL96,VPusCfscauAfgGfAfaacuCfaGfcuuggsusu,GOLD_LEGACY,8.763531792921189,1.7237258994911893,0.5329989730844463,0.9611077791295805,MULTI_DOSE_HILL
CCAAGGAUGAAGAGAUUAU,AUAAUCUCUUCAUCCUUGGUG,CmsCmsAmAmGfGmAfUfGfAmAmGmAmGmAmUmUmAmUm,AmsUfsAmAfUmCfUmCmUfUmCmAfUmCfCmUfUmGfGmsUmsGm,GOLD_LEGACY,11.868190134387572,0.0013545962394595,1.3361406424909286,0.9150564459312422,MULTI_DOSE_HILL
CCAAGGAUGAAGAGAUUAU,AUAAUCUCUUCAUCCUUGGUG,CmsCmsAmAmGfGmAfUfGfAmAmGmAmGmAmUmUmAmUm(-NAG0052'),AmsUfsAmAfUmCf(-)hmpNA(U)CmUmUfCmAfUmCfCmUfUmGfGmsUmsGm,GOLD_LEGACY,10.851038271304844,0.0140916461322711,1.214838742465607,0.962458271919256,MULTI_DOSE_HILL
CCAAGGAUGAAGAGAUUAU,AUAAUCUCUUCAUCCUUGGUG,CmsCmsAmAmGfGmAfUfGfAmAmGmAmGmAmUmUmAmUm(NAG1),AmsUfsAmAfUmCf(-)hmpNA(U)CmUfUmCmAfUmCfCmUfUmGfGmsUmsGm,GOLD_LEGACY,10.779781105097364,0.0166042359013733,0.8393945164795035,0.9633445636572658,MULTI_DOSE_HILL
CCAAGGAUGAAGAGAUUAU,AUAAUCUCUUCAUCCUUGGUG,CmsCmsAmAmGfGmAfUfGfAmAmGmAmGmAmUmUmAmsUms(NAG1),AmsUfsAmAfUmCf(-)hmpNA(U)CmUmUfCmAfUmCfCmUfUmGfGmsUmsGm,GOLD_LEGACY,10.473016232836828,0.0336498991653376,1.8603811130659156,0.9671042807175346,MULTI_DOSE_HILL
CCAAGUGUGGCUCAAAGGAUA,UAUCCUTUGAGCCACACUUGGAC,cscsaag(Uhd)guGfGfCfucaaaggauaL96,VPusdAsucdCudTugagdCcAfcacuuggsasc,GOLD_LEGACY,8.623737013968626,2.3782800126979957,0.8258921918003174,0.9964119141383226,MULTI_DOSE_HILL
CCAAGUGUGGCUCAUUAGGCA,UGCCUAAUGAGCCACACUUGG,(invAb)psmCpsmCmAmAmGmUmGmUfGfGfCmUmCmAmUmUmAmGmGmCpsmAps(invAb)(Chol4),(VPmU)psfGpsmCmCmUfAmAfUfGmAmGmCmCfAmCfAmCmUmUpsmGpsmG,GOLD_LEGACY,7.832978533104603,14.689988875143802,0.9095658947277816,0.9999999999999832,MULTI_DOSE_HILL
CCAAGUGUGGCUCAUUAGGCA,UGCCUAAUGAGCCACACUUGG,(invAb)psmCpsmCmAmAmGmUmGmUfGfGfCmUmCmAmUmUmAmGmGmCpsmAps(invAb)(Chol4),(VPmU)psfGpsmCpsfCmUfAmAfUmGfAmGfCmCfAmCfAmCfUmUmGpsmG,GOLD_LEGACY,7.6199811087391005,23.98937267488205,0.6790036075033934,0.9996255032747174,MULTI_DOSE_HILL
CCAAGUGUGGCUCAUUAGGCA,UGCCUAAUGAGCCACACUUGG,mCpsmCpsmAmAmGmUfGmUfGfGfCmUmCmAmUmUmAmGmGpsmCpsmA(Chol4),(VPmU)psfGpsmCpsfCmUfAmAfUmGfAmGfCmCfAmCfAmCfUmUmGpsmG,GOLD_LEGACY,7.547334950837206,28.357311192555454,0.8478878913303913,0.999999998982852,MULTI_DOSE_HILL
CCAAGUGUGGCUCAUUAGGCA,UGCCUAAUGAGCCACACUUGGAG,(invAb)psmCpsmCmAmAmGmUmGmUfGfGfCmUmCmAmUmUmAmGmGmCpsmAps(invAb)(Chol4),(VPmU)psfGpsmCmCmUfAmAfUfGmAmGmCmCfAmCfAmCmUmUmGmGpsmApsmG,GOLD_LEGACY,7.844613338069644,14.301667007246763,1.0520486546330097,0.9999999999831072,MULTI_DOSE_HILL
CCAAGUGUGGCUCAUUAGGCA,UGCCUAAUGAGCCACACUUGGAG,mCpsmCpsmAmAmGmUfGmUfGfGfCmUmCmAmUmUmAmGmGpsmCpsmA(Chol4),(VPmU)psfGpsmCmCmUfAmAfUfGmAmGmCmCfAmCfAmCmUmUmGmGpsmApsmG,GOLD_LEGACY,7.662653970707034,21.74432994195777,0.9487034797185973,0.9999999999578848,MULTI_DOSE_HILL
CCAAGUGUGGCUCAUUAGGCA,UGCCUAAUGAGCCACACUUGGAG,mCpsmCpsmAmAmGmUfGmUfGfGfCmUmCmAmUmUmAmGmGpsmCpsmA(Chol4),(VPmU)psfGpsmCmCmUfAmAfUmGmAmGmCmCfAmCfAmCmUmUmGmGpsmApsmG,GOLD_LEGACY,7.810871033480851,15.457133808492964,0.9678794263452576,0.9999999999973452,MULTI_DOSE_HILL
CCAAGUGUGGCUCAUUAGGCA,UGCCUAAUGAGCCACACUUGGAG,mCpsmCpsmAmAmGmUfGmUfGfGfCmUmCmAmUmUmAmGmGpsmCpsmA(Chol4),(VPmU)psfGpsmCmCmUfAmAmUfGmAmGmCmCfAmCfAmCmUmUmGmGpsmApsmG,GOLD_LEGACY,7.69095296740147,20.372626943016325,1.0844967061570745,1.0,MULTI_DOSE_HILL
CCAAGUGUGGCUCAUUAGGCA,UGCCUAAUGAGCCACACUUGGAG,mCpsmCpsmAmAmGmUfGmUfGfGfCmUmCmAmUmUmAmGmGpsmCpsmA(Chol4),(VPmU)psfGpsmCmCmUfAmAmUmGmAmGmCmCfAmCfAmCmUmUmGmGpsmApsmG,GOLD_LEGACY,7.939354916520824,11.498603097132388,0.9924917303193596,0.999999999982431,MULTI_DOSE_HILL
CCAAGUGUGGCUCAUUAGGCA,UGCCUAAUGAGCCACACUUGGUU,(invAb)psmCpsmCmAmAmGmUmGmUfGfGfCmUmCmAmUmUmAmGmGmCpsmAps(invAb)(Chol4),(VPmU)psfGpsmCmCmUmAfAmUmGmAmGfCmCfAmCmAmCmUmUmGmGpsmUpsmU,GOLD_LEGACY,7.7127719287220655,19.374391498323032,1.0902743047113574,1.0,MULTI_DOSE_HILL
CCACAAGAUUACAAGAAACGA,UCGUTUCUUGUAAUCUUGUGGCU,cscsacaaGfaUfUfAfcaagaaacsgsa,VPuCfgudTu(C2p)uuguaaUfcUfuguggscsu,GOLD_LEGACY,11.33465174816649,0.0046275194395018,0.5000000000103604,0.9998974656428892,MULTI_DOSE_HILL
CCACAAUGAGAGUACCUGU,ACAGGUACUCUCAUUGUGG,ccAcAAuGAGAGuAccuGudTsdT,AcAGGuACUCUcAUUGUGGdTsdT,GOLD_LEGACY,9.015250381367558,0.96549408759942,0.6923932408027867,1.0,MULTI_DOSE_HILL
CCACAAUGAGAGUACCUGU,ACAGGUACUCUCAUUGUGGAU,CmsCmsAmCmAfAmUfGfAfGmAmGmUmAmCmCmUmGmUm(-NAG0052'),AmsCfsAmGfGmUf(-)hmpNA(A)CmUmCfUmCfAmUfUmGfUmGfGmsAmsUm,GOLD_LEGACY,10.157404248876622,0.069597838369658,1.1538417274908643,0.9811266056115644,MULTI_DOSE_HILL
CCACAAUGAGAGUACCUGUGU,ACACAGGUACUCUCAUUGUGGAU,cscsacaaUfgAfGfAfguaccuguguL96,asCfsacaGfgUfAfcucuCfaUfuguggsasu,GOLD_LEGACY,7.839253217504809,14.479273862956038,0.649598352623688,0.9863234956246834,MULTI_DOSE_HILL
CCACAAUGAGAGUACCUGUGU,ACACAGGUACUCUCAUUGUGGAU,cscsacaaugAfGfAfguaccuguguL96,asdCsacdAgdGuacudCuCfauuguggsasu,GOLD_LEGACY,10.511719288163286,0.0307808573228178,0.5000077689017546,0.974745290322064,MULTI_DOSE_HILL
CCACAGAUGCUUGUGAUUUUU,AAAAAUCACAAGCAUCUGUGGAA,cscsacagAfuGfCfUfugugauuuuuL96,asAfsaaaUfcAfCfaagcAfuCfuguggsasa,GOLD_LEGACY,7.536372746864737,29.08219975557333,0.5004433148583288,0.9200569683813036,MULTI_DOSE_HILL
CCACAUCACCAACCUGGGCUU,AAGCCCAGGUUGGUGAUGUGGUG,cscsacauCfaCfCfAfaccugggcuuL96,asAfsgcdCc(Agn)gguuggUfgAfuguggsusg,GOLD_LEGACY,7.956532248204833,11.052683954757368,0.8159898017231757,0.9958106771431042,MULTI_DOSE_HILL
CCACAUCACCAACCUGGGCUU,AAGCCCAGGUUGGUGAUGUGGUG,cscsacaucaCfCfAfaccugggcuuL96,asdAsgcdCcdAgguudGgUfgauguggsusg,GOLD_LEGACY,7.924889287977557,11.888052436249186,3.999998872910726,0.9999999662227564,MULTI_DOSE_HILL
CCACCUCGUCAUCCACAAUGU,ACAUTGTGGAUGACGAGGUGGAA,cscsaccucgUfCfAfuccacaauguL96,asdCsaudTgdTggaudGaCfgagguggsasa,GOLD_LEGACY,11.135851759393502,0.0073138869061772,0.5000231945611285,0.9824936236566724,MULTI_DOSE_HILL
CCACCUGGCAAUAUGACUCAU,ATGAGUCAUAUTGCCAGGUGGUU,cscsaccuggCfAfAfuaugacucauL96,asdTsgadGudCauaudTgCfcagguggsusu,GOLD_LEGACY,8.239036646961527,5.76717796306871,1.7612871741542755,0.999998105203297,MULTI_DOSE_HILL
CCACCUUUUCUUCUAAUGA,UCAUUAGAAGAAAAGGUGG,ccAccuuuucuucuAAuGAdTsdT,UcAUuAGAAGAAAAGGUGGdTsdT,GOLD_LEGACY,10.551944115513692,0.0280579466097143,0.5000000000000028,0.9936232378886994,MULTI_DOSE_HILL
CCACCUUUUCUUCUAAUGAGU,ACUCAUTAGAAGAAAAGGUGGGA,cscsaccuuuUfCfUfucuaaugaguL96,asdCsucdAudTagaadGaAfaagguggsgsa,GOLD_LEGACY,10.62958546537496,0.0234646745287129,0.5000289585995558,0.9799303185487452,MULTI_DOSE_HILL
CCACCUUUUCUUCUAAUGAGU,ACUCAUUAGAAGAAAAGGUGGGA,cscsaccuUfuUfCfUfucuaaugaguL96,asCfsucaUfuAfGfaagaAfaAfgguggsgsa,GOLD_LEGACY,9.177114378098604,0.6650979694042516,0.5110087753216528,0.999999959217719,MULTI_DOSE_HILL
CCACGACUAGUUCAGUUGCUA,UAGCAACUGAACUAGUCGUGGAA,cscsacgaCfuAfGfUfucaguugcsusa,VPuAfgcdAa(C2p)ugaacuAfgUfcguggsasa,GOLD_LEGACY,11.947020308575771,0.0011297430841385,0.5001609089633167,0.9795030988374264,MULTI_DOSE_HILL
CCACGACUAGUUCAGUUGCUA,UAGCAACUGAACUAGUCGUGGAA,cscsacgacuAfGfUfucaguugcsusa,VPudAgcdAadCugaadCuAfgucguggsasa,GOLD_LEGACY,11.47976221030582,0.0033131247568234,0.5000001796791367,0.9396348718962594,MULTI_DOSE_HILL
CCACGCUCUCUGGACUUCA,UGAAGUCCAGAGAGCGUGG,ccAcGcucucuGGAcuucAdTsdT,UGAAGUCcAGAGAGCGUGGdTsdT,GOLD_LEGACY,7.489831729994646,32.371905952791124,0.5550203533322218,1.0,MULTI_DOSE_HILL
CCACUGGGAGACAAGCAUUUU,AAAATGCUUGUCUCCCAGUGGGU,cscsacugggAfGfAfcaagcauuuuL96,asdAsaadTgdCuugudCuCfccaguggsgsu,GOLD_LEGACY,8.868750556356746,1.3528493697060162,3.999996189078317,0.9999999983742144,MULTI_DOSE_HILL
CCACUUCAGCCUACAGCUCCU,AGGAGCTGUAGGCUGAAGUGGAG,cscsacuucaGfCfCfuacagcuccuL96,asdGsgadGcdTguagdGcUfgaaguggsasg,GOLD_LEGACY,8.706447083343352,1.9658614965881591,3.999821482083133,0.9999999999282558,MULTI_DOSE_HILL
CCAGAAGAAUGUUCCAGAAUU,AAUUCUGGAACAUUCUUCUGGCU,cscsagaaGfaAfUfGfuuccagaauuL96,asAfsuucUfgGfAfacauUfcUfucuggscsu,GOLD_LEGACY,10.359836247960162,0.0436680452880228,0.5000000000032301,0.9546793491284098,MULTI_DOSE_HILL
CCAGAUAUGGUGGUGGAGGCU,AGCCTCCACCACCAUAUCUGGCA,cscsagauauGfGfUfgguggaggcuL96,asdGsccdTcdCaccadCcAfuaucuggscsa,GOLD_LEGACY,6.041923858923204,907.9797044142332,3.9999021895294833,1.0,MULTI_DOSE_HILL
CCAGCAAAACUCCCUCAACUU,AAGUTGAGGGAGUUUUGCUGGAA,cscsagcaaaAfCfUfcccucaacuuL96,asdAsgudTgdAgggadGuUfuugcuggsasa,GOLD_LEGACY,11.479670625554997,0.0033138235078191,0.7321813867650513,1.0,MULTI_DOSE_HILL
CCAGCAAAACUCCCUCAACUU,AAGUUGAGGGAGUUUUGCUGGAA,cscsagcaAfaAfCfUfcccucaacuuL96,asAfsguuGfaGfGfgaguUfuUfgcuggsasa,GOLD_LEGACY,10.481252883241453,0.0330177227744497,0.5000002509077296,0.9881188757347722,MULTI_DOSE_HILL
CCAGCAGCCCUUCCUAGAGCU,AGCUCUAGGAAGGGCUGCUGGUG,cscsagcaGfcCfCfUfuccuagagcuL96,asGfscudCu(Agn)ggaaggGfcUfgcuggsusg,GOLD_LEGACY,6.041923858923204,907.9797044142332,3.9999021895294833,1.0,MULTI_DOSE_HILL
CCAGCUCAUCUCCGGCAAAUU,UUUGCCGGAGAUGAGCUGGUU,fCpsmCpsfAmGfCmUfCmAfUmCfUmCfCmGfGmCfAmAfApsmUpsmU,mUpsfUpsmUfGmCfCmGfGmAfGmAfUmGfAmGfCmUfGmGpsmUpsmU,GOLD_LEGACY,6.635905360562953,231.2568679500262,0.5000000000000001,0.9511715481170092,MULTI_DOSE_HILL
CCAGCUGAAUUACUGCAGUGU,ACACTGCAGUAAUUCAGCUGGUA,cscsagcugaAfUfUfacugcaguguL96,asdCsacdTgdCaguadAuUfcagcuggsusa,GOLD_LEGACY,8.24796213690305,5.649862298611241,2.590483829111983,0.9999999980812548,MULTI_DOSE_HILL
CCAGCUUGUUUGUGAAACAAU,ATUGTUTCACAAACAAGCUGGUC,cscsagcuugUfUfUfgugaaacaauL96,asdTsugdTudTcacadAaCfaagcuggsusc,GOLD_LEGACY,12.0,0.001,0.625993953295014,0.9971578036976464,MULTI_DOSE_HILL
CCAGCUUGUUUGUGAAACAAU,AUUGUUUCACAAACAAGCUGGUC,cscsagcuUfgUfUfUfgugaaacaauL96,asUfsuguUfuCfAfcaaaCfaAfgcuggsusc,GOLD_LEGACY,10.400624984076964,0.0397534674909087,3.999951786992522,0.9999999921197296,MULTI_DOSE_HILL
CCAGGUGGUGGUUAAUAAGGA,UCCUTATUAACCACCACCUGGUC,cscsagguggUfGfGfuuaauaagsgsa,VPudCcudTadTuaacdCaCfcaccuggsusc,GOLD_LEGACY,9.633814791536652,0.232372755786325,0.5619265726746648,1.0,MULTI_DOSE_HILL
CCAGGUUGGCUGAUGUGUUGU,ACAACACAUCAGCCAACCUGGAA,cscsagguugGfCfUfgauguguuguL96,asdCsaadCadCaucadGcCfaaccuggsasa,GOLD_LEGACY,8.591549603658988,2.5612407110580966,1.8216421391354491,0.999984927297082,MULTI_DOSE_HILL
CCAGUCCAAGUGUGGCUCAAA,UTUGAGCCACACUUGGACUGGAC,cscsagu(Chd)caAfGfUfguggcucaaaL96,VPusdTsugdAg(C2p)cacadCuUfggacuggsasc,GOLD_LEGACY,8.706969930087755,1.963496221725035,1.2859182327456642,0.9987891509813064,MULTI_DOSE_HILL
CCAGUCUCCCACCUUUUCUUU,AAAGAAAAGGUGGGAGACUGGGG,cscsagucUfcCfCfAfccuuuucuuuL96,asAfsagaAfaAfGfguggGfaGfacuggsgsg,GOLD_LEGACY,9.682501549212956,0.2077296315439025,0.5000013101428222,0.9624982463996302,MULTI_DOSE_HILL
CCAGUCUCCCACCUUUUCUUU,AAAGAAAAGGUGGGAGACUGGGG,cscsagucucCfCfAfccuuuucuuuL96,asdAsagdAadAaggudGgGfagacuggsgsg,GOLD_LEGACY,9.89370888850126,0.1277294704054609,0.5226567779026587,0.9999764798513936,MULTI_DOSE_HILL
CCAGUUGACCUGAGCAAGGUA,UACCTUGCUCAGGUCAACUGGUU,cscsagu(Uhd)GfaCfCfUfgagcaagguaL96,VPusAfsccdTu(G2p)cucaggUfcAfacuggsusu,GOLD_LEGACY,9.496584475958707,0.318724555443691,1.627509258342741,0.9756176190907804,MULTI_DOSE_HILL
CCAUAGCUGGUUAUUUCUCCU,AGGAGAAAUAACCAGCUAUGGUU,cscsauagCfuGfGfUfuauuucuccuL96,asGfsgagAfaAfUfaaccAfgCfuauggsusu,GOLD_LEGACY,7.835411905541067,14.607910335302885,0.5000000000220252,0.9914781118720268,MULTI_DOSE_HILL
CCAUCAGAUGAUCUACUUUCU,AGAAAGTAGAUCAUCUGAUGGAU,cscsaucaGfaUfGfAfucuacuuucuL96,asGfsaadAg(Tgn)agaucaUfcUfgauggsasu,GOLD_LEGACY,8.301266836113713,4.997274016923706,0.9951720400879966,0.9981725544843766,MULTI_DOSE_HILL
CCAUCAGAUGAUCUACUUUCU,AGAAAGTAGAUCAUCUGAUGGAU,cscsaucagaUfGfAfucuacuuucuL96,asdGsaadAgdTagaudCaUfcugauggsasu,GOLD_LEGACY,8.798430856103115,1.590629907384396,1.2043052204589615,0.996344156223714,MULTI_DOSE_HILL
CCAUCGUAUAUCAAUAUCU,AGAUAUUGAUAUACGAUGGTT,cscsaucgUfaUfAfUfcaauaucuL96,PlasGfsauaUfuGfAfuauaCfgAfuggsTsT,GOLD_LEGACY,10.170400087100257,0.0675460431166013,3.992147290965696,0.9096026305893932,MULTI_DOSE_HILL
CCAUCUGUGCUCUUCGUCAUA,UAUGACGAAGAGCACAGAUGGCA,cscsaucuGfuGfCfUfcuucgucauaL96,VPusAfsugaCfgAfAfgagcAfcAfgauggscsa,GOLD_LEGACY,9.603777333194197,0.2490133705675433,0.7840095115387495,1.0,MULTI_DOSE_HILL
CCAUCUUUAAGUCUGGAGGCA,UGCCTCCAGACUUAAAGAUGGCC,cscsaucuUfuAfAfGfucuggaggscsa,VPuGfccdTc(C2p)agacuuAfaAfgauggscsc,GOLD_LEGACY,10.080805472593404,0.0830222554131654,4.0,0.9923022035047278,MULTI_DOSE_HILL
CCAUGCAGAAUACAAAUGAUA,UAUCAUUUGUAUUCUGCAUGGUA,cscsaugcAfgAfAfUfacaaaugauaL96,VPusAfsucaUfuUfGfuauuCfuGfcauggsusa,GOLD_LEGACY,9.571954296648704,0.2679450284225292,0.596762664498359,0.9999999961783886,MULTI_DOSE_HILL
CCAUUCCAUUGUUUGUGCAGA,UCUGCACAAACAAUGGAAUGGUA,cscsauucCfaUfUfGfuuugugcagaL96,VPusCfsugcAfcAfAfacaaUfgGfaauggsusa,GOLD_LEGACY,9.79141355150642,0.1616539974467771,0.68169828686094,1.0,MULTI_DOSE_HILL
CCAUUCCAUUGUUUGUGCAGA,UCUGCACAAACAAUGGAAUGGUA,cscsauucCfaUfUfGfuuugugcasgsa,VPuCfugdCa(C2p)aaacaaUfgGfaauggsusa,GOLD_LEGACY,10.946598129937376,0.0113084184388745,0.9043635803074316,0.9966843234174452,MULTI_DOSE_HILL
CCAUUCCAUUGUUUGUGCAGA,UCUGCACAAACAAUGGAAUGGUA,cscsauuccaUfUfGfuuugugcasgsa,VPudCugdCadCaaacdAaUfggaauggsusa,GOLD_LEGACY,11.054171424970567,0.0088273139939128,0.500000068074185,0.9996386464664192,MULTI_DOSE_HILL
CCAUUCCUGUUUGCUGUGUAU,ATACACAGCAAACAGGAAUGGGC,cscsauuccuGfUfUfugcuguguauL96,asdTsacdAcdAgcaadAcAfggaauggsgsc,GOLD_LEGACY,11.513972198443158,0.0030621594529328,0.5000090162003591,0.9565687894242552,MULTI_DOSE_HILL
CCAUUCUGCCGUCUUCAGCCU,AGGCTGAAGACGGCAGAAUGGAA,cscsauucUfgCfCfGfucuucagccuL96,asGfsgcdTg(Agn)agacggCfaGfaauggsasa,GOLD_LEGACY,8.002616040308036,9.939944504236442,4.0,0.999246287838238,MULTI_DOSE_HILL
CCAUUCUGCCGUCUUCAGCCU,AGGCTGAAGACGGCAGAAUGGAA,cscsauucugCfCfGfucuucagccuL96,asdGsgcdTgdAagacdGgCfagaauggsasa,GOLD_LEGACY,8.590683033635486,2.5663563879196065,2.5852416778140217,0.9999999111143492,MULTI_DOSE_HILL
CCAUUGUUUGUGCAGCUGCUA,UAGCAGCUGCACAAACAAUGGAA,cscsauugUfuUfGfUfgcagcugcsusa,VPuAfgcdAg(C2p)ugcacaAfaCfaauggsasa,GOLD_LEGACY,10.472900126967811,0.0336588964546043,0.5259707177822699,0.999999995731986,MULTI_DOSE_HILL
CCCAAAGUUGUUGUAACCUGA,UCAGGUUACAACAACUUUGGGAU,cscscaaaGfuUfGfUfuguaaccugaL96,VPusCfsaggUfuAfCfaacaAfcUfuugggsasu,GOLD_LEGACY,8.985707898782616,1.0334562622454215,0.6905983907293426,0.9942809731068176,MULTI_DOSE_HILL
CCCAACAACCACCUGGCAAUU,AAUUGCCAGGUGGUUGUUGGGUU,cscscaacaaCfCfAfccuggcaauuL96,asdAsuudGcdCaggudGgUfuguugggsusu,GOLD_LEGACY,8.013004857155218,9.70499113109902,4.0,0.9999999321375456,MULTI_DOSE_HILL
CCCACCUUUUCUUCUAAUGAU,ATCATUAGAAGAAAAGGUGGGAG,cscscaccuuUfUfCfuucuaaugauL96,asdTscadTudAgaagdAaAfaggugggsasg,GOLD_LEGACY,10.804695817538851,0.0156784881634823,0.5002841533838799,0.9707911359069668,MULTI_DOSE_HILL
CCCACCUUUUCUUCUAAUGAU,AUCAUUAGAAGAAAAGGUGGGAG,cscscaccUfuUfUfCfuucuaaugauL96,asUfscauUfaGfAfagaaAfaGfgugggsasg,GOLD_LEGACY,9.766254903625471,0.1712951617221765,0.5468763828849112,1.0,MULTI_DOSE_HILL
CCCACUGGGAGACAAGCAUUU,AAAUGCTUGUCTCCCAGUGGGUC,cscscacuggGfAfGfacaagcauuuL96,asdAsaudGcdTugucdTcCfcagugggsusc,GOLD_LEGACY,8.042339173935192,9.071118201418768,4.0,0.9999999080000268,MULTI_DOSE_HILL
CCCACUGGGAGACAAGCAUUU,AAAUGCTUGUCUCCCAGUGGGUC,cscscacuGfgGfAfGfacaagcauuuL96,asAfsaudGc(Tgn)ugucucCfcAfgugggsusc,GOLD_LEGACY,8.013575540651734,9.692246688825112,4.0,0.9998379711001096,MULTI_DOSE_HILL
CCCAGAAUAACUCAUCCUCCU,AGGAGGAUGAGTUAUUCUGGGAC,cscscagaauAfAfCfucauccuccuL96,asdGsgadGgdAugagdTuAfuucugggsasc,GOLD_LEGACY,8.5828838109948,2.612860292664604,0.79350918288061,0.9722456978123426,MULTI_DOSE_HILL
CCCAGAAUAACUCAUCCUCCU,AGGAGGAUGAGUUAUUCUGGGAC,cscscagaAfuAfAfCfucauccuccuL96,asGfsgadGg(Agn)ugaguuAfuUfcugggsasc,GOLD_LEGACY,8.217464456315065,6.060878021528203,1.0367314766525648,0.9999877557281684,MULTI_DOSE_HILL
CCCAGUCUCCCACCUUUUCUU,AAGAAAAGGUGGGAGACUGGGGG,cscscaguCfuCfCfCfaccuuuucuuL96,asAfsgaaAfaGfGfugggAfgAfcugggsgsg,GOLD_LEGACY,9.760795895246778,0.1734619022629095,0.5963978340444603,1.0,MULTI_DOSE_HILL
CCCAGUCUCCCACCUUUUCUU,AAGAAAAGGUGGGAGACUGGGGG,cscscagucuCfCfCfaccuuuucuuL96,asdAsgadAadAggugdGgAfgacugggsgsg,GOLD_LEGACY,10.396682975783753,0.0401159447233168,0.7110619279363216,0.9999992617359356,MULTI_DOSE_HILL
CCCAUAUUGUUCCAGCAAA,UUUGCUGGAACAAUAUGGGUU,mCmCfCmAfUmAfUfUfGmUfUmCfCmAfGmCfAmAfA,fU*fU*mUfGmCfUmGfGmAfAmCmAmAfUmAfUmGfGmG*mU*mU,GOLD_LEGACY,9.722660742865587,0.1893822435247595,3.5071088468473883,0.9593526324463576,MULTI_DOSE_HILL
CCCAUUAGGAUAAUGUCUUAU,AUAAGACAUUAUCCUAAUGGGUU,fCpsmCpsfCmAfUmUfAmGfGmAfUmAfAmUfGmUfCmUfUmApsfU,vmApsfUpsmAfAmGfAmCfAmUfUmAfUmCfCmUfAmAfUmGfGmGpsmUpsmU,GOLD_LEGACY,9.673675657655393,0.2119943773002945,1.186917966966072,1.0,MULTI_DOSE_HILL
CCCAUUAGGAUAAUGUCUUUU,AAGACAUUAUCCUAAUGGGUU,fCpsmCpsfCmAfUmUfAmGfGmAfUmAfAmUfGmUfCmUfUpsmUpsmU,mApsfApsmGfAmCfAmUfUmAfUmCfCmUfAmAfUmGfGmGpsmUpsmU,GOLD_LEGACY,9.117119047908876,0.7636264311808825,1.121911675365885,0.9999999999964418,MULTI_DOSE_HILL
CCCAUUCCUGUUUGCUGUGUU,AACACAGCAAACAGGAAUGGGCG,cscscauuCfcUfGfUfuugcuguguuL96,asAfscacAfgCfAfaacaGfgAfaugggscsg,GOLD_LEGACY,9.251394342780229,0.5605387713058938,0.5317825687623446,1.0,MULTI_DOSE_HILL
CCCAUUCCUGUUUGCUGUGUU,AACACAGCAAACAGGAAUGGGCG,cscscauuccUfGfUfuugcuguguuL96,asdAscadCadGcaaadCaGfgaaugggscsg,GOLD_LEGACY,10.774673135619905,0.016800680171135,0.5000157078528586,0.9362630185155334,MULTI_DOSE_HILL
CCCCAGUCUCCCACCUUUUCU,AGAAAAGGUGGGAGACUGGGGGU,cscsccagUfcUfCfCfcaccuuuucuL96,asGfsaaaAfgGfUfgggaGfaCfuggggsgsu,GOLD_LEGACY,9.271002411443876,0.5357936824813389,0.7143386067538091,0.9999999913219756,MULTI_DOSE_HILL
CCCCAGUCUCCCACCUUUUCU,AGAAAAGGUGGGAGACUGGGGGU,cscsccagucUfCfCfcaccuuuucuL96,asdGsaadAadGguggdGaGfacuggggsgsu,GOLD_LEGACY,10.374812524552558,0.0421878579900114,0.5763018645206732,1.0,MULTI_DOSE_HILL
CCCCGCACCUCCUCCGCGACG,CGUCGCGGAGGAGGUGCGGGGUU,fCpsmCpsfCmCfGmCfAmCfCmUfCmCfUmCfCmGfCmGfAmCpsfG,vmCpsfGpsmUfCmGfCmGfGmAfGmGfAmGfGmUfGmCfGmGfGmGpsmUpsmU,GOLD_LEGACY,6.004988160311463,988.5800448503468,4.0,1.0,MULTI_DOSE_HILL
CCCCGCACCUCCUCCGCGAUU,UCGCGGAGGAGGUGCGGGGUU,fCpsmCpsfCmCfGmCfAmCfCmUfCmCfUmCfCmGfCmGfApsmUpsmU,mUpsfCpsmGfCmGfGmAfGmGfAmGfGmUfGmCfGmGfGmGpsmUpsmU,GOLD_LEGACY,6.971581666315404,106.76240137559262,3.9999999357054303,0.9999999835222344,MULTI_DOSE_HILL
CCCGCACCUCCUCCGCGACGC,GCGUCGCGGAGGAGGUGCGGGUU,fCpsmCpsfCmGfCmAfCmCfUmCfCmUfCmCfGmCfGmAfCmGpsfC,vmGpsfCpsmGfUmCfGmCfGmGfAmGfGmAfGmGfUmGfCmGfGmGpsmUpsmU,GOLD_LEGACY,6.004988160311463,988.5800448503468,4.0,1.0,MULTI_DOSE_HILL
CCCGCACCUCCUCCGCGACUU,GUCGCGGAGGAGGUGCGGGUU,fCpsmCpsfCmGfCmAfCmCfUmCfCmUfCmCfGmCfGmAfCpsmUpsmU,mGpsfUpsmCfGmCfGmGfAmGfGmAfGmGfUmGfCmGfGmGpsmUpsmU,GOLD_LEGACY,6.004988160311463,988.5800448503468,4.0,1.0,MULTI_DOSE_HILL
CCCGCUGGAGCAGACUCUGCU,AGCAGAGUCUGCUCCAGCGGGAU,cscscgcuGfgAfGfCfagacucugcuL96,asGfscadGa(G2p)ucugcuCfcAfgcgggsasu,GOLD_LEGACY,7.343129900599527,45.38058597554713,0.9803587357504526,0.9382370330303784,MULTI_DOSE_HILL
CCCUAAAGUCAAGUCCACGAA,UUCGUGGACUUGACUUUAGGGUU,fCpsmCpsfCmUfAmAfAmGfUmCfAmAfGmUfCmCfAmCfGmApsfA,vmUpsfUpsmCfGmUfGmGfAmCfUmUfGmAfCmUfUmUfAmGfGmGpsmUpsmU,GOLD_LEGACY,6.106600792169487,782.3466150004775,0.5000000000000001,0.9500782108022796,MULTI_DOSE_HILL
CCCUAAAGUCAAGUCCACGUU,CGUGGACUUGACUUUAGGGUU,fCpsmCpsfCmUfAmAfAmGfUmCfAmAfGmUfCmCfAmCfGpsmUpsmU,mCpsfGpsmUfGmGfAmCfUmUfGmAfCmUfUmUfAmGfGmGpsmUpsmU,GOLD_LEGACY,7.185153605630051,65.28995877275331,4.0,0.9999999729088676,MULTI_DOSE_HILL
CCCUAGCCUUCUUUUGGGAAU,AUUCCCAAAAGAAGGCUAGGGAG,cscscuagCfcUfUfCfuuuugggaauL96,asUfsuccCfaAfAfagacGfgCfuagggsasg,GOLD_LEGACY,9.58031698365749,0.2628348907479665,1.3722152383181796,0.999999988168562,MULTI_DOSE_HILL
CCCUCAACUGGAUGAAGAAAU,ATUUCUTCAUCCAGUUGAGGGAG,cscscucaacUfGfGfaugaagaaauL96,asdTsuudCudTcaucdCaGfuugagggsasg,GOLD_LEGACY,10.071985263993971,0.0847256161823595,0.6797475280418063,1.0,MULTI_DOSE_HILL
CCCUCAACUGGAUGAAGAAAU,AUUUCUUCAUCCAGUUGAGGGAG,cscscucaAfcUfGfGfaugaagaaauL96,asUfsuucUfuCfAfuccaGfuUfgagggsasg,GOLD_LEGACY,10.786706444720938,0.0163415615965756,0.5002918692429532,0.9720052894953696,MULTI_DOSE_HILL
CCCUCCUUCCUUCAGAGGCGU,ACGCCUCUGAAGGAAGGAGGGAU,cscscuccUfuCfCfUfucagaggcguL96,asCfsgcdCu(C2p)ugaaggAfaGfgagggsasu,GOLD_LEGACY,7.274243617876605,53.180985636713054,0.9730861662721452,0.9760544423044424,MULTI_DOSE_HILL
CCCUCUAUAUUUCCUCCCUUA,UAAGGGAGGAAAUAUAGAGGGUU,L025L025mC*mCmCmUmCmUfAmUfAfUfUmUmCmCmUmCmCmCmUmU*mA,mU*fA*mAmGmGfGmAmGmGmAmAmAmUfAmUfAmGmAmGmGmG*mU*mU,GOLD_LEGACY,7.019629474872243,95.58077005426355,2.2043909519906646,0.9113616085093684,MULTI_DOSE_HILL
CCCUUCCACCUCGUCAUCCAU,ATGGAUGACGAGGUGGAAGGGGU,cscscuuccaCfCfUfcgucauccauL96,asdTsggdAudGacgadGgUfggaagggsgsu,GOLD_LEGACY,9.368277744287695,0.4282745384428382,0.5000010837866901,0.9895169516385348,MULTI_DOSE_HILL
CCCUUCCACCUCGUCAUCCAU,AUGGAUGACGAGGUGGAAGGGGU,cscscuucCfaCfCfUfcgucauccauL96,asUfsggaUfgAfCfgaggUfgGfaagggsgsu,GOLD_LEGACY,10.681847750824552,0.0208042588727962,0.5001262186280372,0.9998083669853516,MULTI_DOSE_HILL
CCCUUCCUGGCACUCUUUGCU,AGCAAAGAGUGCCAGGAAGGGUG,cscscuuccuGfGfCfacucuuugcuL96,asdGscadAadGagugdCcAfggaagggsusg,GOLD_LEGACY,7.972091986564319,10.663702327442746,3.999999562323593,0.999999952836417,MULTI_DOSE_HILL
CCGACCAGCUUGUUUGUGA,UCACAAACAAGCUGGUCGG,ccGAccAGcuuGuuuGuGAdTsdT,UcAcAAAcAAGCUGGUCGGdTsdT,GOLD_LEGACY,10.835012257059208,0.0146213590812697,0.5000000000000001,0.9935578517958428,MULTI_DOSE_HILL
CCGACCAGCUUGUUUGUGAAU,ATUCACAAACAAGCUGGUCGGUU,cscsgaccagCfUfUfguuugugaauL96,asdTsucdAcdAaacadAgCfuggucggsusu,GOLD_LEGACY,11.086973571371187,0.0081851459664298,0.5000000045100846,0.9024735462479988,MULTI_DOSE_HILL
CCGACCAGCUUGUUUGUGAAU,AUUCACAAACAAGCUGGUCGGUU,cscsgaccAfgCfUfUfguuugugaauL96,asUfsucaCfaAfAfcaagCfuGfgucggsusu,GOLD_LEGACY,10.34465111958778,0.0452219078219284,0.5000009423604314,0.9834275209139932,MULTI_DOSE_HILL
CCGAGAAGCUUGACUUCAA,UTGAAGTCAAGCUUCTCAGGU,cscsg(Ahd)gaAfGfCfuugacuucaaL96,VPusdTsgadAg(Tgn)caagdCuUfcdTcagsgsu,GOLD_LEGACY,9.142977895475596,0.7194855971247698,0.5000000000000001,0.9237271420615664,MULTI_DOSE_HILL
CCGCCCAUUCCUGUUUGCU,AGCAAACAGGAAUGGGCGG,ccGcccAuuccuGuuuGcudTsdT,AGcAAAcAGGAAUGGGCGGdTsdT,GOLD_LEGACY,8.37967494971442,4.171815086288459,0.6448946933569779,0.9999999999993708,MULTI_DOSE_HILL
CCGCCCAUUCCUGUUUGCUGU,ACAGCAAACAGGAAUGGGCGGUU,cscsgcccAfuUfCfCfuguuugcuguL96,asCfsagcAfaAfCfaggaAfuGfggcggsusu,GOLD_LEGACY,9.098389778091471,0.797278810548925,0.5272369314910981,0.9777239775859085,MULTI_DOSE_HILL
CCGCCCAUUCCUGUUUGCUGU,ACAGCAAACAGGAAUGGGCGGUU,cscsgcccauUfCfCfuguuugcuguL96,asdCsagdCadAacagdGaAfugggcggsusu,GOLD_LEGACY,10.295390787226744,0.0506534712656225,0.6456699625293946,1.0,MULTI_DOSE_HILL
CCGCGACGCGCGCAUGUUGUU,CAACAUGCGCGCGUCGCGGUU,fCpsmCpsfGmCfGmAfCmGfCmGfCmGfCmAfUmGfUmUfGpsmUpsmU,mCpsfApsmAfCmAfUmGfCmGfCmGfCmGfUmCfGmCfGmGpsmUpsmU,GOLD_LEGACY,6.914239989783041,121.83161751382308,3.980232684028989,0.9999999826081228,MULTI_DOSE_HILL
CCGGGUGUACAUACACCCCUU,AAGGGGTGUAUGUACACCCGGUC,cscsggguguAfCfAfuacaccccuuL96,asdAsggdGgdTguaudGuAfcacccggsusc,GOLD_LEGACY,7.893111172579571,12.79053844512695,0.6358955629084126,0.981287841414755,MULTI_DOSE_HILL
CCGGGUGUACAUACACCCCUU,AAGGGGUGUAUGUACACCCGGUC,cscsggguGfuAfCfAfuacaccccuuL96,asAfsgggGfuGfUfauguAfcAfcccggsusc,GOLD_LEGACY,7.930641731098849,11.731627607904024,3.999915697951229,0.9932215433562708,MULTI_DOSE_HILL
CCGGUCCCAGGUUAUGACACU,AGUGUCAUAACCUGGGACCGGAU,cscsggu(Chd)CfcAfGfGfuuaugacascsu,asGfsuguCfaUfAfaccuGfgGfaccggsasu,GOLD_LEGACY,10.720374619231388,0.0190381779022889,0.5060400638572241,0.9999999999999996,MULTI_DOSE_HILL
CCGUCUUCAGCCUCCUCAAAU,ATUUGAGGAGGCUGAAGACGGCA,cscsgucuucAfGfCfcuccucaaauL96,asdTsuudGadGgaggdCuGfaagacggscsa,GOLD_LEGACY,8.000631685277645,9.98546548181926,4.0,0.9999999396615278,MULTI_DOSE_HILL
CCGUUUCUCCUUGGUCUAAGU,ACUUAGACCAAGGAGAAACGGCU,cscsguuuCfuCfCfUfuggucuaaguL96,asCfsuuaGfaCfCfaaggAfgAfaacggscsu,GOLD_LEGACY,9.936854106503372,0.1156500682751273,0.5000083892834605,0.9999999998591388,MULTI_DOSE_HILL
CCGUUUCUCCUUGGUCUAAGU,ACUUAGACCAAGGAGAAACGGCU,cscsguuucuCfCfUfuggucuaaguL96,asdCsuudAgdAccaadGgAfgaaacggscsu,GOLD_LEGACY,10.570339420099122,0.0268943207375863,0.5000101249630678,0.995232688450714,MULTI_DOSE_HILL
CCUCAAAGCCAACAAUCCUUU,AAAGGATUGUUGGCUUUGAGGAG,cscsucaaAfgCfCfAfacaauccuuuL96,asAfsagdGa(Tgn)uguuggCfuUfugaggsasg,GOLD_LEGACY,8.336272711106405,4.610279854907674,1.773226658001862,0.9999968077179496,MULTI_DOSE_HILL
CCUCAACUGGAUGAAGAAACU,AGUUTCTUCAUCCAGUUGAGGGA,cscsucaacuGfGfAfugaagaaacuL96,asdGsuudTcdTucaudCcAfguugaggsgsa,GOLD_LEGACY,11.479670625554997,0.0033138235078191,0.7321813867650513,1.0,MULTI_DOSE_HILL
CCUCACUUGCAAUAAUUAUAA,UTAUAATUAUUGCAAGUGAGGUU,cscsucacuuGfCfAfauaauuausasa,VPudTaudAadTuauudGcAfagugaggsusu,GOLD_LEGACY,11.791120659739784,0.0016176305500128,0.5000155773491178,0.986769240725112,MULTI_DOSE_HILL
CCUCAGAUGGUGUCUGCUAUA,UAUAGCAGACACCAUCUGAGGAG,cscsucagAfuGfGfUfgucugcuasusa,VPuAfuadGc(Agn)gacaccAfuCfugaggsasg,GOLD_LEGACY,10.838837742621752,0.0144931323238113,0.500000442363158,0.990668049689272,MULTI_DOSE_HILL
CCUCCAGGUCCCAAAUGCCAU,AUGGCATUUGGGACCUGGAGGCG,cscsuccaGfgUfCfCfcaaaugccauL96,asUfsggdCa(Tgn)uugggaCfcUfggaggscsg,GOLD_LEGACY,6.645254289664436,226.3318693053737,0.5639515187785793,0.9431615595641446,MULTI_DOSE_HILL
CCUCCGCGACGCGCGCAUGUU,AACAUGCGCGCGUCGCGGAGGUU,fCpsmCpsfUmCfCmGfCmGfAmCfGmCfGmCfGmCfAmUfGmUpsfU,vmApsfApsmCfAmUfGmCfGmCfGmCfGmUfCmGfCmGfGmAfGmGpsmUpsmU,GOLD_LEGACY,6.550522668801026,281.49930775458824,0.6767296486846736,1.0,MULTI_DOSE_HILL
CCUCCUCAAAGCCAACAAUCU,AGAUTGTUGGCTUUGAGGAGGCU,cscsuccucaAfAfGfccaacaaucuL96,asdGsaudTgdTuggcdTuUfgaggaggscsu,GOLD_LEGACY,8.094164844329429,8.050728032467731,4.0,0.999999828669678,MULTI_DOSE_HILL
CCUCCUCAAAGCCAACAAUCU,AGAUTGTUGGCUUUGAGGAGGCU,cscsuccuCfaAfAfGfccaacaaucuL96,asGfsaudTg(Tgn)uggcuuUfgAfggaggscsu,GOLD_LEGACY,7.93992329625127,11.483564227484212,3.9999984312960537,0.9999999627930444,MULTI_DOSE_HILL
CCUCCUUCCUUCAGAGGCGUG,CACGCCUCUGAAGGAAGGAGGUU,fCpsmCpsfUmCfCmUfUmCfCmUfUmCfAmGfAmGfGmCfGmUpsfG,vmCpsfApsmCfGmCfCmUfCmUfGmAfAmGfGmAfAmGfGmAfGmGpsmUpsmU,GOLD_LEGACY,6.004988160311463,988.5800448503468,4.0,1.0,MULTI_DOSE_HILL
CCUCCUUCCUUCAGAGGCGUU,CGCCUCUGAAGGAAGGAGGUU,fCpsmCpsfUmCfCmUfUmCfCmUfUmCfAmGfAmGfGmCfGpsmUpsmU,mCpsfGpsmCfCmUfCmUfGmAfAmGfGmAfAmGfGmAfGmGpsmUpsmU,GOLD_LEGACY,6.456439534487553,349.5911787371996,0.5578981109217429,1.0,MULTI_DOSE_HILL
CCUCGUCAUCCACAAUGAGAU,ATCUCATUGUGGAUGACGAGGUG,cscsucgucaUfCfCfacaaugagauL96,asdTscudCadTugugdGaUfgacgaggsusg,GOLD_LEGACY,10.031040603427735,0.0931020827610527,0.5000000262263172,0.99864036159428,MULTI_DOSE_HILL
CCUCGUCAUCCACAAUGAGAU,AUCUCAUUGUGGAUGACGAGGUG,cscsucguCfaUfCfCfacaaugagauL96,asUfscucAfuUfGfuggaUfgAfcgaggsusg,GOLD_LEGACY,9.214057449144816,0.6108612138959636,0.5089051803524764,0.999322713089698,MULTI_DOSE_HILL
CCUCUACCUGGAUCAUAAUGU,ACAUTATGAUCCAGGUAGAGGAG,cscsucuaccUfGfGfaucauaauguL96,asdCsaudTadTgaucdCaGfguagaggsasg,GOLD_LEGACY,7.947244086983076,11.29161112696062,3.999999999999997,0.9941585473124348,MULTI_DOSE_HILL
CCUCUACCUGGAUCAUAAUGU,ACAUTATGAUCCAGGUAGAGGCU,cscsucuaccUfGfGfaucauaauguL96,asdCsaudTadTgaucdCaGfguagaggscsu,GOLD_LEGACY,7.859709376643061,13.813083062028284,0.9265036277128856,0.9999999999988692,MULTI_DOSE_HILL
CCUCUCCCCAACGGCUGUCUU,AAGACAGCCGUUGGGGAGAGGAC,cscsucucCfcCfAfAfcggcugucuuL96,asAfsgacAfgCfCfguugGfgGfagaggsasc,GOLD_LEGACY,8.255030302186382,5.558654713141928,1.0836831925874992,0.9999999999995294,MULTI_DOSE_HILL
CCUCUGGAAACACUGAAGAGU,ACUCUUCAGUGUUUCCAGAGGCU,cscsucugGfaAfAfCfacugaagaguL96,asCfsucuUfcAfGfuguuUfcCfagaggscsu,GOLD_LEGACY,8.953104712048292,1.1140259002041728,3.999999969464217,0.999999991692809,MULTI_DOSE_HILL
CCUCUUUCCAUUCUGCCGUCU,AGACGGCAGAATGGAAAGAGGCA,cscsucuuucCfAfUfucugccgucuL96,asdGsacdGgdCagaadTgGfaaagaggscsa,GOLD_LEGACY,8.040783242975513,9.103675250550747,3.999999999999232,0.9999999095542614,MULTI_DOSE_HILL
CCUGAAACUGCAACUAGACUU,AAGUCUAGUUGCAGUUUCAGGAC,cscsugaaacUfGfCfaacuagacuuL96,asdAsgudCudAguugdCaGfuuucaggsasc,GOLD_LEGACY,7.615482232294931,24.239171289821957,0.6412415614540837,0.983475388357648,MULTI_DOSE_HILL
CCUGACCAGUCGUCCCAGAAU,ATUCTGGGACGACUGGUCAGGUG,cscsugaccaGfUfCfgucccagaauL96,asdTsucdTgdGgacgdAcUfggucaggsusg,GOLD_LEGACY,8.534349744065949,2.92179846063936,0.641803286787792,0.9072473561931108,MULTI_DOSE_HILL
CCUGCAAAAAUUGAGCAAUGU,ACAUUGCUCAAUUUUUGCAGGUU,cscsugcaAfaAfAfUfugagcaauguL96,asCfsauuGfcUfCfaauuUfuUfgcaggsusu,GOLD_LEGACY,10.946153332705665,0.0113200062671879,0.500000000000195,0.9999817288642489,MULTI_DOSE_HILL
CCUGCCAUCUGUGCUCUUCGA,UCGAAGAGCACAGAUGGCAGGCU,cscsugccauCfUfGfugcucuucsgsa,VPudCgadAgdAgcacdAgAfuggcaggscsu,GOLD_LEGACY,10.809465934118457,0.0155072242005617,0.8397368218620985,0.9949797359067948,MULTI_DOSE_HILL
CCUGCCUGUGGAAUCUGCCAU,AUGGCAGAUUCCACAGGCAGGUU,fCpsmCpsfUmGfCmCfUmGfUmGfGmAfAmUfCmUfGmCfCmApsfU,vmApsfUpsmGfGmCfAmGfAmUfUmCfCmAfCmAfGmGfCmAfGmGpsmUpsmU,GOLD_LEGACY,6.580404850827692,262.7817189418864,0.7121571336292265,1.0,MULTI_DOSE_HILL
CCUGGAUCAUAAUGGCAAUGU,ACAUTGCCAUUAUGAUCCAGGUA,cscsuggaucAfUfAfauggcaauguL96,asdCsaudTgdCcauudAuGfauccaggsusa,GOLD_LEGACY,8.645602562199953,2.2615044039089773,1.3174858101150249,0.9993204129835638,MULTI_DOSE_HILL
CCUGGCAAUAUGACUCACUUU,AAAGTGAGUCATAUUGCCAGGUG,cscsuggcaaUfAfUfgacucacuuuL96,asdAsagdTgdAgucadTaUfugccaggsusg,GOLD_LEGACY,8.727382199328916,1.8733451516172257,3.999999999717098,0.9999999998934604,MULTI_DOSE_HILL
CCUGGCAAUAUGACUCACUUU,AAAGTGAGUCAUAUUGCCAGGUG,cscsuggcAfaUfAfUfgacucacuuuL96,asAfsagdTg(Agn)gucauaUfuGfccaggsusg,GOLD_LEGACY,8.036464296538563,9.194660612391306,3.999999998735391,0.9999999136869816,MULTI_DOSE_HILL
CCUGGCACUCUUUGCUUGAGU,ACUCAAGCAAAGAGUGCCAGGAA,cscsuggcacUfCfUfuugcuugaguL96,asdCsucdAadGcaaadGaGfugccaggsasa,GOLD_LEGACY,8.182648940639666,6.56675871851792,0.9527184167587412,1.0,MULTI_DOSE_HILL
CCUGGCACUCUUUGCUUGAGU,ACUCAAGCAAAGAGUGCCAGGCU,cscsuggcacUfCfUfuugcuugaguL96,asdCsucdAadGcaaadGaGfugccaggscsu,GOLD_LEGACY,7.902644178649925,12.512837983575782,3.9999999168717326,0.9999999702687652,MULTI_DOSE_HILL
CCUGUACCAUGCCCGCCUGUU,AACAGGCGGGCAUGGUACAGGUG,cscsuguaccAfUfGfcccgccuguuL96,asdAscadGgdCgggcdAuGfguacaggsusg,GOLD_LEGACY,6.000000697161702,999.9983947271476,0.5560587101523571,0.9103656582827052,MULTI_DOSE_HILL
CCUGUGGCUGCAGCUAGCAAU,ATUGCUAGCUGCAGCCACAGGCC,cscsuguggcUfGfCfagcuagcaauL96,asdTsugdCudAgcugdCaGfccacaggscsc,GOLD_LEGACY,7.954347118222318,11.108435093140908,3.999996212989325,0.9999999588332406,MULTI_DOSE_HILL
CCUGUUUGCUGUGUAUGAUCU,AGAUCATACACAGCAAACAGGAA,cscsuguuugCfUfGfuguaugaucuL96,asdGsaudCadTacacdAgCfaaacaggsasa,GOLD_LEGACY,9.53095629621008,0.294471795084828,0.5000000000000001,0.994127994818239,MULTI_DOSE_HILL
CCUGUUUGCUGUGUAUGAUCU,AGAUCAUACACAGCAAACAGGAA,cscsuguuUfgCfUfGfuguaugaucuL96,asGfsaucAfuAfCfacagCfaAfacaggsasa,GOLD_LEGACY,9.128821211289514,0.7433250841775337,0.5000000000000001,0.9508479086515632,MULTI_DOSE_HILL
CCUUAACUCUGCCCUCUAGUU,AACUAGAGGGCAGAGUUAAGGUA,cscsuuaacuCfUfGfcccucuaguuL96,asdAscudAgdAgggcdAgAfguuaaggsusa,GOLD_LEGACY,8.481704866438228,3.298337812223269,2.1675651884365488,0.9999994980709682,MULTI_DOSE_HILL
CCUUAUCCCUCCUUCCUUCAG,CUGAAGGAAGGAGGGAUAAGGUU,fCpsmCpsfUmUfAmUfCmCfCmUfCmCfUmUfCmCfUmUfCmApsfG,vmCpsfUpsmGfAmAfGmGfAmAfGmGfAmGfGmGfAmUfAmAfGmGpsmUpsmU,GOLD_LEGACY,6.004988160311463,988.5800448503468,4.0,1.0,MULTI_DOSE_HILL
CCUUCAGAGGCGUGCGAUAUU,UAUCGCACGCCUCUGAAGGUU,fCpsmCpsfUmUfCmAfGmAfGmGfCmGfUmGfCmGfAmUfApsmUpsmU,mUpsfApsmUfCmGfCmAfCmGfCmCfUmCfUmGfAmAfGmGpsmUpsmU,GOLD_LEGACY,7.651876820049649,22.29067295140202,0.5725987311484437,0.9337946713900734,MULTI_DOSE_HILL
CCUUCCACCUCGUCAUCCACU,AGUGGATGACGAGGUGGAAGGGG,cscsuuccacCfUfCfgucauccacuL96,asdGsugdGadTgacgdAgGfuggaaggsgsg,GOLD_LEGACY,8.46711696697029,3.4110103173599304,1.2926841668251516,0.9996918426476692,MULTI_DOSE_HILL
CCUUCCACCUCGUCAUCCACU,AGUGGAUGACGAGGUGGAAGGGG,cscsuuccAfcCfUfCfgucauccacuL96,asGfsuggAfuGfAfcgagGfuGfgaaggsgsg,GOLD_LEGACY,8.306084686113502,4.9421430729162,0.6496368957063702,1.0,MULTI_DOSE_HILL
CCUUCCUAGAGCUUAAGAUCU,AGAUCUTAAGCTCUAGGAAGGGC,cscsuuccuaGfAfGfcuuaagaucuL96,asdGsaudCudTaagcdTcUfaggaaggsgsc,GOLD_LEGACY,8.224905863524192,5.9579127160894805,1.5574659162400175,1.0,MULTI_DOSE_HILL
CCUUCCUUCAGAGGCGUGCGA,UCGCACGCCUCUGAAGGAAGGUU,fCpsmCpsfUmUfCmCfUmUfCmAfGmAfGmGfCmGfUmGfCmGpsfA,vmUpsfCpsmGfCmAfCmGfCmCfUmCfUmGfAmAfGmGfAmAfGmGpsmUpsmU,GOLD_LEGACY,7.111352181519749,77.38340196855235,3.999999846398176,0.9999999793161178,MULTI_DOSE_HILL
CCUUCCUUCAGAGGCGUGCUU,GCACGCCUCUGAAGGAAGGUU,fCpsmCpsfUmUfCmCfUmUfCmAfGmAfGmGfCmGfUmGfCpsmUpsmU,mGpsfCpsmAfCmGfCmCfUmCfUmGfAmAfGmGfAmAfGmGpsmUpsmU,GOLD_LEGACY,6.759750048973274,173.88012792255273,0.9568980771954692,0.9995471865486174,MULTI_DOSE_HILL
CCUUCUCUGAGUGGUAAAGGA,UCCUTUACCACTCAGAGAAGGAG,cscsuucucuGfAfGfugguaaagsgsa,VPudCcudTudAccacdTcAfgagaaggsasg,GOLD_LEGACY,11.40653913181344,0.0039215780962387,0.5000150493509049,0.978870070496166,MULTI_DOSE_HILL
CCUUGGAAGGACAAGAACUGU,ACAGTUCUUGUCCUUCCAAGGAA,cscsuuggaaGfGfAfcaagaacuguL96,asdCsagdTudCuugudCcUfuccaaggsasa,GOLD_LEGACY,10.372671739130457,0.042396329703151,0.6433917647907764,1.0,MULTI_DOSE_HILL
CCUUGGAAGGACAAGAACUGU,ACAGUUCUUGUCCUUCCAAGGAA,cscsuuggAfaGfGfAfcaagaacuguL96,asCfsaguUfcUfUfguccUfuCfcaaggsasa,GOLD_LEGACY,8.604253921589796,2.4874025682932768,0.7923976457928655,0.999999999818894,MULTI_DOSE_HILL
CCUUUUUACAGCCAACUUUUC,GAAAAGUUGGCUGUAAAAAGGCA,cscsuuuuUaCAGccaacuuuuc,gsAsaaagUuggcUgUaAaaaggscsa,GOLD_LEGACY,6.647254049842554,225.2920932344445,0.9851188270868728,0.9886056046693792,MULTI_DOSE_HILL
CGACAUCUGCCCUAAAGUCAA,UUGACUUUAGGGCAGAUGUCGUU,fCpsmGpsfAmCfAmUfCmUfGmCfCmCfUmAfAmAfGmUfCmApsfA,vmUpsfUpsmGfAmCfUmUfUmAfGmGfGmCfAmGfAmUfGmUfCmGpsmUpsmU,GOLD_LEGACY,8.950711519076679,1.1201817191984729,0.510056622334838,0.9790158140996968,MULTI_DOSE_HILL
CGACCAGCUUGUUUGUGAA,UUCACAAACAAGCUGGUCGGU,CmsGmsAmCmCfAmGfCfUfUmGmUmUmUmGmUmGmAmAm(-NAG0052'),UmsUfsCmAfCmAf(-)hmpNA(A)AmCmAfAmGfCmUfGmGfUmCfGmsGmsUm,GOLD_LEGACY,10.222673747399028,0.0598861305332653,1.1285068085375538,0.9660387323206884,MULTI_DOSE_HILL
CGACCAGCUUGUUUGUGAAAU,ATUUCACAAACAAGCUGGUCGGU,csgsaccagcUfUfGfuuugugaaauL96,asdTsuudCadCaaacdAaGfcuggucgsgsu,GOLD_LEGACY,10.655332715314191,0.0221139989525507,0.5665010142499829,1.0,MULTI_DOSE_HILL
CGACCAGCUUGUUUGUGAAAU,AUUUCACAAACAAGCUGGUCGGU,csgsaccaGfcUfUfGfuuugugaaauL96,asUfsuucAfcAfAfacaaGfcUfggucgsgsu,GOLD_LEGACY,10.919462002258198,0.0120375470533512,0.5012406917007601,0.987948570121814,MULTI_DOSE_HILL
CGACUCCCACUACAUCAAA,UUUGAUGUAGUGGGAGUCGUU,mCmGfAmCfUmCfCfCfAmCfUmAfCmAfUmCfAmAfA,fU*fU*mUfGmAfUmGfUmAfGmUmGmGfGmAfGmUfCmG*mU*mU,GOLD_LEGACY,8.454999759680478,3.507520680433276,0.5797968985978991,0.9151947599883496,MULTI_DOSE_HILL
CGCAAGGUCAGUAAAAGCAAA,UUUGCUTUUACUGACCUUGCGAG,csgscaaggucAfGfuaaa(Ahd)gcaaaL96,VPusUfsugdCu(Tgn)uuacugAfcCfuugcgsasg,GOLD_LEGACY,9.876969369486163,0.1327488081318915,0.5000000000000001,0.9521613825464276,MULTI_DOSE_HILL
CGCACCUCCUCCGCGACGCUU,GCGUCGCGGAGGAGGUGCGUU,fCpsmGpsfCmAfCmCfUmCfCmUfCmCfGmCfGmAfCmGfCpsmUpsmU,mGpsfCpsmGfUmCfGmCfGmGfAmGfGmAfGmGfUmGfCmGpsmUpsmU,GOLD_LEGACY,7.004147709705815,99.0495006213548,3.999999952589135,0.9999999829889564,MULTI_DOSE_HILL
CGCAGAGCGCGGCUGGAGCUU,AAGCUCCAGCCGCGCUCUGCGUU,fCpsmGpsfCmAfGmAfGmCfGmCfGmGfCmUfGmGfAmGfCmUpsfU,vmApsfApsmGfCmUfCmCfAmGfCmCfGmCfGmCfUmCfUmGfCmGpsmUpsmU,GOLD_LEGACY,7.10197653422226,79.07213510621301,3.999999884342885,0.9999999798209098,MULTI_DOSE_HILL
CGCAUGGUCAGUAAAAGCAAA,UUUGCUTUUACTGACCAUGCGGG,csgscaugGfuCfAfGfuaaa(Ahd)gcaaaL96,VPusUfsugdCu(Tgn)uuacdTgAfcCfaugcgsgsg,GOLD_LEGACY,10.171984081129215,0.0673001324395984,0.7090974008431091,1.0,MULTI_DOSE_HILL
CGCAUGGUCAGUAAAAGCAAA,UUUGCUTUUACTGACCAUGCGGG,csgscaugGfuCfAfGfuaaa(Ahd)gcaaaL96,VPusUfsugdCu(Tgn)uuacdTgAfcdCaugcgsgsg,GOLD_LEGACY,10.255781044521973,0.0554905405564447,0.8624511164661065,1.0,MULTI_DOSE_HILL
CGCAUGGUCAGUAAAAGCAAA,UUUGCUTUUACUGACCAUGCGAG,csgscaugGfuCfAfGfuaaa(Ahd)gcaaaL96,VPusUfsugdCu(Tgn)uuacugAfcCfaugcgsasg,GOLD_LEGACY,9.921904541938009,0.1197003604158358,0.667537547540533,1.0,MULTI_DOSE_HILL
CGCAUGGUCAGUAAAAGCAAA,UUUGCUTUUACUGACCAUGCGAG,csgscaugguCfAfGfuaaa(Ahd)gcaaaL96,VPusUfsugdCu(Tgn)uuacugAfcCfaugcgsasg,GOLD_LEGACY,9.932167034727277,0.1169049674391154,1.095333830095354,0.9997174796827236,MULTI_DOSE_HILL
CGCAUGGUCAGUAAAAGCAAA,UUUGCUTUUACUGACCAUGCGGG,csgscaugGfuCfAfGfuaaa(Ahd)gcaaaL96,VPusUfsugdCu(Tgn)uuacugAfcCfaugcgsgsg,GOLD_LEGACY,9.44175819154185,0.3616111460983061,0.5000000000000001,0.9987992572864132,MULTI_DOSE_HILL
CGCAUGGUCAGUAAAAGCAAA,UUUGCUUUUACUGACCAUGCGAG,csgscaugGfuCfAfGfuaaa(Ahd)gcaaaL96,VPusUfsugcUfuUfUfacugAfcCfaugcgsasg,GOLD_LEGACY,10.063213455934086,0.0864542891111988,0.9992364665120644,1.0,MULTI_DOSE_HILL
CGCAUGGUCAGUAAAAGCAAA,UUUGCUUUUACUGACCAUGCGAG,csgscaugGfuCfAfGfuaaaagcaaaL96,VPusUfsugcUfuUfUfacugAfcCfaugcgsasg,GOLD_LEGACY,10.2332789146088,0.0584414638127892,0.543849666107122,1.0,MULTI_DOSE_HILL
CGCCCAUUCCUGUUUGCUGUU,AACAGCAAACAGGAAUGGGCGGU,csgscccaUfuCfCfUfguuugcuguuL96,asAfscagCfaAfAfcaggAfaUfgggcgsgsu,GOLD_LEGACY,9.258928470831618,0.5508984230040922,0.746820512977838,0.9999999982648078,MULTI_DOSE_HILL
CGCCCAUUCCUGUUUGCUGUU,AACAGCAAACAGGAAUGGGCGGU,csgscccauuCfCfUfguuugcuguuL96,asdAscadGcdAaacadGgAfaugggcgsgsu,GOLD_LEGACY,9.298553554495635,0.5028592525500706,0.541428712157213,0.999999983541456,MULTI_DOSE_HILL
CGCCUCUGCACAGGGAACCUC,GAGGUUCCCUGUGCAGAGGCGUU,fCpsmGpsfCmCfUmCfUmGfCmAfCmAfGmGfGmAfAmCfCmUpsfC,vmGpsfApsmGfGmUfUmCfCmCfUmGfUmGfCmAfGmAfGmGfCmGpsmUpsmU,GOLD_LEGACY,6.347297954519045,449.471382220355,0.5819853373230475,0.9801528821519842,MULTI_DOSE_HILL
CGCGACGCGCGCAUGUUGUUU,AAACAACAUGCGCGCGUCGCGGA,csgscgacGfcGfCfGfcauguuguuuL96,asAfsacaAfcaugcgcGfcGfucgcgsgsa,GOLD_LEGACY,6.000000061118044,999.9998592705122,3.999999386812296,1.0,MULTI_DOSE_HILL
CGCGGCUGGAGCUUGUCCUUU,AGGACAAGCUCCAGCCGCGUU,fCpsmGpsfCmGfGmCfUmGfGmAfGmCfUmUfGmUfCmCfUpsmUpsmU,mApsfGpsmGfAmCfAmAfGmCfUmCfCmAfGmCfCmGfCmGpsmUpsmU,GOLD_LEGACY,6.686888209950334,205.64198628837428,0.5000000000000001,0.90244692606843,MULTI_DOSE_HILL
CGCUCUCUGGACUUCACAGAU,ATCUGUGAAGUCCAGAGAGCGUG,csgscucucuGfGfAfcuucacagauL96,asdTscudGudGaagudCcAfgagagcgsusg,GOLD_LEGACY,7.855840772353781,13.936676769212296,4.0,0.9757727750772685,MULTI_DOSE_HILL
CGCUCUCUGGACUUCACAGAU,AUCUGUGAAGUCCAGAGAGCGUG,csgscucuCfuGfGfAfcuucacagauL96,asUfscugUfgAfAfguccAfgAfgagcgsusg,GOLD_LEGACY,8.866439617221497,1.360067249109871,0.5000000000000001,0.9927016687746636,MULTI_DOSE_HILL
CGCUGAGGGAGGAUGCUUAGU,ACUAAGCAUCCTCCCUCAGCGCC,csgscugaggGfAfGfgaugcuuaguL96,asdCsuadAgdCauccdTcCfcucagcgscsc,GOLD_LEGACY,7.973470857278099,10.62989911329122,3.99999996566988,0.999081566742347,MULTI_DOSE_HILL
CGCUUGGUCAGUAAAAGCAAA,UUUGCUTUUACUGACCAAGCGAG,csgscuugguCfAfGfuaaa(Ahd)gcaaaL96,VPusUfsugdCu(Tgn)uuacugAfcCfaagcgsasg,GOLD_LEGACY,7.270537001625374,53.63681712519665,0.8981729480829943,1.0,MULTI_DOSE_HILL
CGGAACAUUGGCAUCUUCCUU,GGAAGAUGCCAAUGUUCCGUU,fCpsmGpsfGmAfAmCfAmUfUmGfGmCfAmUfCmUfUmCfCpsmUpsmU,mGpsfGpsmAfAmGfAmUfGmCfCmAfAmUfGmUfUmCfCmGpsmUpsmU,GOLD_LEGACY,6.4608323013054,346.07298482927064,0.8392928223555889,0.9988008261033292,MULTI_DOSE_HILL
CGGAGCAACUGCCAUCCGAGU,ACUCGGAUGGCAGUUGCUCCGUC,csgsgagcaaCfUfGfccauccgaguL96,asdCsucdGgdAuggcdAgUfugcuccgsusc,GOLD_LEGACY,8.726932401095441,1.8752863778582305,0.8797453801795543,0.9755820924296684,MULTI_DOSE_HILL
CGGCUGGAGCUUGUCCUUCG(invAb),ACGAAGGACAAGCUCCAGCCGUU,(sGalNAc3)cggcugGfaGfCfUfUfguccuucgs(invAb),asCfsgaagGfacaagcUfcCfagccgsusu,GOLD_LEGACY,9.157176152866684,0.6963440148404129,1.382036173594947,0.9379184229262602,MULTI_DOSE_HILL
CGGGAUGCUGGCCAACUUCUU,AAGAAGTUGGCCAGCAUCCCGAC,csgsggaugcUfGfGfccaacuucuuL96,asdAsgadAgdTuggcdCaGfcaucccgsasc,GOLD_LEGACY,10.35588955722208,0.0440666912570547,0.5000000302413719,0.9342738009711972,MULTI_DOSE_HILL
CGGGAUGCUGGCCAACUUCUU,AAGAAGUUGGCCAGCAUCCCGAC,csgsggauGfcUfGfGfccaacuucuuL96,asAfsgaaGfuUfGfgccaGfcAfucccgsasc,GOLD_LEGACY,9.544764206760922,0.2852566602532178,0.5737525326312145,0.9999999575242168,MULTI_DOSE_HILL
CGGGUGUACAUACACCCCUUU,AAAGGGGUGUATGUACACCCGGU,csgsgguguaCfAfUfacaccccuuuL96,asdAsagdGgdGuguadTgUfacacccgsgsu,GOLD_LEGACY,8.69789505782136,2.0049564430949003,0.5264618832835501,1.0,MULTI_DOSE_HILL
CGGGUGUACAUACACCCCUUU,AAAGGGGUGUAUGUACACCCGGU,csgsggugUfaCfAfUfacaccccuuuL96,asAfsaggGfgUfGfuaugUfaCfacccgsgsu,GOLD_LEGACY,8.146108235388166,7.143182806372002,0.8364879631246295,0.9567817588153104,MULTI_DOSE_HILL
CGGUACCGGGCGGAUGAAUAC,GUAUUCAUCCGCCCGGUACCGUG,csgsguacCgGGCggaugaauac,gsUsauucAuccgCcCgGuaccgsusg,GOLD_LEGACY,7.575280239640976,26.590087126048445,0.8552005950940426,0.9999999998987282,MULTI_DOSE_HILL
CGGUCCAAAGACGAAGUCGUU,AACGACTUCGUCUUUGGACCGAA,csgsguccAfaAfGfAfcgaagucguuL96,asAfscgac(Tgn)ucgucuUfuGfgaccgsasa,GOLD_LEGACY,7.702337778181636,19.845508067585865,0.8402922653277893,0.9666039445597466,MULTI_DOSE_HILL
CGUAGACUUCCAGGAACUGGU,ACCAGUTCCUGGAAGUCUACGCU,csgsuagacuUfCfCfaggaacugguL96,asdCscadGudTccugdGaAfgucuacgscsu,GOLD_LEGACY,6.041923858923204,907.9797044142332,3.9999021895294833,1.0,MULTI_DOSE_HILL
CGUCAUCCACAAUGAGAGUAU,ATACTCTCAUUGUGGAUGACGAG,csgsucauccAfCfAfaugagaguauL96,asdTsacdTcdTcauudGuGfgaugacgsasg,GOLD_LEGACY,10.481032216819232,0.0330345034483173,0.5000043980122393,0.996209872226922,MULTI_DOSE_HILL
CGUCAUCCACAAUGAGAGUAU,AUACUCUCAUUGUGGAUGACGAG,csgsucauCfcAfCfAfaugagaguauL96,asUfsacuCfuCfAfuuguGfgAfugacgsasg,GOLD_LEGACY,10.918398311519098,0.0120670660110369,0.5000000053163219,0.9450852727844908,MULTI_DOSE_HILL
CGUCCAGUCCAAGUGUGGCUA,UAGCCACACUUGGACUGGACGUU,csgsucc(Ahd)guCfCfAfaguguggcuaL96,VPusdAsgcdCa(C2p)acuudGgAfcuggacgsusu,GOLD_LEGACY,7.242753711195179,57.18028146506434,0.5000000000000001,0.9495291761826666,MULTI_DOSE_HILL
CGUCCCAGAAUAACUCAUCCU,AGGATGAGUUATUCUGGGACGAC,csgsucccagAfAfUfaacucauccuL96,asdGsgadTgdAguuadTuCfugggacgsasc,GOLD_LEGACY,8.716423588006693,1.9212169607589016,0.946525435261747,0.9860621573145588,MULTI_DOSE_HILL
CGUCCCAGAAUAACUCAUCCU,AGGATGAGUUAUUCUGGGACGAC,csgsucccAfgAfAfUfaacucauccuL96,asGfsgadTg(Agn)guuauuCfuGfggacgsasc,GOLD_LEGACY,7.809416799055361,15.508978750931172,3.9999999160861854,0.9999999793670784,MULTI_DOSE_HILL
CGUCUUCAGCCUCCUCAAAGU,ACUUTGAGGAGGCUGAAGACGGC,csgsucuucaGfCfCfuccucaaaguL96,asdCsuudTgdAggagdGcUfgaagacgsgsc,GOLD_LEGACY,8.50400657941061,3.133238256484329,3.999902377745312,0.9999999999983356,MULTI_DOSE_HILL
CGUGAGCAGGGUGCCAUUCCA,UGGAAUGGCACCCUGCUCACGCA,csgsugagCfaGfGfGfugccauucscsa,VPuGfgadAu(G2p)gcacccUfgCfucacgscsa,GOLD_LEGACY,10.95480570764084,0.0110967114301536,0.5000049274492745,0.9779193874132645,MULTI_DOSE_HILL
CGUUCUGGUGUCUGACUUUUU,AAAGUCAGACACCAGAACGUU,fCpsmGpsfUmUfCmUfGmGfUmGfUmCfUmGfAmCfUmUfUpsmUpsmU,mApsfApsmAfGmUfCmAfGmAfCmAfCmCfAmGfAmAfCmGpsmUpsmU,GOLD_LEGACY,8.495659326378021,3.194042375333736,0.5000000000019128,0.924226701433976,MULTI_DOSE_HILL
CGUUGGUGAAGUUUUUCAA,UUGAAAAACUUCACCAACGTT,csgsuuggUfgAfAfGfuuuuucaaL96,PlusUfsgaaAfaAfCfuucaCfcAfacgsTsT,GOLD_LEGACY,10.53399576690012,0.0292418087990799,0.5000000000000001,0.9543986220690818,MULTI_DOSE_HILL
CGUUGGUGAAGUUUUUCAA,UUGAAAAACUUCACCAACGTT,csgsuuggUfgAfAfGfuuuuucaaL96,PlusUfsgaaAfaacuucaCfcAfacgsTsT,GOLD_LEGACY,10.90067834184163,0.0125696058094575,0.5000000000000001,0.909677396798386,MULTI_DOSE_HILL
CGUUGGUGAAGUUUUUCAUUC,GAAUGAAAAACUUCACCAACGAC,csgsuuggUfgAfAfGfuuuuucauucL96,PlgsAfsaugAfaaaacuuCfaCfcaacgsasc,GOLD_LEGACY,10.793477566397584,0.0160887548265351,0.5000000000000001,0.9338618768113706,MULTI_DOSE_HILL
CGUUUCUCCUUGGUCUAAA,UUUAGACCAAGGAGAAACGGC,CmsGmsUmUmUfCmUfCfCfUmUmGmGmUmCmUmAmAmAm,UmsUfsUmAmGmAfCmCmAmAmGmGmAmGfAmAfAmCmGmsGmsCm,GOLD_LEGACY,10.567176420683683,0.0270909091157537,1.1976672733868663,0.9945319675627906,MULTI_DOSE_HILL
CGUUUCUCCUUGGUCUAAA,UUUAGACCAAGGAGAAACGGC,CmsGmsUmUmUfCmUfCfCfUmUmGmGmUmCmUmAmAmAm(-NAG0052'),UmsUfsUmAfGmAf(-)hmpNA(C)CmAmAfGmGfAmGfAmAfAmCfGmsGmsCm,GOLD_LEGACY,10.632064627585631,0.0233311084501981,1.339862602253419,0.9355988671912092,MULTI_DOSE_HILL
CGUUUCUCCUUGGUCUAAA,UUUAGACCAAGGAGAAACGGC,CmsGmsUmUmUfCmUfCfCfUmUmGmGmUmCmUmAmAmsAm,UmsUfsUmAfGmAf(-)hmpNA(C)CmAmAfGmGfAmGfAmAfAmCfGmsGmsCm,GOLD_LEGACY,10.191995549603844,0.064269430323906,1.2333293126985625,0.9947885643788188,MULTI_DOSE_HILL
CGUUUCUCCUUGGUCUAAA,UUUAGACCAAGGAGAAACGGC,CmsGmsUmUmUmCmUfCfCfUmUmGmGmUmCmUmAmAmAm(-NAG0052'),UmsUfsUmAfGmAf(-)hmpNA(C)CmAmAfGmGfAmGfAmAfAmCmGmsGmsCm,GOLD_LEGACY,10.37845400851116,0.0418355989919146,0.8627584033418523,0.9881008669476335,MULTI_DOSE_HILL
CGUUUCUCCUUGGUCUAAA,UUUAGACCAAGGAGAAACGGC,CmsGmsUmUmUmCmUfCfCfUmUmGmGmUmCmUmAmAmAm(-NAG0052'),UmsUfsUmAfGmAf(-)hmpNA(C)CmAmAfGmGmAmGfAmAfAmCfGmsGmsCm,GOLD_LEGACY,10.175515229632946,0.066755149117471,0.9466583866301032,0.996123435218344,MULTI_DOSE_HILL
CGUUUCUCCUUGGUCUAAA,UUUAGACCAAGGAGAAACGGC,CmsGmsUmUmUmCmUfCfCfUmUmGmGmUmCmUmAmAmAm(-NAG0052'),UmsUfsUmAfGmAf(-)hmpNA(C)CmAmAmGmGfAmGfAmAfAmCfGmsGmsCm,GOLD_LEGACY,10.234777983601628,0.0582400871792506,0.7908801631281223,0.9972069426697991,MULTI_DOSE_HILL
CGUUUCUCCUUGGUCUAAA,UUUAGACCAAGGAGAAACGGC,CmsGmsUmUmUmCmUfCfCfUmUmGmGmUmCmUmAmAmAm(-NAG0052'),UmsUfsUmAfGmAf(-)hmpNA(C)CmAmAmGmGmAmGfAmAfAmCmGmsGmsCm,GOLD_LEGACY,10.52363897651112,0.0299475310238165,1.1697469645147132,0.993184142687832,MULTI_DOSE_HILL
CGUUUCUCCUUGGUCUAAA,UUUAGACCAAGGAGAAACGGC,CmsGmsUmUmUmCmUfCfCfUmUmGmGmUmCmUmAmAmAm(-NAG0052'),UmsUfsUmAfGmAfCmCmAmAfGmGfAmGfAmAfAmCfGmsGmsCm,GOLD_LEGACY,10.721791723380774,0.0189761575141624,1.0025921671879718,0.9570804302011432,MULTI_DOSE_HILL
CGUUUCUCCUUGGUCUAAA,UUUAGACCAAGGAGAAACGGC,CmsGmsUmUmUmCmUfCfCfUmUmGmGmUmCmUmAmAmAm(-NAG0052'),UmsUfsUmAmGmAf(-)hmpNA(C)CmAmAfGmGfAmGfAmAfAmCfGmsGmsCm,GOLD_LEGACY,10.403092806734556,0.0395282141065423,0.7583037795913251,0.9957685122516372,MULTI_DOSE_HILL
CGUUUCUCCUUGGUCUAAA,UUUAGACCAAGGAGAAACGGC,CmsGmsUmUmUmCmUfCfCfUmUmGmGmUmCmUmAmAmAm(-NAG0052'),UmsUfsUmAmGmAf(-)hmpNA(C)CmAmAfGmGmAmGfAmAfAmCmGmsGmsCm,GOLD_LEGACY,10.52219291701844,0.0300474127647087,1.010311270334892,0.9767692711219426,MULTI_DOSE_HILL
CGUUUCUCCUUGGUCUAAA,UUUAGACCAAGGAGAAACGGC,CmsGmsUmUmUmCmUfCfCfUmUmGmGmUmCmUmAmAmAm(-NAG0052'),UmsUfsUmAmGmAf(-)hmpNA(C)CmAmAmGmGfAmGfAmAfAmCmGmsGmsCm,GOLD_LEGACY,10.713542856307283,0.0193400300121717,1.012442917698026,0.9792189869930864,MULTI_DOSE_HILL
CGUUUCUCCUUGGUCUAAA,UUUAGACCAAGGAGAAACGGC,CmsGmsUmUmUmCmUfCfCfUmUmGmGmUmCmUmAmAmAm(-NAG0052'),UmsUfsUmAmGmAf(-)hmpNA(C)CmAmAmGmGmAmGfAmAfAmCmGmsGmsCm,GOLD_LEGACY,10.473362825735418,0.0336230552518155,1.1916645385712592,0.9964819114702226,MULTI_DOSE_HILL
CGUUUCUCCUUGGUCUAAA,UUUAGACCAAGGAGAAACGGC,CmsGmsUmUmUmCmUfCfCfUmUmGmGmUmCmUmAmAmAm(-NAG0052'),UmsUfsUmAmGmAf(-)hmpNA(C)CmAmAmGmGmAmGfAmAmAmCmGmsGmsCm,GOLD_LEGACY,10.621034424551972,0.0239312605664896,1.0977881615008822,0.9838790325537928,MULTI_DOSE_HILL
CGUUUCUCCUUGGUCUAAA,UUUAGACCAAGGAGAAACGGC,CmsGmsUmUmUmCmUfCfCfUmUmGmGmUmCmUmAmAmAm(-NAG0052'),UmsUfsUmAmGmAm(-)hmpNA(C)CmAmAmGmGmAmGfAmAfAmCmGmsGmsCm,GOLD_LEGACY,10.571873678282657,0.0267994771848562,1.0566229472995563,0.9576367719040846,MULTI_DOSE_HILL
CGUUUCUCCUUGGUCUAAA,UUUAGACCAAGGAGAAACGGC,CmsGmsUmUmUmCmUfCfCfUmUmGmGmUmCmUmAmAmAmL96,UmsUfsUmAfGmAf(-)hmpNA(C)CmAmAfGmGfAmGfAmAfAmCfGmsGmsCm,GOLD_LEGACY,10.658020924137912,0.0219775398330851,0.94435924856029,0.9497361694071678,MULTI_DOSE_HILL
CGUUUCUCCUUGGUCUAAA,UUUAGACCAAGGAGAAACGGC,CmsGmsUmUmUmCmUfCfCfUmUmGmGmUmCmUmAmAmAmL96,UmsUfsUmAfGmAfCmCmAmAfGmGfAmGfAmAfAmCfGmsGmsCm,GOLD_LEGACY,10.763166920691273,0.0172517469521524,0.9817848569567634,0.9628711163214204,MULTI_DOSE_HILL
CGUUUCUCCUUGGUCUAAGUU,AACUTAGACCAAGGAGAAACGGC,csgsuuucucCfUfUfggucuaaguuL96,asdAscudTadGaccadAgGfagaaacgsgsc,GOLD_LEGACY,10.65542786032406,0.0221091547597796,0.6515565909536313,0.9996064877493944,MULTI_DOSE_HILL
CGUUUCUCCUUGGUCUAAGUU,AACUUAGACCAAGGAGAAACGGC,csgsuuucUfcCfUfUfggucuaaguuL96,asAfscuuAfgAfCfcaagGfaGfaaacgsgsc,GOLD_LEGACY,9.02676160414714,0.940239291420102,0.7486555111117893,0.999999984037078,MULTI_DOSE_HILL
CUAAAGCAUUUCGAGCAUGUU,AACAUGCUCGAAAUGCUUUAGGG,csusaaa(Ghd)CfaUfUfUfcgagcaugsusu,asAfscauGfcUfCfgaaaUfgCfuuuagsgsg,GOLD_LEGACY,10.066603449274194,0.0857820756831128,0.5892355372313388,0.9999999709730288,MULTI_DOSE_HILL
CUAAAUACCAUUCCAUUGUUA,UAACAATGGAATGGUAUUUAGUC,csusaaauacCfAfUfuccauugususa,VPudAacdAadTggaadTgGfuauuuagsusc,GOLD_LEGACY,11.319469910399048,0.0047921465360221,0.6240210704836623,1.0,MULTI_DOSE_HILL
CUAACCUCACUUGCAAUAAUA,UAUUAUTGCAAGUGAGGUUAGAA,csusaaccucAfCfUfugcaauaasusa,VPudAuudAudTgcaadGuGfagguuagsasa,GOLD_LEGACY,12.0,0.001,0.5042132901220399,0.9839522998660984,MULTI_DOSE_HILL
CUAAUUCAUAAUCACUCUAAA,UUUAGAGUGAUUAUGAAUUAGUG,csusaauuCfaUfAfAfucacucuasasa,VPuUfuadGa(G2p)ugauuaUfgAfauuagsusg,GOLD_LEGACY,9.780027206423016,0.165948294569941,0.6652238848561173,1.0,MULTI_DOSE_HILL
CUACCUGGAUCAUAAUGGCAU,ATGCCATUAUGAUCCAGGUAGAG,csusaccuggAfUfCfauaauggcauL96,asdTsgcdCadTuaugdAuCfcagguagsasg,GOLD_LEGACY,7.934578845168843,11.625754689286136,0.9511424776580713,0.9999999999999776,MULTI_DOSE_HILL
CUACUGUUGGAUUGAUUCGAA,UTCGAATCAAUCCAACAGUAGCC,csusacuguuGfGfAfuugauucgsasa,VPudTcgdAadTcaaudCcAfacaguagscsc,GOLD_LEGACY,12.0,0.001,0.5004379917141087,0.9906747801575768,MULTI_DOSE_HILL
CUACUUUCAGCCUUCCUGAGU,ACUCAGGAAGGCUGAAAGUAGAU,csusacuuucAfGfCfcuuccugaguL96,asdCsucdAgdGaaggdCuGfaaaguagsasu,GOLD_LEGACY,6.041923858923204,907.9797044142332,3.9999021895294833,1.0,MULTI_DOSE_HILL
CUAGACACCAGCAUACAGAGU,ACUCUGUAUGCUGGUGUCUAGGA,csusagacAcCAGcauacagagu,asCsucugUaugcUgGuGucuagsgsa,GOLD_LEGACY,7.227971203607677,59.16008596466234,0.6230437108733979,0.9992269250068496,MULTI_DOSE_HILL
CUAGACCUGUUUUGCUUUUGU,ACAAAAGCAAAACAGGUCUAGAA,csusagacCuGUUuugcuuuugu,asCsaaaaGcaaaAcAgGucuagsasa,GOLD_LEGACY,7.008430231089945,98.07758621832612,0.5000000000000001,0.9994702842938936,MULTI_DOSE_HILL
CUAGCCAAGCAGCAAAUCCUU,AAGGAUTUGCUGCUUGGCUAGCU,csusagccAfaGfCfAfgcaaauccuuL96,asAfsggdAu(Tgn)ugcugcUfuGfgcuagscsu,GOLD_LEGACY,8.84658103913478,1.423701559854028,1.0534011314820686,0.9977921478336084,MULTI_DOSE_HILL
CUAGCCUUCUUUUGGGAAAGU,ACUUUCCCAAAAGAAGGCUAGGG,csusagccUfuCfUfUfuugggaaaguL96,asCfsuuuCfcCfAfaaagAfaGfgcuagsgsg,GOLD_LEGACY,9.660185761507478,0.2186826049100908,0.9716667923540074,1.0,MULTI_DOSE_HILL
CUAGGACAUUUUUGGAUCACA,UGUGAUCCAAAAAUGUCCUAGUU,Mod001L001mC*SmUmAmGmGmAfCmAfUfUfUmUmUmGmGmAmUmCmAmC*SmA,mU*RfG*SmUmGmAfUmCfCmAmAmAfAmAfUmGfUmCmCmUmAmG*SmU*SmU,GOLD_LEGACY,8.197691602985786,6.343199885650019,0.8431362227527974,1.0,MULTI_DOSE_HILL
CUAGGACAUUUUUGGAUCACA,UGUGAUCCAAAAAUGUCCUAGUU,Mod001L001mC*SmUmAmGmGmAfCmAfUfUfUmUmUmGmGmAmUmCmAmC*SmA,mU*RfG*SmUmGmAfUmCfCmAmAmAfAmAfUmGfUmCmCmUmAmG*SmUn001RmU,GOLD_LEGACY,7.741056893211408,18.15277843147483,0.8577212770496023,0.9999999999970176,MULTI_DOSE_HILL
CUAGGACAUUUUUGGAUCACA,UGUGAUCCAAAAAUGUCCUAGUU,Mod001L001mC*SmUmAmGmGmAfCmAfUfUfUmUmUmGmGmAmUmCmAmC*SmA,mU*RfG*SmUmGmAfUmCfCmAmAmAfAmAfUmGfUmCmCmUmAmG*smUn001SmU,GOLD_LEGACY,7.67548031218706,21.11152898247761,1.09519381002407,1.0,MULTI_DOSE_HILL
CUAGGACAUUUUUGGAUCACA,UGUGAUCCAAAAAUGUCCUAGUU,Mod001L001mC*SmUmAmGmGmAfCmAfUfUfUmUmUmGmGmAmUmCmAmC*SmA,mU*RfG*SmUmGmAfUmCfCmAmAmAfAmAfUmGfUmCmCmUmAmGmUn001RmU,GOLD_LEGACY,7.650011172179636,22.386635484444668,1.6384132834229437,1.0,MULTI_DOSE_HILL
CUAGGACAUUUUUGGAUCACA,UGUGAUCCAAAAAUGUCCUAGUU,Mod001L001mC*SmUmAmGmGmAfCmAfUfUfUmUmUmGmGmAmUmCmAmC*SmA,mU*RfG*SmUmGmAfUmCfCmAmAmAfAmAfUmGfUmCmCmUmAmGmUn001SmU,GOLD_LEGACY,7.753652221210881,17.63387584757637,0.8894287325915552,0.999999999999574,MULTI_DOSE_HILL
CUAGGACAUUUUUGGAUCACA,UGUGAUCCAAAAAUGUCCUAGUU,Mod001L001mC*SmUmAmGmGmAfCmAfUfUfUmUmUmGmGmAmUmCmAmC*SmA,mU*RfG*SmUmGmAfUmCmCmAmAmAmAmAfUmGfUmCmCmUmAmG*SmUn001RmU,GOLD_LEGACY,7.564939971651701,27.230776668968343,0.7077683910154147,0.9999999999592042,MULTI_DOSE_HILL
CUAGGACAUUUUUGGAUCACA,UGUGAUCCAAAAAUGUCCUAGUU,Mod001L001mC*SmUmAmGmGmAfCmAfUfUfUmUmUmGmGmAmUmCmAmC*SmA,mU*RfG*SmUmGmAfUmCmCmAmAmAmAmAfUmGfUmCmCmUmAmG*SmUn001SmU,GOLD_LEGACY,7.360183284793296,43.63316488410668,0.5609535159855839,0.9999999999100646,MULTI_DOSE_HILL
CUAGGACAUUUUUGGAUCACA,UGUGAUCCAAAAAUGUCCUAGUU,Mod001L001mC*SmUmAmGmGmAfCmAfUfUfUmUmUmGmGmAmUmCmAmC*SmA,mU*RfG*SmUmGmAfUmCmCmAmAmAmAmAfUmGfUmCmCmUmAmGmUn001RmU,GOLD_LEGACY,7.480059139470254,33.10860332149603,1.3956975268034475,0.9999999999999912,MULTI_DOSE_HILL
CUAGGACAUUUUUGGAUCACA,UGUGAUCCAAAAAUGUCCUAGUU,Mod001L001mC*SmUmAmGmGmAfCmAfUfUfUmUmUmGmGmAmUmCmAmC*SmA,mU*RfG*SmUmGmAfUmCmCmAmAmAmAmAfUmGfUmCmCmUmAmGmUn001SmU,GOLD_LEGACY,7.867940540520768,13.553749647270736,1.1978414013481824,0.9999999999999676,MULTI_DOSE_HILL
CUAGGACAUUUUUGGAUCACA,UGUGAUCCAAAAAUGUCCUAGUU,Mod001L001mC*SmUmAmGmGmAfCmAfUfUfUmUmUmGmGmAmUmCmAmC*SmA,mU*RfG*SmUmGmAfUmCmCmAmAmAmAmAfUmGfUmCmCmUn001SmAmG*SmU*SmU,GOLD_LEGACY,8.983408962679865,1.0389413637088505,0.675133706748183,1.0,MULTI_DOSE_HILL
CUAGGACAUUUUUGGAUCACA,UGUGAUCCAAAAAUGUCCUAGUU,Mod001L001mC*SmUmAmGmGmAfCmAfUfUfUmUmUmGmGmAmUmCmAmC*SmA,mU*RfG*SmUmGmAfUmCmCmAmAn001SmAmAmAfUmGfUmCmCmUmAmG*SmU*SmU,GOLD_LEGACY,9.618303328260447,0.240822284409355,0.5388529333019926,1.0,MULTI_DOSE_HILL
CUAGGACAUUUUUGGAUCACA,UGUGAUCCAAAAAUGUCCUAGUU,Mod001L001mC*SmUmAmGmGmAfCmAfUfUfUmUmUmGmGmAmUmCmAmC*SmA,mU*RfG*SmUn001SmGmAfUmCmCmAmAmAmAmAfUmGfUmCmCmUmAmG*SmU*SmU,GOLD_LEGACY,8.76929659815816,1.7009964288738473,0.5524248523841934,1.0,MULTI_DOSE_HILL
CUAGGACAUUUUUGGAUCACA,UGUGAUCCAAAAAUGUCCUAGUU,Mod001L001mC*SmUmAmGmGmAfCmAfUfUfUmUmUmGmGmAmUmCmAmC*SmA,mU*RfG*SmUn001SmGmAfUmCmCmAmAmAmAmAfUmGfUmCmCmUn001SmAmG*SmU*SmU,GOLD_LEGACY,8.540989360275146,2.877468908614174,0.5000000000000001,0.9881927665787726,MULTI_DOSE_HILL
CUAGGACAUUUUUGGAUCACA,UGUGAUCCAAAAAUGUCCUAGUU,Mod001L001mC*SmUmAmGmGmAfCmAfUfUfUmUmUmGmGmAmUmCmAmC*SmA,mU*RfG*SmUn001SmGmAfUmCmCmAmAn001SmAmAmAfUmGfUmCmCmUn001SmAmG*SmU*SmU,GOLD_LEGACY,8.520155973605219,3.018867322134885,0.5466645513755459,0.9987693789858418,MULTI_DOSE_HILL
CUAGGACAUUUUUGGAUCACA,UGUGAUCCAAAAAUGUCCUAGUU,Mod001L001mC*SmUmAmGmGmAfCmAfUfUfUmUmUmGmGmAmUmCmAmC*SmA,mU*SfG*RmUmGmAfUmCfCmAmAmAfAmAfUmGfUmCmCmUmAmG*SmU*SmU,GOLD_LEGACY,7.903183969673988,12.497295253634876,1.3239064107531235,1.0,MULTI_DOSE_HILL
CUAGGACAUUUUUGGAUCACA,UGUGAUCCAAAAAUGUCCUAGUU,Mod001L001mC*SmUmAmGmGmAfCmAfUfUfUmUmUmGmGmAmUmCmAmC*SmA,mU*SfG*RmUmGmAfUmCfCmAmAmAfAmAfUmGfUmCmCmUmAmG*SmUn001RmU,GOLD_LEGACY,7.382720334120076,41.42663576241671,3.273794939384337,1.0,MULTI_DOSE_HILL
CUAGGACAUUUUUGGAUCACA,UGUGAUCCAAAAAUGUCCUAGUU,Mod001L001mC*SmUmAmGmGmAfCmAfUfUfUmUmUmGmGmAmUmCmAmC*SmA,mU*SfG*RmUmGmAfUmCfCmAmAmAfAmAfUmGfUmCmCmUmAmG*SmUn001SmU,GOLD_LEGACY,6.956964842271519,110.41680027268268,0.7558936331250884,0.9999999999695178,MULTI_DOSE_HILL
CUAGGACAUUUUUGGAUCACA,UGUGAUCCAAAAAUGUCCUAGUU,Mod001L001mC*SmUmAmGmGmAfCmAfUfUfUmUmUmGmGmAmUmCmAmC*SmA,mU*SfG*RmUmGmAfUmCfCmAmAmAfAmAfUmGfUmCmCmUmAmGmUn001RmU,GOLD_LEGACY,7.331604930956812,46.600982062104,3.999999999999957,0.9999999651057964,MULTI_DOSE_HILL
CUAGGACAUUUUUGGAUCACA,UGUGAUCCAAAAAUGUCCUAGUU,Mod001L001mC*SmUmAmGmGmAfCmAfUfUfUmUmUmGmGmAmUmCmAmC*SmA,mU*SfG*RmUmGmAfUmCfCmAmAmAfAmAfUmGfUmCmCmUmAmGmUn001SmU,GOLD_LEGACY,7.190195663774048,64.53634063450356,1.191820727423932,0.9924496709384006,MULTI_DOSE_HILL
CUAGGACAUUUUUGGAUCACA,UGUGAUCCAAAAAUGUCCUAGUU,Mod001L001mC*SmUmAmGmGmAfCmAfUfUfUmUmUmGmGmAmUmCmAmC*SmA,mU*SfG*RmUmGmAfUmCmCmAmAmAmAmAfUmGfUmCmCmUmAmG*SmUn001RmU,GOLD_LEGACY,7.41844521188198,38.155292578710174,1.0441505300754852,0.9999979688611612,MULTI_DOSE_HILL
CUAGGACAUUUUUGGAUCACA,UGUGAUCCAAAAAUGUCCUAGUU,Mod001L001mC*SmUmAmGmGmAfCmAfUfUfUmUmUmGmGmAmUmCmAmC*SmA,mU*SfG*RmUmGmAfUmCmCmAmAmAmAmAfUmGfUmCmCmUmAmG*SmUn001SmU,GOLD_LEGACY,7.151886682623318,70.4876963518057,0.8219513624798265,0.9876031125849372,MULTI_DOSE_HILL
CUAGGACAUUUUUGGAUCACA,UGUGAUCCAAAAAUGUCCUAGUU,Mod001L001mC*SmUmAmGmGmAfCmAfUfUfUmUmUmGmGmAmUmCmAmC*SmA,mU*SfG*RmUmGmAfUmCmCmAmAmAmAmAfUmGfUmCmCmUmAmGmUn001RmU,GOLD_LEGACY,6.819592491811613,151.49821231925068,0.6787327228356245,0.999999999977725,MULTI_DOSE_HILL
CUAGGACAUUUUUGGAUCACA,UGUGAUCCAAAAAUGUCCUAGUU,Mod001L001mC*SmUmAmGmGmAfCmAfUfUfUmUmUmGmGmAmUmCmAmC*SmA,mU*SfG*RmUmGmAfUmCmCmAmAmAmAmAfUmGfUmCmCmUmAmGmUn001SmU,GOLD_LEGACY,7.320161067477714,47.84526149400337,0.8440226745452624,0.999999999962943,MULTI_DOSE_HILL
CUAGGACAUUUUUGGAUCACA,UGUGAUCCAAAAAUGUCCUAGUU,Mod001L001mC*SmUmAmGmGmAfCmAfUfUfUmUmUmGmGmAmUmCmAmC*SmA,mU*SfG*RmUmGmAfUmCmCmAmAmAmAmAfUmGfUmCmCmUn001SmAmG*SmU*SmU,GOLD_LEGACY,8.43874771333815,3.641264999741114,0.5387780743138703,1.0,MULTI_DOSE_HILL
CUAGGACAUUUUUGGAUCACA,UGUGAUCCAAAAAUGUCCUAGUU,Mod001L001mC*SmUmAmGmGmAfCmAfUfUfUmUmUmGmGmAmUmCmAmC*SmA,mU*SfG*RmUmGmAfUmCmCmAmAn001SmAmAmAfUmGfUmCmCmUmAmG*SmU*SmU,GOLD_LEGACY,9.418349493554324,0.3816370291650151,0.6208837406630762,0.999999998550252,MULTI_DOSE_HILL
CUAGGACAUUUUUGGAUCACA,UGUGAUCCAAAAAUGUCCUAGUU,Mod001L001mC*SmUmAmGmGmAfCmAfUfUfUmUmUmGmGmAmUmCmAmC*SmA,mU*SfG*RmUmGmAfUmCmCmAmAn001SmAmAmAfUmGfUmCmCmUn001SmAmG*SmU*SmU,GOLD_LEGACY,8.074382375744033,8.425925681891554,0.5000000000000001,0.9602773804702563,MULTI_DOSE_HILL
CUAGGACAUUUUUGGAUCACA,UGUGAUCCAAAAAUGUCCUAGUU,Mod001L001mC*SmUmAmGmGmAfCmAfUfUfUmUmUmGmGmAmUmCmAmC*SmA,mU*SfG*RmUn001SmGmAfUmCmCmAmAmAmAmAfUmGfUmCmCmUmAmG*SmU*SmU,GOLD_LEGACY,9.16079474772197,0.6905660957492348,1.5926098348678963,0.999999997637293,MULTI_DOSE_HILL
CUAGGACAUUUUUGGAUCACA,UGUGAUCCAAAAAUGUCCUAGUU,Mod001L001mC*SmUmAmGmGmAfCmAfUfUfUmUmUmGmGmAmUmCmAmC*SmA,mU*SfG*RmUn001SmGmAfUmCmCmAmAmAmAmAfUmGfUmCmCmUn001SmAmG*SmU*SmU,GOLD_LEGACY,8.301880729668042,4.9902151496598295,0.704456571954498,0.9999999999999998,MULTI_DOSE_HILL
CUAGGACAUUUUUGGAUCACA,UGUGAUCCAAAAAUGUCCUAGUU,Mod001L001mC*SmUmAmGmGmAfCmAfUfUfUmUmUmGmGmAmUmCmAmC*SmA,mU*SfG*RmUn001SmGmAfUmCmCmAmAn001SmAmAmAfUmGfUmCmCmUmAmG*SmU*SmU,GOLD_LEGACY,9.367556244752308,0.4289866283000992,0.7062788523449223,1.0,MULTI_DOSE_HILL
CUAGUGCAUGAAUAGAUUCUU,AAGAAUCUAUUCAUGCACUAGUU,csusagu(Ghd)CfaUfGfAfauagauucuuL96,asAfsgaau(Cgn)uauucaUfgCfacuagsusu,GOLD_LEGACY,8.327859082089985,4.700466024600745,1.4263675649856815,0.9031189758479063,MULTI_DOSE_HILL
CUAUCCAUCAGAUGAUCUACU,AGUAGATCAUCTGAUGGAUAGCU,csusauccauCfAfGfaugaucuacuL96,asdGsuadGadTcaucdTgAfuggauagscsu,GOLD_LEGACY,8.50694408794118,3.112116972329469,0.7287086937412558,0.961427583198021,MULTI_DOSE_HILL
CUAUCCAUCAGAUGAUCUACU,AGUAGATCAUCUGAUGGAUAGCU,csusauccAfuCfAfGfaugaucuacuL96,asGfsuadGa(Tgn)caucugAfuGfgauagscsu,GOLD_LEGACY,7.864698687976978,13.655302081915757,3.9999999940323097,0.9999999751325732,MULTI_DOSE_HILL
CUAUGGGGAGUACGACAUCUG,CAGAUGUCGUACUCCCCAUAGUU,fCpsmUpsfAmUfGmGfGmGfAmGfUmAfCmGfAmCfAmUfCmUpsfG,vmCpsfApsmGfAmUfGmUfCmGfUmAfCmUfCmCfCmCfAmUfAmGpsmUpsmU,GOLD_LEGACY,7.7854376324109875,16.389374067465713,0.7245173634994706,0.9625231661704476,MULTI_DOSE_HILL
CUCAAAGCCAACAAUCCUUGU,ACAAGGAUUGUTGGCUUUGAGCU,csuscaaagcCfAfAfcaauccuuguL96,asdCsaadGgdAuugudTgGfcuuugagscsu,GOLD_LEGACY,8.635279373466963,2.3159043929811096,3.999991242355553,0.999999999981154,MULTI_DOSE_HILL
CUCAAAGCCAACAAUCCUUGU,ACAAGGAUUGUTGGCUUUGAGGA,csuscaaagcCfAfAfcaauccuuguL96,asdCsaadGgdAuugudTgGfcuuugagsgsa,GOLD_LEGACY,8.111419906533422,7.737133553997759,3.999999999577828,0.9999997846034168,MULTI_DOSE_HILL
CUCAAAGGAUAAUAUCAAACA,UGUUTGAUAUUAUCCUUUGAGCC,csuscaa(Ahd)ggAfUfAfauaucaaacaL96,VPusdGsuudTg(Agn)uauudAuCfcuuugagscsc,GOLD_LEGACY,6.041923858923204,907.9797044142332,3.9999021895294833,1.0,MULTI_DOSE_HILL
CUCAACAGACGGAGCAACUGU,ACAGTUGCUCCGUCUGUUGAGUC,csuscaacagAfCfGfgagcaacuguL96,asdCsagdTudGcuccdGuCfuguugagsusc,GOLD_LEGACY,8.2305810379466,5.880563744860571,1.0176568399349992,0.9988123268514676,MULTI_DOSE_HILL
CUCAACUGGAUGAAGAAACUU,AAGUTUCUUCATCCAGUUGAGGG,csuscaacugGfAfUfgaagaaacuuL96,asdAsgudTudCuucadTcCfaguugagsgsg,GOLD_LEGACY,11.482030179735553,0.003295868079299,0.5019811678008483,0.9557591065271568,MULTI_DOSE_HILL
CUCAACUGGAUGAAGAAACUU,AAGUUUCUUCAUCCAGUUGAGGG,csuscaacUfgGfAfUfgaagaaacuuL96,asAfsguuUfcUfUfcaucCfaGfuugagsgsg,GOLD_LEGACY,10.619106707887235,0.0240377211104275,0.500083609789221,0.9875632379319546,MULTI_DOSE_HILL
CUCAAUGCUUCAAUGUCCCA,AUGGGACAUUGAAGCAUUGAGUU,(GalNAc3)scucaauGfcUfUfCfAfaugucccas(invAb),asUfsgggaCfauugaaGfcAfuugagsusu,GOLD_LEGACY,9.336856594886932,0.4604085765358626,3.239665476619788,0.9540296620315972,MULTI_DOSE_HILL
CUCACUUGCAAUAAUUAUAAA,UTUATAAUUAUTGCAAGUGAGGU,csuscacuugCfAfAfuaauuauasasa,VPudTuadTadAuuaudTgCfaagugagsgsu,GOLD_LEGACY,11.789023355112256,0.0016254613407488,0.517793564614372,0.9827076620057756,MULTI_DOSE_HILL
CUCACUUGCAAUAAUUAUAAA,UUUATAAUUAUUGCAAGUGAGGU,csuscacuUfgCfAfAfuaauuauasasa,VPuUfuadTa(Agn)uuauugCfaAfgugagsgsu,GOLD_LEGACY,10.285072958518562,0.0518712891371992,0.6255706622190619,1.0,MULTI_DOSE_HILL
CUCACUUUCCAGCAAAACUCU,AGAGTUTUGCUGGAAAGUGAGAC,csuscacuuuCfCfAfgcaaaacucuL96,asdGsagdTudTugcudGgAfaagugagsasc,GOLD_LEGACY,10.984391490261292,0.0103659356799441,0.5000000138027875,0.9948664684143468,MULTI_DOSE_HILL
CUCACUUUCCAGCAAAACUCU,AGAGUUUUGCUGGAAAGUGAGAC,csuscacuUfuCfCfAfgcaaaacucuL96,asGfsaguUfuUfGfcuggAfaAfgugagsasc,GOLD_LEGACY,10.410129977458194,0.0388928727367613,0.8393052812278181,1.0,MULTI_DOSE_HILL
CUCAGAGGGUACGAGCUGCUA,UAGCAGCUCGUACCCUCUGAGCU,csuscagaGfgGfUfAfcgagcugcsusa,VPuAfgcdAg(C2p)ucguacCfcUfcugagscsu,GOLD_LEGACY,8.965303393284715,1.0831699591906483,0.500037542254113,0.9999999984689416,MULTI_DOSE_HILL
CUCAGAUGCAAGUCCAUUCUU,AAGAAUGGACUUGCAUCUGAGUA,csuscagaUfgCfAfAfguccauucuuL96,asAfsgaaUfgGfAfcuugCfaUfcugagsusa,GOLD_LEGACY,10.161332964009484,0.0689710815000206,0.9235336346547494,1.0,MULTI_DOSE_HILL
CUCAUCCCACUAAUGUCCAGA,UCUGGACAUUAGUGGGAUGAGCA,csuscaucCfcAfCfUfaauguccagaL96,VPusCfsuggAfcAfUfuaguGfgGfaugagscsa,GOLD_LEGACY,8.18847139092812,6.479307761877983,0.508371468277017,0.9298395099177832,MULTI_DOSE_HILL
CUCCACUUCAGCCUACAGCUU,AAGCTGTAGGCTGAAGUGGAGUC,csusccacuuCfAfGfccuacagcuuL96,asdAsgcdTgdTaggcdTgAfaguggagsusc,GOLD_LEGACY,8.778453288312837,1.6655079562476005,3.98266859670194,0.9999999996883066,MULTI_DOSE_HILL
CUCCACUUCAGCCUACAGCUU,AAGCTGTAGGCUGAAGUGGAGUC,csusccacUfuCfAfGfccuacagcuuL96,asAfsgcdTg(Tgn)aggcugAfaGfuggagsusc,GOLD_LEGACY,7.987985420890777,10.28050808842323,3.999999999999903,0.9999999461303672,MULTI_DOSE_HILL
CUCCAGGUCCCAAAUGCCAGU,ACUGGCAUUUGGGACCUGGAGGC,csusccagGfuCfCfCfaaaugccaguL96,asCfsuggCfauuugggAfcCfuggagsgsc,GOLD_LEGACY,7.211350467032485,61.46806374288233,1.5329213261065382,0.9688130952233244,MULTI_DOSE_HILL
CUCCCACCUUUUCUUCUAAUU,AAUUAGAAGAAAAGGUGGGAGAC,csuscccaCfcUfUfUfucuucuaauuL96,asAfsuuaGfaAfGfaaaaGfgUfgggagsasc,GOLD_LEGACY,10.791573747670872,0.0161594379892575,0.500057927847822,0.9967745032600696,MULTI_DOSE_HILL
CUCCCACCUUUUCUUCUAAUU,AAUUAGAAGAAAAGGUGGGAGAC,csuscccaccUfUfUfucuucuaauuL96,asdAsuudAgdAagaadAaGfgugggagsasc,GOLD_LEGACY,10.811792542986751,0.0154243707979549,0.5000000314383534,0.9868969915473482,MULTI_DOSE_HILL
CUCCCCAACGGCUGUCUUU,AAAGACAGCCGUUGGGGAG,cuccccAAcGGcuGucuuudTsdT,AAAGAcAGCCGUUGGGGAGdTsdT,GOLD_LEGACY,9.229472985682152,0.5895586481033404,0.5000022357772713,0.969026306338468,MULTI_DOSE_HILL
CUCCCUAGCCUUCUUUUGGGU,ACCCAAAAGAAGGCUAGGGAGAU,csuscccuAfgCfCfUfuCuuuuggguL96,asCfsccaAfaAfGfaaggCfuAfgggagsasu,GOLD_LEGACY,7.948776396186884,11.251841448239356,3.9999999991965103,0.9378244877060828,MULTI_DOSE_HILL
CUCCCUCAACUGGAUGAAGAU,ATCUTCAUCCAGUUGAGGGAGUU,csuscccucaAfCfUfggaugaagauL96,asdTscudTcdAuccadGuUfgagggagsusu,GOLD_LEGACY,9.693457255974018,0.202554895510184,0.6157350715493979,0.9999999989951532,MULTI_DOSE_HILL
CUCCCUCAACUGGAUGAAGAU,AUCUUCAUCCAGUUGAGGGAGUU,csuscccuCfaAfCfUfggaugaagauL96,asUfscuuCfaUfCfcaguUfgAfgggagsusu,GOLD_LEGACY,9.197731225879096,0.6342621189678046,0.6687048448352213,0.9999999624932068,MULTI_DOSE_HILL
CUCCGCGACGCGCGCAUGUUG,CAACAUGCGCGCGUCGCGGAGUU,fCpsmUpsfCmCfGmCfGmAfCmGfCmGfCmGfCmAfUmGfUmUpsfG,vmCpsfApsmAfCmAfUmGfCmGfCmGfCmGfUmCfGmCfGmGfAmGpsmUpsmU,GOLD_LEGACY,6.139819803066584,724.7366045216335,1.0494154882462428,1.0,MULTI_DOSE_HILL
CUCCUCAAAGCCAACAAUCCU,AGGATUGUUGGCUUUGAGGAGGC,csusccucaaAfGfCfcaacaauccuL96,asdGsgadTudGuuggdCuUfugaggagsgsc,GOLD_LEGACY,8.611765428267603,2.4447506582385103,3.970033610729208,0.999999999985252,MULTI_DOSE_HILL
CUCCUCUACCUGGAUCAUAAU,ATUATGAUCCAGGUAGAGGAGAG,csusccucuaCfCfUfggaucauaauL96,asdTsuadTgdAuccadGgUfagaggagsasg,GOLD_LEGACY,8.062297980531898,8.66367235103466,4.0,0.999999884533786,MULTI_DOSE_HILL
CUCCUCUACCUGGAUCAUAAU,AUUATGAUCCAGGUAGAGGAGAG,csusccucUfaCfCfUfggaucauaauL96,asUfsuadTg(Agn)uccaggUfaGfaggagsasg,GOLD_LEGACY,8.435607714517358,3.6676871650690654,1.4904161475630506,1.0,MULTI_DOSE_HILL
CUCCUCUGACAGAGUUACUUA,UAAGTAACUCUGUCAGAGGAGCU,csusccucugAfCfAfgaguuacususa,VPudAagdTadAcucudGuCfagaggagscsu,GOLD_LEGACY,11.322659478517748,0.0047570807279059,0.5000000000040214,0.9993922649149604,MULTI_DOSE_HILL
CUCCUUCCUUCAGAGGCGUGC,GCACGCCUCUGAAGGAAGGAGUU,fCpsmUpsfCmCfUmUfCmCfUmUfCmAfGmAfGmGfCmGfUmGpsfC,vmGpsfCpsmAfCmGfCmCfUmCfUmGfAmAfGmGfAmAfGmGfAmGpsmUpsmU,GOLD_LEGACY,6.947683624283624,112.8018898408768,3.999999956952102,0.9999999838196966,MULTI_DOSE_HILL
CUCCUUCCUUCAGAGGCGUUU,ACGCCUCUGAAGGAAGGAGUU,fCpsmUpsfCmCfUmUfCmCfUmUfCmAfGmAfGmGfCmGfUpsmUpsmU,mApsfCpsmGfCmCfUmCfUmGfAmAfGmGfAmAfGmGfAmGpsmUpsmU,GOLD_LEGACY,7.461698173494153,34.5383691121824,0.5622116417979129,0.9670971382154236,MULTI_DOSE_HILL
CUCGUCAUCCACAAUGAGAGU,ACUCTCAUUGUGGAUGACGAGGU,csuscgucauCfCfAfcaaugagaguL96,asdCsucdTcdAuugudGgAfugacgagsgsu,GOLD_LEGACY,11.107498118885635,0.007807318218126,0.6018227849563216,1.0,MULTI_DOSE_HILL
CUCGUCAUCCACAAUGAGAGU,ACUCUCAUUGUGGAUGACGAGGU,csuscgucAfuCfCfAfcaaugagaguL96,asCfsucuCfaUfUfguggAfuGfacgagsgsu,GOLD_LEGACY,9.471347193269851,0.3377946809622391,0.5000000000000001,0.913146852203786,MULTI_DOSE_HILL
CUCUAAUACAUCAGCAUGCGU,ACGCAUGCUGAUGUAUUAGAGUU,csuscuaaUfaCfAfUfcagcaugcguL96,asCfsgcaUfgCfUfgaugUfaUfuagagsusu,GOLD_LEGACY,8.387955204869192,4.093028749343315,0.8034320602405479,0.980378064521734,MULTI_DOSE_HILL
CUCUCCUCUACCUGGAUCAUU,AAUGAUCCAGGTAGAGGAGAGAG,csuscuccucUfAfCfcuggaucauuL96,asdAsugdAudCcaggdTaGfaggagagsasg,GOLD_LEGACY,7.952024922253826,11.1679915774058,3.999999981366456,0.9982065087915372,MULTI_DOSE_HILL
CUCUCGUAGUGUUAAGUUAUA,UAUAACTUAACACUACGAGAGAC,csuscucgUfaGfUfGfuuaaguuasusa,VPuAfuadAc(Tgn)uaacacUfaCfgagagsasc,GOLD_LEGACY,10.589138496340166,0.0257549970018284,0.5000275065186588,0.9820029650640324,MULTI_DOSE_HILL
CUCUCGUAGUGUUAAGUUAUA,UAUAACTUAACACUACGAGAGAC,csuscucguaGfUfGfuuaaguuasusa,VPudAuadAcdTuaacdAcUfacgagagsasc,GOLD_LEGACY,10.702636927900084,0.0198318428376815,0.5001160518886166,0.999902520885768,MULTI_DOSE_HILL
CUCUCUCCUCUACCUGGAUCU,AGAUCCAGGUAGAGGAGAGAGAG,csuscucuCfcUfCfUfaccuggaucuL96,asGfsaudCc(Agn)gguagaGfgAfgagagsasg,GOLD_LEGACY,7.660931756925049,21.83072923119786,0.7514827358784875,1.0,MULTI_DOSE_HILL
CUCUCUCCUCUACCUGGAUCU,AGAUCCAGGUAGAGGAGAGAGAG,csuscucuccUfCfUfaccuggaucuL96,asdGsaudCcdAgguadGaGfgagagagsasg,GOLD_LEGACY,8.038295362456372,9.15597582984802,1.426338959996459,0.9999999999994358,MULTI_DOSE_HILL
CUCUGAGUGGUAAAGGCAAUA,UAUUGCCUUUACCACUCAGAGAA,csuscugaGfuGfGfUfaaaggcaasusa,VPuAfuudGc(C2p)uuuaccAfcUfcagagsasa,GOLD_LEGACY,9.071130845300363,0.8489246704090555,0.5000026444588259,0.9999983542834908,MULTI_DOSE_HILL
CUCUGGAAUCCAUUCUGGUGA,UCACCAGAAUGGAUUCCAGAGUC,csuscuggAfaUfCfCfauucuggugaL96,VPusCfsaccAfgAfAfuggaUfuCfcagagsusc,GOLD_LEGACY,8.902753940163256,1.2509675948256074,0.7491543954580411,0.9999999994828292,MULTI_DOSE_HILL
CUCUGGUGCUGGAGCUAGCCU,AGGCTAGCUCCAGCACCAGAGCU,csuscuggugCfUfGfgagcuagccuL96,asdGsgcdTadGcuccdAgCfaccagagscsu,GOLD_LEGACY,7.815345689294685,15.298692330962384,3.9999997688954094,0.9999999790243608,MULTI_DOSE_HILL
CUGAAACUGCAACUAGACUGU,ACAGTCTAGUUGCAGUUUCAGGA,csusgaaaCfuGfCfAfacuagacuguL96,asCfsagdTc(Tgn)aguugcAfgUfuucagsgsa,GOLD_LEGACY,7.980085240509425,10.469230446063651,3.999999882144701,0.9999999496420734,MULTI_DOSE_HILL
CUGAAACUGCAACUAGACUGU,ACAGTCTAGUUGCAGUUUCAGGA,csusgaaacuGfCfAfacuagacuguL96,asdCsagdTcdTaguudGcAfguuucagsgsa,GOLD_LEGACY,8.214853333434874,6.097427800776817,1.2993247545608673,0.9999088060635,MULTI_DOSE_HILL
CUGAACCUGCAAAAAUUGAGU,ACUCAATUUUUGCAGGUUCAGCU,csusgaaccuGfCfAfaaaauugaguL96,asdCsucdAadTuuuudGcAfgguucagscsu,GOLD_LEGACY,12.0,0.001,0.7034763684306824,0.969970037493852,MULTI_DOSE_HILL
CUGAACCUGCAAAAAUUGAGU,ACUCAAUUUUUGCAGGUUCAGCU,csusgaacCfuGfCfAfaaaauugaguL96,asCfsucaAfuUfUfuugcAfgGfuucagscsu,GOLD_LEGACY,10.9197895107058,0.012028472767646,0.6886598416557297,1.0,MULTI_DOSE_HILL
CUGAAGAAGCACCAACGGAT,TCCGUUGGUGCUUCUUCAGTT,CfuGfaAfgAfaGfcAfcCfaAfcGfgAf(invdT),dTCfcGfuUfgGfuGfcUfuCfuUfcAfgdTsdT,GOLD_LEGACY,8.20077026075125,6.298392760519709,0.7532754157332376,1.0,MULTI_DOSE_HILL
CUGAAGCAGCCGUUUGUGCAU,AUGCACAAACGGCUGCUUCAGGU,csusgaagCfaGfCfCfguuugugcauL96,asUfsgcaCfaAfAfcggcUfgCfuucagsgsu,GOLD_LEGACY,10.087704379556556,0.0817138401035081,0.500000161983939,0.9301048776683578,MULTI_DOSE_HILL
CUGAAUUACUGCAGUGGGCAU,ATGCCCACUGCAGUAAUUCAGCU,csusgaauuaCfUfGfcagugggcauL96,asdTsgcdCcdAcugcdAgUfaauucagscsu,GOLD_LEGACY,8.038608813704176,9.14936990523678,1.4936795528169726,0.9999922037427592,MULTI_DOSE_HILL
CUGACUAUCCAGUUGAUGGGA,UCCCAUCAACUGGAUAGUCAGCA,csusgacuAfuCfCfAfguugaugggaL96,VPusCfsccaUfcAfAfcuggAfuAfgucagscsa,GOLD_LEGACY,8.982739159221069,1.040544937895587,0.6610584457632777,1.0,MULTI_DOSE_HILL
CUGACUUUCGGUCCAAAGACU,AGUCUUTGGACCGAAAGUCAGAC,csusgacuUfuCfGfGfuccaaagacuL96,asGfsucuu(Tgn)ggaccgAfaAfgucagsasc,GOLD_LEGACY,8.383781144332763,4.1325570304150405,1.0705538198611282,0.9939461763615116,MULTI_DOSE_HILL
CUGAGAAGAUUGACAGGUUCU,AGAACCUGUCAAUCUUCUCAGCA,csusgagaAfgAfUfUfgacagguucuL96,asGfsaacCfuGfUfcaauCfuUfcucagscsa,GOLD_LEGACY,11.029705512218408,0.0093388733943942,0.5000000541517062,0.9422974892999092,MULTI_DOSE_HILL
CUGAGCACCACAUCACCAACU,AGUUGGTGAUGTGGUGCUCAGCC,csusgagcacCfAfCfaucaccaacuL96,asdGsuudGgdTgaugdTgGfugcucagscsc,GOLD_LEGACY,8.196057340974368,6.367114487708712,1.448426555590749,0.999977357324863,MULTI_DOSE_HILL
CUGAGCACCACAUCACCAACU,AGUUGGTGAUGUGGUGCUCAGCC,csusgagcAfcCfAfCfaucaccaacuL96,asGfsuudGg(Tgn)gaugugGfuGfcucagscsc,GOLD_LEGACY,7.776252426999073,16.739696240695462,3.999999668510506,0.999999980936577,MULTI_DOSE_HILL
CUGAGGAUUCUUGGAACGAGU,ACUCGUUCCAAGAAUCCUCAGCA,csusgaggAfuUfCfUfuggaacgaguL96,asCfsucgUfuCfCfaagcAfuCfcucagscsa,GOLD_LEGACY,9.714232238667693,0.1930935474503416,1.0459821323011953,0.9999999998610646,MULTI_DOSE_HILL
CUGAUAUUGAUGGACAGUAUA,UAUACUGUCCAUCAAUAUCAGCU,csusgauaUfuGfAfUfggacaguasusa,VPuAfuadCu(G2p)uccaucAfaUfaucagscsu,GOLD_LEGACY,9.634746347982988,0.2318748532051775,0.5001783153851361,0.9999994820554552,MULTI_DOSE_HILL
CUGAUCUUGGACUUGAUAUUA,UAAUAUCAAGUCCAAGAUCAGCA,csusgaucUfuGfGfAfcuugauaususa,VPuAfaudAu(C2p)aaguccAfaGfaucagscsa,GOLD_LEGACY,10.154302109693653,0.0700967512451769,1.3619079282091462,0.9999999998697354,MULTI_DOSE_HILL
CUGCAAAAAUUGAGCAAUGAU,ATCATUGCUCAAUUUUUGCAGGU,csusgcaaaaAfUfUfgagcaaugauL96,asdTscadTudGcucadAuUfuuugcagsgsu,GOLD_LEGACY,11.421762811174792,0.0037864932662154,0.5000000030767953,0.9999934984340252,MULTI_DOSE_HILL
CUGCAAAAAUUGAGCAAUGAU,AUCAUUGCUCAAUUUUUGCAGGU,csusgcaaAfaAfUfUfgagcaaugauL96,asUfscauUfgCfUfcaauUfuUfugcagsgsu,GOLD_LEGACY,10.315868312930586,0.0483205297668772,0.5000001488819444,0.9943693861104722,MULTI_DOSE_HILL
CUGCAACUAAACAGGAAGGGA,UCCCTUCCUGUTUAGUUGCAGCA,csusgcaacuAfAfAfcaggaaggsgsa,VPudCccdTudCcugudTuAfguugcagscsa,GOLD_LEGACY,11.309086176359148,0.0049081047575204,0.6207837684432203,0.9996716999840464,MULTI_DOSE_HILL
CUGCAACUAGACUGCAGACCU,AGGUCUGCAGUCUAGUUGCAGUU,csusgcaacuAfGfAfcugcagaccuL96,asdGsgudCudGcagudCuAfguugcagsusu,GOLD_LEGACY,7.743877574331282,18.035260751280287,0.6345986954913224,0.9789827747908028,MULTI_DOSE_HILL
CUGCAGCUAGCAAGAGGACCU,AGGUCCTCUUGCUAGCUGCAGCC,csusgcagCfuAfGfCfaagaggaccuL96,asGfsgudCc(Tgn)cuugcuAfgCfugcagscsc,GOLD_LEGACY,6.640153595524809,229.00575922683797,0.5000000000000001,0.918659502693394,MULTI_DOSE_HILL
CUGCAGCUAGCAAGAGGACCU,AGGUCCTCUUGCUAGCUGCAGCC,csusgcagcuAfGfCfaagaggaccuL96,asdGsgudCcdTcuugdCuAfgcugcagscsc,GOLD_LEGACY,7.701489004495616,19.8843315307802,3.9999999280024543,0.999999983019824,MULTI_DOSE_HILL
CUGCAUUGAUACCAAGGAAGU,ACUUCCUUGGUAUCAAUGCAGGU,csusgca(Uhd)UfgAfUfAfccaaggaasgsu,asCfsuucCfuUfGfguauCfaAfugcagsgsu,GOLD_LEGACY,9.475503811324756,0.3345770816255507,1.1248882585597373,0.9999999999877588,MULTI_DOSE_HILL
CUGCCAUCUGUGCUCUUCGUA,UACGAAGAGCACAGAUGGCAGGC,csusgccaucUfGfUfgcucuucgsusa,VPudAcgdAadGagcadCaGfauggcagsgsc,GOLD_LEGACY,10.80137877860835,0.0157986952344157,0.5057789404309452,1.0,MULTI_DOSE_HILL
CUGCCUCUUUCCAUUCUGCCU,AGGCAGAAUGGAAAGAGGCAGCA,csusgccucuUfUfCfcauucugccuL96,asdGsgcdAgdAauggdAaAfgaggcagscsa,GOLD_LEGACY,7.992969855215839,10.163192340863668,4.0,0.9999999437134816,MULTI_DOSE_HILL
CUGCCUCUUUCCAUUCUGCCU,AGGCAGAAUGGAAAGAGGCAGCU,csusgccucuUfUfCfcauucugccuL96,asdGsgcdAgdAauggdAaAfgaggcagscsu,GOLD_LEGACY,8.436584770862023,3.6594450410162462,2.101762265345195,0.9999994606893646,MULTI_DOSE_HILL
CUGCCUGAGCGAGCACGCCUU,GGCGUGCUCGCUCAGGCAGUU,fCpsmUpsfGmCfCmUfGmAfGmCfGmAfGmCfAmCfGmCfCpsmUpsmU,mGpsfGpsmCfGmUfGmCfUmCfGmCfUmCfAmGfGmCfAmGpsmUpsmU,GOLD_LEGACY,6.004988160311463,988.5800448503468,4.0,1.0,MULTI_DOSE_HILL
CUGCGGCUUCCUGGGCUUCUA,UAGAAGCCCAGGAAGCCGCAGUU,fCpsmUpsfGmCfGmGfCmUfUmCfCmUfGmGfGmCfUmUfCmUpsfA,vmUpsfApsmGfAmAfGmCfCmCfAmGfGmAfAmGfCmCfGmCfAmGpsmUpsmU,GOLD_LEGACY,9.376048280976576,0.4206798583602694,1.183297331503823,0.9877747369252948,MULTI_DOSE_HILL
CUGCGGCUUCCUGGGCUUCUU,GAAGCCCAGGAAGCCGCAGUU,fCpsmUpsfGmCfGmGfCmUfUmCfCmUfGmGfGmCfUmUfCpsmUpsmU,mGpsfApsmAfGmCfCmCfAmGfGmAfAmGfCmCfGmCfAmGpsmUpsmU,GOLD_LEGACY,6.004988160311463,988.5800448503468,4.0,1.0,MULTI_DOSE_HILL
CUGCUUCAGAAAGAGCAAAAU,AUUUUGCUCUUUCUGAAGCAGCU,csusgcu(Uhd)CfaGfAfAfagagcaaaauL96,asUfsuuug(Cgn)ucuuucUfgAfagcagscsu,GOLD_LEGACY,8.28264664977066,5.216189375654012,1.5950414869519882,0.9713362482004346,MULTI_DOSE_HILL
CUGGAAUAUUAGAUGCCUUU,AAGGCAUCUAAUAUUCCAGUU,(GalNAc3)scuggaaUfaUfUfAfGfaugccuuus(invAb),asAfsggcaUfcuaauaUfuCfcagsusu,GOLD_LEGACY,9.577191305221271,0.2647333740347147,2.6788179493851185,0.9956647132480612,MULTI_DOSE_HILL
CUGGAUACUGCAGCCCGAGGU,ACCUCGGGCUGCAGUAUCCAGUC,csusggauacUfGfCfagcccgagguL96,asdCscudCgdGgcugdCaGfuauccagsusc,GOLD_LEGACY,7.887588810567838,12.954217645940428,3.999997653240937,0.999999972457058,MULTI_DOSE_HILL
CUGGAUCAUAAUGGCAAUGUU,AACATUGCCAUTAUGAUCCAGGU,csusggaucaUfAfAfuggcaauguuL96,asdAscadTudGccaudTaUfgauccagsgsu,GOLD_LEGACY,8.10166373028403,7.9129107934303855,4.0,0.9999998109870344,MULTI_DOSE_HILL
CUGGAUCUUAGCAACGUCCAA,UTGGACGUUGCTAAGAUCCAGCU,csusgga(Uhd)cuUfAfGfcaacguccaaL96,VPusdTsggdAc(G2p)uugcdTaAfgauccagscsu,GOLD_LEGACY,6.041923858923204,907.9797044142332,3.9999021895294833,1.0,MULTI_DOSE_HILL
CUGGCACUCUUUGCUUGAGGU,ACCUCAAGCAAAGAGUGCCAGCU,csusggcacuCfUfUfugcuugagguL96,asdCscudCadAgcaadAgAfgugccagscsu,GOLD_LEGACY,7.997433578264687,10.059268994050768,4.0,0.999999941404886,MULTI_DOSE_HILL
CUGGCACUCUUUGCUUGAGGU,ACCUCAAGCAAAGAGUGCCAGGA,csusggcacuCfUfUfugcuugagguL96,asdCscudCadAgcaadAgAfgugccagsgsa,GOLD_LEGACY,8.01586012660941,9.64139494401836,4.0,0.9999999302079426,MULTI_DOSE_HILL
CUGGCCAACUUCUUGGGCUUU,AAAGCCCAAGAAGUUGGCCAGCA,csusggccAfaCfUfUfcuugggcuuuL96,asAfsagcCfcAfAfgaagUfuGfgccagscsa,GOLD_LEGACY,8.332176303602177,4.653971253232296,0.8117843954918008,0.98932955988243,MULTI_DOSE_HILL
CUGGCCAUCUUUAAGUCUGGA,UCCAGACUUAAAGAUGGCCAGUA,csusggccAfuCfUfUfuaagucuggaL96,VPusCfscagAfcUfUfaaagAfuGfgccagsusa,GOLD_LEGACY,9.500672803621324,0.3157382491610576,0.8914586340695897,0.999999999999682,MULTI_DOSE_HILL
CUGGCCUGGUUUGAUACUGAA,UUCAGUAUCAAACCAGGCCAGCU,csusggccUfgGfUfUfugauacugsasa,VPuUfcadGu(Agn)ucaaacCfaGfgccagscsu,GOLD_LEGACY,7.70927153690881,19.53117912669526,0.7723549277068679,1.0,MULTI_DOSE_HILL
CUGGCUGAGCACCACAUCACU,AGUGAUGUGGUGCUCAGCCAGGA,csusggcugaGfCfAfccacaucacuL96,asdGsugdAudGuggudGcUfcagccagsgsa,GOLD_LEGACY,8.783530457631496,1.646150515623673,3.9999999995659374,0.9999999996885348,MULTI_DOSE_HILL
CUGGGAGAGAUAUGCCUUCGU,ACGAAGGCAUAUCUCUCCCAGCA,csusgggaGfaGfAfUfaugccuucguL96,asCfsgaag(Ggn)cauaucUfcUfcccagscsa,GOLD_LEGACY,8.186716558678574,6.505541345213535,1.7252806177347326,0.9896966157029504,MULTI_DOSE_HILL
CUGGGCUUCUACCACGUCGGG,CCCGACGUGGUAGAAGCCCAGUU,fCpsmUpsfGmGfGmCfUmUfCmUfAmCfCmAfCmGfUmCfGmGpsfG,vmCpsfCpsmCfGmAfCmGfUmGfGmUfAmGfAmAfGmCfCmCfAmGpsmUpsmU,GOLD_LEGACY,6.964169210067606,108.60024122875495,0.5627458179904611,0.9914602287267128,MULTI_DOSE_HILL
CUGGGCUUCUACCACGUCGUU,CGACGUGGUAGAAGCCCAGUU,fCpsmUpsfGmGfGmCfUmUfCmUfAmCfCmAfCmGfUmCfGpsmUpsmU,mCpsfGpsmAfCmGfUmGfGmUfAmGfAmAfGmCfCmCfAmGpsmUpsmU,GOLD_LEGACY,6.847766625221996,141.98202788598005,0.7649998315654396,0.9961826641465584,MULTI_DOSE_HILL
CUGGGUUUAUUUUAGAGAAUU,AAUUCUCUAAAAUAAACCCAGCA,csusggguUfuAfUfUfuuagagaauuL96,asAfsuucUfcUfAfaaauAfaAfcccagscsa,GOLD_LEGACY,10.233597560646595,0.0583986004753281,0.50000783814528,0.9739208269176504,MULTI_DOSE_HILL
CUGGGUUUAUUUUAGAGAAUU,AAUUCUCUAAAAUAAACCCAGCA,csusggguuuAfUfUfuuagagaauuL96,asdAsuudCudCuaaadAuAfaacccagscsa,GOLD_LEGACY,10.827454975028465,0.0148780161217297,0.5005404929361293,0.9475437452444212,MULTI_DOSE_HILL
CUGGUCCUUUUUGGUCGAGGA,UCCUCGACCAAAAAGGACCAGAA,csusggucCfuUfUfUfuggucgaggaL96,VPusCfscucGfaCfCfaaaaAfgGfaccagsasa,GOLD_LEGACY,8.561646689455866,2.7438054256327598,0.5000000000000001,0.9999381339985632,MULTI_DOSE_HILL
CUGGUGCUAGUCGCUGCAAAA,UUUUGCAGCGACUAGCACCAGCU,csusggugCfuAfGfUfcgcugcaaaaL96,PlusUfsuugCfaGfCfgacuAfgCfaccagscsu,GOLD_LEGACY,10.284478116024037,0.0519423846468114,0.7185680949654908,0.9530423146227328,MULTI_DOSE_HILL
CUGGUGCUGGAGCUAGCCAAU,ATUGGCTAGCUCCAGCACCAGAG,csusggugcuGfGfAfgcuagccaauL96,asdTsugdGcdTagcudCcAfgcaccagsasg,GOLD_LEGACY,8.020742070004898,9.53362203225578,4.0,0.9986227675002188,MULTI_DOSE_HILL
CUGGUGCUGGAGCUAGCCAAU,AUUGGCTAGCUCCAGCACCAGAG,csusggugCfuGfGfAfgcuagccaauL96,asUfsugdGc(Tgn)agcuccAfgCfaccagsasg,GOLD_LEGACY,8.979130843835572,1.0492262711186433,2.51124419286864,1.0,MULTI_DOSE_HILL
CUGGUGUCCUGAAACUGCAAU,ATUGCAGUUUCAGGACACCAGAC,csusggugucCfUfGfaaacugcaauL96,asdTsugdCadGuuucdAgGfacaccagsasc,GOLD_LEGACY,7.909791404164308,12.30859822722132,3.999998558158792,0.999999969084914,MULTI_DOSE_HILL
CUGUAAAUCAUCCUUUAGGUA,UACCTAAAGGATGAUUUACAGGU,csusguaaauCfAfUfccuuuaggsusa,VPudAccdTadAaggadTgAfuuuacagsgsu,GOLD_LEGACY,10.918538105839303,0.0120631823885378,0.5003039734691671,0.9989936458665511,MULTI_DOSE_HILL
CUGUACCAUGCCCGCCUGUGU,ACACAGGCGGGCAUGGUACAGGU,csusguaccaUfGfCfccgccuguguL96,asdCsacdAgdGcgggdCaUfgguacagsgsu,GOLD_LEGACY,7.213766605553422,61.12704398484654,0.7306790721041019,0.9959554966886334,MULTI_DOSE_HILL
CUGUCACAGACUCCACUUCAU,ATGAAGTGGAGTCUGUGACAGUA,csusgucacaGfAfCfuccacuucauL96,asdTsgadAgdTggagdTcUfgugacagsusa,GOLD_LEGACY,8.89230397049017,1.2814333705267054,3.998833523381826,0.9999999974129,MULTI_DOSE_HILL
CUGUGCUCUUCGUCAUCUGAA,UUCAGAUGACGAAGAGCACAGAU,csusgugcUfcUfUfCfgucaucugaaL96,VPusUfscagAfuGfAfcgaaGfaGfcacagsasu,GOLD_LEGACY,8.929295352091042,1.1768053873738622,0.949400015593597,0.982855363945976,MULTI_DOSE_HILL
CUGUGGCUGCAGCUAGCAAGU,ACUUGCTAGCUGCAGCCACAGGC,csusguggcuGfCfAfgcuagcaaguL96,asdCsuudGcdTagcudGcAfgccacagsgsc,GOLD_LEGACY,7.850667905430028,14.103668598832831,1.2361263395705722,1.0,MULTI_DOSE_HILL
CUGUGGGGCAUUUCACCAUUC,GAAUGGUGAAAUGCCCCACAGUG,csusguggGgCAUuucaccauuc,gsAsauggUgaaaUgCcCcacagsusg,GOLD_LEGACY,6.077375343054752,836.805752340546,0.6057125292630202,0.9524179977083216,MULTI_DOSE_HILL
CUGUGUAAGCCAGAAGAAUGU,ACAUUCUUCUGGCUUACACAGUG,csusguguAfaGfCfCfagaagaauguL96,asCfsauuCfuUfCfuggcUfuAfcacagsusg,GOLD_LEGACY,10.183981587918778,0.0654663928207411,0.5000000000024232,0.9111706919090484,MULTI_DOSE_HILL
CUGUUCCAAAAAGAAUUCCAU,ATGGAATUCUUTUUGGAACAGUA,csusguuccaAfAfAfagaauuccauL96,asdTsggdAadTucuudTuUfggaacagsusa,GOLD_LEGACY,11.107498118885635,0.007807318218126,0.6018227849563216,1.0,MULTI_DOSE_HILL
CUGUUCCAAAAAGAAUUCCAU,AUGGAAUUCUUUUUGGAACAGUA,csusguucCfaAfAfAfagaauuccauL96,asUfsggaAfuUfCfuuuuUfgGfaacagsusa,GOLD_LEGACY,11.24259871991702,0.0057200691640382,0.6601057102158642,1.0,MULTI_DOSE_HILL
CUGUUGGAUUGAUUCGAAAUA,UAUUTCGAAUCAAUCCAACAGUA,csusguugGfaUfUfGfauucgaaasusa,VPuAfuudTc(G2p)aaucaaUfcCfaacagsusa,GOLD_LEGACY,10.601040641368286,0.0250587474177798,0.6408589692692482,1.0,MULTI_DOSE_HILL
CUGUUGGAUUGAUUCGAAAUA,UAUUTCGAAUCAAUCCAACAGUA,csusguuggaUfUfGfauucgaaasusa,VPudAuudTcdGaaucdAaUfccaacagsusa,GOLD_LEGACY,10.821650136635654,0.0150782126303214,0.5650986085439924,1.0,MULTI_DOSE_HILL
CUGUUUGCUGUGUAUGAUCAU,ATGATCAUACACAGCAAACAGGA,csusguuugcUfGfUfguaugaucauL96,asdTsgadTcdAuacadCaGfcaaacagsgsa,GOLD_LEGACY,10.03425592011006,0.0924153430322918,0.5000001603502848,0.9973521470121476,MULTI_DOSE_HILL
CUGUUUGCUGUGUAUGAUCAU,AUGAUCAUACACAGCAAACAGGA,csusguuuGfcUfGfUfguaugaucauL96,asUfsgauCfaUfAfcacaGfcAfaacagsgsa,GOLD_LEGACY,8.929561677505308,1.1760839480815604,0.6058411733144903,0.9951080935298316,MULTI_DOSE_HILL
CUUAACUCUGCCCUCUAGUGU,ACACTAGAGGGCAGAGUUAAGGU,csusuaacucUfGfCfccucuaguguL96,asdCsacdTadGagggdCaGfaguuaagsgsu,GOLD_LEGACY,7.789347911142665,16.242470582137774,0.5298397533501652,0.9435054497282548,MULTI_DOSE_HILL
CUUAAGCAAGUUCCUCCGACU,AGUCGGAGGAACUUGCUUAAGUU,csusuaagCfaAfGfUfuccuccgacuL96,asGfsucgg(Agn)ggaacuUfgCfuuaagsusu,GOLD_LEGACY,8.30580563601165,4.945319601154867,1.424180271964631,0.9940196858381856,MULTI_DOSE_HILL
CUUACCAGAGUGUCUGAUGUU,CAUCAGACACUCUGGUAAGUU,fCpsmUpsfUmAfCmCfAmGfAmGfUmGfUmCfUmGfAmUfGpsmUpsmU,mCpsfApsmUfCmAfGmAfCmAfCmUfCmUfGmGfUmAfAmGpsmUpsmU,GOLD_LEGACY,7.124428995874355,75.08808078718671,0.614337725239896,0.9985422413741653,MULTI_DOSE_HILL
CUUAGCAACGUCCAGUCCAAA,UTUGGACUGGACGUUGCUAAGAU,csusuag(Chd)aaCfGfUfccaguccaaaL96,VPusdTsugdGa(C2p)uggadCgUfugcuaagsasu,GOLD_LEGACY,6.041923858923204,907.9797044142332,3.9999021895294833,1.0,MULTI_DOSE_HILL
CUUAUGACCUGCAGGACCUGU,ACAGGUCCUGCAGGUCAUAAGAU,csusuaugAfcCfUfGfcaggaccuguL96,asCfsaggUfcCfUfgcagGfuCfauaagsasu,GOLD_LEGACY,6.041923858923204,907.9797044142332,3.9999021895294833,1.0,MULTI_DOSE_HILL
CUUAUGACCUGCAGGACCUGU,ACAGGUCCUGCAGGUCAUAAGAU,csusuaugacCfUfGfcaggaccuguL96,asdCsagdGudCcugcdAgGfucauaagsasu,GOLD_LEGACY,6.756871864749756,175.0363043615779,0.6600676510730161,1.0,MULTI_DOSE_HILL
CUUCACUCAAGAACAAGUAGA,UCUACUTGUUCTUGAGUGAAGGA,csusucacucAfAfGfaacaaguasgsa,VPudCuadCudTguucdTuGfagugaagsgsa,GOLD_LEGACY,11.03846002635803,0.0091525049754251,1.357913903025232,0.9999286054036876,MULTI_DOSE_HILL
CUUCAGCCUCCUCAAAGCCAU,ATGGCUTUGAGGAGGCUGAAGAC,csusucagccUfCfCfucaaagccauL96,asdTsggdCudTugagdGaGfgcugaagsasc,GOLD_LEGACY,7.969277594065415,10.733031548847087,3.999998436480508,0.9999999538827052,MULTI_DOSE_HILL
CUUCAGCCUCCUCAAAGCCAU,AUGGCUTUGAGGAGGCUGAAGAC,csusucagCfcUfCfCfucaaagccauL96,asUfsggdCu(Tgn)ugaggaGfgCfugaagsasc,GOLD_LEGACY,8.763582031222473,1.7235265139217542,3.999999999999945,0.999999999787588,MULTI_DOSE_HILL
CUUCCACCUCGUCAUCCACAU,ATGUGGAUGACGAGGUGGAAGGG,csusuccaccUfCfGfucauccacauL96,asdTsgudGgdAugacdGaGfguggaagsgsg,GOLD_LEGACY,9.172473215615044,0.6722437673418155,0.5000000000000001,0.9775896176498028,MULTI_DOSE_HILL
CUUCCACCUCGUCAUCCACAU,AUGUGGAUGACGAGGUGGAAGGG,csusuccaCfcUfCfGfucauccacauL96,asUfsgugGfaUfGfacgaGfgUfggaagsgsg,GOLD_LEGACY,8.380509081860575,4.163810136756363,0.9626995635929972,0.9998048940192418,MULTI_DOSE_HILL
CUUCCAGGAACUGGGAUGGCU,AGCCAUCCCAGTUCCUGGAAGUC,csusuccaggAfAfCfugggauggcuL96,asdGsccdAudCccagdTuCfcuggaagsusc,GOLD_LEGACY,7.500327491892134,31.59893955179173,0.6852883586609853,0.9999999999647364,MULTI_DOSE_HILL
CUUCCUUCAGAGGCGUGCGUU,CGCACGCCUCUGAAGGAAGUU,fCpsmUpsfUmCfCmUfUmCfAmGfAmGfGmCfGmUfGmCfGpsmUpsmU,mCpsfGpsmCfAmCfGmCfCmUfCmUfGmAfAmGfGmAfAmGpsmUpsmU,GOLD_LEGACY,7.384029519461401,41.30194276628892,0.5000000000000001,0.9802868312102152,MULTI_DOSE_HILL
CUUCGGUUUGUAUUUAGUGUU,AACACUAAAUACAAACCGAAGGC,csusucggUfuUfGfUfauuuaguguuL96,asAfscacUfaAfAfuacaAfaCfcgaagsgsc,GOLD_LEGACY,7.921530340038842,11.98035424887315,0.5000000000009333,0.999563210584614,MULTI_DOSE_HILL
CUUCGGUUUGUAUUUAGUGUU,AACACUAAAUACAAACCGAAGGC,csusucgguuUfGfUfauuuaguguuL96,asdAscadCudAaauadCaAfaccgaagsgsc,GOLD_LEGACY,7.904645816631103,12.455299738907785,0.5000000000000001,0.992687123747368,MULTI_DOSE_HILL
CUUCUACAGUGGCCUUAUCCU,AGGAUAAGGCCACUGUAGAAGGG,csusucuaCfaGfUfGfgccuuauccuL96,asGfsgaua(Agn)ggccacUfgUfagaagsgsg,GOLD_LEGACY,7.846064686681315,14.253952700279644,0.5000000000000001,0.9523076214524968,MULTI_DOSE_HILL
CUUCUGGGUUCAGAUGAUAUA,UAUATCAUCUGAACCCAGAAGCU,csusucugGfgUfUfCfagaugauasusa,VPuAfuadTc(Agn)ucugaaCfcCfagaagscsu,GOLD_LEGACY,10.97502800005115,0.0105918543464254,0.5000006558063035,0.983714627650731,MULTI_DOSE_HILL
CUUCUUGGGCUUCCGUAUA,UAUACGGAAGCCCAAGAAG,cuucuuGGGcuuccGuAuAdTsdT,uAuACGGAAGCCcAAGAAGdTsdT,GOLD_LEGACY,10.958914635330665,0.0109922188060925,0.5000000009315665,0.99982961708534,MULTI_DOSE_HILL
CUUCUUGGGCUUCCGUAUAUU,AAUATACGGAAGCCCAAGAAGUU,csusucuuggGfCfUfuccguauauuL96,asdAsuadTadCggaadGcCfcaagaagsusu,GOLD_LEGACY,11.833254264847444,0.0014680665222981,0.5051420783675808,0.9967035256614434,MULTI_DOSE_HILL
CUUCUUGGGCUUCCGUAUAUU,AAUAUACGGAAGCCCAAGAAGUU,csusucuuGfgGfCfUfuccguauauuL96,asAfsuauAfcGfGfaagcCfcAfagaagsusu,GOLD_LEGACY,9.09243453961412,0.8082867514646205,0.7158486235292849,0.9999998445470848,MULTI_DOSE_HILL
CUUGCAUAACCUUUCCCAUCA,UGAUGGGAAAGGUUAUGCAAGGU,csusugcaUfaAfCfCfuuucccauscsa,VPuGfaudGg(G2p)aaagguUfaUfgcaagsgsu,GOLD_LEGACY,10.916286740658885,0.0121258798124043,0.8449315323198264,0.9967427183300772,MULTI_DOSE_HILL
CUUGCUACCCAUUAGGAUAAU,AUUAUCCUAAUGGGUAGCAAGUU,csusugcuAfcCfCfAfuuaggauaauL96,asUfsuauc(Cgn)uaauggGfuAfgcaagsusu,GOLD_LEGACY,8.571446453079396,2.6825853401763067,1.145562956257567,0.9127511005664304,MULTI_DOSE_HILL
CUUGGAACGAGGUUCUCAUUU,AAAUGAGAACCUCGUUCCAAGAA,csusuggaAfcGfAfGfguucucauuuL96,asAfsaugAfgAfAfccucGfuUfccaagsasa,GOLD_LEGACY,8.257514720938012,5.5269467337086775,0.672048246154941,0.9999999999559858,MULTI_DOSE_HILL
CUUGGAAGAGAAGGGCAUCUG,CAGAUGCCCUUCUCUUCCAAGUU,fCpsmUpsfUmGfGmAfAmGfAmGfAmAfGmGfGmCfAmUfCmUpsfG,vmCpsfApsmGfAmUfGmCfCmCfUmUfCmUfCmUfUmCfCmAfAmGpsmUpsmU,GOLD_LEGACY,6.97779254845929,105.24644895612572,3.999999985237576,0.9999999834330764,MULTI_DOSE_HILL
CUUGGAAGAGAAGGGCAUCUU,GAUGCCCUUCUCUUCCAAGUU,fCpsmUpsfUmGfGmAfAmGfAmGfAmAfGmGfGmCfAmUfCpsmUpsmU,mGpsfApsmUfGmCfCmCfUmUfCmUfCmUfUmCfCmAfAmGpsmUpsmU,GOLD_LEGACY,6.729223831274278,186.54180242072763,0.5809009487337247,0.9726780539431464,MULTI_DOSE_HILL
CUUGGAAGGACAAGAACUGCU,AGCAGUTCUUGTCCUUCCAAGGA,csusuggaagGfAfCfaagaacugcuL96,asdGscadGudTcuugdTcCfuuccaagsgsa,GOLD_LEGACY,8.834897633898176,1.4625218599757048,0.5500973977830695,0.9998387417765564,MULTI_DOSE_HILL
CUUGGAAGGACAAGAACUGCU,AGCAGUUCUUGUCCUUCCAAGGA,csusuggaAfgGfAfCfaagaacugcuL96,asGfscagUfuCfUfugucCfuUfccaagsgsa,GOLD_LEGACY,7.9632422117076445,10.88322952111962,0.5625562339604603,0.9984042914860816,MULTI_DOSE_HILL
CUUGGACACAGCAGGACACCU,AGGUGUCCUGCTGUGUCCAAGAG,csusuggacaCfAfGfcaggacaccuL96,asdGsgudGudCcugcdTgUfguccaagsasg,GOLD_LEGACY,7.898350514288183,12.637160045181728,3.999988342693079,0.9944342058505492,MULTI_DOSE_HILL
CUUGGACUUGAUAUUGGUGCA,UGCACCAAUAUCAAGUCCAAGAU,csusuggacuUfGfAfuauuggugscsa,VPudGcadCcdAauaudCaAfguccaagsasu,GOLD_LEGACY,10.257197080545572,0.0553099058821327,0.8867998282230315,0.999999963923214,MULTI_DOSE_HILL
CUUGGGCUUCCGUAUAUAU,AUAUAUACGGAAGCCCAAG,cuuGGGcuuccGuAuAuAudTsdT,AuAuAuACGGAAGCCcAAGdTsdT,GOLD_LEGACY,8.04269356529191,9.063719040843036,0.5000001220207186,0.9999999999999788,MULTI_DOSE_HILL
CUUGGGCUUCCGUAUAUAUGU,ACAUAUAUACGGAAGCCCAAGAA,csusugggCfuUfCfCfguauauauguL96,asCfsauaUfaUfAfcggaAfgCfccaagsasa,GOLD_LEGACY,8.454872733774693,3.5085467380389628,0.8197192646475577,0.9912206435642616,MULTI_DOSE_HILL
CUUGGGCUUCCGUAUAUAUGU,ACAUAUAUACGGAAGCCCAAGAA,csusugggcuUfCfCfguauauauguL96,asdCsaudAudAuacgdGaAfgcccaagsasa,GOLD_LEGACY,9.8607007283848,0.1378158828743811,0.5000000010452604,0.9182936112036308,MULTI_DOSE_HILL
CUUGUGCGGAAGGCCAGGAUU,UCCUGGCCUUCCGCACAAGUU,fCpsmUpsfUmGfUmGfCmGfGmAfAmGfGmCfCmAfGmGfApsmUpsmU,mUpsfCpsmCfUmGfGmCfCmUfUmCfCmGfCmAfCmAfAmGpsmUpsmU,GOLD_LEGACY,6.004988160311463,988.5800448503468,4.0,1.0,MULTI_DOSE_HILL
CUUGUGUUAGUAAUAAACGUU,AACGTUTAUUACUAACACAAGGG,csusuguguuAfGfUfaauaaacguuL96,asdAscgdTudTauuadCuAfacacaagsgsg,GOLD_LEGACY,8.91750530109439,1.2091904232076862,0.5000000000000001,0.9960397625693124,MULTI_DOSE_HILL
CUUGUUUGUGAAACAAAAAAU,ATUUTUTGUUUCACAAACAAGCU,csusuguuugUfGfAfaacaaaaaauL96,asdTsuudTudTguuudCaCfaaacaagscsu,GOLD_LEGACY,10.47824523295051,0.0332471763536402,3.994664958999265,0.9999999921241546,MULTI_DOSE_HILL
CUUGUUUGUGAAACAAAAAAU,AUUUUUUGUUUCACAAACAAGCU,csusuguuUfgUfGfAfaacaaaaaauL96,asUfsuuuUfuGfUfuucaCfaAfacaagscsu,GOLD_LEGACY,10.400624984076964,0.0397534674909087,3.999951786992522,0.9999999921197296,MULTI_DOSE_HILL
CUUUAGUAAAUAUAAUGAGGA,UCCUCATUAUATUUACUAAAGCU,csusuuaguaAfAfUfauaaugagsgsa,VPudCcudCadTuauadTuUfacuaaagscsu,GOLD_LEGACY,11.20122302219445,0.0062918299705981,0.50000002355706,0.9902318094505588,MULTI_DOSE_HILL
CUUUCCAGCAAAACUCCCU,AGGGAGUUUUGCUGGAAAG,cuuuccAGcAAAAcucccudTsdT,AGGGAGUUUUGCUGGAAAGdTsdT,GOLD_LEGACY,10.413920509845775,0.0385548919323288,0.7304343933728824,0.9999652261773436,MULTI_DOSE_HILL
CUUUCCAGCAAAACUCCCUCU,AGAGGGAGUUUTGCUGGAAAGUG,csusuuccagCfAfAfaacucccucuL96,asdGsagdGgdAguuudTgCfuggaaagsusg,GOLD_LEGACY,10.351949104800292,0.0444683377095494,3.998573334301849,0.9999999918487572,MULTI_DOSE_HILL
CUUUCCAGCAAAACUCCCUCU,AGAGGGAGUUUUGCUGGAAAGUG,csusuuccAfgCfAfAfaacucccucuL96,asGfsaggGfaGfUfuuugCfuGfgaaagsusg,GOLD_LEGACY,9.5830977144298,0.2611573695206055,0.6945608110819612,1.0,MULTI_DOSE_HILL
CUUUCCAUUCUGCCGUCUUCU,AGAAGACGGCAGAAUGGAAAGAG,csusuuccauUfCfUfgccgucuucuL96,asdGsaadGadCggcadGaAfuggaaagsasg,GOLD_LEGACY,8.767639781344162,1.707498058947484,3.999997012258164,0.9999999997704188,MULTI_DOSE_HILL
CUUUGCUACUGUCACAGACUU,AAGUCUGUGACAGUAGCAAAGCU,csusuugcuaCfUfGfucacagacuuL96,asdAsgudCudGugacdAgUfagcaaagscsu,GOLD_LEGACY,8.883885897293544,1.3065141050497917,3.999998653572995,0.9999999978167536,MULTI_DOSE_HILL
CUUUGGAGUGAAGAGACCAAU,ATUGGUCUCUUCACUCCAAAGCC,csusuuggagUfGfAfagagaccaauL96,asdTsugdGudCucuudCaCfuccaaagscsc,GOLD_LEGACY,8.76074404062443,1.7348261479511484,3.999999999999937,0.9999999997988158,MULTI_DOSE_HILL
CUUUUGUAACUUGAAGAUAUU,AAUAUCUUCAAGUUACAAAAGCA,csusuuugUaACUugaagauauu,asAsuaucUucaaGuUaCaaaagscsa,GOLD_LEGACY,8.072341077819202,8.46562296236756,0.8879792267645106,0.9837928282360056,MULTI_DOSE_HILL
GAAACUGCAACUAGACUGCAU,ATGCAGTCUAGTUGCAGUUUCAG,gsasaacugcAfAfCfuagacugcauL96,asdTsgcdAgdTcuagdTuGfcaguuucsasg,GOLD_LEGACY,7.946709427604556,11.305520775225418,3.9999994238526906,0.9994874819465652,MULTI_DOSE_HILL
GAAACUGCAACUAGACUGCAU,AUGCAGTCUAGUUGCAGUUUCAG,gsasaacuGfcAfAfCfuagacugcauL96,asUfsgcdAg(Tgn)cuaguuGfcAfguuucsasg,GOLD_LEGACY,7.755190274933022,17.5715359373344,3.9999997292510185,0.9999999816884146,MULTI_DOSE_HILL
GAAAGAAGUGGGUGAUGUA,UACAUCACCCACUUCUUUCTT,gsasaagaAfgUfGfGfgugauguaL96,PlusAfscauCacccacuUfcUfuucsTsT,GOLD_LEGACY,10.05370126065364,0.0883687556002832,0.5000000000000001,0.9013475991673436,MULTI_DOSE_HILL
GAAAGCAGCCGUUUCUCCU,AGGAGAAACGGCUGCUUUCTT,gsasaagcAfgCfCfGfuuucuccuL96,PlasGfsgagAfaAfCfggcuGfcUfuucsTsT,GOLD_LEGACY,9.431531073736052,0.3702277146885496,4.0,0.9415397584274842,MULTI_DOSE_HILL
GAAAGCAGCCGUUUCUCCU,AGGAGAAACGGCUGCUUUCTT,gsasaagcAfgCfCfGfuuucuccuL96,PlasGfsgagAfaacggcuGfcUfuucsTsT,GOLD_LEGACY,9.444553209863692,0.3592913735936401,4.0,0.9731922274801956,MULTI_DOSE_HILL
GAAAGUGCCUGACACACUAAA,UUUAGUGUGUCAGGCACUUUCUG,gsasaaguGfcCfUfGfacacacuasasa,VPuUfuadGu(G2p)ugucagGfcAfcuuucsusg,GOLD_LEGACY,9.1513952311524,0.7056750599959912,1.2829904163014496,0.9008463101510144,MULTI_DOSE_HILL
GAAAUAAAGUUAUUACUCUGA,UCAGAGTAAUAACUUUAUUUCCA,gsasaau(Ahd)AfaGfUfUfauuacucugaL96,VPusCfsagdAg(Tgn)aauaacUfuUfauuucscsa,GOLD_LEGACY,7.99752094846901,10.057245500719656,0.5977109069607975,0.953393537424788,MULTI_DOSE_HILL
GAACAAAAAUUGGGUUUUAAU,ATUAAAACCCAAUUUUUGUUCUC,gsasacaaaaAfUfUfggguuuuaauL96,asdTsuadAadAcccadAuUfuuuguucsusc,GOLD_LEGACY,12.0,0.001,0.625993953295014,0.9971578036976464,MULTI_DOSE_HILL
GAACAAAAAUUGGGUUUUAAU,AUUAAAACCCAAUUUUUGUUCUC,gsasacaaAfaAfUfUfggguuuuaauL96,asUfsuaaAfaCfCfcaauUfuUfuguucsusc,GOLD_LEGACY,10.351949104800292,0.0444683377095494,3.998573334301849,0.9999999918487572,MULTI_DOSE_HILL
GAACACUAAUUCAUAAUCACA,UGUGAUUAUGAAUUAGUGUUCUA,gsasacacUfaAfUfUfcauaaucacaL96,VPusGfsugaUfuAfUfgaauUfaGfuguucsusa,GOLD_LEGACY,9.41843909804586,0.3815582971850266,0.7977064449070689,0.9957743412702476,MULTI_DOSE_HILL
GAACCAGUGUUUAGCGCGGGU,ACCCGCGCUAAACACUGGUUCUU,gsasaccaGfuGfUfUfuagcgcggguL96,asCfsccgCfgCfUfaaacAfcUfgguucsusu,GOLD_LEGACY,10.020829441099442,0.0953170425700244,0.5000987757269634,0.9888831313020362,MULTI_DOSE_HILL
GAACCAGUGUUUAGCGCGGGU,ACCCGCGCUAAACACUGGUUCUU,gsasaccaguGfUfUfuagcgcggguL96,asdCsccdGcdGcuaadAcAfcugguucsusu,GOLD_LEGACY,9.759481595735672,0.1739876427888726,0.7059219122683769,0.9999999920239871,MULTI_DOSE_HILL
GAACCGCCCAUUCCUGUUUGU,ACAAACAGGAAUGGGCGGUUCAG,gsasaccgCfcCfAfUfuccuguuuguL96,asCfsaaaCfaGfGfaaugGfgCfgguucsasg,GOLD_LEGACY,7.97092484268804,10.692399017064885,0.817949168834702,0.9995144578203252,MULTI_DOSE_HILL
GAACCUGCAAAAAUUGAGCAU,ATGCTCAAUUUTUGCAGGUUCAG,gsasaccugcAfAfAfaauugagcauL96,asdTsgcdTcdAauuudTuGfcagguucsasg,GOLD_LEGACY,10.494478503225334,0.0320273862035154,0.6487019951735633,0.9990293243474472,MULTI_DOSE_HILL
GAACCUGCAAAAAUUGAGCAU,AUGCUCAAUUUUUGCAGGUUCAG,gsasaccuGfcAfAfAfaauugagcauL96,asUfsgcuCfaAfUfuuuuGfcAfgguucsasg,GOLD_LEGACY,9.845255869674828,0.1428052356862878,0.5406173435309484,1.0,MULTI_DOSE_HILL
GAACGAGGUUCUCAUUGGAGU,ACUCCAAUGAGAACCUCGUUCCA,gsasacgaGfgUfUfCfucauuggaguL96,asCfsuccAfaUfGfagaaCfcUfcguucscsa,GOLD_LEGACY,8.863731144225943,1.3685757984505784,1.1543032750597635,0.9999999999966878,MULTI_DOSE_HILL
GAAGAGAAGGGCAUCUGCAUU,UGCAGAUGCCCUUCUCUUCUU,fGpsmApsfAmGfAmGfAmAfGmGfGmCfAmUfCmUfGmCfApsmUpsmU,mUpsfGpsmCfAmGfAmUfGmCfCmCfUmUfCmUfCmUfUmCpsmUpsmU,GOLD_LEGACY,6.6645988878132,216.47169223297487,0.5759400449177052,0.9727294806160146,MULTI_DOSE_HILL
GAAGAGAUUACCAAGACAU,AUGUCUUGGUAAUCUCUUCAU,gsasagagAfuUfAfCfcaagacauL96,PlasUfsgucUfugguaauCfuCfuucsasu,GOLD_LEGACY,9.25008546070657,0.5622306782426006,0.5000000000000001,0.973028954965282,MULTI_DOSE_HILL
GAAGAUGUCAGGGACUAGGGU,ACCCTAGUCCCTGACAUCUUCUC,gsasagauguCfAfGfggacuaggguL96,asdCsccdTadGucccdTgAfcaucuucsusc,GOLD_LEGACY,7.864977726853667,13.646531221414566,3.999999697960008,0.999999975103946,MULTI_DOSE_HILL
GAAGAUUGACAGGUUCAUGCU,AGCATGAACCUGUCAAUCUUCUC,gsasagauugAfCfAfgguucaugcuL96,asdGscadTgdAaccudGuCfaaucuucsusc,GOLD_LEGACY,9.715260600346449,0.1926368640193128,0.5822164022729195,1.0,MULTI_DOSE_HILL
GAAGAUUGACAGGUUCAUGCU,AGCAUGAACCUGUCAAUCUUCUC,gsasagauUfgAfCfAfgguucaugcuL96,asGfscauGfaAfCfcuguCfaAfucuucsusc,GOLD_LEGACY,9.762218854947347,0.1728944868761086,0.5000000000000001,0.9301220101525496,MULTI_DOSE_HILL
GAAGCAGAUAGAUGGUCCAGU,ACUGGACCAUCTAUCUGCUUCCU,gsasagcagaUfAfGfaugguccaguL96,asdCsugdGadCcaucdTaUfcugcuucscsu,GOLD_LEGACY,8.501545670477796,3.1510429985905515,1.0206015959081136,1.0,MULTI_DOSE_HILL
GAAGCCAUGCUCAAUGACCGU,ACGGUCAUUGAGCAUGGCUUCCA,gsasagc(Chd)AfuGfCfUfcaaugaccsgsu,asCfsgguCfaUfUfgagcAfuGfgcuucscsa,GOLD_LEGACY,8.311169376647108,4.884618200563059,0.5000000000000001,0.9707486799757168,MULTI_DOSE_HILL
GAAGCUUGACUUCAAGGACAA,UUGUCCTUGAAGUCAAGCUUCUC,gsasagc(Uhd)UfgAfCfUfucaaggacaaL96,VPusUfsgudCc(Tgn)ugaaguCfaAfgcuucsusc,GOLD_LEGACY,9.337184336521377,0.4600612588901501,1.6613866393039811,0.9988543656347048,MULTI_DOSE_HILL
GAAGGGAUGGAAGGUCUCCUA,UAGGAGACCUUCCAUCCCUUCCU,gsasagggAfuGfGfAfaggucuccsusa,VPuAfggdAg(Agn)ccuuccAfuCfccuucscsu,GOLD_LEGACY,10.075073837691306,0.0841252101850055,0.6760166094581824,0.9999797214288002,MULTI_DOSE_HILL
GAAGGGCAUCUGCAACAGGCC,GGCCUGUUGCAGAUGCCCUUCUU,fGpsmApsfAmGfGmGfCmAfUmCfUmGfCmAfAmCfAmGfGmCpsfC,vmGpsfGpsmCfCmUfGmUfUmGfCmAfGmAfUmGfCmCfCmUfUmCpsmUpsmU,GOLD_LEGACY,6.004988160311463,988.5800448503468,4.0,1.0,MULTI_DOSE_HILL
GAAGUCGUGGAUGCCUUGGUA,UACCAAGGCAUCCACGACUUCUU,fGpsmApsfAmGfUmCfGmUfGmGfAmUfGmCfCmUfUmGfGmUpsfA,vmUpsfApsmCfCmAfAmGfGmCfAmUfCmCfAmCfGmAfCmUfUmCpsmUpsmU,GOLD_LEGACY,8.773885180325951,1.6831189887344693,0.5000000000000001,0.9538046100718136,MULTI_DOSE_HILL
GAAGUUUCCCAGGCACAGGGU,ACCCTGTGCCUGGGAAACUUCAU,gsasaguuUfcCfCfAfggcacaggguL96,asCfsccdTg(Tgn)gccuggGfaAfacuucsasu,GOLD_LEGACY,7.692439596011188,20.303008852796296,3.9999999015907113,0.9999999831826883,MULTI_DOSE_HILL
GAAGUUUCCCAGGCACAGGGU,ACCCTGTGCCUGGGAAACUUCAU,gsasaguuucCfCfAfggcacaggguL96,asdCsccdTgdTgccudGgGfaaacuucsasu,GOLD_LEGACY,7.800355015088023,15.835981470299322,3.9999996935518047,0.9999999798511032,MULTI_DOSE_HILL
GAAUAUCAACAAGAACACA,UGUGUUCUUGUUGAUAUUCUU,mGmAfAmUfAmUfCfAfAmCfAmAfGmAfAmCfAmCfA,fU*fG*mUfGmUfUmCfUmUfGmUmUmGfAmUfAmUfUmC*mU*mU,GOLD_LEGACY,9.532594320472509,0.2933632305819428,3.9999999999813287,0.9985224062565566,MULTI_DOSE_HILL
GAAUCAGGUGUCCUAGAGAT,TCUCUAGGACACCUGAUUCTT,GfaAfuCfaGfGfUfgUfcCfuAfgAfgAf(invdT),dTCfuCfuAfgGfaCfaccUfgAfuUfcdTsdT,GOLD_LEGACY,7.785598815250569,16.383292489624182,3.311427701097326,0.9999996418574714,MULTI_DOSE_HILL
GAAUUAAAUACUCUCCCAAGU,ACUUGGGAGAGUAUUUAAUUCCC,gsasauuaAfaUfAfCfucucccaaguL96,asCfsuugGfgAfGfaguaUfuUfaauucscsc,GOLD_LEGACY,9.341221250316345,0.45580464817153,1.039709891774525,0.9999999813111448,MULTI_DOSE_HILL
GAAUUACUGCAGUGGGCAGUU,AACUGCCCACUGCAGUAAUUCAG,gsasauuacuGfCfAfgugggcaguuL96,asdAscudGcdCcacudGcAfguaauucsasg,GOLD_LEGACY,6.041923858923204,907.9797044142332,3.9999021895294833,1.0,MULTI_DOSE_HILL
GAAUUCCAACCGACCAGCUUU,AAAGCUGGUCGGUUGGAAUUCUU,gsasauucCfaAfCfCfgaccagcuuuL96,asAfsagcUfgGfUfcgguUfgGfaauucsusu,GOLD_LEGACY,10.296843247135158,0.0504843481278761,0.5000000700757097,0.9994078060171424,MULTI_DOSE_HILL
GAAUUCCAACCGACCAGCUUU,AAAGCUGGUCGGUUGGAAUUCUU,gsasauuccaAfCfCfgaccagcuuuL96,asdAsagdCudGgucgdGuUfggaauucsusu,GOLD_LEGACY,11.162171026830702,0.0068838115582342,0.5000242390057996,0.9658439286843492,MULTI_DOSE_HILL
GAAUUGAGUAAUGGUGUAGAA,UUCUACACCAUUACUCAAUUCUU,gsasauugAfgUfAfAfugguguagsasa,VPuUfcudAc(Agn)ccauuaCfuCfaauucsusu,GOLD_LEGACY,10.587320852693413,0.0258630147387017,0.5000191995849531,0.9034606453875758,MULTI_DOSE_HILL
GACAACACUUGAAGCAUGGU,AACCAUGCUUCAAGUGUUGUCUU,(GalNAc3)sgacaacAfcUfUfGfAfagcauggus(invAb),asAfsccauGfcuucaaGfuGfuugucsusu,GOLD_LEGACY,9.357193093798264,0.4393462321241868,2.971324282109883,0.9326665805252164,MULTI_DOSE_HILL
GACAACAGCACCUCAGUGUCU,AGACACUGAGGUGCUGUUGUCCA,gsascaacAfgCfAfCfcucagugucuL96,asGfsacaCfuGfAfggugCfuGfuugucscsa,GOLD_LEGACY,10.353661424420936,0.0442933548383044,0.5726715814862549,0.9999999982012612,MULTI_DOSE_HILL
GACAACGUACCCUUCAUUGA(invAb),AUCAAUGAAGGGUACGUUGUCUU,(sGalNAc3)gacaacGfuAfCfCfCfuucauugas(invAb),asUfscaauGfaaggguAfcGfuugucsusu,GOLD_LEGACY,9.332696435915304,0.4648400766040754,2.408460798558423,0.9992896611432944,MULTI_DOSE_HILL
GACAAUAGAAGACAGGUGGCU,AGCCACCUGUCTUCUAUUGUCUG,gsascaauagAfAfGfacagguggcuL96,asdGsccdAcdCugucdTuCfuauugucsusg,GOLD_LEGACY,7.506966324440735,31.11957631561975,3.999999854729967,0.9999999846784374,MULTI_DOSE_HILL
GACACAGCAGGACACCAGCAU,ATGCTGGUGUCCUGCUGUGUCCA,gsascacagcAfGfGfacaccagcauL96,asdTsgcdTgdGugucdCuGfcugugucscsa,GOLD_LEGACY,6.041923858923204,907.9797044142332,3.9999021895294833,1.0,MULTI_DOSE_HILL
GACACCACAUCAACAUAAU,AUUAUGUUGAUGUGGUGUCAU,GmsAmsCmAmCfCmAfCfAfUmCmAmAmCmAmUmAmAmUm,AmsUfsUmAfUmGfUmUmGfAmUmGfUmGfGmUfGmUfCmsAmsUm,GOLD_LEGACY,10.047244842430676,0.0896922993184067,1.3369818216680922,0.9962441832995778,MULTI_DOSE_HILL
GACACCACAUCAACAUAAUAGAG,AUUAUGUUGAUGUGGUGUCAU,GmsAmsCmAmCfCmAfCfAfUmCmAmAmCmAmUmAmAmUmAmGm(-NAG0052'),AmsUfsUmAfUmGfUmUfGmAfUmGfUmGmGmUfGmUfCmsAfsUm,GOLD_LEGACY,8.90242884560533,1.2519043670503296,0.7122097711109463,0.956111146156881,MULTI_DOSE_HILL
GACACCAGCAGCCCUUCCUAU,ATAGGAAGGGCTGCUGGUGUCCU,gsascaccagCfAfGfcccuuccuauL96,asdTsagdGadAgggcdTgCfuggugucscsu,GOLD_LEGACY,7.959490830495555,10.977644677496489,3.999999948521633,0.9982989406886807,MULTI_DOSE_HILL
GACAGAGUUACUUCACUCUAA,UUAGAGTGAAGUAACUCUGUCAG,gsascagaGfuUfAfCfuucacucusasa,VPuUfagdAg(Tgn)gaaguaAfcUfcugucsasg,GOLD_LEGACY,10.866580784614,0.013596252311837,0.9584118230614512,0.987450373846336,MULTI_DOSE_HILL
GACAGGCUACAGGCAAUCCUU,AAGGAUTGCCUGUAGCCUGUCAG,gsascaggcuAfCfAfggcaauccuuL96,asdAsggdAudTgccudGuAfgccugucsasg,GOLD_LEGACY,8.429176939499902,3.7224001797787607,0.5000000000000001,0.961120425468734,MULTI_DOSE_HILL
GACAGGCUACAGGCAAUCCUU,AAGGAUUGCCUGUAGCCUGUCAG,gsascaggCfuAfCfAfggcaauccuuL96,asAfsggaUfuGfCfcuguAfgCfcugucsasg,GOLD_LEGACY,9.70790989919241,0.1959251106937079,0.7098750044958023,1.0,MULTI_DOSE_HILL
GACAGGUUCAUGCAGGCUGUU,AACAGCCUGCATGAACCUGUCAA,gsascagguuCfAfUfgcaggcuguuL96,asdAscadGcdCugcadTgAfaccugucsasa,GOLD_LEGACY,11.357764925621568,0.0043876812937963,0.5011529171970017,0.9738512338679672,MULTI_DOSE_HILL
GACAGGUUCAUGCAGGCUGUU,AACAGCCUGCAUGAACCUGUCAA,gsascaggUfuCfAfUfgcaggcuguuL96,asAfscagCfcUfGfcaugAfaCfcugucsasa,GOLD_LEGACY,9.719251654905628,0.1908746901617099,0.5906977760490414,1.0,MULTI_DOSE_HILL
GACAGUAUAUCCAGCCGAA,UUCGGCUGGAUAUACUGUCUU,mGmAfCmAfGmUfAfUfAmUfCmCfAmGfCmCfGmAfA,fU*fU*mCfGmGfCmUfGmGfAmUmAmUfAmCfUmGfUmC*mU*mU,GOLD_LEGACY,9.513225682853044,0.3067427573229114,3.999999999967755,0.9888757665227488,MULTI_DOSE_HILL
GACAUCUGCCCUAAAGUCAA(invAb),AUUGACUUUAGGGCAGAUGUCUU,(sGalNAc3)gacaucUfgCfCfCfUfaaagucaas(invAb),asUfsugacUfuuagggCfaGfaugucsusu,GOLD_LEGACY,9.356544063617076,0.4400033027358317,2.704558491215597,0.9642042600929576,MULTI_DOSE_HILL
GACAUCUGCCCUAAAGUCAAG,CUUGACUUUAGGGCAGAUGUCUU,fGpsmApsfCmAfUmCfUmGfCmCfCmUfAmAfAmGfUmCfAmApsfG,vmCpsfUpsmUfGmAfCmUfUmUfAmGfGmGfCmAfGmAfUmGfUmCpsmUpsmU,GOLD_LEGACY,8.880688677577204,1.3161679843459329,0.9705877335114916,0.961656877210122,MULTI_DOSE_HILL
GACAUGAGCUGUGAGGGUCAU,ATGACCCUCACAGCUCAUGUCUG,gsascaugagCfUfGfugagggucauL96,asdTsgadCcdCucacdAgCfucaugucsusg,GOLD_LEGACY,7.824214160693114,14.98945488397694,3.9999888053238406,0.9742232794589262,MULTI_DOSE_HILL
GACAUGGCUUCCAGAUAUGCU,AGCAUAUCUGGAAGCCAUGUCAC,gsascaugGfcUfUfCfcagauaugcuL96,asGfscauAfucuggaaGfcCfaugucsasc,GOLD_LEGACY,7.745909261080922,17.95108647031929,0.7814348312314146,0.9149973859334156,MULTI_DOSE_HILL
GACCAAGAUGAAGUUUCCCAU,ATGGGAAACUUCAUCUUGGUCUC,gsasccaagaUfGfAfaguuucccauL96,asdTsggdGadAacuudCaUfcuuggucsusc,GOLD_LEGACY,8.005686589904444,9.869914944701009,4.0,0.999999936743684,MULTI_DOSE_HILL
GACCAGCUUGUUUGUGAAACU,AGUUTCACAAACAAGCUGGUCGG,gsasccagcuUfGfUfuugugaaacuL96,asdGsuudTcdAcaaadCaAfgcuggucsgsg,GOLD_LEGACY,11.233089017497653,0.005846702317921,0.5000000017859192,0.9714694351942004,MULTI_DOSE_HILL
GACCAGCUUGUUUGUGAAACU,AGUUUCACAAACAAGCUGGUCGG,gsasccagCfuUfGfUfuugugaaacuL96,asGfsuuuCfaCfAfaacaAfgCfuggucsgsg,GOLD_LEGACY,10.490721372752686,0.032305660684841,0.5036447252061407,0.9872540611646472,MULTI_DOSE_HILL
GACCAGUCGUCCCAGAAUAAU,ATUATUCUGGGACGACUGGUCAG,gsasccagucGfUfCfccagaauaauL96,asdTsuadTudCugggdAcGfacuggucsasg,GOLD_LEGACY,9.064237233639014,0.8625072739108413,1.0932750558060471,0.998164141121521,MULTI_DOSE_HILL
GACCCACUGGGAGACAAGCAU,ATGCTUGUCUCCCAGUGGGUCCU,gsascccacuGfGfGfagacaagcauL96,asdTsgcdTudGucucdCcAfgugggucscsu,GOLD_LEGACY,8.049719493490299,8.918267742415926,1.0082299666411962,1.0,MULTI_DOSE_HILL
GACGCAGAGCGCGGCUGGAUU,UCCAGCCGCGCUCUGCGUCUU,fGpsmApsfCmGfCmAfGmAfGmCfGmCfGmGfCmUfGmGfApsmUpsmU,mUpsfCpsmCfAmGfCmCfGmCfGmCfUmCfUmGfCmGfUmCpsmUpsmU,GOLD_LEGACY,6.372788652308169,423.8491803959407,0.8143146953204689,1.0,MULTI_DOSE_HILL
GACGCGCGCAUGUUGUUCGGC,GCCGAACAACAUGCGCGCGUCUU,fGpsmApsfCmGfCmGfCmGfCmAfUmGfUmUfGmUfUmCfGmGpsfC,vmGpsfCpsmCfGmAfAmCfAmAfCmAfUmGfCmGfCmGfCmGfUmCpsmUpsmU,GOLD_LEGACY,6.429150788414295,372.26243312259743,0.949519857464687,1.0,MULTI_DOSE_HILL
GACGGAGCAACUGCCAUCCGU,ACGGAUGGCAGTUGCUCCGUCUG,gsascggagcAfAfCfugccauccguL96,asdCsggdAudGgcagdTuGfcuccgucsusg,GOLD_LEGACY,8.030972959639797,9.311658505911977,1.380072108078671,0.9999782000884728,MULTI_DOSE_HILL
GACGGAUGUGCCAGAUAUGGU,ACCATATCUGGCACAUCCGUCUU,gsascggaugUfGfCfcagauaugguL96,asdCscadTadTcuggdCaCfauccgucsusu,GOLD_LEGACY,7.837184676907599,14.548403010391876,3.999983076942637,0.99958270082888,MULTI_DOSE_HILL
GACUAAAUACCAUUCCAUUGA,UCAATGGAAUGGUAUUUAGUCCU,gsascuaaAfuAfCfCfauuccauusgsa,VPuCfaadTg(G2p)aaugguAfuUfuagucscsu,GOLD_LEGACY,10.636876162484224,0.0230740504320563,0.8256989823395228,0.9996522137848026,MULTI_DOSE_HILL
GACUACCAGUUGUGGUUAAGA,UCUUAACCACAACUGGUAGUCCA,gsascuaccaGfUfUfgugguuaasgsa,VPudCuudAadCcacadAcUfgguagucscsa,GOLD_LEGACY,11.477987838736995,0.0033266886867131,0.5000157814235255,0.9865365076625796,MULTI_DOSE_HILL
GACUAUCCAGUUGAUGGGCUA,UAGCCCAUCAACUGGAUAGUCAG,gsascuauCfcAfGfUfugaugggcuaL96,VPusAfsgccCfaUfCfaacuGfgAfuagucsasg,GOLD_LEGACY,8.753386753598754,1.7644658056715097,0.8657950258716868,0.9851666715041614,MULTI_DOSE_HILL
GACUCAACAGACGGAGCAACU,AGUUGCTCCGUCUGUUGAGUCUG,gsascucaAfcAfGfAfcggagcaacuL96,asGfsuudGc(Tgn)ccgucuGfuUfgagucsusg,GOLD_LEGACY,7.674088284383979,21.17930553677231,0.6922837615579016,0.990009904989689,MULTI_DOSE_HILL
GACUCAACAGACGGAGCAACU,AGUUGCTCCGUCUGUUGAGUCUG,gsascucaacAfGfAfcggagcaacuL96,asdGsuudGcdTccgudCuGfuugagucsusg,GOLD_LEGACY,8.248366853263766,5.6445996791127735,0.866667015522644,0.9949593201962892,MULTI_DOSE_HILL
GACUCCACUUCAGCCUACAGU,ACUGTAGGCUGAAGUGGAGUCUG,gsascuccacUfUfCfagccuacaguL96,asdCsugdTadGgcugdAaGfuggagucsusg,GOLD_LEGACY,8.041389053998898,9.090985100802635,0.8450073967233365,0.996274383548682,MULTI_DOSE_HILL
GACUGAGGAAACCCCCGGAT,TCCGGGGGUUUCCUCAGUCTT,GfaCfuGfaGfGfAfaAfcCfcCfcGfgAf(invdT),dTCfcGfgGfgGfuUfuccUfcAfgUfcdTsdT,GOLD_LEGACY,6.199323327248309,631.9412032420688,3.999908376412997,1.0,MULTI_DOSE_HILL
GACUGCAGCAACAGAGAAA,UUUCUCUGUUGCUGCAGUCUU,mGmAfCmUfGmCfAfGfCmAfAmCfAmGfAmGfAmAfA,fU*fU*mUfCmUfCmUfGmUfUmGmCmUfGmCfAmGfUmC*mU*mU,GOLD_LEGACY,9.175395061963036,0.6677362257491362,1.6469371587042618,1.0,MULTI_DOSE_HILL
GACUGGAUACUGCAGCCCGAU,ATCGGGCUGCAGUAUCCAGUCCC,gsascuggauAfCfUfgcagcccgauL96,asdTscgdGgdCugcadGuAfuccagucscsc,GOLD_LEGACY,7.880862638038752,13.156408872966145,3.9998923810939626,0.9677403947472082,MULTI_DOSE_HILL
GACUUCCAGGAACUGGGAUGU,ACAUCCCAGUUCCUGGAAGUCCU,gsascuuccaGfGfAfacugggauguL96,asdCsaudCcdCaguudCcUfggaagucscsu,GOLD_LEGACY,8.068403927115249,8.542718051025782,1.557005537206506,0.9999951078770382,MULTI_DOSE_HILL
GACUUCCAGGAACUGGGAUGU,ACAUCCCAGUUCCUGGAAGUCUA,gsascuuccaGfGfAfacugggauguL96,asdCsaudCcdCaguudCcUfggaagucsusa,GOLD_LEGACY,7.809951837490476,15.489883895304455,3.999999953383965,0.9984660169052102,MULTI_DOSE_HILL
GACUUUCGGUCCAAAGACGAU,AUCGUCTUUGGACCGAAAGUCAG,gsascuuuCfgGfUfCfcaaagacgauL96,asUfscguc(Tgn)uuggacCfgAfaagucsasg,GOLD_LEGACY,7.160737770538237,69.06567003829569,4.0,0.980430859224632,MULTI_DOSE_HILL
GAGAAGAUUGACAGGUUCAUU,AAUGAACCUGUCAAUCUUCUCAG,gsasgaagAfuUfGfAfcagguucauuL96,asAfsugaAfcCfUfgucaAfuCfuucucsasg,GOLD_LEGACY,12.0,0.001,0.700319279596784,0.9703464591771628,MULTI_DOSE_HILL
GAGACAAGCAUUUAUACUUUU,AAAAGUAUAAATGCUUGUCUCCC,gsasgacaagCfAfUfuuauacuuuuL96,asdAsaadGudAuaaadTgCfuugucucscsc,GOLD_LEGACY,8.841920842933302,1.4390608460479275,3.999999999953374,0.999999999035898,MULTI_DOSE_HILL
GAGACAAGCAUUUAUACUUUU,AAAAGUAUAAAUGCUUGUCUCCC,gsasgacaAfgCfAfUfuuauacuuuuL96,asAfsaadGu(Agn)uaaaugCfuUfgucucscsc,GOLD_LEGACY,8.086456776877174,8.19489178715358,4.0,0.9999999459845076,MULTI_DOSE_HILL
GAGACCAAGAUGAAGUUUCCU,AGGAAACUUCATCUUGGUCUCUU,gsasgaccaaGfAfUfgaaguuuccuL96,asdGsgadAadCuucadTcUfuggucucsusu,GOLD_LEGACY,8.89715363952067,1.2672034904189755,3.999999636328478,0.9999999971739886,MULTI_DOSE_HILL
GAGAGAGCCCACAGAGUCUAU,AUAGACUCUGUGGGCUCUCUCUC,gsasgagaGfcCfCfAfcagagucuauL96,asUfsagaCfuCfUfguggGfcUfcucucsusc,GOLD_LEGACY,8.95670294676524,1.1048340573504414,0.5000000000000001,0.93938483509658,MULTI_DOSE_HILL
GAGAGUACCUGUGAGCAGCUU,AAGCTGCUCACAGGUACUCUCAU,gsasgaguacCfUfGfugagcagcuuL96,asdAsgcdTgdCucacdAgGfuacucucsasu,GOLD_LEGACY,10.79949204317666,0.015867479899122,0.5000001458083448,0.9999967974079844,MULTI_DOSE_HILL
GAGAGUACCUGUGAGCAGCUU,AAGCUGCUCACAGGUACUCUCAU,gsasgaguAfcCfUfGfugagcagcuuL96,asAfsgcuGfcUfCfacagGfuAfcucucsasu,GOLD_LEGACY,8.912167679925401,1.2241434695268176,0.5894651346628025,0.9998397960096892,MULTI_DOSE_HILL
GAGAUAUGCCUUCGAGGAUAU,AUAUCCTCGAAGGCAUAUCUCUC,gsasgauaUfgCfCfUfucgaggauauL96,asUfsaucc(Tgn)cgaaggCfaUfaucucsusc,GOLD_LEGACY,8.557336486095453,2.77117220207424,0.7267400380328239,0.9601649361936508,MULTI_DOSE_HILL
GAGCACCACAUCACCAACCUU,AAGGTUGGUGATGUGGUGCUCAG,gsasgcaccaCfAfUfcaccaaccuuL96,asdAsggdTudGgugadTgUfggugcucsasg,GOLD_LEGACY,8.814537567749586,1.532718615961549,3.997941433933215,0.999999999426911,MULTI_DOSE_HILL
GAGCACGCCCCGCACCUCCUC,GAGGAGGUGCGGGGCGUGCUCUU,fGpsmApsfGmCfAmCfGmCfCmCfCmGfCmAfCmCfUmCfCmUpsfC,vmGpsfApsmGfGmAfGmGfUmGfCmGfGmGfGmCfGmUfGmCfUmCpsmUpsmU,GOLD_LEGACY,6.004988160311463,988.5800448503468,4.0,1.0,MULTI_DOSE_HILL
GAGCACGCCCCGCACCUCCUU,GGAGGUGCGGGGCGUGCUCUU,fGpsmApsfGmCfAmCfGmCfCmCfCmGfCmAfCmCfUmCfCpsmUpsmU,mGpsfGpsmAfGmGfUmGfCmGfGmGfGmCfGmUfGmCfUmCpsmUpsmU,GOLD_LEGACY,7.007003797703339,98.40025010791072,3.9999999767917855,0.9999999829336256,MULTI_DOSE_HILL
GAGCCAAUGGCUUGGAAUGAA,UUCATUCCAAGCCAUUGGCUCUG,gsasgccaAfuGfGfCfuuggaaugsasa,VPuUfcadTu(C2p)caagccAfuUfggcucsusg,GOLD_LEGACY,10.481417846136669,0.0330051836677834,0.5000000830164161,0.9935821883233013,MULTI_DOSE_HILL
GAGCGCAUGAAUCAGUCUCUU,AAGAGACUGAUUCAUGCGCUCAU,gsasgcg(Chd)AfuGfAfAfucagucucsusu,asAfsgagAfcUfGfauucAfuGfcgcucsasu,GOLD_LEGACY,11.553109667389212,0.0027982746143141,0.5000030145603401,0.99866309441377,MULTI_DOSE_HILL
GAGCUAGCCAAGCAGCAAAUU,AAUUTGCUGCUTGGCUAGCUCCA,gsasgcuagcCfAfAfgcagcaaauuL96,asdAsuudTgdCugcudTgGfcuagcucscsa,GOLD_LEGACY,8.89609076592449,1.2703085877136022,0.54003816198559,1.0,MULTI_DOSE_HILL
GAGCUCUGGUGCUGGAGCUAU,ATAGCUCCAGCACCAGAGCUCGU,gsasgcucugGfUfGfcuggagcuauL96,asdTsagdCudCcagcdAcCfagagcucsgsu,GOLD_LEGACY,7.682355130130928,20.779967781664084,0.5000000000000304,0.9998453316267576,MULTI_DOSE_HILL
GAGCUGAACCUGCAAAAAUUU,AAAUTUTUGCAGGUUCAGCUCGG,gsasgcugaaCfCfUfgcaaaaauuuL96,asdAsaudTudTugcadGgUfucagcucsgsg,GOLD_LEGACY,11.4537762125858,0.0035174164263616,0.5000001650551587,0.9891862597905572,MULTI_DOSE_HILL
GAGCUGAACCUGCAAAAAUUU,AAAUUUUUGCAGGUUCAGCUCGG,gsasgcugAfaCfCfUfgcaaaaauuuL96,asAfsauuUfuUfGfcaggUfuCfagcucsgsg,GOLD_LEGACY,11.361467398910648,0.0043504341671446,0.5001589177529941,0.9964863905849204,MULTI_DOSE_HILL
GAGCUGUGAGGGUCAAGCACU,AGUGCUTGACCCUCACAGCUCAU,gsasgcugUfgAfGfGfgucaagcacuL96,asGfsugdCu(Tgn)gacccuCfaCfagcucsasu,GOLD_LEGACY,7.146590851097978,71.35249255288078,0.5000000000000001,0.9064736800566616,MULTI_DOSE_HILL
GAGGAAGAAGUGGCUGAGGUU,AACCUCAGCCACUUCUUCCUCCU,gsasgga(Ahd)GfaAfGfUfggcugaggsusu,asAfsccuCfaGfCfcacuUfcUfuccucscsu,GOLD_LEGACY,9.792061956103664,0.1614128270151748,0.7859307610382478,1.0,MULTI_DOSE_HILL
GAGGAAGCAGAUAGAUGGUCU,AGACCATCUAUCUGCUUCCUCCU,gsasggaaGfcAfGfAfuagauggucuL96,asGfsacdCa(Tgn)cuaucuGfcUfuccucscsu,GOLD_LEGACY,8.028590591028138,9.362878959064492,4.0,0.9999999205840564,MULTI_DOSE_HILL
GAGGAAGCAGAUAGAUGGUCU,AGACCATCUAUCUGCUUCCUCCU,gsasggaagcAfGfAfuagauggucuL96,asdGsacdCadTcuaudCuGfcuuccucscsu,GOLD_LEGACY,8.172240520282843,6.726040526042075,1.60538931263269,0.9999949259683129,MULTI_DOSE_HILL
GAGGACAAGCCACAAGAUUAA,UUAATCTUGUGGCUUGUCCUCAG,gsasggacAfaGfCfCfacaagauusasa,VPuUfaadTc(Tgn)uguggcUfuGfuccucsasg,GOLD_LEGACY,11.09752615281842,0.0079886583324551,0.57011345858476,1.0,MULTI_DOSE_HILL
GAGGACUAAAUACCAUUCCAA,UTGGAATGGUATUUAGUCCUCUG,gsasggacuaAfAfUfaccauuccsasa,VPudTggdAadTgguadTuUfaguccucsusg,GOLD_LEGACY,11.1053179738646,0.0078466092542687,0.769105058208933,1.0,MULTI_DOSE_HILL
GAGGACUAAAUACCAUUCCAA,UUGGAATGGUAUUUAGUCCUCUG,gsasggacUfaAfAfUfaccauuccsasa,VPuUfggdAa(Tgn)gguauuUfaGfuccucsusg,GOLD_LEGACY,10.664158847646943,0.0216691138986157,0.7862541554409186,0.999507286094198,MULTI_DOSE_HILL
GAGGAGGUCAUCAGCUUUGCU,AGCAAAGCUGATGACCUCCUCCC,gsasggagguCfAfUfcagcuuugcuL96,asdGscadAadGcugadTgAfccuccucscsc,GOLD_LEGACY,8.626494799967194,2.3632256951100667,1.0754697617184124,0.996544266433238,MULTI_DOSE_HILL
GAGGAGUAACAAUACAAAUGA,UCAUUUGUAUUGUUACUCCUCGA,gsasggagUfaAfCfAfauacaaaugaL96,VPusCfsauuUfgUfAfuuguUfaCfuccucsgsa,GOLD_LEGACY,10.06177022843085,0.0867420679413935,0.8395836692293003,0.999999999047977,MULTI_DOSE_HILL
GAGGAGUGAGUGACAACGUAU,AUACGUTGUCACUCACUCCUCCA,gsasggagUfgAfGfUfgacaacguauL96,asUfsacgu(Tgn)gucacuCfaCfuccucscsa,GOLD_LEGACY,8.497955639588241,3.177198584649871,0.7114789907524149,0.9069873195287113,MULTI_DOSE_HILL
GAGGAUUCUUGGAACGAGGUU,AACCUCGUUCCAAGAAUCCUCAG,gsasggauUfcUfUfGfgaacgagguuL96,asAfsccuCfgUfUfccaaGfaAfuccucsasg,GOLD_LEGACY,8.622550462781595,2.3847866794384065,1.2657482641654538,0.9997690378570568,MULTI_DOSE_HILL
GAGGCAAGAACCAGUGUUUAU,ATAAACACUGGTUCUUGCCUCCC,gsasggcaagAfAfCfcaguguuuauL96,asdTsaadAcdAcuggdTuCfuugccucscsc,GOLD_LEGACY,11.404847686124626,0.0039368812383624,0.500156256343206,0.934517956550539,MULTI_DOSE_HILL
GAGGCAAGAACCAGUGUUUAU,AUAAACACUGGUUCUUGCCUCCC,gsasggcaAfgAfAfCfcaguguuuauL96,asUfsaaaCfaCfUfgguuCfuUfgccucscsc,GOLD_LEGACY,11.404152356747726,0.0039431894505317,0.5004107195095465,0.9733248614432556,MULTI_DOSE_HILL
GAGGCCUGUGGCUGCAGCUAU,ATAGCUGCAGCCACAGGCCUCCA,gsasggccugUfGfGfcugcagcuauL96,asdTsagdCudGcagcdCaCfaggccucscsa,GOLD_LEGACY,8.20647597252595,6.216186380410409,2.499331969958971,0.9999999971965764,MULTI_DOSE_HILL
GAGGGUCUCACUUUCCAGCAU,ATGCTGGAAAGTGAGACCCUCCA,gsasgggucuCfAfCfuuuccagcauL96,asdTsgcdTgdGaaagdTgAfgacccucscsa,GOLD_LEGACY,11.23273322656942,0.0058514941263737,0.5003903158832328,0.998723461449992,MULTI_DOSE_HILL
GAGGGUCUCACUUUCCAGCAU,AUGCUGGAAAGUGAGACCCUCCA,gsasggguCfuCfAfCfuuuccagcauL96,asUfsgcuGfgAfAfagugAfgAfcccucscsa,GOLD_LEGACY,10.263067960658468,0.0545672464745525,0.5000000013956288,0.9659772690409802,MULTI_DOSE_HILL
GAGGUCAUCAGCUUUGCUACU,AGUAGCAAAGCUGAUGACCUCCU,gsasggucAfuCfAfGfcuuugcuacuL96,asGfsuadGc(Agn)aagcugAfuGfaccucscsu,GOLD_LEGACY,8.492310045102945,3.218770074050832,1.5110405599883203,0.9999323695020984,MULTI_DOSE_HILL
GAGGUGCUGAACAGCAUUUUU,AAAAAUGCUGUUCAGCACCUCCC,gsasggugCfuGfAfAfcagcauuuuuL96,asAfsaaaUfgCfUfguucAfgCfaccucscsc,GOLD_LEGACY,12.0,0.001,0.7034763684306824,0.969970037493852,MULTI_DOSE_HILL
GAGUAAUGGUGUAGAACACUA,UAGUGUTCUACACCAUUACUCAA,gsasguaaUfgGfUfGfuagaacacsusa,VPuAfgudGu(Tgn)cuacacCfaUfuacucsasa,GOLD_LEGACY,11.567234355316652,0.0027087295445165,0.5000000038269322,0.9276849535841176,MULTI_DOSE_HILL
GAGUACCUGUGAGCAGCUGGU,ACCAGCTGCUCACAGGUACUCUC,gsasguaccuGfUfGfagcagcugguL96,asdCscadGcdTgcucdAcAfgguacucsusc,GOLD_LEGACY,8.894049930146823,1.2762920671042737,0.7559314318000984,0.9999999999418704,MULTI_DOSE_HILL
GAGUACCUGUGAGCAGCUGGU,ACCAGCUGCUCACAGGUACUCUC,gsasguacCfuGfUfGfagcagcugguL96,asCfscagCfuGfCfucacAfgGfuacucsusc,GOLD_LEGACY,9.477118841454176,0.3333351855881906,1.1469390807159958,0.9999999964065176,MULTI_DOSE_HILL
GAGUGAAGAGACCAAGAUGAU,ATCATCTUGGUCUCUUCACUCCA,gsasgugaagAfGfAfccaagaugauL96,asdTscadTcdTuggudCuCfuucacucscsa,GOLD_LEGACY,8.693574705633594,2.025001244091325,3.999999085132108,0.9999999999437884,MULTI_DOSE_HILL
GAGUGAAGAGACCAAGAUGAU,AUCATCTUGGUCUCUUCACUCCA,gsasgugaAfgAfGfAfccaagaugauL96,asUfscadTc(Tgn)uggucuCfuUfcacucscsa,GOLD_LEGACY,8.138397812194084,7.271134660639864,3.999999999989967,0.9999996859082708,MULTI_DOSE_HILL
GAGUGAGUGACAACGUACCCU,AGGGUACGUUGUCACUCACUCCU,gsasgugaGfuGfAfCfaacguacccuL96,asGfsggua(Cgn)guugucAfcUfcacucscsu,GOLD_LEGACY,6.98524034472995,103.45694627990356,0.649823278956549,0.960110606213065,MULTI_DOSE_HILL
GAGUGUGGCUCCAGGGAAUGU,ACAUTCCCUGGAGCCACACUCCC,gsasguguggCfUfCfcagggaauguL96,asdCsaudTcdCcuggdAgCfcacacucscsc,GOLD_LEGACY,7.101696999469071,79.12304647091345,0.5000000000000001,0.9353113922370984,MULTI_DOSE_HILL
GAGUUCUGGGUGGACAACAGU,ACUGTUGUCCACCCAGAACUCCU,gsasguucugGfGfUfggacaacaguL96,asdCsugdTudGuccadCcCfagaacucscsu,GOLD_LEGACY,9.01929577926558,0.9565423895827588,0.9759845944215308,0.9999999999580182,MULTI_DOSE_HILL
GAGUUCUGGGUGGACAACAGU,ACUGUUGUCCACCCAGAACUCCU,gsasguucUfgGfGfUfggacaacaguL96,asCfsuguUfgUfCfcaccCfaGfaacucscsu,GOLD_LEGACY,7.97022631231534,10.709610783829952,0.5473751849143149,0.9216532526042492,MULTI_DOSE_HILL
GAUAGAUGGUCCAGCAGGCUU,AAGCCUGCUGGACCAUCUAUCUG,gsasuagaugGfUfCfcagcaggcuuL96,asdAsgcdCudGcuggdAcCfaucuaucsusg,GOLD_LEGACY,8.04683804749064,8.977635165710357,3.0921892147528385,1.0,MULTI_DOSE_HILL
GAUCACAAAAGCACUUCUA,UAGAAGUGCUUUUGUGAUCUU,mGmAfUmCfAmCfAfAfAmAfGmCfAmCfUmUfCmUfA,fU*fA*mGfAmAfGmUfGmCfUmUmUmUfGmUfGmAfUmC*mU*mU,GOLD_LEGACY,9.490829031355682,0.3229765332717288,3.9999999999998335,0.9995657737449462,MULTI_DOSE_HILL
GAUCACCAAUGUGGUAGAAGU,ACUUCUACCACAUUGGUGAUCUG,gsasuca(Chd)CfaAfUfGfugguagaasgsu,asCfsuucUfaCfCfacauUfgGfugaucsusg,GOLD_LEGACY,10.750005800879364,0.0177825565768685,0.9220383703248556,0.9999990220345256,MULTI_DOSE_HILL
GAUCUACUUUCAGCCUUCCUU,AAGGAAGGCUGAAAGUAGAUCAU,gsasucuacuUfUfCfagccuuccuuL96,asdAsggdAadGgcugdAaAfguagaucsasu,GOLD_LEGACY,7.827207537536592,14.886495225358994,0.5517531776634813,0.9390491963818344,MULTI_DOSE_HILL
GAUGAUAUAAAUGUGGUCACA,UGUGACCACAUUUAUAUCAUCUG,gsasugauAfuAfAfAfuguggucascsa,VPuGfugdAc(C2p)acauuuAfuAfucaucsusg,GOLD_LEGACY,10.598133110750128,0.0252270744709661,1.0172761162362614,1.0,MULTI_DOSE_HILL
GAUGAUCUACUUUCAGCCUUU,AAAGGCTGAAAGUAGAUCAUCUG,gsasugauCfuAfCfUfuucagccuuuL96,asAfsagdGc(Tgn)gaaaguAfgAfucaucsusg,GOLD_LEGACY,8.881994394084877,1.3122168371315703,1.423159805275161,0.9981801432825712,MULTI_DOSE_HILL
GAUGAUCUACUUUCAGCCUUU,AAAGGCTGAAAGUAGAUCAUCUG,gsasugaucuAfCfUfuucagccuuuL96,asdAsagdGcdTgaaadGuAfgaucaucsusg,GOLD_LEGACY,8.805687762138234,1.564271878364306,1.0863674674817896,0.991667647508293,MULTI_DOSE_HILL
GAUGCAAGUCCAUUCUUGGUU,AACCAAGAAUGGACUUGCAUCUG,gsasugcaAfgUfCfCfauucuugguuL96,asAfsccaAfgAfAfuggcCfuUfgcaucsusg,GOLD_LEGACY,8.653551491192687,2.220488400404124,0.910036010346535,0.9676410792968968,MULTI_DOSE_HILL
GAUGCCAAAACAACCAUCACC,GGUGAUGGUUGUUUUGGCAUCUU,fGpsmApsfUmGfCmCfAmAfAmAfCmAfAmCfCmAfUmCfAmCpsfC,vmGpsfGpsmUfGmAfUmGfGmUfUmGfUmUfUmUfGmGfCmAfUmCpsmUpsmU,GOLD_LEGACY,7.057513606040397,87.59642740608548,0.5829773807350961,0.982861882968529,MULTI_DOSE_HILL
GAUGCUGAGAUUCGCCCUAT,TAGGGCGAAUCUCAGCAUCTT,GfaUfgCfuGfAfGfaUfuCfgCfcCfuAf(invdT),dTAfgGfgCfgAfaUfcucAfgCfaUfcdTsdT,GOLD_LEGACY,8.52476931779184,2.9869687721294444,3.999999896298888,0.999999978364824,MULTI_DOSE_HILL
GAUGCUGCAACUAAACAGGAA,UUCCTGTUUAGUUGCAGCAUCUG,gsasugcuGfcAfAfCfuaaacaggsasa,VPuUfccdTg(Tgn)uuaguuGfcAfgcaucsusg,GOLD_LEGACY,6.041923858923204,907.9797044142332,3.9999021895294833,1.0,MULTI_DOSE_HILL
GAUGCUGGCCAACUUCUUGGU,ACCAAGAAGUUGGCCAGCAUCCC,gsasugcuggCfCfAfacuucuugguL96,asdCscadAgdAaguudGgCfcagcaucscsc,GOLD_LEGACY,8.648870764441646,2.2445497482580423,0.7534812300184053,0.9999999999581548,MULTI_DOSE_HILL
GAUGGAAUACUUACCAAUA,UAUUGGUAAGUAUUCCAUCUU,mGmAfUmGfGmAfAfUfAmCfUmUfAmCfCmAfAmUfA,fU*fA*mUfUmGfGmUfAmAfGmUmAmUfUmCfCmAfUmC*mU*mU,GOLD_LEGACY,9.700707526858684,0.1992014398104744,3.999999999999914,0.9869382777901388,MULTI_DOSE_HILL
GAUGGGGAAAACGUUCUGGUG,CACCAGAACGUUUUCCCCAUCUU,fGpsmApsfUmGfGmGfGmAfAmAfAmCfGmUfUmCfUmGfGmUpsfG,vmCpsfApsmCfCmAfGmAfAmCfGmUfUmUfUmCfCmCfCmAfUmCpsmUpsmU,GOLD_LEGACY,8.400432098202531,3.977112736388018,0.5708540035430232,0.9105291655189064,MULTI_DOSE_HILL
GAUGGUCCAGCAGGCUUGAAU,ATUCAAGCCUGCUGGACCAUCUA,gsasugguccAfGfCfaggcuugaauL96,asdTsucdAadGccugdCuGfgaccaucsusa,GOLD_LEGACY,7.941060056956941,11.453545437045712,3.9999987673410455,0.999999962506658,MULTI_DOSE_HILL
GAUGGUGAUGAGGUAGAGGAU,AUCCUCUACCUCAUCACCAUCCU,gsasugg(Uhd)GfaUfGfAfgguagaggsasu,asUfsccuCfuAfCfcucaUfcAfccaucscsu,GOLD_LEGACY,9.976384507099835,0.1055882259007301,1.1470763604192298,1.0,MULTI_DOSE_HILL
GAUGUCAGGGACUAGGGAGGU,ACCUCCCUAGUCCCUGACAUCUU,gsasugucagGfGfAfcuagggagguL96,asdCscudCcdCuagudCcCfugacaucsusu,GOLD_LEGACY,6.041923858923204,907.9797044142332,3.9999021895294833,1.0,MULTI_DOSE_HILL
GAUGUGCCAGAUAUGGUGGUU,AACCACCAUAUCUGGCACAUCCG,gsasugugccAfGfAfuauggugguuL96,asdAsccdAcdCauaudCuGfgcacaucscsg,GOLD_LEGACY,7.9706858823497555,10.698283877343584,3.999967024510416,0.9999999533570576,MULTI_DOSE_HILL
GAUGUUCACAACCGAAUUGUA,UACAAUTCGGUTGUGAACAUCCC,gsasuguucaCfAfAfccgaauugsusa,VPudAcadAudTcggudTgUfgaacaucscsc,GOLD_LEGACY,12.0,0.001,0.6517922921113749,0.9802200195525372,MULTI_DOSE_HILL
GAUUAUGGCCUGUAUUGGA,UCCAAUACAGGCCAUAAUCUU,mGmAfUmUfAmUfGfGfCmCfUmGfUmAfUmUfGmGfA,fU*fC*mCfAmAfUmAfCmAfGmGmCmCfAmUfAmAfUmC*mU*mU,GOLD_LEGACY,9.623008081932266,0.2382275136385926,3.999999999999996,0.9916385367985586,MULTI_DOSE_HILL
GAUUCUUGGAACGAGGUUCUU,AAGAACCUCGUUCCAAGAAUCCU,gsasuucuUfgGfAfAfcgagguucuuL96,asAfsgaaCfcUfCfguucCfaAfgaaucscsu,GOLD_LEGACY,9.188410465805177,0.6480216777139998,1.6030932432689282,0.9999999991032824,MULTI_DOSE_HILL
GAUUGACAGGUUCAUGCAGGU,ACCUGCAUGAACCUGUCAAUCUU,gsasuugaCfaGfGfUfucaugcagguL96,asCfscugCfaUfGfaaccUfgUfcaaucsusu,GOLD_LEGACY,9.257486539827434,0.5527305385630588,0.5512552483213352,1.0,MULTI_DOSE_HILL
GAUUUCCUGCCCUAAGUCCUU,AAGGACTUAGGGCAGGAAAUCAU,gsasuuucCfuGfCfCfcuaaguccuuL96,asAfsggdAc(Tgn)uagggcAfgGfaaaucsasu,GOLD_LEGACY,8.059873561686581,8.712171948344766,1.6018592888236811,1.0,MULTI_DOSE_HILL
GCAAAACUCCCUCAACUGGAU,ATCCAGTUGAGGGAGUUUUGCUG,gscsaaaacuCfCfCfucaacuggauL96,asdTsccdAgdTugagdGgAfguuuugcsusg,GOLD_LEGACY,11.233089017497653,0.005846702317921,0.5000000017859192,0.9714694351942004,MULTI_DOSE_HILL
GCAAAACUCCCUCAACUGGAU,AUCCAGUUGAGGGAGUUUUGCUG,gscsaaaaCfuCfCfCfucaacuggauL96,asUfsccaGfuUfGfagggAfgUfuuugcsusg,GOLD_LEGACY,10.61724803521383,0.0241408170503639,0.6661014155328763,1.0,MULTI_DOSE_HILL
GCAAACCAGUUGACCUGAGCA,UGCUCUGGUCAACUGGUUUGUAG,gscsaaa(Chd)caGfUfUfgaccugagcaL96,VPusGfscudCudGgucaacUfgGfuuugusasg,GOLD_LEGACY,10.246911179407704,0.056635510642585,0.6460220721828343,0.9733825587737734,MULTI_DOSE_HILL
GCAAACCAGUUGACUUGAGCA,UGCUCAAGUCAACUGGUUUGUAG,gscsaaa(Chd)caGfUfUfgacuugagcaL96,VPusGfscudCadAgucaacUfgGfuuugusasg,GOLD_LEGACY,10.146950908698193,0.0712933613377368,3.999999999999903,0.9726365215946654,MULTI_DOSE_HILL
GCAAAUAGUCUACAAACCAGA,UCUGGUTUGUAGACUAUUUGCAC,gscsaaa(Uhd)AfgUfCfUfacaaaccagaL96,VPusCfsugdGu(Tgn)uguagaCfuAfuuugcsasc,GOLD_LEGACY,9.615344578545304,0.2424685534245526,0.8797286203314045,0.948903598618873,MULTI_DOSE_HILL
GCAAAUAGUCUACAAACCAGA,UCUGGUTUGUAGACUAUUUGCAC,gscsaaa(Uhd)agUfCfUfacaaaccagaL96,VPusdCsugdGudTuguadGaCfuauuugcsasc,GOLD_LEGACY,9.713255663143196,0.1935282354639698,1.673588468429576,1.0,MULTI_DOSE_HILL
GCAACAGCACAGUUACUGGAU,ATCCAGTAACUGUGCUGUUGCCU,gscsaacagcAfCfAfguuacuggauL96,asdTsccdAgdTaacudGuGfcuguugcscsu,GOLD_LEGACY,6.041923858923204,907.9797044142332,3.9999021895294833,1.0,MULTI_DOSE_HILL
GCAACGUCCAGUCCAAGUGUA,UACACUTGGACTGGACGUUGCUA,gscsaac(Ghd)ucCfAfGfuccaaguguaL96,VPusdAscadCudTggacdTgGfacguugcsusa,GOLD_LEGACY,6.041923858923204,907.9797044142332,3.9999021895294833,1.0,MULTI_DOSE_HILL
GCAACUCUAUUCUGGACUA,UAGUCCAGAAUAGAGUUGCUU,mGmCfAmAfCmUfCfUfAmUfUmCfUmGfGmAfCmUfA,fU*fA*mGfUmCfCmAfGmAfAmUmAmGfAmGfUmUfGmC*mU*mU,GOLD_LEGACY,10.02708776832236,0.0939533417281856,4.0,0.9447852590149852,MULTI_DOSE_HILL
GCAACUGCCAUCCGAGGCUCU,AGAGCCTCGGATGGCAGUUGCUC,gscsaacugcCfAfUfccgaggcucuL96,asdGsagdCcdTcggadTgGfcaguugcsusc,GOLD_LEGACY,8.00871905131741,9.801238305572369,0.6525082813375098,0.9739994330410692,MULTI_DOSE_HILL
GCAACUGCCAUCCGAGGCUCU,AGAGCCTCGGAUGGCAGUUGCUC,gscsaacuGfcCfAfUfccgaggcucuL96,asGfsagdCc(Tgn)cggaugGfcAfguugcsusc,GOLD_LEGACY,6.582411152575288,261.57055111836024,0.5000000000002255,0.9272715795452108,MULTI_DOSE_HILL
GCAAGAACCAGUGUUUAGCGU,ACGCTAAACACTGGUUCUUGCCU,gscsaagaacCfAfGfuguuuagcguL96,asdCsgcdTadAacacdTgGfuucuugcscsu,GOLD_LEGACY,11.324379718095512,0.004738275209516,0.500101402497404,0.9125670594283368,MULTI_DOSE_HILL
GCAAGAACCAGUGUUUAGCGU,ACGCUAAACACUGGUUCUUGCCU,gscsaagaAfcCfAfGfuguuuagcguL96,asCfsgcuAfaAfCfacugGfuUfcuugcscsu,GOLD_LEGACY,9.7305215189707,0.1859852406626857,0.5388640348813855,0.99999999925641,MULTI_DOSE_HILL
GCAAGAUUUGCAACUUGCUAU,AUAGCAAGUUGCAAAUCUUGCUC,gscsaagaUfuUfGfCfaacuugcuauL96,asUfsagcAfaGfUfugcaAfaUfcuugcsusc,GOLD_LEGACY,7.890225231588468,12.875816194979487,1.3814986555969628,0.988560339598765,MULTI_DOSE_HILL
GCAAUAUGACUCACUUGACCU,AGGUCAAGUGAGUCAUAUUGCCA,gscsaauaUfgAfCfUfcacuugaccuL96,asGfsgudCa(Agn)gugaguCfaUfauugcscsa,GOLD_LEGACY,8.0520721306428,8.870086792434472,1.7121931953176963,0.9999989000892732,MULTI_DOSE_HILL
GCAAUAUGACUCACUUGACCU,AGGUCAAGUGAGUCAUAUUGCCA,gscsaauaugAfCfUfcacuugaccuL96,asdGsgudCadAgugadGuCfauauugcscsa,GOLD_LEGACY,7.96984124068726,10.719110780380278,3.9999999999999982,0.9999999536765496,MULTI_DOSE_HILL
GCAAUCCAGUUGACCAGAGCA,UGCUCUGGUCAACUGGAUUGUAG,gscsaau(Chd)caGfUfUfgaccagagcaL96,VPusGfscudCudGgucaacUfgGfauugusasg,GOLD_LEGACY,7.8713166347015555,13.448794740307676,0.9189563591049922,0.9943617819235988,MULTI_DOSE_HILL
GCAAUGAUCUCCCGCUGGUAU,AUACCAGCGGGAGAUCAUUGCUC,gscsaau(Ghd)AfuCfUfCfccgcuggusasu,asUfsaccAfgCfGfggagAfuCfauugcsusc,GOLD_LEGACY,10.01071693414125,0.0975625326752671,1.007596220262177,1.0,MULTI_DOSE_HILL
GCAAUGUGGUCAAGACGGAUU,AAUCCGTCUUGACCACAUUGCCA,gscsaaugugGfUfCfaagacggauuL96,asdAsucdCgdTcuugdAcCfacauugcscsa,GOLD_LEGACY,8.065955226662057,8.591020855717584,4.0,0.9999998794194236,MULTI_DOSE_HILL
GCACAAGAUUAUGGCCUGU,ACAGGCCAUAAUCUUGUGCUU,GmsCmsAmCmAfAmGfAfUfUmAmUmGmGmCmCmUmGmUm,AmsCfsAmGfGmCfCmAmUfAmAmUfCmUfUmGfUmGfCmsUmsUm,GOLD_LEGACY,11.076029123376268,0.0083940369501591,3.999999999999985,0.9840069371989308,MULTI_DOSE_HILL
GCACAAGAUUAUGGCCUGU,ACAGGCCAUAAUCUUGUGCUU,GmsCmsAmCmAfAmGfAfUfUmAmUmGmGmCmCmUmGmUm(NAG1),AmsCfsAmGfGmCf(-)hmpNA(C)AmUfAmAmUfCmUfUmGfUmGfCmsUmsUm,GOLD_LEGACY,10.547310236602806,0.0283589249574229,1.2862601431226577,0.9979785663727648,MULTI_DOSE_HILL
GCACAGCUAUCCAUCAGAUGU,ACAUCUGAUGGAUAGCUGUGCUU,gscsacagcuAfUfCfcaucagauguL96,asdCsaudCudGauggdAuAfgcugugcsusu,GOLD_LEGACY,8.050736008016182,8.897417955247272,1.198337694676424,0.9998728102974428,MULTI_DOSE_HILL
GCACCAAGGAUGAAGAGAA,UUCUCUUCAUCCUUGGUGCUU,mGmCfAmCfCmAfAfGfGmAfUmGfAmAfGmAfGmAfA,fU*fU*mCfUmCfUmUfCmAfUmCmCmUfUmGfGmUfGmC*mU*mU,GOLD_LEGACY,9.743061677427264,0.180691749383861,3.2163487465289013,0.97611373893239,MULTI_DOSE_HILL
GCACCAAGGAUGAAGAGAU,AUCUCUUCAUCCUUGGUGCUG,GmsCmsAmCmCfAmAfGfGfAmUmGmAmAmGmAmGmAmUm,AmsUfsCmUfCmUfUmCmAfUmCmCfUmUfGmGfUmGfCmsUmsGm,GOLD_LEGACY,11.109370492217485,0.0077737309898204,1.1756481186910508,0.992664213269954,MULTI_DOSE_HILL
GCACCAAGGAUGAAGAGAU,AUCUCUUCAUCCUUGGUGCUG,GmsCmsAmCmCfAmAfGfGfAmUmGmAmAmGmAmGmAmUm(NAG1),AmsUfsCmUfCmUf(-)hmpNA(U)CmAfUmCmCfUmUfGmGfUmGfCmsUmsGm,GOLD_LEGACY,10.564068526156232,0.027285472187257,1.2276130880673937,0.9954877838678908,MULTI_DOSE_HILL
GCACCACAUCACCAACCUGGU,ACCAGGTUGGUGAUGUGGUGCUC,gscsaccacaUfCfAfccaaccugguL96,asdCscadGgdTuggudGaUfguggugcsusc,GOLD_LEGACY,7.544398338463353,28.54970739510836,1.0038403232794006,0.999691137186678,MULTI_DOSE_HILL
GCACUAAGCCUAAGAAGUUCU,AGAACUTCUUAGGCUUAGUGCCU,gscsacuaAfgCfCfUfaagaaguucuL96,asGfsaadCu(Tgn)cuuaggCfuUfagugcscsu,GOLD_LEGACY,8.038600797635704,9.14953878293512,3.999995410932233,0.980564155253825,MULTI_DOSE_HILL
GCACUCUUUGCUUGAGGAUCU,AGAUCCTCAAGCAAAGAGUGCCA,gscsacucUfuUfGfCfuugaggaucuL96,asGfsaudCc(Tgn)caagcaAfaGfagugcscsa,GOLD_LEGACY,8.080041951872367,8.316834284694366,3.999998276808941,0.9999998564471034,MULTI_DOSE_HILL
GCACUCUUUGCUUGAGGAUCU,AGAUCCTCAAGCAAAGAGUGCCA,gscsacucuuUfGfCfuugaggaucuL96,asdGsaudCcdTcaagdCaAfagagugcscsa,GOLD_LEGACY,8.766868775966485,1.7105320819864434,3.9827224834750456,0.9999999997502652,MULTI_DOSE_HILL
GCACUUUCUUGUCUGAGACUU,AAGUCUCAGACAAGAAAGUGCCC,gscsacuuucUfUfGfucugagacuuL96,asdAsgudCudCagacdAaGfaaagugcscsc,GOLD_LEGACY,8.062554992977924,8.658546766941734,4.0,0.999999884183544,MULTI_DOSE_HILL
GCAGAACGAGCUCUGGUGCUU,AAGCACCAGAGCUCGUUCUGCUU,gscsagaacgAfGfCfucuggugcuuL96,asdAsgcdAcdCagagdCuCfguucugcsusu,GOLD_LEGACY,8.422502147513553,3.780052681243816,1.4528771952997337,0.9999303024960854,MULTI_DOSE_HILL
GCAGAAUACAAAUGAUGUAGA,UCUACATCAUUTGUAUUCUGCAU,gscsagaauaCfAfAfaugauguasgsa,VPudCuadCadTcauudTgUfauucugcsasu,GOLD_LEGACY,11.648894058933337,0.0022444293593389,0.8348868036262966,0.999999999999998,MULTI_DOSE_HILL
GCAGAGCGCGGCUGGAGCUUG,CAAGCUCCAGCCGCGCUCUGCUU,fGpsmCpsfAmGfAmGfCmGfCmGfGmCfUmGfGmAfGmCfUmUpsfG,vmCpsfApsmAfGmCfUmCfCmAfGmCfCmGfCmGfCmUfCmUfGmCpsmUpsmU,GOLD_LEGACY,7.143682701814589,71.83189077595007,3.999998179736624,0.9999999771316584,MULTI_DOSE_HILL
GCAGAGCGCGGCUGGAGCUUU,AGCUCCAGCCGCGCUCUGCUU,fGpsmCpsfAmGfAmGfCmGfCmGfGmCfUmGfGmAfGmCfUpsmUpsmU,mApsfGpsmCfUmCfCmAfGmCfCmGfCmGfCmUfCmUfGmCpsmUpsmU,GOLD_LEGACY,7.026928699319052,93.98776031360848,3.99999997242038,0.9999999825012624,MULTI_DOSE_HILL
GCAGAGUGCUGAAGGUGCUAA,UUAGCACCUUCAGCACUCUGCUU,gscsagagUfgCfUfGfaaggugcusasa,VPuUfagdCa(C2p)cuucagCfaCfucugcsusu,GOLD_LEGACY,10.189893786515746,0.0645812153149835,0.7294703487786641,1.0,MULTI_DOSE_HILL
GCAGAUAGAUGGUCCAGCAGU,ACUGCUGGACCAUCUAUCUGCUU,gscsagauagAfUfGfguccagcaguL96,asdCsugdCudGgaccdAuCfuaucugcsusu,GOLD_LEGACY,7.998316806222168,10.038832171269238,1.620496418084958,0.9999979401933714,MULTI_DOSE_HILL
GCAGCCCUUCCUAGAGCUUAU,ATAAGCTCUAGGAAGGGCUGCUG,gscsagcccuUfCfCfuagagcuuauL96,asdTsaadGcdTcuagdGaAfgggcugcsusg,GOLD_LEGACY,8.64257081004103,2.27734689895263,1.149906952637073,0.9999999999391488,MULTI_DOSE_HILL
GCAGCUAGCAAGAGGACCUGU,ACAGGUCCUCUTGCUAGCUGCAG,gscsagcuagCfAfAfgaggaccuguL96,asdCsagdGudCcucudTgCfuagcugcsasg,GOLD_LEGACY,8.455268025696045,3.505354735246313,2.076520360908962,0.9999992315983596,MULTI_DOSE_HILL
GCAGGACACCAGCAGCCCUUU,AAAGGGCUGCUGGUGUCCUGCUG,gscsaggacaCfCfAfgcagcccuuuL96,asdAsagdGgdCugcudGgUfguccugcsusg,GOLD_LEGACY,7.885993202406014,13.001899284969507,3.999999308253691,0.9999999726674312,MULTI_DOSE_HILL
GCAGGAUGAUUGUACAGAAUA,UAUUCUGUACAAUCAUCCUGCAG,gscsagg(Ahd)UfgAfUfUfguacagaauaL96,VPusAfsuucUfgUfAfcaauCfaUfccugcsasg,GOLD_LEGACY,9.89051062952832,0.1286735759280278,0.6669086211673494,0.9507917751245032,MULTI_DOSE_HILL
GCAGGCUGUGACAGGAUGGAU,ATCCAUCCUGUCACAGCCUGCAU,gscsaggcugUfGfAfcaggauggauL96,asdTsccdAudCcugudCaCfagccugcsasu,GOLD_LEGACY,9.776149381423954,0.1674366855983645,0.5054810828767534,0.9999999460568062,MULTI_DOSE_HILL
GCAGGCUGUGACAGGAUGGAU,AUCCAUCCUGUCACAGCCUGCAU,gscsaggcUfgUfGfAfcaggauggauL96,asUfsccaUfcCfUfgucaCfaGfccugcsasu,GOLD_LEGACY,9.099959792380012,0.7944017782013909,0.8171106878679879,1.0,MULTI_DOSE_HILL
GCAGGUGGAUCUAUUUCAUGA,UCAUGAAAUAGAUCCACCUGCUU,gscsagguGfgAfUfCfuauuucaugaL96,VPusCfsaugAfaAfUfagauCfcAfccugcsusu,GOLD_LEGACY,9.24902905305261,0.5635999513479363,0.6915452067228307,0.9999999947278126,MULTI_DOSE_HILL
GCAGUGGUGUCUGCUGUCACU,AGUGACAGCAGACACCACUGCCA,gscsagugguGfUfCfugcugucacuL96,asdGsugdAcdAgcagdAcAfccacugcscsa,GOLD_LEGACY,8.044454444710281,9.027043916198313,0.7265993395153191,0.9874040650659806,MULTI_DOSE_HILL
GCAGUUGUAAACUUGAUUAAA,UUUAAUCAAGUUUACAACUGCAU,gscsaguuGfuAfAfAfcuugauuasasa,VPuUfuadAu(C2p)aaguuuAfcAfacugcsasu,GOLD_LEGACY,11.12279957435279,0.0075370331538433,0.5000001404333454,0.9680587684724274,MULTI_DOSE_HILL
GCAUACCAGUUGACCAGAGCA,UGCUCUGGUCAACUGGUAUGUAG,gscsaua(Chd)caGfUfUfgaccagagcaL96,VPusGfscudCudGgucaacUfgGfuaugusasg,GOLD_LEGACY,8.80463343187539,1.568074051340254,0.5030739813847384,1.0,MULTI_DOSE_HILL
GCAUACCAGUUGACCUGAGCA,UGCTCAGGUCAACUGGUAUGUAG,gscsaua(Chd)caGfUfUfgaccugagcaL96,VPusGfscdTc(Agn)ggucaacUfgGfuaugusasg,GOLD_LEGACY,7.439904817335146,36.31576379229461,1.25440505798414,1.0,MULTI_DOSE_HILL
GCAUACCAGUUGACUUGAGCA,UGCUCAAGUCAACUGGUAUGUAG,gscsaua(Chd)caGfUfUfgacuugagcaL96,VPusGfscudCadAgucaacUfgGfuaugusasg,GOLD_LEGACY,10.275363929908004,0.0530439760250888,1.1305576195829177,0.9711025427067064,MULTI_DOSE_HILL
GCAUCUGCAACAGGCCCCAGC,GCUGGGGCCUGUUGCAGAUGCUU,fGpsmCpsfAmUfCmUfGmCfAmAfCmAfGmGfCmCfCmCfAmGpsfC,vmGpsfCpsmUfGmGfGmGfCmCfUmGfUmUfGmCfAmGfAmUfGmCpsmUpsmU,GOLD_LEGACY,6.004988160311463,988.5800448503468,4.0,1.0,MULTI_DOSE_HILL
GCAUGCACAGUGAGCUAUGGU,ACCAUAGCUCACUGUGCAUGCCA,gscsaugcAfcAfGfUfgagcuaugguL96,asCfscauAfgCfUfcacuGfuGfcaugcscsa,GOLD_LEGACY,6.882688426602828,131.01214988682926,0.6009888235788804,1.0,MULTI_DOSE_HILL
GCAUGGACUAUCCUCUUGUUA,UAACAAGAGGAUAGUCCAUGCUU,L025L025mG*mCmAmUmGmGfAmCfUfAfUmCmCmUmCmUmUmGmUmU*mA,mU*fA*mAmCmAfAmGmAmGmGmAmUmAfGmUfCmCmAmUmGmC*mU*mU,GOLD_LEGACY,6.969447164653928,107.28841647093944,1.228483187887399,0.9287052591363378,MULTI_DOSE_HILL
GCAUGGUCAGUAAAAGCAAAA,UUUUGCTUUUACUGACCAUGCGA,gscsaugg(Uhd)cAfGfUfaaaagcaaaaL96,VPusUfsuudGc(Tgn)uuuacuGfaCfcaugcsgsa,GOLD_LEGACY,7.894169837420682,12.75939735715617,1.119000125407459,0.9999999999986106,MULTI_DOSE_HILL
GCAUUGCCUUCGGUUUGUAUU,AAUACAAACCGAAGGCAAUGCAA,gscsauugCfcUfUfCfgguuuguauuL96,asAfsuacAfaAfCfcgaaGfgCfaaugcsasa,GOLD_LEGACY,7.807772140787269,15.56782206861253,0.5000000000000001,0.944942216345026,MULTI_DOSE_HILL
GCAUUGCUGCCUCUUUCCAUU,AAUGGAAAGAGGCAGCAAUGCCU,gscsauugcuGfCfCfucuuuccauuL96,asdAsugdGadAagagdGcAfgcaaugcscsu,GOLD_LEGACY,8.43618768256205,3.662792510049073,2.2649849050060102,1.0,MULTI_DOSE_HILL
GCAUUUUUUUUGAGCUUGA,UCAAGCUCAAAAAAAAUGCUG,GmsCmsAmUmUfUmUfUfUfUmUmGmAmGmCmUmUmGmAm,UmsCfsAmAmGmCfUmCmAmAmAmAmAmAfAmAfUmGmCmsUmsGm,GOLD_LEGACY,10.232910948459336,0.0584910006914858,1.25465451951827,0.9925838043070796,MULTI_DOSE_HILL
GCAUUUUUUUUGAGCUUGA,UCAAGCUCAAAAAAAAUGCUG,GmsCmsAmUmUfUmUfUfUfUmUmGmAmGmCmUmUmGmAm,UmsCmsAmAmGmCmUfCmAmAmAmAfAmAfAmAmUmGmCmsUmsGm,GOLD_LEGACY,10.159062790071689,0.0693325558119064,1.3466503003981192,0.9882550121444033,MULTI_DOSE_HILL
GCAUUUUUUUUGAGCUUGA,UCAAGCUCAAAAAAAAUGCUG,GmsCmsAmUmUfUmUfUfUfUmUmGmAmGmCmUmUmsGmsAm,UmsCmsAmAmGmCmUfCmAmAmAmAfAmAfAmAmUmGmCmsUmsGm,GOLD_LEGACY,10.126759664925563,0.0746861951469627,1.4543463468998403,0.9946888209514066,MULTI_DOSE_HILL
GCAUUUUUUUUGAGCUUGAAG,UCAAGCUCAAAAAAAAUGCUG,GmsCmsAmUmUfUmUfUfUfUmUmGmAmGmCmUmUmGmAmsAmsGm,UmsCmsAmAmGmCmUfCmAmAmAmAfAmAfAmAmUmGmCmsUmsGm,GOLD_LEGACY,9.884154247829738,0.1305707059419409,1.3285760044686048,0.9934393378184976,MULTI_DOSE_HILL
GCCAAAACAACCAUCACCGUU,CGGUGAUGGUUGUUUUGGCUU,fGpsmCpsfCmAfAmAfAmCfAmAfCmCfAmUfCmAfCmCfGpsmUpsmU,mCpsfGpsmGfUmGfAmUfGmGfUmUfGmUfUmUfUmGfGmCpsmUpsmU,GOLD_LEGACY,7.946668226950208,11.306593358388016,0.868122192116886,0.9811582189859108,MULTI_DOSE_HILL
GCCAACAAUCCUUGGCCUGCU,AGCAGGCCAAGGAUUGUUGGCUU,gscscaacaaUfCfCfuuggccugcuL96,asdGscadGgdCcaagdGaUfuguuggcsusu,GOLD_LEGACY,7.950411289154967,11.20956374087645,3.9999993390283137,0.9999999599873626,MULTI_DOSE_HILL
GCCAACCAACCAGUGACCAUU,AAUGGUCACUGGUUGGUUGGCUU,gscscaa(Chd)CfaAfCfCfagugaccasusu,asAfsuggUfcAfCfugguUfgGfuuggcsusu,GOLD_LEGACY,10.328883034059842,0.0468939661859071,1.045398702019377,0.9997828839244984,MULTI_DOSE_HILL
GCCAACUUCUUGGGCUUCCGU,ACGGAAGCCCAAGAAGUUGGCCA,gscscaacUfuCfUfUfgggcuuccguL96,asCfsggaAfgCfCfcaagAfaGfuuggcscsa,GOLD_LEGACY,9.644259277199168,0.226851012926131,1.1237018647640762,0.9999999258022,MULTI_DOSE_HILL
GCCAACUUCUUGGGCUUCCGU,ACGGAAGCCCAAGAAGUUGGCCA,gscscaacuuCfUfUfgggcuuccguL96,asdCsggdAadGcccadAgAfaguuggcscsa,GOLD_LEGACY,10.70922343930954,0.0195333423014231,0.6047526483744607,1.0,MULTI_DOSE_HILL
GCCAACUUUUCUAGACCUGUU,AACAGGUCUAGAAAAGUUGGCUG,gscscaacUuUUCuagaccuguu,asAscaggUcuagAaAaGuuggcsusg,GOLD_LEGACY,7.58226930807317,26.16559963767706,0.5000000000000001,0.9411431490051648,MULTI_DOSE_HILL
GCCAAGCAGCAAAUCCUGGAU,ATCCAGGAUUUGCUGCUUGGCUA,gscscaagcaGfCfAfaauccuggauL96,asdTsccdAgdGauuudGcUfgcuuggcsusa,GOLD_LEGACY,8.38666111346011,4.105243163575989,1.6795837782822518,0.9999905706427789,MULTI_DOSE_HILL
GCCACAGCUCCUCUGACAGAA,UUCUGUCAGAGGAGCUGUGGCUC,gscscacaGfcUfCfCfucugacagsasa,VPuUfcudGu(C2p)agaggaGfcUfguggcsusc,GOLD_LEGACY,8.35768694354701,4.38846921817743,0.6332926638515669,1.0,MULTI_DOSE_HILL
GCCAGACAUGAGCUGUGAGGU,ACCUCACAGCUCAUGUCUGGCUA,gscscagacaUfGfAfgcugugagguL96,asdCscudCadCagcudCaUfgucuggcsusa,GOLD_LEGACY,6.041923858923204,907.9797044142332,3.9999021895294833,1.0,MULTI_DOSE_HILL
GCCAGCUUGUUUGUGAAACAA,UUGUUUCACAAACAAGCUGGC,g*c*cagcuuGuUuGugaaaca*a,u*U*guuuCacaaAcAaGcug*g*c,GOLD_LEGACY,9.79631471742458,0.159839930694716,3.999999999573608,0.9989536678260882,MULTI_DOSE_HILL
GCCAUCUGUGCUCUUCGUCAA,UTGACGAAGAGCACAGAUGGCAG,gscscaucugUfGfCfucuucgucsasa,VPudTgadCgdAagagdCaCfagauggcsasg,GOLD_LEGACY,10.954610597443546,0.0111016978346774,0.6560455461200174,1.0,MULTI_DOSE_HILL
GCCAUCUGUGCUCUUCGUCAA,UUGACGAAGAGCACAGAUGGCAG,gscscaucUfgUfGfCfucuucgucaaL96,VPusUfsgacGfaAfGfagcaCfaGfauggcsasg,GOLD_LEGACY,9.766796555876482,0.1710816554983704,0.8465472569658757,0.9999999996743136,MULTI_DOSE_HILL
GCCAUCUUUAAGUCUGGAGGA,UCCUCCAGACUTAAAGAUGGCCA,gscscaucuuUfAfAfgucuggagsgsa,VPudCcudCcdAgacudTaAfagauggcscsa,GOLD_LEGACY,11.207482252245358,0.0062017998723471,0.5006993216229046,0.9999566346004148,MULTI_DOSE_HILL
GCCAUUACAACUCUCCACAAA,UUUGTGGAGAGUUGUAAUGGCAU,gscscauuAfcAfAfCfucuccacasasa,VPuUfugdTg(G2p)agaguuGfuAfauggcsasu,GOLD_LEGACY,10.286043368752573,0.0517555146187179,1.4607536021563186,1.0,MULTI_DOSE_HILL
GCCAUUGCGAUUGUCCAGAGU,ACUCUGGACAAUCGCAAUGGCAG,gscscauuGfcGfAfUfuguccagaguL96,asCfsucug(Ggn)acaaucGfcAfauggcsasg,GOLD_LEGACY,7.758076604262216,17.45514238292471,0.7234067280354706,0.9974428391302738,MULTI_DOSE_HILL
GCCCAUUCCUGUUUGCUGUGU,ACACAGCAAACAGGAAUGGGCGG,gscsccauUfcCfUfGfuuugcuguguL96,asCfsacaGfcAfAfacagGfaAfugggcsgsg,GOLD_LEGACY,8.034045414997456,9.246014815525593,3.999999999999997,0.9461494551797128,MULTI_DOSE_HILL
GCCCAUUCCUGUUUGCUGUGU,ACACAGCAAACAGGAAUGGGCGG,gscsccauucCfUfGfuuugcuguguL96,asdCsacdAgdCaaacdAgGfaaugggcsgsg,GOLD_LEGACY,8.836438122744228,1.4573433287871451,0.5553893694053286,1.0,MULTI_DOSE_HILL
GCCCAUUUCCAGAAAGCCAAU,AUUGGCUUUCUGGAAAUGGGCAU,gscscca(Uhd)UfuCfCfAfgaaagccasasu,asUfsuggCfuUfUfcuggAfaAfugggcsasu,GOLD_LEGACY,10.455045851296134,0.0350714844748239,0.6660636293253926,1.0,MULTI_DOSE_HILL
GCCCCGCACCUCCUCCGCGAC,GUCGCGGAGGAGGUGCGGGGCUU,fGpsmCpsfCmCfCmGfCmAfCmCfUmCfCmUfCmCfGmCfGmApsfC,vmGpsfUpsmCfGmCfGmGfAmGfGmAfGmGfUmGfCmGfGmGfGmCpsmUpsmU,GOLD_LEGACY,6.004988160311463,988.5800448503468,4.0,1.0,MULTI_DOSE_HILL
GCCCUUCCUAGAGCUUAAGAU,ATCUTAAGCUCTAGGAAGGGCUG,gscsccuuccUfAfGfagcuuaagauL96,asdTscudTadAgcucdTaGfgaagggcsusg,GOLD_LEGACY,7.890795814244828,12.858910860668528,3.999991290113503,0.9952131399824364,MULTI_DOSE_HILL
GCCGCUGUUGGCUUUCACA,UGUGAAAGCCAACAGCGGCUU,mGmCfCmGfCmUfGfUfUmGfGmCfUmUfUmCfAmCfA,fU*fG*mUfGmAfAmAfGmCfCmAmAmCfAmGfCmGfGmC*mU*mU,GOLD_LEGACY,9.185197563716413,0.652833506381283,3.999999999999988,0.9999991418130004,MULTI_DOSE_HILL
GCCGUUUCUCCUUGGUCUAAC,GUUAGACCAAGGAGAAACGGC,GmsCmsCmGmUmUmUfCfUfCmCmUmUmGmGmUmCmUmAmAmCmL96,GmsUfsUmAfGmAfCmCmAmAfGmGfAmGfAmAfAmCfGmsGmsCm,GOLD_LEGACY,8.44876299986941,3.5582544415486703,1.2542629989401803,0.9908302179823812,MULTI_DOSE_HILL
GCCGUUUCUCCUUGGUCUAAG,CUUAGACCAAGGAGAAACGGC,GmsCmsCmGmUmUmUfCfUfCmCmUmUmGmGmUmCmUmAmAmGmL96,CmsUfsUmAfGmAfCmCmAmAfGmGfAmGfAmAfAmCfGmsGmsCm,GOLD_LEGACY,8.458765337757672,3.4772399632305304,0.8355666284533774,0.9578933422048832,MULTI_DOSE_HILL
GCCGUUUCUCCUUGGUCUAAU,AUUAGACCAAGGAGAAACGGC,GmsCmsCmGmUmUmUfCfUfCmCmUmUmGmGmUmCmUmAmAmUmL96,AmsUfsUmAfGmAfCmCmAmAfGmGfAmGfAmAfAmCfGmsGmsCm,GOLD_LEGACY,8.93177852422312,1.1700959490074572,1.2482926244007433,0.9976112075694864,MULTI_DOSE_HILL
GCCUCCCGGCCAAUGUCCAUU,UGGACAUUGGCCGGGAGGCUU,fGpsmCpsfCmUfCmCfCmGfGmCfCmAfAmUfGmUfCmCfApsmUpsmU,mUpsfGpsmGfAmCfAmUfUmGfGmCfCmGfGmGfAmGfGmCpsmUpsmU,GOLD_LEGACY,6.004988160311463,988.5800448503468,4.0,1.0,MULTI_DOSE_HILL
GCCUCCUCAAAGCCAACAAUU,AAUUGUTGGCUTUGAGGAGGCUG,gscscuccucAfAfAfgccaacaauuL96,asdAsuudGudTggcudTuGfaggaggcsusg,GOLD_LEGACY,8.444124633399335,3.596461094611387,2.693114227081575,0.9999999926992944,MULTI_DOSE_HILL
GCCUCCUCAAAGCCAACAAUU,AAUUGUTGGCUUUGAGGAGGCUG,gscscuccUfcAfAfAfgccaacaauuL96,asAfsuudGu(Tgn)ggcuuuGfaGfgaggcsusg,GOLD_LEGACY,7.897704857444796,12.655961428393656,3.999997432303167,0.999999971029584,MULTI_DOSE_HILL
GCCUCUUUCCAUUCUGCCGUU,AACGGCAGAAUGGAAAGAGGCAG,gscscucuuuCfCfAfuucugccguuL96,asdAscgdGcdAgaaudGgAfaagaggcsasg,GOLD_LEGACY,8.696568828942443,2.01108844660243,3.9839553899739433,0.9999999999344672,MULTI_DOSE_HILL
GCCUGACACACUAACCAAGCA,UGCUTGGUUAGUGUGUCAGGCAC,gscscugaCfaCfAfCfuaaccaagscsa,VPuGfcudTg(G2p)uuagugUfgUfcaggcsasc,GOLD_LEGACY,9.343849428962038,0.4530546279074425,3.999669412277928,0.9913418963069134,MULTI_DOSE_HILL
GCCUGCCAUCUGUGCUCUUCA,UGAAGAGCACAGAUGGCAGGCUC,gscscugcCfaUfCfUfgugcucuuscsa,VPuGfaadGa(G2p)cacagaUfgGfcaggcsusc,GOLD_LEGACY,10.422498288620192,0.0378008626878777,0.50000002251,0.9996268779847308,MULTI_DOSE_HILL
GCCUGGAGUUUAUUCGGAAAA,UUUUCCGAAUAAACUCCAGGCCU,gscscuggAgUUUauucggaaaa,usUsuuccGaauaAaCuCcaggcscsu,GOLD_LEGACY,6.000000000589208,999.9999986432993,4.0,1.0,MULTI_DOSE_HILL
GCCUGUGGCUGCAGCUAGCAU,ATGCTAGCUGCAGCCACAGGCCU,gscscuguggCfUfGfcagcuagcauL96,asdTsgcdTadGcugcdAgCfcacaggcscsu,GOLD_LEGACY,7.897649429437941,12.657576782751203,3.9999983733656848,0.9999999710380052,MULTI_DOSE_HILL
GCCUUCGGUUUGUAUUUAGUU,AACUAAAUACAAACCGAAGGCAA,gscscuucGfgUfUfUfguauuuaguuL96,asAfscuaAfaUfAfcaaaCfcGfaaggcsasa,GOLD_LEGACY,7.711590258810757,19.42717897544268,0.5000000000000001,0.9717791425206832,MULTI_DOSE_HILL
GCCUUGCUCAACAAAACAAAA,UUUUGUTUUGUUGAGCAAGGCAA,gscscuugCfuCfAfAfcaaaacaasasa,VPuUfuudGu(Tgn)uuguugAfgCfaaggcsasa,GOLD_LEGACY,10.97103972715378,0.0106895709173762,0.7658603818995376,0.99921956307919,MULTI_DOSE_HILL
GCCUUGGUAUGUUCCUGCUUC,GAAGCAGGAACAUACCAAGGCUU,fGpsmCpsfCmUfUmGfGmUfAmUfGmUfUmCfCmUfGmCfUmUpsfC,vmGpsfApsmAfGmCfAmGfGmAfAmCfAmUfAmCfCmAfAmGfGmCpsmUpsmU,GOLD_LEGACY,8.907293976299059,1.2379583221219357,0.9133554373522388,0.9962192129063808,MULTI_DOSE_HILL
GCCUUUUCUUCUAAUGAGUCA,UGACUCAUUAGAAGAAAAGGC,g*c*cuuuucUuCuAaugaguc*a,u*G*acucAuuagAaGaAaag*g*c,GOLD_LEGACY,9.543478470303167,0.2861024189407485,3.999999999999993,0.959447159425068,MULTI_DOSE_HILL
GCGAGCACGCCCCGCACCUCC,GGAGGUGCGGGGCGUGCUCGCUU,fGpsmCpsfGmAfGmCfAmCfGmCfCmCfCmGfCmAfCmCfUmCpsfC,vmGpsfGpsmAfGmGfUmGfCmGfGmGfGmCfGmUfGmCfUmCfGmCpsmUpsmU,GOLD_LEGACY,6.004988160311463,988.5800448503468,4.0,1.0,MULTI_DOSE_HILL
GCGCGCAUGUUGUUCGGCGUU,CGCCGAACAACAUGCGCGCUU,fGpsmCpsfGmCfGmCfAmUfGmUfUmGfUmUfCmGfGmCfGpsmUpsmU,mCpsfGpsmCfCmGfAmAfCmAfAmCfAmUfGmCfGmCfGmCpsmUpsmU,GOLD_LEGACY,6.190974822370966,644.2066114304829,0.5000000000000001,0.948272509872717,MULTI_DOSE_HILL
GCGCGGCUGGAGCUUGUCCUU,AAGGACAAGCUCCAGCCGCGCUU,fGpsmCpsfGmCfGmGfCmUfGmGfAmGfCmUfUmGfUmCfCmUpsfU,vmApsfApsmGfGmAfCmAfAmGfCmUfCmCfAmGfCmCfGmCfGmCpsmUpsmU,GOLD_LEGACY,6.362390370918573,434.1198348098326,0.5000000000000001,0.9553620926111072,MULTI_DOSE_HILL
GCGCUGAGGGAGGAUGCUUAU,ATAAGCAUCCUCCCUCAGCGCCU,gscsgcugagGfGfAfggaugcuuauL96,asdTsaadGcdAuccudCcCfucagcgcscsu,GOLD_LEGACY,7.988003395597046,10.280082604570945,0.9421129535142756,0.9999999999800238,MULTI_DOSE_HILL
GCGCUGAGGGAGGAUGCUUAU,AUAAGCAUCCUCCCUCAGCGCCU,gscsgcugAfgGfGfAfggaugcuuauL96,asUfsaadGc(Agn)uccuccCfuCfagcgcscsu,GOLD_LEGACY,7.901972588084551,12.532202735380467,3.999996347996861,0.999974402609413,MULTI_DOSE_HILL
GCUAACCAGUUGACCAGAGCA,UGCUCUGGUCAACUGGUUAGUAG,gscsuaa(Chd)caGfUfUfgaccagagcaL96,VPusGfscudCudGgucaacUfgGfuuagusasg,GOLD_LEGACY,9.851355661162202,0.1408135147775973,0.5000037272233603,0.98429520156882,MULTI_DOSE_HILL
GCUAACCAGUUGACCUGAGCA,UGCTCAGGUCAACUGGUUAGUAG,gscsuaa(Chd)caGfUfUfgaccugagcaL96,VPusGfscdTc(Agn)ggucaacUfgGfuuagusasg,GOLD_LEGACY,9.104215286271172,0.7866557360096536,0.5000000000000001,0.9317131207743956,MULTI_DOSE_HILL
GCUAACCAGUUGACUUGAGCA,UGCUCAAGUCAACUGGUUAGUAG,gscsuaa(Chd)caGfUfUfgacuugagcaL96,VPusGfscudCadAgucaacUfgGfuuagusasg,GOLD_LEGACY,10.459459796058391,0.0347168412820476,0.5000000006544826,0.9942831025778126,MULTI_DOSE_HILL
GCUACUGUUGGAUUGAUUCGA,UCGAAUCAAUCCAACAGUAGCCU,gscsuacuguUfGfGfauugauucsgsa,VPudCgadAudCaaucdCaAfcaguagcscsu,GOLD_LEGACY,11.29803798356378,0.0050345657435509,0.5092791625858973,0.9999998336642958,MULTI_DOSE_HILL
GCUAGCCAAGCAGCAAAUCCU,AGGATUTGCUGCUUGGCUAGCUC,gscsuagccaAfGfCfagcaaauccuL96,asdGsgadTudTgcugdCuUfggcuagcsusc,GOLD_LEGACY,8.904108548914277,1.247071778285445,2.52790869465059,0.9999937006100564,MULTI_DOSE_HILL
GCUAGGAAGCAACCUUUCGCU,AGCGAAAGGUUGCUUCCUAGCUU,gscsuaggAfaGfCfAfaccuuucgcuL96,asGfscgaAfaGfGfuugcUfuCfcuagcsusu,GOLD_LEGACY,7.578431087975549,26.397871594751585,0.7492995540404213,0.9663584639638814,MULTI_DOSE_HILL
GCUAGUCGCUGCAAAACUUGA,UCAAGUUUUGCAGCGACUAGCAC,gscsuaguCfgCfUfGfcaaaacuugaL96,PlusCfsaagUfuuugcagCfgAfcuagcsasc,GOLD_LEGACY,9.427468696012438,0.3737070612518529,3.999999999999939,0.9610904410033432,MULTI_DOSE_HILL
GCUAUGUUCCCUGAGACAUUA,UAAUGUCUCAGGGAACAUAGCAG,gscsuaugUfuCfCfCfugagacaususa,VPuAfaudGu(C2p)ucagggAfaCfauagcsasg,GOLD_LEGACY,11.07846576289612,0.0083470734887341,0.5000184301636603,0.988390840640152,MULTI_DOSE_HILL
GCUCAAAAAUUAAAGCUAA,UUAGCUUUAAUUUUUGAGCUU,mGmCfUmCfAmAfAfAfAmUfUmAfAmAfGmCfUmAfA,fU*fU*mAfGmCfUmUfUmAfAmUmUmUfUmUfGmAfGmC*mU*mU,GOLD_LEGACY,9.56078748779068,0.2749239102161583,3.999999999999649,0.98843753421135,MULTI_DOSE_HILL
GCUCAAAGGAUAAUAUCAAAA,UTUUGATAUUATCCUUUGAGCCA,gscsuca(Ahd)agGfAfUfaauaucaaaaL96,VPusdTsuudGa(Tgn)auuadTcCfuuugagcscsa,GOLD_LEGACY,6.041923858923204,907.9797044142332,3.9999021895294833,1.0,MULTI_DOSE_HILL
GCUCCCAUGGUCACUAAAAGA,UCUUTUAAUGACCAUGGGAGCUU,gscsucc(Chd)auGfGfUfcacuaaaagaL96,VPusdCsuudTudAaugadCcAfugggagcsusu,GOLD_LEGACY,7.880123594355191,13.178816338363283,3.9999999998403495,0.9000640033861448,MULTI_DOSE_HILL
GCUCCCAUGGUCAGUUAAAGA,UCUUTAACUGACCAUGGGAGCUU,gscsucc(Chd)auGfGfUfcaguuaaagaL96,VPusdCsuudTadAcugadCcAfugggagcsusu,GOLD_LEGACY,7.946119308375626,11.320893155539068,1.799752998862306,0.9831510127433096,MULTI_DOSE_HILL
GCUCCUUAUUGUUAUACGAAG,UCGUAUAACAAUAAGGAGCUG,GmsCmsUmCmCfUmUfAfUfUmGmUmUmAmUmAmCmGmAm(-NAG0052'),UmsCfsGmUfAmUfAmAfCmAfAmUfAmAfGmGfAmGfCmsUfsGm,GOLD_LEGACY,9.809110961856108,0.1551990427115155,1.2586536336713394,0.9966097625027344,MULTI_DOSE_HILL
GCUCCUUAUUGUUAUACGAAG,UCGUAUAACAAUAAGGAGCUG,GmsCmsUmCmCmUmUfAfUfUmGmUmUmAmUmAmCmGmAm(-NAG0052'),UmsCfsGmUfAmUf(-)hmpNA(A)AmCmAfAmUfAmAfGmGfAmGfCmsUmsGm,GOLD_LEGACY,9.684282355494288,0.2068795888881805,1.124673152339638,0.9871112335654296,MULTI_DOSE_HILL
GCUCCUUAUUGUUAUACGAAG,UCGUAUAACAAUAAGGAGCUG,GmsCmsUmCmCmUmUfAfUfUmGmUmUmAmUmAmCmGmAm(-NAG0052'),UmsCfsGmUfAmUfAmAmCmAfAmUfAmAfGmGfAmGfCmsUmsGm,GOLD_LEGACY,9.93976322670042,0.1148779754804591,1.449360288558705,0.9859826550963968,MULTI_DOSE_HILL
GCUCCUUAUUGUUAUACGAAG,UCGUAUAACAAUAAGGAGCUG,GmsCmsUmCmCmUmUfAfUfUmGmUmUmAmUmAmCmGmsAm(-NAG0052'),UmsCfsGmUfAmUfAmAmCmAfAmUfAmAfGmGfAmGfCmsUmsGm,GOLD_LEGACY,9.78567509831502,0.1638041504573384,1.540273907261744,0.998907378168422,MULTI_DOSE_HILL
GCUCCUUCUGAACAAGCAAT,TUGCUUGUUCAGAAGGAGCTT,GfcUfcCfuUfCfUfgAfaCfaAfgCfaAf(invdT),dTUfgCfuUfgUfuCfagaAfgGfaGfcdTsdT,GOLD_LEGACY,6.199323327248309,631.9412032420688,3.999908376412997,1.0,MULTI_DOSE_HILL
GCUCGCAUGGUCAGUAAAAGA,UCUUTUACUGACCAUGCGAGCUU,gscsucg(Chd)auGfGfUfcaguaaaagaL96,VPusCfsuudTu(Agn)cugaccAfuGfcgagcsusu,GOLD_LEGACY,7.76827723922625,17.049936300118357,1.3001110692179625,0.9931100668788948,MULTI_DOSE_HILL
GCUCGCAUGGUCAGUAAAAGA,UCUUTUACUGACCAUGCGAGCUU,gscsucg(Chd)auGfGfUfcaguaaaagaL96,VPusCfsuudTu(Agn)cugadCcAfugcgagcsusu,GOLD_LEGACY,7.928164292781808,11.798742070326163,0.9862402475161252,1.0,MULTI_DOSE_HILL
GCUCGCAUGGUCAGUAAAAGA,UCUUTUACUGACCAUGCGAGCUU,gscsucg(Chd)auGfGfUfcaguaaaagaL96,VPusdCsuudTudAcugadCcAfugcgagcsusu,GOLD_LEGACY,9.627239026366716,0.2359179434044423,1.2227029508888956,0.9721189591078068,MULTI_DOSE_HILL
GCUCGCAUGGUCAGUUAAAGA,UCUUTAACUGACCAUGCGAGCUU,gscsucg(Chd)auGfGfUfcaguuaaagaL96,VPusdCsuudTadAcugadCcAfugcgagcsusu,GOLD_LEGACY,8.60457456725945,2.485566762089056,1.0778791229395426,0.9999999999996853,MULTI_DOSE_HILL
GCUCGCAUGGUCAUUAAAAGA,UCUUTUAAUGACCAUGCGAGCUU,gscsucg(Chd)auGfGfUfcauuaaaagaL96,VPusdCsuudTudAaugadCcAfugcgagcsusu,GOLD_LEGACY,7.959660338573232,10.97336086448446,3.999997600762663,0.970824556149954,MULTI_DOSE_HILL
GCUCUGGUGCUGGAGCUAGCU,AGCUAGCUCCAGCACCAGAGCUC,gscsucugguGfCfUfggagcuagcuL96,asdGscudAgdCuccadGcAfccagagcsusc,GOLD_LEGACY,8.489843540685639,3.23710256068618,0.7509465164533596,0.9990566344867244,MULTI_DOSE_HILL
GCUCUUCGUCAUCUGACCAGA,UCUGGUCAGAUGACGAAGAGCAC,gscsucuuCfgUfCfAfucugaccasgsa,VPuCfugdGu(C2p)agaugaCfgAfagagcsasc,GOLD_LEGACY,9.629175871333697,0.2348681509203219,0.5000000000000001,0.9920479822650304,MULTI_DOSE_HILL
GCUCUUGUGCGUACUGUCCUA,UAGGACAGUACGCACAAGAGCCU,gscsucuuGfuGfCfGfuacuguccsusa,VPuAfggdAc(Agn)guacgcAfcAfagagcscsu,GOLD_LEGACY,10.67616832960696,0.0210781101827649,0.5000000058875752,0.9742632524312426,MULTI_DOSE_HILL
GCUGAACAGCAUUUUUUUUGU,ACAAAAAAAAUGCUGUUCAGCAC,gscsugaaCfaGfCfAfuuuuuuuuguL96,asCfsaaaAfaAfAfaugcUfgUfucagcsasc,GOLD_LEGACY,11.80136354974653,0.0015799249237229,0.6380912442189086,0.9999887392957952,MULTI_DOSE_HILL
GCUGAACAGCAUUUUUUUUGU,ACAAAAAAAAUGCUGUUCAGCAC,gscsugaacaGfCfAfuuuuuuuuguL96,asdCsaadAadAaaaudGcUfguucagcsasc,GOLD_LEGACY,10.47824523295051,0.0332471763536402,3.994664958999265,0.9999999921241546,MULTI_DOSE_HILL
GCUGAACCUGCAAAAAUUGAA,UUCAAUUUUUGCAGGUUCAGC,g*c*ugaaccUgCaAaaauuga*a,u*U*caauUuuugCaGgUuca*g*c,GOLD_LEGACY,9.731751424019308,0.1854592828064309,3.999999976058624,0.9999341299020016,MULTI_DOSE_HILL
GCUGAACCUGCAAAAAUUGAU,ATCAAUTUUUGCAGGUUCAGCUC,gscsugaaccUfGfCfaaaaauugauL96,asdTscadAudTuuugdCaGfguucagcsusc,GOLD_LEGACY,10.914393119078088,0.0121788668082319,0.5000000341607703,0.9979036293155138,MULTI_DOSE_HILL
GCUGAACCUGCAAAAAUUGAU,AUCAAUUUUUGCAGGUUCAGCUC,gscsugaaCfcUfGfCfaaaaauugauL96,asUfscaaUfuUfUfugcaGfgUfucagcsusc,GOLD_LEGACY,10.263779380678285,0.0544779327606354,0.5000358031585724,0.9999269211484264,MULTI_DOSE_HILL
GCUGAAUUACUGCAGUGGGCU,AGCCCACUGCAGUAAUUCAGCUG,gscsugaauuAfCfUfgcagugggcuL96,asdGsccdCadCugcadGuAfauucagcsusg,GOLD_LEGACY,7.295577433540507,50.6317066501442,0.9280615831326874,0.9994765752884468,MULTI_DOSE_HILL
GCUGACUAUCCAGUUGAUGGA,UCCAUCAACUGGAUAGUCAGCAC,gscsugacUfaUfCfCfaguugauggaL96,VPusCfscauCfaAfCfuggaUfaGfucagcsasc,GOLD_LEGACY,8.967906069509139,1.0766980598791234,0.6271038829243814,1.0,MULTI_DOSE_HILL
GCUGCAGCUAGCAAGAGGACU,AGUCCUCUUGCTAGCUGCAGCCA,gscsugcagcUfAfGfcaagaggacuL96,asdGsucdCudCuugcdTaGfcugcagcscsa,GOLD_LEGACY,7.856295089173772,13.922105190937485,3.9999999790447007,0.999999975952986,MULTI_DOSE_HILL
GCUGCCUCUUUCCAUUCUGCU,AGCAGAAUGGAAAGAGGCAGCAA,gscsugccucUfUfUfccauucugcuL96,asdGscadGadAuggadAaGfaggcagcsasa,GOLD_LEGACY,8.070223313605894,8.507004967329964,1.3773330679844429,0.999974302590718,MULTI_DOSE_HILL
GCUGCCUCUUUCCAUUCUGCU,AGCAGAAUGGAAAGAGGCAGCCU,gscsugccucUfUfUfccauucugcuL96,asdGscadGadAuggadAaGfaggcagcscsu,GOLD_LEGACY,6.736243906613184,183.5507204102149,0.5597887524972767,0.9782199278562596,MULTI_DOSE_HILL
GCUGGCAUGGUCAGUUAAAGA,UCUUTAACUGACCAUGCCAGCUU,gscsugg(Chd)auGfGfUfcaguuaaagaL96,VPusdCsuudTadAcugadCcAfugccagcsusu,GOLD_LEGACY,8.098843952495155,7.964454719505365,0.7598317126077342,0.9991298772567412,MULTI_DOSE_HILL
GCUGGCCAACUUCUUGGGCUU,AAGCCCAAGAAGUUGGCCAGCAU,gscsuggcCfaAfCfUfucuugggcuuL96,asAfsgccCfaAfGfaaguUfgGfccagcsasu,GOLD_LEGACY,9.062584055122908,0.8657967373160159,0.6963043718855468,1.0,MULTI_DOSE_HILL
GCUGGCCAACUUCUUGGGCUU,AAGCCCAAGAAGUUGGCCAGCAU,gscsuggccaAfCfUfucuugggcuuL96,asdAsgcdCcdAagaadGuUfggccagcsasu,GOLD_LEGACY,10.720631801407142,0.019026907138426,0.8225789130348683,0.9960421153568612,MULTI_DOSE_HILL
GCUGGGAGAGAUAUGCCUUCU,AGAAGGCAUAUCUCUCCCAGCAC,gscsugggAfgAfGfAfuaugccuucuL96,asGfsaagg(Cgn)auaucuCfuCfccagcsasc,GOLD_LEGACY,7.326259470807673,47.17810897285072,0.7686698334285356,0.9781093802518736,MULTI_DOSE_HILL
GCUGGGUUUAUUUUAGAGA,UCUCUAAAAUAAACCCAGC,GcuGGGuuuAuuuuAGAGAdTsdT,UCUCuAAAAuAAACCcAGCdTsdT,GOLD_LEGACY,12.0,0.001,0.5000021889711552,0.9221218154709182,MULTI_DOSE_HILL
GCUGGGUUUAUUUUAGAGAAU,ATUCTCTAAAATAAACCCAGCAA,gscsuggguuUfAfUfuuuagagaauL96,asdTsucdTcdTaaaadTaAfacccagcsasa,GOLD_LEGACY,9.85807297958081,0.1386522815650557,0.5000007105882103,0.994586252314526,MULTI_DOSE_HILL
GCUGGUAUCUCAGAAAGUGCA,UGCACUUUCUGAGAUACCAGCCC,gscsugguAfuCfUfCfagaaagugcaL96,VPusGfscacUfuUfCfugagAfuAfccagcscsc,GOLD_LEGACY,8.864453363130064,1.3663017886243465,0.5053347945442811,1.0,MULTI_DOSE_HILL
GCUGGUUGGGAAAUGACACCU,AGGUGUCAUUUCCCAACCAGCUG,gscsugguUfgGfGfAfaaugacaccuL96,asGfsgugu(Cgn)auuuccCfaAfccagcsusg,GOLD_LEGACY,7.242730594727966,57.18332511709235,0.5000000000000001,0.9838475426832576,MULTI_DOSE_HILL
GCUGUUUGCUGUGUAUGAUCA,UGAUCAUACACAGCAAACAGC,g*c*uguuugCuGuGuaugauc*a,u*G*aucaUacacAgCaAaca*g*c,GOLD_LEGACY,8.778007612979422,1.6672179867423065,2.0899258119037234,0.9999999777428208,MULTI_DOSE_HILL
GCUUCCGUAUAUAUGGCAU,AUGCCAUAUAUACGGAAGC,GcuuccGuAuAuAuGGcAudTsdT,AUGCcAuAuAuACGGAAGCdTsdT,GOLD_LEGACY,7.655076550602151,22.12704654447725,0.5000000000000571,0.965092873896262,MULTI_DOSE_HILL
GCUUCCGUAUAUAUGGCAUGU,ACAUGCCAUAUAUACGGAAGCCC,gscsuuccGfuAfUfAfuauggcauguL96,asCfsaugCfcAfUfauauAfcGfgaagcscsc,GOLD_LEGACY,8.746333654579887,1.7933553198299057,1.042871003361608,0.9999999999070724,MULTI_DOSE_HILL
GCUUCCGUAUAUAUGGCAUGU,ACAUGCCAUAUAUACGGAAGCCC,gscsuuccguAfUfAfuauggcauguL96,asdCsaudGcdCauaudAuAfcggaagcscsc,GOLD_LEGACY,9.72269411246766,0.1893676926437621,0.5004074188848127,0.9999419725209538,MULTI_DOSE_HILL
GCUUCCUGGUGAAGAUGAGUG,CACUCAUCUUCACCAGGAAGCCA,gscsuuccUgGUGaagaugagug,csAscucaUcuucAcCaGgaagcscsa,GOLD_LEGACY,6.478283631107936,332.44236933661864,0.9725060084865156,1.0,MULTI_DOSE_HILL
GCUUCUACCACGUCGGGGCUU,GCCCCGACGUGGUAGAAGCUU,fGpsmCpsfUmUfCmUfAmCfCmAfCmGfUmCfGmGfGmGfCpsmUpsmU,mGpsfCpsmCfCmCfGmAfCmGfUmGfGmUfAmGfAmAfGmCpsmUpsmU,GOLD_LEGACY,6.004988160311463,988.5800448503468,4.0,1.0,MULTI_DOSE_HILL
GCUUCUGAUCACCAUCAUA,UAUGAUGGUGAUCAGAAGCUU,mGmCfUmUfCmUfGfAfUmCfAmCfCmAfUmCfAmUfA,fU*fA*mUfGmAfUmGfGmUfGmAmUmCfAmGfAmAfGmC*mU*mU,GOLD_LEGACY,9.906146629634565,0.1241233162748423,3.999999999999937,0.9624233896885226,MULTI_DOSE_HILL
GCUUGAGGAUCUUCCGAUGGU,ACCATCGGAAGAUCCUCAAGCAA,gscsuugaggAfUfCfuuccgaugguL96,asdCscadTcdGgaagdAuCfcucaagcsasa,GOLD_LEGACY,7.998332768766617,10.038463199600152,1.7619474325388016,0.999999999999776,MULTI_DOSE_HILL
GCUUGAGGAUCUUCCGAUGGU,ACCATCGGAAGAUCCUCAAGCCU,gscsuugaggAfUfCfuuccgaugguL96,asdCscadTcdGgaagdAuCfcucaagcscsu,GOLD_LEGACY,7.906913177133773,12.39044267831051,3.999987362563536,0.9901786208981386,MULTI_DOSE_HILL
GCUUGCUUUGAAGUAGCUCUA,UAGAGCTACUUCAAAGCAAGCAA,gscsuugcUfuUfGfAfaguagcucsusa,VPuAfgadGc(Tgn)acuucaAfaGfcaagcsasa,GOLD_LEGACY,10.696479063405002,0.0201150416704285,0.5001537266495005,0.953012653170816,MULTI_DOSE_HILL
GCUUGUUUGUGAAACAAAAAU,ATUUTUGUUUCACAAACAAGCUG,gscsuuguuuGfUfGfaaacaaaaauL96,asdTsuudTudGuuucdAcAfaacaagcsusg,GOLD_LEGACY,10.029936099395456,0.0933391626745161,0.500000092847951,0.9893084817048324,MULTI_DOSE_HILL
GCUUGUUUGUGAAACAAAAAU,AUUUUUGUUUCACAAACAAGCUG,gscsuuguUfuGfUfGfaaacaaaaauL96,asUfsuuuUfgUfUfucacAfaAfcaagcsusg,GOLD_LEGACY,9.416334866570104,0.3834114986883202,0.5000000509474599,0.9998971701903484,MULTI_DOSE_HILL
GCUUUCAACACCUACGUCCAU,ATGGACGUAGGTGUUGAAAGCCA,gscsuuucaaCfAfCfcuacguccauL96,asdTsggdAcdGuaggdTgUfugaaagcscsa,GOLD_LEGACY,10.855840813848438,0.0139366754376328,0.5000064966786848,0.9596980266621584,MULTI_DOSE_HILL
GCUUUCAACACCUACGUCCAU,AUGGACGUAGGUGUUGAAAGCCA,gscsuuucAfaCfAfCfcuacguccauL96,asUfsggaCfgUfAfggugUfuGfaaagcscsa,GOLD_LEGACY,10.984542304484254,0.0103623366033077,0.5000002150071979,0.9580787401542384,MULTI_DOSE_HILL
GCUUUCAGUUGAGCUGACCAA,UUGGTCAGCUCAACUGAAAGCCG,gscsuuucAfgUfUfGfagcugaccsasa,VPuUfggdTc(Agn)gcucaaCfuGfaaagcscsg,GOLD_LEGACY,9.190326589071796,0.64516888013112,0.7085595543477801,0.987117295452366,MULTI_DOSE_HILL
GCUUUGCUACUGUCACAGACU,AGUCTGTGACAGUAGCAAAGCUG,gscsuuugCfuAfCfUfgucacagacuL96,asGfsucdTg(Tgn)gacaguAfgCfaaagcsusg,GOLD_LEGACY,8.35913231513706,4.373888269750958,1.831415645480892,0.999997655312989,MULTI_DOSE_HILL
GCUUUGCUACUGUCACAGACU,AGUCTGTGACAGUAGCAAAGCUG,gscsuuugcuAfCfUfgucacagacuL96,asdGsucdTgdTgacadGuAfgcaaagcsusg,GOLD_LEGACY,8.621282216550822,2.391761018926898,2.8483308223203387,0.9999999766057516,MULTI_DOSE_HILL
GCUUUGGAGUGAAGAGACCAU,ATGGTCTCUUCACUCCAAAGCCC,gscsuuuggaGfUfGfaagagaccauL96,asdTsggdTcdTcuucdAcUfccaaagcscsc,GOLD_LEGACY,8.722822940520386,1.893115274054251,3.999999999857056,0.9999999999022886,MULTI_DOSE_HILL
GCUUUGGAGUGAAGAGACCAU,AUGGTCTCUUCACUCCAAAGCCC,gscsuuugGfaGfUfGfaagagaccauL96,asUfsggdTc(Tgn)cuucacUfcCfaaagcscsc,GOLD_LEGACY,8.56777887388665,2.70533546667953,1.585526523812224,1.0,MULTI_DOSE_HILL
GGAAGAGAAGGGCAUCUGCAA,UUGCAGAUGCCCUUCUCUUCCUU,fGpsmGpsfAmAfGmAfGmAfAmGfGmGfCmAfUmCfUmGfCmApsfA,vmUpsfUpsmGfCmAfGmAfUmGfCmCfCmUfUmCfUmCfUmUfCmCpsmUpsmU,GOLD_LEGACY,6.004988160311463,988.5800448503468,4.0,1.0,MULTI_DOSE_HILL
GGAAGCAGAUAGAUGGUCCAU,ATGGACCAUCUAUCUGCUUCCUC,gsgsaagcagAfUfAfgaugguccauL96,asdTsggdAcdCaucudAuCfugcuuccsusc,GOLD_LEGACY,7.938417475341534,11.523450076770247,3.9999979563038535,0.999999963166158,MULTI_DOSE_HILL
GGAAUUAAAUACUCUCCCAAU,AUUGGGAGAGUAUUUAAUUCCCG,gsgsaauuAfaAfUfAfcucucccaauL96,asUfsuggGfaGfAfguauUfuAfauuccscsg,GOLD_LEGACY,11.307744123019988,0.0049232952022471,0.5000016585727727,0.9090207879421904,MULTI_DOSE_HILL
GGAAUUCUUUCUAACCUCACA,UGUGAGGUUAGAAAGAAUUCCAG,gsgsaauuCfuUfUfCfuaaccucascsa,VPuGfugdAg(G2p)uuagaaAfgAfauuccsasg,GOLD_LEGACY,11.138664746428535,0.0072666669124033,0.7725244576900929,0.999989947544339,MULTI_DOSE_HILL
GGACAACAGCACCUCAGUGUU,AACACUGAGGUGCUGUUGUCCAC,gsgsacaaCfaGfCfAfccucaguguuL96,asAfscacUfgAfGfgugcUfgUfuguccsasc,GOLD_LEGACY,9.207851083867563,0.6196535129267295,0.6369949895334538,0.9999999832587216,MULTI_DOSE_HILL
GGACAACAGCACCUCAGUGUU,AACACUGAGGUGCUGUUGUCCAC,gsgsacaacaGfCfAfccucaguguuL96,asdAscadCudGaggudGcUfguuguccsasc,GOLD_LEGACY,10.635330914122344,0.0231562956529471,0.5000179416041445,0.987274110876038,MULTI_DOSE_HILL
GGACACAGCAGCAAUUUGUGA,UCACAAAUUGCTGCUGUGUCCCA,gsgsacacagCfAfGfcaauuugusgsa,VPudCacdAadAuugcdTgCfuguguccscsa,GOLD_LEGACY,11.156655162796778,0.0069717986706492,0.5000000005462244,0.9996467365645488,MULTI_DOSE_HILL
GGACACCAGCAGCCCUUCCUU,AAGGAAGGGCUGCUGGUGUCCUG,gsgsacaccaGfCfAfgcccuuccuuL96,asdAsggdAadGggcudGcUfgguguccsusg,GOLD_LEGACY,7.84986249100768,14.12984861767945,3.999999999999594,0.9982785385235536,MULTI_DOSE_HILL
GGACCCAAAUGGGCACUUUCU,AGAAAGTGCCCAUUUGGGUCCCA,gsgsacccAfaAfUfGfggcacuuucuL96,asGfsaadAg(Tgn)gcccauUfuGfgguccscsa,GOLD_LEGACY,8.022837782001442,9.48772783441003,1.2010711445865807,0.9998860893705236,MULTI_DOSE_HILL
GGACCCAAAUGGGCACUUUCU,AGAAAGTGCCCAUUUGGGUCCCA,gsgsacccaaAfUfGfggcacuuucuL96,asdGsaadAgdTgcccdAuUfuggguccscsa,GOLD_LEGACY,8.617990164571175,2.4099600062202806,3.999999999999981,0.9999999999863448,MULTI_DOSE_HILL
GGACCCACUGGGAGACAAGCU,AGCUTGTCUCCCAGUGGGUCCUG,gsgsacccAfcUfGfGfgagacaagcuL96,asGfscudTg(Tgn)cucccaGfuGfgguccsusg,GOLD_LEGACY,7.874773678681773,13.342165434148043,4.0,0.9999999740408008,MULTI_DOSE_HILL
GGACCCACUGGGAGACAAGCU,AGCUTGTCUCCCAGUGGGUCCUG,gsgsacccacUfGfGfgagacaagcuL96,asdGscudTgdTcuccdCaGfuggguccsusg,GOLD_LEGACY,8.26130838842375,5.478877768045496,1.3828573188781188,0.9999459750718024,MULTI_DOSE_HILL
GGACUAAAUACCAUUCCAUUA,UAAUGGAAUGGTAUUUAGUCCUC,gsgsacuaaaUfAfCfcauuccaususa,VPudAaudGgdAauggdTaUfuuaguccsusc,GOLD_LEGACY,11.386576096641113,0.0041060468783203,0.500008066674878,0.9955312260913836,MULTI_DOSE_HILL
GGAGACAAGCAUUUAUACUUU,AAAGTATAAAUGCUUGUCUCCCA,gsgsagacaaGfCfAfuuuauacuuuL96,asdAsagdTadTaaaudGcUfugucuccscsa,GOLD_LEGACY,8.906833702850141,1.2392710290961524,3.999999999428652,0.9999999965895046,MULTI_DOSE_HILL
GGAGACAAGCAUUUAUACUUU,AAAGTATAAAUGCUUGUCUCCCU,gsgsagacaaGfCfAfuuuauacuuuL96,asdAsagdTadTaaaudGcUfugucuccscsu,GOLD_LEGACY,8.920160704275817,1.2018196366734253,3.999999937565253,0.9999999955850613,MULTI_DOSE_HILL
GGAGCAACUGCCAUCCGAGGU,ACCUCGGAUGGCAGUUGCUCCGU,gsgsagcaacUfGfCfcauccgagguL96,asdCscudCgdGauggdCaGfuugcuccsgsu,GOLD_LEGACY,7.452918347159341,35.243712743926864,0.6843282289900076,0.9915705990358398,MULTI_DOSE_HILL
GGAGCUAAAAUGGCAGUGCGA,UCGCACUGCCAUUUUAGCUCCUU,gsgsagcuAfaAfAfUfggcagugcgaL96,VPusCfsgcaCfuGfCfcauuUfuAfgcuccsusu,GOLD_LEGACY,8.796684320554691,1.5970395796279269,0.714473729130748,1.0,MULTI_DOSE_HILL
GGAGCUAGCCAAGCAGCAAAU,ATUUGCTGCUUGGCUAGCUCCAG,gsgsagcuagCfCfAfagcagcaaauL96,asdTsuudGcdTgcuudGgCfuagcuccsasg,GOLD_LEGACY,8.885255642698395,1.3023999093031051,1.7757318094961343,0.999735652719131,MULTI_DOSE_HILL
GGAGCUAGCCAAGCAGCAAAU,AUUUGCTGCUUGGCUAGCUCCAG,gsgsagcuAfgCfCfAfagcagcaaauL96,asUfsuudGc(Tgn)gcuuggCfuAfgcuccsasg,GOLD_LEGACY,8.005844623254454,9.866324081743372,4.0,0.9999999366491144,MULTI_DOSE_HILL
GGAGGAAGCAGAUAGAUGGUU,AACCAUCUAUCTGCUUCCUCCUC,gsgsaggaagCfAfGfauagaugguuL96,asdAsccdAudCuaucdTgCfuuccuccsusc,GOLD_LEGACY,7.932177583162678,11.690212800740964,3.9999999646531057,0.999723707065674,MULTI_DOSE_HILL
GGAGUGAAGAGACCAAGAUGU,ACAUCUTGGUCTCUUCACUCCAA,gsgsagugaaGfAfGfaccaagauguL96,asdCsaudCudTggucdTcUfucacuccsasa,GOLD_LEGACY,8.889455245971961,1.2898664717357489,3.9999999985080064,0.9999999975670028,MULTI_DOSE_HILL
GGAGUGAAGAGACCAAGAUGU,ACAUCUTGGUCTCUUCACUCCCU,gsgsagugaaGfAfGfaccaagauguL96,asdCsaudCudTggucdTcUfucacuccscsu,GOLD_LEGACY,8.777494072840758,1.669190587815735,3.999999999994449,0.9999999997226516,MULTI_DOSE_HILL
GGAGUGAGUGACAACGUACCU,AGGUACGUUGUCACUCACUCCUC,gsgsagugAfgUfGfAfcaacguaccuL96,asGfsguac(Ggn)uugucaCfuCfacuccsusc,GOLD_LEGACY,7.81650925790034,15.257758693389729,0.8745984231602315,0.9671750468162228,MULTI_DOSE_HILL
GGAGUGAGUGACAACGUACUU,GUACGUUGUCACUCACUCCUU,fGpsmGpsfAmGfUmGfAmGfUmGfAmCfAmAfCmGfUmAfCpsmUpsmU,mGpsfUpsmAfCmGfUmUfGmUfCmAfCmUfCmAfCmUfCmCpsmUpsmU,GOLD_LEGACY,8.595774138700396,2.5364474047124905,1.672233835504501,0.968149946497526,MULTI_DOSE_HILL
GGAGUGUGGCUCCAGGGAAUU,AAUUCCCUGGAGCCACACUCCCU,gsgsagugugGfCfUfccagggaauuL96,asdAsuudCcdCuggadGcCfacacuccscsu,GOLD_LEGACY,8.229474705443682,5.8955631351628535,0.8113813350418897,0.9970337693716302,MULTI_DOSE_HILL
GGAUCAUAAUGGCAAUGUGGU,ACCACATUGCCAUUAUGAUCCAG,gsgsaucauaAfUfGfgcaaugugguL96,asdCscadCadTugccdAuUfaugauccsasg,GOLD_LEGACY,7.84986672266429,14.129710940645806,3.999999637410426,0.9999999765306063,MULTI_DOSE_HILL
GGAUCAUAAUGGCAAUGUGGU,ACCACATUGCCAUUAUGAUCCCU,gsgsaucauaAfUfGfgcaaugugguL96,asdCscadCadTugccdAuUfaugauccscsu,GOLD_LEGACY,6.732819872681614,185.0035777898024,0.5000000000000449,0.922982152553386,MULTI_DOSE_HILL
GGAUCUAUUUCAUGUUUUUGA,UCAAAAACAUGAAAUAGAUCCAC,gsgsaucuAfuUfUfCfauguuuuugaL96,VPusCfsaaaAfaCfAfugaaAfuAfgauccsasc,GOLD_LEGACY,9.47086358409142,0.3381710421731873,0.6796096224387331,1.0,MULTI_DOSE_HILL
GGAUCUUAGCAACGUCCAGUA,UACUGGACGUUGCUAAGAUCCAG,gsgsauc(Uhd)uaGfCfAfacguccaguaL96,VPusdAscudGg(Agn)cguudGcUfaagauccsasg,GOLD_LEGACY,6.874182170488272,133.6034981683601,0.5000000000000004,0.9991858276044252,MULTI_DOSE_HILL
GGAUGCUGGCCAACUUCUU,AAGAAGUUGGCCAGCAUCC,GGAuGcuGGccAAcuucuudTsdT,AAGAAGUUGGCcAGCAUCCdTsdT,GOLD_LEGACY,10.118476137921498,0.0761243963999968,1.1860756899813505,0.9999906330095978,MULTI_DOSE_HILL
GGAUGCUGGCCAACUUCUUGU,ACAAGAAGUUGGCCAGCAUCCCG,gsgsaugcUfgGfCfCfaacuucuuguL96,asCfsaagAfaGfUfuggcCfaGfcauccscsg,GOLD_LEGACY,8.082451733274253,8.270814238366082,0.9649309189343216,1.0,MULTI_DOSE_HILL
GGAUGCUGGCCAACUUCUUGU,ACAAGAAGUUGGCCAGCAUCCCG,gsgsaugcugGfCfCfaacuucuuguL96,asdCsaadGadAguugdGcCfagcauccscsg,GOLD_LEGACY,9.1990350701155,0.6323607849636104,0.703369290353915,0.9999999900037104,MULTI_DOSE_HILL
GGAUUCUUGGAACGAGGUUCU,AGAACCUCGUUCCAAGAAUCCUC,gsgsauucUfuGfGfAfacgagguucuL96,asGfsaacCfuCfGfuuccAfaGfaauccsusc,GOLD_LEGACY,9.248475400765711,0.5643189044954176,1.849061884494556,1.0,MULTI_DOSE_HILL
GGAUUGAUUCGAAAUCUUGCA,UGCAAGAUUUCGAAUCAAUCCAA,gsgsauugAfuUfCfGfaaaucuugscsa,VPuGfcadAg(Agn)uuucgaAfuCfaauccsasa,GOLD_LEGACY,9.784908525176364,0.164093536466414,1.0712018754529122,0.9999999998846604,MULTI_DOSE_HILL
GGAUUGAUUCGAAAUCUUGCA,UGCAAGAUUUCGAAUCAAUCCAA,gsgsauugauUfCfGfaaaucuugscsa,VPudGcadAgdAuuucdGaAfucaauccsasa,GOLD_LEGACY,11.028330624107344,0.0093684852183251,0.5014596491053063,0.9711072676627304,MULTI_DOSE_HILL
GGCAACAGCACAGUUACUGGU,ACCAGUAACUGTGCUGUUGCCUU,gsgscaacagCfAfCfaguuacugguL96,asdCscadGudAacugdTgCfuguugccsusu,GOLD_LEGACY,7.304700148054755,49.579238488635134,0.6384870622513027,1.0,MULTI_DOSE_HILL
GGCAAGAACCAGUGUUUAGCU,AGCUAAACACUGGUUCUUGCCUC,gsgscaagaaCfCfAfguguuuagcuL96,asdGscudAadAcacudGgUfucuugccsusc,GOLD_LEGACY,10.180269366269284,0.0660283787381999,0.5000272770849638,0.9337358019862848,MULTI_DOSE_HILL
GGCAAUGUGGUCAAGACGGAU,ATCCGUCUUGACCACAUUGCCAU,gsgscaauguGfGfUfcaagacggauL96,asdTsccdGudCuugadCcAfcauugccsasu,GOLD_LEGACY,8.236840675394081,5.796413037436128,2.4153348749241577,0.9999999925408344,MULTI_DOSE_HILL
GGCAAUGUGGUCAAGACGGAU,ATCCGUCUUGACCACAUUGCCCU,gsgscaauguGfGfUfcaagacggauL96,asdTsccdGudCuugadCcAfcauugccscsu,GOLD_LEGACY,8.285374999218078,5.183522652464317,1.2032757543858068,0.999999999999466,MULTI_DOSE_HILL
GGCACCCUGGCCUCUCUCUAU,ATAGAGAGAGGCCAGGGUGCCAA,gsgscacccuGfGfCfcucucucuauL96,asdTsagdAgdAgaggdCcAfgggugccsasa,GOLD_LEGACY,9.994743661917177,0.1012176705411627,0.7008160972926497,1.0,MULTI_DOSE_HILL
GGCACCCUGGCCUCUCUCUAU,AUAGAGAGAGGCCAGGGUGCCAA,gsgscaccCfuGfGfCfcucucucuauL96,asUfsagaGfaGfAfggccAfgGfgugccsasa,GOLD_LEGACY,10.077816093219791,0.0835956938460237,0.5000000237353442,0.9090353971218524,MULTI_DOSE_HILL
GGCACUCUUUGCUUGAGGAUU,AAUCCUCAAGCAAAGAGUGCCAG,gsgscacucuUfUfGfcuugaggauuL96,asdAsucdCudCaagcdAaAfgagugccsasg,GOLD_LEGACY,8.045222105430732,9.011101769930455,4.0,0.9999386292695244,MULTI_DOSE_HILL
GGCACUUUCUUGUCUGAGACU,AGUCTCAGACAAGAAAGUGCCCA,gsgscacuUfuCfUfUfgucugagacuL96,asGfsucdTc(Agn)gacaagAfaAfgugccscsa,GOLD_LEGACY,7.996327871251914,10.084912366801152,4.0,0.9999999419899868,MULTI_DOSE_HILL
GGCACUUUCUUGUCUGAGACU,AGUCTCAGACAAGAAAGUGCCCA,gsgscacuuuCfUfUfgucugagacuL96,asdGsucdTcdAgacadAgAfaagugccscsa,GOLD_LEGACY,8.037398886162869,9.174895233844056,3.999999999947864,0.9999999128146818,MULTI_DOSE_HILL
GGCAGCUCCUUAUUGUUAU,AUAACAAUAAGGAGCUGCCAC,GmsGmsCmAmGfCmUfCfCfUmUmAmUmUmGmUmUmAmUm,AmsUfsAmAfCmAfAmUmAfAmGmGfAmGfCmUfGmCfCmsAmsCm,GOLD_LEGACY,10.052684707843513,0.088575842558401,0.998807557392029,0.9986533320792776,MULTI_DOSE_HILL
GGCAGUGGUGUCUGCUGUCAU,ATGACAGCAGACACCACUGCCAC,gsgscaguggUfGfUfcugcugucauL96,asdTsgadCadGcagadCaCfcacugccsasc,GOLD_LEGACY,6.041923858923204,907.9797044142332,3.9999021895294833,1.0,MULTI_DOSE_HILL
GGCAUCUCUCUUACCAGAGUU,CUCUGGUAAGAGAGAUGCCUU,fGpsmGpsfCmAfUmCfUmCfUmCfUmUfAmCfCmAfGmAfGpsmUpsmU,mCpsfUpsmCfUmGfGmUfAmAfGmAfGmAfGmAfUmGfCmCpsmUpsmU,GOLD_LEGACY,6.729991966325208,186.21215822786328,0.5013521262728827,0.9283979546097764,MULTI_DOSE_HILL
GGCAUGCACAGUGAGCUAU,AUAGCUCACUGUGCAUGCC,GGcAuGcAcAGuGAGcuAudTsdT,AuAGCUcACUGUGcAUGCCdTsdT,GOLD_LEGACY,8.22162105813376,6.003146498831354,0.6262055510574086,0.99811957346384,MULTI_DOSE_HILL
GGCAUGCACAGUGAGCUAUGU,ACAUAGCUCACTGUGCAUGCCAU,gsgscaugcaCfAfGfugagcuauguL96,asdCsaudAgdCucacdTgUfgcaugccsasu,GOLD_LEGACY,11.905164521931315,0.0012440432468827,0.5000064861857885,0.999101242310722,MULTI_DOSE_HILL
GGCAUGCACAGUGAGCUAUGU,ACAUAGCUCACUGUGCAUGCCAU,gsgscaugCfaCfAfGfugagcuauguL96,asCfsauaGfcUfCfacugUfgCfaugccsasu,GOLD_LEGACY,10.545551856444837,0.0284739778953983,0.6064331289037372,1.0,MULTI_DOSE_HILL
GGCAUUGCUGCCUCUUUCCAU,ATGGAAAGAGGCAGCAAUGCCUG,gsgscauugcUfGfCfcucuuuccauL96,asdTsggdAadAgaggdCaGfcaaugccsusg,GOLD_LEGACY,7.8502126110877795,14.118461988734524,3.999999811411902,0.9999999765005746,MULTI_DOSE_HILL
GGCCAGGAGUCGGAACAUUGU,ACAAUGTUCCGACUCCUGGCCUU,gsgsccagGfaGfUfCfggaacauuguL96,asCfsaaug(Tgn)uccgacUfcCfuggccsusu,GOLD_LEGACY,6.963781380058596,108.69726581924316,0.7400062578063219,0.9846500677696286,MULTI_DOSE_HILL
GGCCAUCUUUAAGUCUGGAGA,UCUCCAGACUUAAAGAUGGCCAG,gsgsccaucuUfUfAfagucuggasgsa,VPudCucdCadGacuudAaAfgauggccsasg,GOLD_LEGACY,10.558685681020751,0.0276257653712433,0.5000005707343249,0.9872658940851188,MULTI_DOSE_HILL
GGCUACGAAAAUCCAACCUAA,UUAGGUTGGAUTUUCGUAGCCGU,gsgscua(Chd)gadAadAuccaaccuaaL96,VPusUfsaggu(Tgn)ggaudTuUfcdGuagccsgsu,GOLD_LEGACY,8.8739019299007,1.3368973736077516,0.5018763551541295,0.9963833899267108,MULTI_DOSE_HILL
GGCUACGAAAAUCCAACCUAA,UUAGGUTGGAUTUUCGUAGCCGU,gsgscua(Chd)gadAadAuccaaccuaaL96,VPusUfsaggu(Tgn)ggaudTuUfcguagccsgsu,GOLD_LEGACY,8.65390655627199,2.2186737430271863,0.6547113654144544,0.9891490517062128,MULTI_DOSE_HILL
GGCUACUGUUGGAUUGAUUCA,UGAATCAAUCCAACAGUAGCCUU,gsgscuacUfgUfUfGfgauugauuscsa,VPuGfaadTc(Agn)auccaaCfaGfuagccsusu,GOLD_LEGACY,10.528967560968642,0.0295823341949215,0.662490837681067,0.998046041446097,MULTI_DOSE_HILL
GGCUAUUACGACAGACUGCCA,UGGCAGTCUGUCGUAAUAGCCAA,gsgscuauUfaCfGfAfcagacugcscsa,VPuGfgcdAg(Tgn)cugucgUfaAfuagccsasa,GOLD_LEGACY,10.876358200951172,0.013293575273262,0.5008643919132053,0.9777478960514894,MULTI_DOSE_HILL
GGCUGAGCACCACAUCACCAU,ATGGTGAUGUGGUGCUCAGCCAG,gsgscugagcAfCfCfacaucaccauL96,asdTsggdTgdAugugdGuGfcucagccsasg,GOLD_LEGACY,7.811314061763167,15.44137386660472,3.9999998037239815,0.9999999792597342,MULTI_DOSE_HILL
GGCUGCAGCUAGCAAGAGGAU,AUCCTCTUGCUAGCUGCAGCCAC,gsgscugcAfgCfUfAfgcaagaggauL96,asUfsccdTc(Tgn)ugcuagCfuGfcagccsasc,GOLD_LEGACY,6.041923858923204,907.9797044142332,3.9999021895294833,1.0,MULTI_DOSE_HILL
GGCUGGUAUCUCAGAAAGUGA,UCACUUUCUGAGAUACCAGCCCA,gsgscuggUfaUfCfUfcagaaagugaL96,VPusCfsacuUfuCfUfgagaUfaCfcagccscsa,GOLD_LEGACY,9.277590418735151,0.5277273241864766,0.500007342301606,0.9542919081973114,MULTI_DOSE_HILL
GGCUUCCGUAUAUAUGGCAUU,AAUGCCAUAUATACGGAAGCCCA,gsgscuuccgUfAfUfauauggcauuL96,asdAsugdCcdAuauadTaCfggaagccscsa,GOLD_LEGACY,12.0,0.001,0.5197554452081142,0.990888214898482,MULTI_DOSE_HILL
GGCUUCCGUAUAUAUGGCAUU,AAUGCCAUAUAUACGGAAGCCCA,gsgscuucCfgUfAfUfauauggcauuL96,asAfsugcCfaUfAfuauaCfgGfaagccscsa,GOLD_LEGACY,9.4338347600372,0.3682690656632944,0.5000000000000001,0.9977660889397796,MULTI_DOSE_HILL
GGCUUCUACCACGUCGGGGUU,CCCCGACGUGGUAGAAGCCUU,fGpsmGpsfCmUfUmCfUmAfCmCfAmCfGmUfCmGfGmGfGpsmUpsmU,mCpsfCpsmCfCmGfAmCfGmUfGmGfUmAfGmAfAmGfCmCpsmUpsmU,GOLD_LEGACY,6.004988160311463,988.5800448503468,4.0,1.0,MULTI_DOSE_HILL
GGCUUUCAGUUGAGCUGACCA,UGGUCAGCUCAACUGAAAGCCGU,gsgscuuuCfaGfUfUfgagcugacscsa,VPuGfgudCa(G2p)cucaacUfgAfaagccsgsu,GOLD_LEGACY,10.41771225147974,0.0382197417772928,0.5423415181558526,0.99999999898329,MULTI_DOSE_HILL
GGGAAAAACUGGUAUCAAA,UUUGAUACCAGUUUUUCCCUU,mGmGfGmAfAmAfAfAfCmUfGmGfUmAfUmCfAmAfA,fU*fU*mUfGmAfUmAfCmCfAmGmUmUfUmUfUmCfCmC*mU*mU,GOLD_LEGACY,10.052180096331009,0.0886788196129586,1.917389639638904,0.957711115075175,MULTI_DOSE_HILL
GGGAAAACGUUCUGGUGUCUU,GACACCAGAACGUUUUCCCUU,fGpsmGpsfGmAfAmAfAmCfGmUfUmCfUmGfGmUfGmUfCpsmUpsmU,mGpsfApsmCfAmCfCmAfGmAfAmCfGmUfUmUfUmCfCmCpsmUpsmU,GOLD_LEGACY,7.2064585085540065,62.16436352472703,0.5000000001839324,0.999471404251405,MULTI_DOSE_HILL
GGGAGGCAAGAACCAGUGUUU,AAACACTGGUUCUUGCCUCCCCA,gsgsgaggcaAfGfAfaccaguguuuL96,asdAsacdAcdTgguudCuUfgccucccscsa,GOLD_LEGACY,10.818600828576558,0.0151844536914508,0.5000281667612477,0.9605753247189862,MULTI_DOSE_HILL
GGGAGGCAAGAACCAGUGUUU,AAACACUGGUUCUUGCCUCCCCA,gsgsgaggCfaAfGfAfaccaguguuuL96,asAfsacaCfuGfGfuucuUfgCfcucccscsa,GOLD_LEGACY,10.459850735308354,0.0346856042536008,0.5000350310450341,0.975998368492999,MULTI_DOSE_HILL
GGGAGUGUGGCUCCAGGGAAU,AUUCCCTGGAGCCACACUCCCUG,gsgsgaguGfuGfGfCfuccagggaauL96,asUfsucdCc(Tgn)ggagccAfcAfcucccsusg,GOLD_LEGACY,7.960605422417391,10.949507302892464,3.9999993520766206,0.9999999568749184,MULTI_DOSE_HILL
GGGAUGCUGGCCAACUUCUUU,AAAGAAGUUGGCCAGCAUCCCGA,gsgsgaugCfuGfGfCfcaacuucuuuL96,asAfsagaAfgUfUfggccAfgCfaucccsgsa,GOLD_LEGACY,9.839494926336451,0.1447121759056981,0.7085919607516954,0.999999997717638,MULTI_DOSE_HILL
GGGAUGCUGGCCAACUUCUUU,AAAGAAGUUGGCCAGCAUCCCGA,gsgsgaugcuGfGfCfcaacuucuuuL96,asdAsagdAadGuuggdCcAfgcaucccsgsa,GOLD_LEGACY,9.897861639584892,0.1265139339751594,0.7188621018069292,0.99999999998292,MULTI_DOSE_HILL
GGGCACUUUCUUGUCUGAGAU,ATCUCAGACAAGAAAGUGCCCAU,gsgsgcacuuUfCfUfugucugagauL96,asdTscudCadGacaadGaAfagugcccsasu,GOLD_LEGACY,8.14094538076407,7.228607087796592,1.5853504957743918,0.999994788760761,MULTI_DOSE_HILL
GGGCUUCCGUAUAUAUGGCAU,ATGCCATAUAUACGGAAGCCCAA,gsgsgcuuccGfUfAfuauauggcauL96,asdTsgcdCadTauaudAcGfgaagcccsasa,GOLD_LEGACY,7.808996291635234,15.524002655763546,3.999999699070545,0.9999999793905554,MULTI_DOSE_HILL
GGGCUUCCGUAUAUAUGGCAU,AUGCCAUAUAUACGGAAGCCCAA,gsgsgcuuCfcGfUfAfuauauggcauL96,asUfsgccAfuAfUfauacGfgAfagcccsasa,GOLD_LEGACY,7.808996291635234,15.524002655763546,3.999999699070545,0.9999999793905554,MULTI_DOSE_HILL
GGGGAGGCAAGAACCAGUGUU,AACACUGGUUCTUGCCUCCCCAC,gsgsggaggcAfAfGfaaccaguguuL96,asdAscadCudGguucdTuGfccuccccsasc,GOLD_LEGACY,9.480324117214195,0.3308840880473873,0.5523031349232128,0.9999999928046898,MULTI_DOSE_HILL
GGGGCUGAGCUUUAAAAUGGU,ACCAUUUUAAAGCUCAGCCCCAG,gsgsggcuGaGCUuuaaaauggu,asCscauuUuaaaGcUcAgccccsasg,GOLD_LEGACY,6.000000000589208,999.9999986432993,4.0,1.0,MULTI_DOSE_HILL
GGGGGUGGGGAGGCAAGAACU,AGUUCUTGCCUCCCCACCCCCAU,gsgsggguggGfGfAfggcaagaacuL96,asdGsuudCudTgccudCcCfcacccccsasu,GOLD_LEGACY,8.947086028630931,1.1295721375494787,0.6057729946368433,0.999999999962796,MULTI_DOSE_HILL
GGGGGUGGGGAGGCAAGAACU,AGUUCUUGCCUCCCCACCCCCAU,gsgsggguGfgGfGfAfggcaagaacuL96,asGfsuucUfuGfCfcuccCfcAfcccccsasu,GOLD_LEGACY,8.471526302984993,3.376553979704498,0.6692393253594238,0.9393342675805784,MULTI_DOSE_HILL
GGGGUUUAUUUUAGAGAAUGA,UCAUUCUCUAAAAUAAACCCC,g*g*gguuuaUuUuAgagaaug*a,u*C*auucUcuaaAaUaAacc*c*c,GOLD_LEGACY,9.56148677429712,0.2744815930926049,1.493556070775373,0.9999910041719208,MULTI_DOSE_HILL
GGGUAAAUCAGUAAGAGGUGA,UCACCUCUUACTGAUUUACCCUA,gsgsguaaauCfAfGfuaagaggusgsa,VPudCacdCudCuuacdTgAfuuuacccsusa,GOLD_LEGACY,10.610934606254578,0.0244943203648286,0.500000347010349,0.9790004219388484,MULTI_DOSE_HILL
GGGUAAAUCAGUAAGAGGUGA,UCACCUCUUACUGAUUUACCCUA,gsgsguaaAfuCfAfGfuaagaggusgsa,VPuCfacdCu(C2p)uuacugAfuUfuacccsusa,GOLD_LEGACY,10.5109226908075,0.0308373684045448,0.5000712763584699,0.9999903325596085,MULTI_DOSE_HILL
GGGUAGGGUAAAUCAGUAAGA,UCUUACUGAUUUACCCUACCCAU,gsgsguagGfgUfAfAfaucaguaagaL96,VPusCfsuuaCfuGfAfuuuaCfcCfuacccsasu,GOLD_LEGACY,9.135267304962357,0.7323736239722133,0.6700822829719855,0.9760228958825968,MULTI_DOSE_HILL
GGGUAUUUGAAGUAUACCAUA,UAUGGUAUACUUCAAAUACCCUC,gsgsguauUfuGfAfAfguauaccasusa,VPuAfugdGu(Agn)uacuucAfaAfuacccsusc,GOLD_LEGACY,10.330131285461963,0.0467593768218744,3.9999969288195865,0.9966267244496037,MULTI_DOSE_HILL
GGGUCAAGCACAGCUAUCCAU,ATGGAUAGCUGTGCUUGACCCUC,gsgsgucaagCfAfCfagcuauccauL96,asdTsggdAudAgcugdTgCfuugacccsusc,GOLD_LEGACY,7.825741098954363,14.936845918695502,3.999999867157498,0.9999999783687016,MULTI_DOSE_HILL
GGGUCAAGCACAGCUAUCCAU,AUGGAUAGCUGUGCUUGACCCUC,gsgsgucaAfgCfAfCfagcuauccauL96,asUfsggdAu(Agn)gcugugCfuUfgacccsusc,GOLD_LEGACY,7.79696568670827,15.960052414708343,3.999999676459237,0.9999999800206424,MULTI_DOSE_HILL
GGGUGGGGGAGGUGCUGAA,UUCAGCACCUCCCCCACCC,GGGuGGGGGAGGuGcuGAAdTsdT,UUcAGcACCUCCCCcACCCdTsdT,GOLD_LEGACY,10.09412371383927,0.0805149052447374,2.640468664364389,0.9999999998507068,MULTI_DOSE_HILL
GGGUGUACAUACACCCCUUCU,AGAAGGGGUGUAUGUACACCCGG,gsgsguguAfcAfUfAfcaccccuucuL96,asGfsaagGfgGfUfguauGfuAfcacccsgsg,GOLD_LEGACY,7.737846300443207,18.287473068393727,3.999999952360224,0.9999999821981072,MULTI_DOSE_HILL
GGGUGUACAUACACCCCUUCU,AGAAGGGGUGUAUGUACACCCGG,gsgsguguacAfUfAfcaccccuucuL96,asdGsaadGgdGgugudAuGfuacacccsgsg,GOLD_LEGACY,8.529357518297905,2.955578384489402,0.5057720178833004,0.9029219926598806,MULTI_DOSE_HILL
GGGUUUAUUUUAGAGAAUGGU,ACCATUCUCUAAAAUAAACCCAG,gsgsguuuauUfUfUfagagaaugguL96,asdCscadTudCucuadAaAfuaaacccsasg,GOLD_LEGACY,8.739239893035132,1.8228885077237715,0.6659125715456634,0.9999999998244692,MULTI_DOSE_HILL
GGGUUUAUUUUAGAGAAUGGU,ACCAUUCUCUAAAAUAAACCCAG,gsgsguuuAfuUfUfUfagagaaugguL96,asCfscauUfcUfCfuaaaAfuAfaacccsasg,GOLD_LEGACY,8.9734860094639,1.062952825111495,1.5151473159352928,1.0,MULTI_DOSE_HILL
GGUAAAUCAGUAAGAGGUGUA,UACACCUCUUACUGAUUUACCCU,gsgsuaaaUfcAfGfUfaagagguguaL96,VPusAfscacCfuCfUfuacuGfaUfuuaccscsu,GOLD_LEGACY,8.947570687849371,1.1283122730729434,0.576450842380729,0.9889633696736332,MULTI_DOSE_HILL
GGUACUUUGAUGUGACUGAAU,AUUCAGUCACAUCAAAGUACCAG,gsgsuac(Uhd)UfuGfAfUfgugacugasasu,asUfsucaGfuCfAfcaucAfaAfguaccsasg,GOLD_LEGACY,10.213693781221307,0.0611372948850648,3.999999999948631,0.9303621361489144,MULTI_DOSE_HILL
GGUCAAGACGGAUGUGCCAGU,ACUGGCACAUCCGUCUUGACCAC,gsgsucaaGfaCfGfGfaugugccaguL96,asCfsugdGc(Agn)cauccgUfcUfugaccsasc,GOLD_LEGACY,7.840926658459473,14.423589095186124,3.999999712929281,0.999999977268744,MULTI_DOSE_HILL
GGUCAAGACGGAUGUGCCAGU,ACUGGCACAUCCGUCUUGACCAC,gsgsucaagaCfGfGfaugugccaguL96,asdCsugdGcdAcaucdCgUfcuugaccsasc,GOLD_LEGACY,8.021392112249835,9.519362994479197,4.0,0.999668222611503,MULTI_DOSE_HILL
GGUCAAGAGGGAGAUGGGCAU,ATGCCCAUCUCCCUCUUGACCUU,gsgsucaagaGfGfGfagaugggcauL96,asdTsgcdCcdAucucdCcUfcuugaccsusu,GOLD_LEGACY,8.190291848962792,6.45220490581215,1.4331723228555686,0.999974762758902,MULTI_DOSE_HILL
GGUCAAGAGGGAGAUGGGCAU,AUGCCCAUCUCCCUCUUGACCUU,gsgsucaaGfaGfGfGfagaugggcauL96,asUfsgcdCc(Agn)ucucccUfcUfugaccsusu,GOLD_LEGACY,8.065735022667255,8.59537793800538,3.999999999999997,0.9959313251978602,MULTI_DOSE_HILL
GGUCACGUGACCCAAGCUCGA,UCGAGCTUGGGUCACGUGACCAG,gsgsuca(Chd)GfuGfAfCfccaagcucgaL96,VPusCfsgadGc(Tgn)ugggucAfcGfugaccsasg,GOLD_LEGACY,9.02024130447277,0.9544621165270936,0.6661369336073878,0.9537874686520248,MULTI_DOSE_HILL
GGUCAGUAAAAGCAAAGACGA,UCGUCUTUGCUUUUACUGACCAU,gsgsucag(Uhd)aAfAfAfgcaaagacgaL96,VPusCfsgudCu(Tgn)ugcuuuUfaCfugaccsasu,GOLD_LEGACY,9.208193024824656,0.6191658218958965,3.0809193310101453,0.9900774644575062,MULTI_DOSE_HILL
GGUCCAGCAGGCUUGAAGCAU,ATGCTUCAAGCCUGCUGGACCAU,gsgsuccagcAfGfGfcuugaagcauL96,asdTsgcdTudCaagcdCuGfcuggaccsasu,GOLD_LEGACY,7.143905659434668,71.79502326373817,0.6930982700551898,0.9941553560842306,MULTI_DOSE_HILL
GGUCGGGAUGCUGGCCAACUU,AAGUTGGCCAGCAUCCCGACCAU,gsgsucgggaUfGfCfuggccaacuuL96,asdAsgudTgdGccagdCaUfcccgaccsasu,GOLD_LEGACY,10.424902492460085,0.0375921796553403,0.5964071508184119,1.0,MULTI_DOSE_HILL
GGUCGGGAUGCUGGCCAACUU,AAGUUGGCCAGCAUCCCGACCAU,gsgsucggGfaUfGfCfuggccaacuuL96,asAfsguuGfgCfCfagcaUfcCfcgaccsasu,GOLD_LEGACY,9.560099467265951,0.275359796949176,0.6548624287861607,0.9999999997093884,MULTI_DOSE_HILL
GGUCUCACUUUCCAGCAAAAU,ATUUTGCUGGAAAGUGAGACCCU,gsgsucucacUfUfUfccagcaaaauL96,asdTsuudTgdCuggadAaGfugagaccscsu,GOLD_LEGACY,10.080948728445836,0.082994874308625,1.0741372167184429,0.999998114821896,MULTI_DOSE_HILL
GGUCUCACUUUCCAGCAAAAU,AUUUUGCUGGAAAGUGAGACCCU,gsgsucucAfcUfUfUfccagcaaaauL96,asUfsuuuGfcUfGfgaaaGfuGfagaccscsu,GOLD_LEGACY,8.946463719961393,1.131191882754072,0.5000000000000001,0.9925655422491632,MULTI_DOSE_HILL
GGUCUGCAAAGAUGAUAACCU,AGGUUAUCAUCUUUGCAGACCAC,gsgsucugCfaAfAfGfaugauaaccuL96,asGfsguuAfuCfAfucuuUfgCfagaccsasc,GOLD_LEGACY,7.659120951332516,21.921943225957328,0.7108084170550351,0.9079618605044372,MULTI_DOSE_HILL
GGUGAAUAAUGCUGGGACA,UGUCCCAGCAUUAUUCACCUU,mGmGfUmGfAmAfUfAfAmUfGmCfUmGfGmGfAmCfA,fU*fG*mUfCmCfCmAfGmCfAmUmUmAfUmUfCmAfCmC*mU*mU,GOLD_LEGACY,9.466871010261782,0.3412942643275049,3.9999999999811977,0.9371971482468398,MULTI_DOSE_HILL
GGUGCUGCAAGGAUCUUAU,AUAAGAUCCUUGCAGCACCAG,GmsGmsUmGmCmUmGfCfAfAmGmGmAmUmCmUmUmAmUmL96,AmsUfsAmAfGmAf(-)hmpNA(U)CmCmUfUmGfCmAfGmCfAmCfCmsAmsGm,GOLD_LEGACY,9.800974335804106,0.1581341484294924,1.2467430666682873,0.9954519883016184,MULTI_DOSE_HILL
GGUGCUGCAAGGAUCUUAU,AUAAGAUCCUUGCAGCACCAG,GmsGmsUmGmCmUmGfCfAfAmGmGmAmUmCmUmUmAmUmL96,AmsUfsAmAfGmAfUmCmCmUfUmGfCmAfGmCfAmCfCmsAmsGm,GOLD_LEGACY,10.082332077175844,0.082730933133947,1.137891678611321,0.9826652636210078,MULTI_DOSE_HILL
GGUGCUGGAGCUAGCCAAGCU,AGCUTGGCUAGCUCCAGCACCAG,gsgsugcuggAfGfCfuagccaagcuL96,asdGscudTgdGcuagdCuCfcagcaccsasg,GOLD_LEGACY,8.477617527650626,3.329526473307691,1.0364954100742012,0.9975531388255856,MULTI_DOSE_HILL
GGUGGAGGGUCUCACUUUCCU,AGGAAAGUGAGACCCUCCACCUU,gsgsuggaGfgGfUfCfucacuuuccuL96,asGfsgaaAfgUfGfagacCfcUfccaccsusu,GOLD_LEGACY,8.649285926994347,2.2424051026713228,0.8910046944990426,0.9841028668329244,MULTI_DOSE_HILL
GGUGGAGGGUCUCACUUUCCU,AGGAAAGUGAGACCCUCCACCUU,gsgsuggaggGfUfCfucacuuuccuL96,asdGsgadAadGugagdAcCfcuccaccsusu,GOLD_LEGACY,9.026736160680676,0.9402943776545868,0.5164669937681634,0.9991394581699412,MULTI_DOSE_HILL
GGUGGAUACAUGAGCAAGAUU,AAUCUUGCUCAUGUAUCCACCUU,gsgsuggaUfaCfAfUfgagcaagauuL96,asAfsucuu(Ggn)cucaugUfaUfccaccsusu,GOLD_LEGACY,8.874410103644156,1.335333967088182,1.0639578032270316,0.9952188087725298,MULTI_DOSE_HILL
GGUGGAUCUAUUUCAUGUUUA,UAAACAUGAAAUAGAUCCACCUG,gsgsuggaUfcUfAfUfuucauguuuaL96,VPusAfsaacAfuGfAfaauaGfaUfccaccsusg,GOLD_LEGACY,9.912434804020068,0.1223390759819686,0.5737128727059262,1.0,MULTI_DOSE_HILL
GGUGUACAUACACCCCUUCCU,AGGAAGGGGUGTAUGUACACCCG,gsgsuguacaUfAfCfaccccuuccuL96,asdGsgadAgdGggugdTaUfguacaccscsg,GOLD_LEGACY,10.02208715499661,0.095041404371969,0.6644717468597556,1.0,MULTI_DOSE_HILL
GGUGUACAUACACCCCUUCCU,AGGAAGGGGUGUAUGUACACCCG,gsgsuguaCfaUfAfCfaccccuuccuL96,asGfsgaaGfgGfGfuguaUfgUfacaccscsg,GOLD_LEGACY,8.852050165633582,1.4058851200603173,1.75323141779528,1.0,MULTI_DOSE_HILL
GGUGUAGAACACUAAUUCAUA,UAUGAAUUAGUGUUCUACACCAU,gsgsuguaGfaAfCfAfcuaauucauaL96,VPusAfsugaAfuUfAfguguUfcUfacaccsasu,GOLD_LEGACY,9.360016749036324,0.4364989978596864,0.7561448835410464,0.9999999999123184,MULTI_DOSE_HILL
GGUGUCCUGAAACUGCAACUU,AAGUTGCAGUUTCAGGACACCAG,gsgsuguccuGfAfAfacugcaacuuL96,asdAsgudTgdCaguudTcAfggacaccsasg,GOLD_LEGACY,8.081069493948362,8.29717988962052,4.0,0.9999998549816842,MULTI_DOSE_HILL
GGUGUCUGACUUUCGGUCCUU,GGACCGAAAGUCAGACACCUU,fGpsmGpsfUmGfUmCfUmGfAmCfUmUfUmCfGmGfUmCfCpsmUpsmU,mGpsfGpsmAfCmCfGmAfAmAfGmUfCmAfGmAfCmAfCmCpsmUpsmU,GOLD_LEGACY,8.680323735832896,2.087739288625672,0.6800105592217597,0.9863275174657102,MULTI_DOSE_HILL
GGUGUCUGCUGUCACUGUGCU,AGCACAGUGACAGCAGACACCAC,gsgsugucugCfUfGfucacugugcuL96,asdGscadCadGugacdAgCfagacaccsasc,GOLD_LEGACY,6.041923858923204,907.9797044142332,3.9999021895294833,1.0,MULTI_DOSE_HILL
GGUUCACCAAAAAUCCAAA,UUUGGAUUUUUGGUGAACCCA,GmsGmsUmUmCfAmCfCfAfAmAmAmAmUmCmCmAmAmAm,UmsUfsUmGfGmAfUmUmUfUmUmGfGmUfGmAfAmCfCmsCmsAm,GOLD_LEGACY,11.169818279392503,0.0067636592606558,2.0510223294025,0.9707433813011118,MULTI_DOSE_HILL
GGUUCACCAAAAAUCCAAA,UUUGGAUUUUUGGUGAACCCA,GmsGmsUmUmCfAmCfCfAfAmAmAmAmUmCmCmAmAmAm(NAG1),UmsUfsUmGfGmAf(-)hmpNA(U)UmUfUmUmGfGmUfGmAfAmCfCmsCmsAm,GOLD_LEGACY,10.582810889849128,0.0261329904740535,1.4888491028185171,0.9441024127194708,MULTI_DOSE_HILL
GGUUUAUUUUAGAGAAUGGGU,ACCCAUTCUCUAAAAUAAACCCA,gsgsuuuauuUfUfAfgagaauggguL96,asdCsccdAudTcucudAaAfauaaaccscsa,GOLD_LEGACY,7.8700547333275965,13.487928860153476,3.9999996084670415,0.999999974567658,MULTI_DOSE_HILL
GGUUUAUUUUAGAGAAUGGGU,ACCCAUUCUCUAAAAUAAACCCA,gsgsuuuaUfuUfUfAfgagaauggguL96,asCfsccaUfuCfUfcuaaAfaUfaaaccscsa,GOLD_LEGACY,8.015455197149109,9.650388623730969,1.7772499481596744,1.0,MULTI_DOSE_HILL
GGUUUGCUGGGUUUAUUUUAA,UUAAAAUAAACCCAGCAAACC,g*g*uuugcuGgGuUuauuuua*a,u*U*aaaaUaaacCcAgCaaa*c*c,GOLD_LEGACY,8.631513173592586,2.3360752402312746,3.999999969887514,0.9970057196515232,MULTI_DOSE_HILL
GGUUUGUAUUUAGUGUCUUGU,ACAAGACACUAAAUACAAACCGA,gsgsuuugUfaUfUfUfagugucuuguL96,asCfsaagAfcAfCfuaaaUfaCfaaaccsgsa,GOLD_LEGACY,7.902567019565783,12.515061278897829,3.9999997119565855,0.9999999851413665,MULTI_DOSE_HILL
GGUUUGUAUUUAGUGUCUUGU,ACAAGACACUAAAUACAAACCGA,gsgsuuuguaUfUfUfagugucuuguL96,asdCsaadGadCacuadAaUfacaaaccsgsa,GOLD_LEGACY,7.694693142070967,20.19792977664322,1.4151662222727088,1.0,MULTI_DOSE_HILL
GGUUUUAUGAAAAGCUAGU,ACUAGCUUUUCAUAAAACC,gsgsuuuuAfuGfAfAfaagcuaguL96,asCfsuagCfuuuucauAfaAfacc,GOLD_LEGACY,8.384078849989251,4.129725163846503,0.7122173876369248,0.944421965478014,MULTI_DOSE_HILL
GUAAAAUCUGAGAAGCUUGAA,UUCAAGCUUCUCAGAUUUUACUU,gsusaaa(Ahd)UfcUfGfAfgaagcuugaaL96,VPusUfscadAg(C2p)uucucaGfaUfuuuacsusu,GOLD_LEGACY,9.292124036691554,0.5103592179950465,0.7799670630632421,0.9999999807126464,MULTI_DOSE_HILL
GUAAAUCAGUAAGAGGUGUUA,UAACACCUCUUACUGAUUUACCC,gsusaaauCfaGfUfAfagaggugususa,VPuAfacdAc(C2p)ucuuacUfgAfuuuacscsc,GOLD_LEGACY,10.138783483574944,0.0726468045991355,0.8088709601302838,0.9999999999385236,MULTI_DOSE_HILL
GUAAAUCAGUAAGAGGUGUUA,UAACACCUCUUACUGAUUUACCC,gsusaaauCfaGfUfAfagagguguuaL96,VPusAfsacaCfcUfCfuuacUfgAfuuuacscsc,GOLD_LEGACY,9.606797200337857,0.2472878619449521,0.6940213988766637,1.0,MULTI_DOSE_HILL
GUAAUGGUGUAGAACACUAAA,UUUAGUGUUCUACACCAUUACUC,gsusaaugGfuGfUfAfgaacacuasasa,VPuUfuadGu(G2p)uucuacAfcCfauuacsusc,GOLD_LEGACY,9.487854483942598,0.3251962403949234,0.5000000000000001,0.9999976165828608,MULTI_DOSE_HILL
GUACAUACACCCCUUCCACCU,AGGUGGAAGGGGUGUAUGUACAC,gsusacauacAfCfCfccuuccaccuL96,asdGsgudGgdAagggdGuGfuauguacsasc,GOLD_LEGACY,7.869267418546585,13.51240275429235,3.999999952297723,0.9999999746529042,MULTI_DOSE_HILL
GUACCAGCUGAAUUACUGCAU,ATGCAGTAAUUCAGCUGGUACCC,gsusaccagcUfGfAfauuacugcauL96,asdTsgcdAgdTaauudCaGfcugguacscsc,GOLD_LEGACY,6.634377719697278,232.07175166748087,0.5000000000000001,0.9511380581691322,MULTI_DOSE_HILL
GUACCAGCUGAAUUACUGCAU,AUGCAGTAAUUCAGCUGGUACCC,gsusaccaGfcUfGfAfauuacugcauL96,asUfsgcdAg(Tgn)aauucaGfcUfgguacscsc,GOLD_LEGACY,7.766983093626431,17.10081884484214,3.9999998495096873,0.9999999812873756,MULTI_DOSE_HILL
GUACCAUGCAGAAUACAAAUA,UAUUTGTAUUCUGCAUGGUACGU,gsusaccaUfgCfAfGfaauacaaasusa,VPuAfuudTg(Tgn)auucugCfaUfgguacsgsu,GOLD_LEGACY,6.909727411166542,123.10412024461226,0.5994644358079583,0.9851638343547314,MULTI_DOSE_HILL
GUACCUGUGAGCAGCUGGCAU,ATGCCAGCUGCTCACAGGUACUC,gsusaccuguGfAfGfcagcuggcauL96,asdTsgcdCadGcugcdTcAfcagguacsusc,GOLD_LEGACY,9.239946862809122,0.575510348391748,0.5000000006268589,0.9843840606334818,MULTI_DOSE_HILL
GUACCUGUGAGCAGCUGGCAU,AUGCCAGCUGCUCACAGGUACUC,gsusaccuGfuGfAfGfcagcuggcauL96,asUfsgccAfgCfUfgcucAfcAfgguacsusc,GOLD_LEGACY,8.86727440323088,1.3574554852550609,0.6406928293376264,0.9999999996001572,MULTI_DOSE_HILL
GUACGACGCAGAGCGCGGCUG,CAGCCGCGCUCUGCGUCGUACUU,fGpsmUpsfAmCfGmAfCmGfCmAfGmAfGmCfGmCfGmGfCmUpsfG,vmCpsfApsmGfCmCfGmCfGmCfUmCfUmGfCmGfUmCfGmUfAmCpsmUpsmU,GOLD_LEGACY,6.756863819111872,175.03954707320526,0.6120133705556844,0.9805267081231126,MULTI_DOSE_HILL
GUACGACGCAGAGCGCGGCUU,GCCGCGCUCUGCGUCGUACUU,fGpsmUpsfAmCfGmAfCmGfCmAfGmAfGmCfGmCfGmGfCpsmUpsmU,mGpsfCpsmCfGmCfGmCfUmCfUmGfCmGfUmCfGmUfAmCpsmUpsmU,GOLD_LEGACY,6.379194034728053,417.6437294763431,0.5000000000000001,0.9378502392540043,MULTI_DOSE_HILL
GUACUACAGCAGAAGGGUA,UACCCUUCUGCUGUAGUAC,GuAcuAcAGcAGAAGGGuAdTsdT,uACCCUUCUGCUGuAGuACdTsdT,GOLD_LEGACY,9.658108953561255,0.2197308554186638,1.3031960659179318,0.999999984593587,MULTI_DOSE_HILL
GUAGAACACUAAUUCAUAAUA,UAUUAUGAAUUAGUGUUCUACAC,gsusagaacaCfUfAfauucauaasusa,VPudAuudAudGaauudAgUfguucuacsasc,GOLD_LEGACY,11.186312707004372,0.006511593680223,0.5000000000000002,0.9389633588568282,MULTI_DOSE_HILL
GUAGACUGCAGCAACAGAA,UUCUGUUGCUGCAGUCUACUU,mGmUfAmGfAmCfUfGfCmAfGmCfAmAfCmAfGmAfA,fU*fU*mCfUmGfUmUfGmCfUmGmCmAfGmUfCmUfAmC*mU*mU,GOLD_LEGACY,9.090781446743906,0.8113692665488066,1.2247850195519947,0.970914575659206,MULTI_DOSE_HILL
GUAGCUGAUAUUGAUGGACAA,UUGUCCAUCAAUAUCAGCUACUU,gsusagcuGfaUfAfUfugauggacsasa,VPuUfgudCc(Agn)ucaauaUfcAfgcuacsusu,GOLD_LEGACY,11.833162445373729,0.0014683769368937,0.8715643731640726,0.9928980695623602,MULTI_DOSE_HILL
GUAGGGUAAAUCAGUAAGAGA,UCUCTUACUGATUUACCCUACCC,gsusaggguaAfAfUfcaguaagasgsa,VPudCucdTudAcugadTuUfacccuacscsc,GOLD_LEGACY,10.720357611025593,0.0190389235060252,0.5000000036758397,0.9529907800281848,MULTI_DOSE_HILL
GUAGGGUAAAUCAGUAAGAGA,UCUCUUACUGAUUUACCCUACCC,gsusagggUfaAfAfUfcaguaagagaL96,VPusCfsucuUfaCfUfgauuUfaCfccuacscsc,GOLD_LEGACY,9.273374556489378,0.5328751200676546,0.7716444232478653,1.0,MULTI_DOSE_HILL
GUAUACAUUUUUGCAUUGCCU,AGGCAATGCAAAAAUGUAUACUU,gsusauacauUfUfUfugcauugccuL96,asdGsgcdAadTgcaadAaAfuguauacsusu,GOLD_LEGACY,10.625649815230394,0.0236782817939019,0.5005459225922715,0.9818957792976332,MULTI_DOSE_HILL
GUAUACAUUUUUGCAUUGCCU,AGGCAAUGCAAAAAUGUAUACUU,gsusauacAfuUfUfUfugcauugccuL96,asGfsgcaAfuGfCfaaaaAfuGfuauacsusu,GOLD_LEGACY,11.226436130806412,0.0059369565317926,0.5006375601928807,0.9377927928809124,MULTI_DOSE_HILL
GUAUCAAAACCUCAUGUCA,UGACAUGAGGUUUUGAUACUU,mGmUfAmUfCmAfAfAfAmCfCmUfCmAfUmGfUmCfA,fU*fG*mAfCmAfUmGfAmGfGmUmUmUfUmGfAmUfAmC*mU*mU,GOLD_LEGACY,9.788142731588922,0.1628760649826592,1.017548847911361,0.9091222972347046,MULTI_DOSE_HILL
GUAUCUCCUAGACACCAGCAU,AUGCUGGUGUCUAGGAGAUACAC,gsusaucuCcUAGacaccagcau,asUsgcugGugucUaGgAgauacsasc,GOLD_LEGACY,6.1601898513194016,691.5286039222881,0.5249838197692667,1.0,MULTI_DOSE_HILL
GUAUUUAGUGUCUUGAAUGUU,AACAUUCAAGACACUAAAUACAA,gsusauuuAfgUfGfUfcuugaauguuL96,asAfscauUfcAfAfgacaCfuAfaauacsasa,GOLD_LEGACY,8.990207842806118,1.022803386238651,0.5000000000000341,0.9376767586450988,MULTI_DOSE_HILL
GUCAACAAACCAGUUGACCUA,UAGGTCAACUGGUUUGUUGACUG,gsuscaa(Chd)aaAfCfCfaguugaccuaL96,VPusAfsggdTc(Agn)acugguUfuGfuugacsusg,GOLD_LEGACY,9.187761081358037,0.6489913653062289,0.5000000000000001,0.9668720724654516,MULTI_DOSE_HILL
GUCAAGACGGAUGUGCCAGAU,ATCUGGCACAUCCGUCUUGACCA,gsuscaagacGfGfAfugugccagauL96,asdTscudGgdCacaudCcGfucuugacscsa,GOLD_LEGACY,7.600006017809952,25.11851625747433,0.8102808649471418,1.0,MULTI_DOSE_HILL
GUCAAGAGGGAGAUGGGCAAU,ATUGCCCAUCUCCCUCUUGACCU,gsuscaagagGfGfAfgaugggcaauL96,asdTsugdCcdCaucudCcCfucuugacscsu,GOLD_LEGACY,8.003909053419202,9.910394589582406,4.0,0.9999999377931564,MULTI_DOSE_HILL
GUCACCCAAGCUCGCAUGGUA,UACCAUGCGAGCUUGGGUGACGU,gsuscac(Chd)caAfGfCfucgcaugguaL96,VPusAfsccdAu(G2p)cgagcuUfgGfgugacsgsu,GOLD_LEGACY,8.36396074402677,4.325529278217753,0.5499603144680811,0.9924618865374172,MULTI_DOSE_HILL
GUCAGUAAAAGCAAAGACGGA,UCCGTCTUUGCUUUUACUGACCA,gsuscag(Uhd)AfaAfAfGfcaaagacggaL96,VPusCfscgdTc(Tgn)uugcuuUfuAfcugacscsa,GOLD_LEGACY,8.33995758804657,4.571328297160978,0.6780954314307592,0.9740539664332464,MULTI_DOSE_HILL
GUCAUCAGCUUUGCUACUGUU,AACAGUAGCAAAGCUGAUGACCU,gsuscaucAfgCfUfUfugcuacuguuL96,asAfscadGu(Agn)gcaaagCfuGfaugacscsu,GOLD_LEGACY,8.469373169168993,3.39333573635672,1.8238689464889188,0.999994371425956,MULTI_DOSE_HILL
GUCAUCCACAAUGAGAGUACA,UGUACATCUCAUUGUGGAUGACGA,GmsUmsCmAmUmCmCfAmCfAfAfUmGmAmGmAmGmUmAmCmAmL96,UmsGfsUmAmCmGNA(t)CmUmCmAmUmUmGmUfGmGfAmUmGmAmCmsGmsAm,GOLD_LEGACY,10.182288809427812,0.065722063483383,1.48386448762055,0.9903341464995554,MULTI_DOSE_HILL
GUCAUCCACAAUGAGAGUACA,UGUACUCUCAUUGUGGAUGAC,g*u*cauccaCaAuGagaguac*a,u*G*uacuCucauUgUgGaug*a*c,GOLD_LEGACY,9.34783591975734,0.4489149618857351,2.1312658800907696,0.9653004520731544,MULTI_DOSE_HILL
GUCAUCCACAAUGAGAGUACA,UGUACUCUCAUUGUGGAUGACGA,gsuscaucCfaCfAfAfugagaguaca,usGfsuac(Tgn)cucauugUfgGfaugacsgsa,GOLD_LEGACY,7.676518470619149,21.061123237663992,0.76434955710374,0.9560624722623666,MULTI_DOSE_HILL
GUCAUCCACAAUGAGAGUACU,AGUACUCUCAUTGUGGAUGACGA,gsuscauccaCfAfAfugagaguacuL96,asdGsuadCudCucaudTgUfggaugacsgsa,GOLD_LEGACY,10.400624984076964,0.0397534674909087,3.999951786992522,0.9999999921197296,MULTI_DOSE_HILL
GUCAUCCACAAUGAGAGUACU,AGUACUCUCAUUGUGGAUGACGA,gsuscaucCfaCfAfAfugagaguacuL96,asGfsuacUfcUfCfauugUfgGfaugacsgsa,GOLD_LEGACY,12.0,0.001,0.5232927131043983,0.990539919059126,MULTI_DOSE_HILL
GUCCAAAGACGAAGUCGUGGU,ACCACGACUUCGUCUUUGGACCG,gsusccaaAfgAfCfGfaagucgugguL96,asCfscacGfacuucguCfuUfuggacscsg,GOLD_LEGACY,7.411426945633255,38.77689711538771,4.0,0.9999100660946952,MULTI_DOSE_HILL
GUCCAAAGACGAAGUCGUGUU,CACGACUUCGUCUUUGGACUU,fGpsmUpsfCmCfAmAfAmGfAmCfGmAfAmGfUmCfGmUfGpsmUpsmU,mCpsfApsmCfGmAfCmUfUmCfGmUfCmUfUmUfGmGfAmCpsmUpsmU,GOLD_LEGACY,8.964990425891294,1.0839508096701855,0.6617048194632288,0.956707444766908,MULTI_DOSE_HILL
GUCCAAGUGUGGCUCAAAGGA,UCCUTUGAGCCACACUUGGACUG,gsuscca(Ahd)guGfUfGfgcucaaaggaL96,VPusdCscudTudGagccdAcAfcuuggacsusg,GOLD_LEGACY,7.813687701239631,15.357209142534089,3.9999999999960414,0.9883951147803822,MULTI_DOSE_HILL
GUCCACCAGCUCAUCUCCGUU,CGGAGAUGAGCUGGUGGACUU,fGpsmUpsfCmCfAmCfCmAfGmCfUmCfAmUfCmUfCmCfGpsmUpsmU,mCpsfGpsmGfAmGfAmUfGmAfGmCfUmGfGmUfGmGfAmCpsmUpsmU,GOLD_LEGACY,6.745563055003619,179.6540222439994,0.5503232056363562,0.999999999562697,MULTI_DOSE_HILL
GUCCAGCAGGCUUGAAGCAGU,ACUGCUTCAAGCCUGCUGGACCA,gsusccagCfaGfGfCfuugaagcaguL96,asCfsugdCu(Tgn)caagccUfgCfuggacscsa,GOLD_LEGACY,8.207391632236426,6.203094076675353,1.492664801254437,0.9999838008694886,MULTI_DOSE_HILL
GUCCAGCAGGCUUGAAGCAGU,ACUGCUTCAAGCCUGCUGGACCA,gsusccagcaGfGfCfuugaagcaguL96,asdCsugdCudTcaagdCcUfgcuggacscsa,GOLD_LEGACY,7.997986378410396,10.046473004153707,4.0,0.9999999411090102,MULTI_DOSE_HILL
GUCCAGCAGGCUUGAAGCAGU,ACUGCUTCAAGCCUGCUGGACCU,gsusccagcaGfGfCfuugaagcaguL96,asdCsugdCudTcaagdCcUfgcuggacscsu,GOLD_LEGACY,7.981451357551009,10.436350168300086,4.0,0.9916692498335304,MULTI_DOSE_HILL
GUCCAGUCCAAGUGUGGCUCA,UGAGCCACACUTGGACUGGACGU,gsuscca(Ghd)ucCfAfAfguguggcucaL96,VPusdGsagdCc(Agn)cacudTgGfacuggacsgsu,GOLD_LEGACY,7.737846300443207,18.287473068393727,3.999999952360224,0.9999999821981072,MULTI_DOSE_HILL
GUCCCACCUUUUCUUCUAAUA,UAUUAGAAGAAAAGGUGGGAC,g*u*cccaccUuUuCuucuaau*a,u*A*uuagAagaaAaGgUggg*a*c,GOLD_LEGACY,9.014499303890508,0.967165276870934,2.342596886599858,0.9930879026342788,MULTI_DOSE_HILL
GUCCCAGGUCAUGAGAGAAUU,AAUUCUCUCAUGACCUGGGACAU,gsusccc(Ahd)GfgUfCfAfugagagaasusu,asAfsuucUfcUfCfaugaCfcUfgggacsasu,GOLD_LEGACY,10.301620189754528,0.0499320975434793,0.5000009334549881,0.9968556736527966,MULTI_DOSE_HILL
GUCCCCCUUCUAUGGGGAGUA,UACUCCCCAUAGAAGGGGGACUU,fGpsmUpsfCmCfCmCfCmUfUmCfUmAfUmGfGmGfGmAfGmUpsfA,vmUpsfApsmCfUmCfCmCfCmAfUmAfGmAfAmGfGmGfGmGfAmCpsmUpsmU,GOLD_LEGACY,6.004988160311463,988.5800448503468,4.0,1.0,MULTI_DOSE_HILL
GUCCUCUGUGAACUUGCUCAA,UUGAGCAAGUUCACAGAGGACCC,gsusccucUfgUfGfAfacuugcucaaL96,VPusUfsgagCfaAfGfuucaCfaGfaggacscsc,GOLD_LEGACY,9.09570670822706,0.8022196428960715,0.6662523882775022,0.9965539563544088,MULTI_DOSE_HILL
GUCCUGAAACUGCAACUAGAU,ATCUAGTUGCAGUUUCAGGACAC,gsusccugaaAfCfUfgcaacuagauL96,asdTscudAgdTugcadGuUfucaggacsasc,GOLD_LEGACY,6.041923858923204,907.9797044142332,3.9999021895294833,1.0,MULTI_DOSE_HILL
GUCCUGAAACUGCAACUAGAU,AUCUAGTUGCAGUUUCAGGACAC,gsusccugAfaAfCfUfgcaacuagauL96,asUfscudAg(Tgn)ugcaguUfuCfaggacsasc,GOLD_LEGACY,6.041923858923204,907.9797044142332,3.9999021895294833,1.0,MULTI_DOSE_HILL
GUCCUUCGCGGGCUGCGGCUU,GCCGCAGCCCGCGAAGGACUU,fGpsmUpsfCmCfUmUfCmGfCmGfGmGfCmUfGmCfGmGfCpsmUpsmU,mGpsfCpsmCfGmCfAmGfCmCfCmGfCmGfAmAfGmGfAmCpsmUpsmU,GOLD_LEGACY,6.004988160311463,988.5800448503468,4.0,1.0,MULTI_DOSE_HILL
GUCGGGAUGCUGGCCAACUUU,AAAGTUGGCCAGCAUCCCGACCA,gsuscgggauGfCfUfggccaacuuuL96,asdAsagdTudGgccadGcAfucccgacscsa,GOLD_LEGACY,10.648522260078211,0.0224635163466109,0.5001887335895088,0.9998694475515606,MULTI_DOSE_HILL
GUCGGGAUGCUGGCCAACUUU,AAAGUUGGCCAGCAUCCCGACCA,gsuscgggAfuGfCfUfggccaacuuuL96,asAfsaguUfgGfCfcagcAfuCfccgacscsa,GOLD_LEGACY,9.655476391568238,0.2210668425903988,0.7264795778147742,0.998724885789712,MULTI_DOSE_HILL
GUCGUCCCAGAAUAACUCAUU,AAUGAGTUAUUCUGGGACGACUG,gsuscgucCfcAfGfAfauaacucauuL96,asAfsugdAg(Tgn)uauucuGfgGfacgacsusg,GOLD_LEGACY,7.053229768953641,88.46474521470486,0.5095700308062902,0.9518611979506796,MULTI_DOSE_HILL
GUCGUGGAUGCCUUGGUAUGU,ACAUACCAAGGCAUCCACGACUU,fGpsmUpsfCmGfUmGfGmAfUmGfCmCfUmUfGmGfUmAfUmGpsfU,vmApsfCpsmAfUmAfCmCfAmAfGmGfCmAfUmCfCmAfCmGfAmCpsmUpsmU,GOLD_LEGACY,8.793784797476818,1.6077377252707783,0.6971945549888989,0.99604863189116,MULTI_DOSE_HILL
GUCUACAAACCAGUUGACCUA,UAGGTCAACUGGUUUGUAGACUA,gsuscua(Chd)AfaAfCfCfaguugaccuaL96,VPusAfsggdTc(Agn)acugguUfuGfuagacsusa,GOLD_LEGACY,9.180584158692096,0.6598053631086872,2.922950236436708,0.9964625147038664,MULTI_DOSE_HILL
GUCUACAAACCAGUUGACCUA,UAGGTCAACUGGUUUGUAGACUA,gsuscua(Chd)aaAfCfCfaguugaccuaL96,VPusAfsggdTc(Agn)acugguUfuGfuagacsusa,GOLD_LEGACY,8.553847316056858,2.793525782251476,0.6251198705011197,1.0,MULTI_DOSE_HILL
GUCUACAAACCAGUUGACCUA,UAGGTCAACUGGUUUGUAGACUG,gsuscua(Chd)aaAfCfCfaguugaccuaL96,VPusAfsggdTc(Agn)acugguUfuGfuagacsusg,GOLD_LEGACY,8.260700376459216,5.486553564809554,0.6709033972802456,0.9762009603677736,MULTI_DOSE_HILL
GUCUACAAACCAGUUGACCUA,UAGGTCAACUGGUUUGUAGACUG,gsuscua(Chd)aaAfCfCfaguugaccuaL96,VPusdAsggdTc(Agn)acugdGuUfuguagacsusg,GOLD_LEGACY,7.575632967727013,26.56849978569712,0.623217488241695,0.9831578268534428,MULTI_DOSE_HILL
GUCUACAAACCAGUUGACCUA,UAGGTCAACUGGUUUGUAGACUG,gsuscua(Chd)aaAfCfCfaguugaccuaL96,VPusdAsggdTcdAacugdGuUfuguagacsusg,GOLD_LEGACY,8.551272855441756,2.810134744236501,0.5246506602280313,1.0,MULTI_DOSE_HILL
GUCUACAAACCAGUUGACCUA,UAGGUCAACUGGUUUGUAGACUG,gsuscua(Chd)aaAfCfCfaguugaccuaL96,VPusAfsggUfc(Agn)acugguUfuGfuagacsusg,GOLD_LEGACY,8.755235249297801,1.75697163706987,0.654712365017627,1.0,MULTI_DOSE_HILL
GUCUACAAACCAGUUUACCUA,UAGGTAAACUGGUUUGUAGACUG,gsuscua(Chd)aaAfCfCfaguuuaccuaL96,VPusAfsggdTadAacugguUfuGfuagacsusg,GOLD_LEGACY,8.794480755099366,1.605163386160272,0.5000000000000001,0.9985381538813524,MULTI_DOSE_HILL
GUCUACAAACCAGUUUACCUA,UAGGTAAACUGGUUUGUAGACUG,gsuscua(Chd)aaAfCfCfaguuuaccuaL96,VPusdAsggdTadAacugdGuUfuguagacsusg,GOLD_LEGACY,8.777935695823135,1.6674940931853603,0.502601306123416,1.0,MULTI_DOSE_HILL
GUCUCACUUUCCAGCAAAACU,AGUUTUGCUGGAAAGUGAGACCC,gsuscucacuUfUfCfcagcaaaacuL96,asdGsuudTudGcuggdAaAfgugagacscsc,GOLD_LEGACY,11.940505745182252,0.001146817350338,0.500032397499394,0.9639561185544688,MULTI_DOSE_HILL
GUCUCACUUUCCAGCAAAACU,AGUUUUGCUGGAAAGUGAGACCC,gsuscucaCfuUfUfCfcagcaaaacuL96,asGfsuuuUfgCfUfggaaAfgUfgagacscsc,GOLD_LEGACY,10.953434025849765,0.011131814845761,0.5000001757543938,0.99510864223449,MULTI_DOSE_HILL
GUCUCACUUUCCAGCAAAAUU,AGUUUUGCUGGAAAGUGAGACCC,mG*mU*mCmUmCmAfCmUfUfUfCmCmAmGmCmAmAmAmAmUmU,mA*fG*mUfUfUfUmGfCfUmGmGmAmAfAmGfUmGmAmGmAmC*mC*mC,GOLD_LEGACY,10.310595160323826,0.0489108082600349,1.916055964178443,0.9977481293053344,MULTI_DOSE_HILL
GUCUCCCACCUUUUCUUCUAU,ATAGAAGAAAAGGUGGGAGACUG,gsuscucccaCfCfUfuuucuucuauL96,asdTsagdAadGaaaadGgUfgggagacsusg,GOLD_LEGACY,11.00496884144036,0.0098862402117525,0.5078890820590903,0.9995884353635766,MULTI_DOSE_HILL
GUCUCCCACCUUUUCUUCUAU,AUAGAAGAAAAGGUGGGAGACUG,gsuscuccCfaCfCfUfuuucuucuauL96,asUfsagaAfgAfAfaaggUfgGfgagacsusg,GOLD_LEGACY,10.857873266484768,0.0138716056366306,0.500119832153966,0.993321017948806,MULTI_DOSE_HILL
GUCUGACUUUCGGUCCAAAUU,UUUGGACCGAAAGUCAGACUU,fGpsmUpsfCmUfGmAfCmUfUmUfCmGfGmUfCmCfAmAfApsmUpsmU,mUpsfUpsmUfGmGfAmCfCmGfAmAfAmGfUmCfAmGfAmCpsmUpsmU,GOLD_LEGACY,8.714834606064374,1.9282591192595364,0.5071480150442026,1.0,MULTI_DOSE_HILL
GUCUGAUGGGGAAAACGUUUU,AACGUUUUCCCCAUCAGACUU,fGpsmUpsfCmUfGmAfUmGfGmGfGmAfAmAfAmCfGmUfUpsmUpsmU,mApsfApsmCfGmUfUmUfUmCfCmCfCmAfUmCfAmGfAmCpsmUpsmU,GOLD_LEGACY,7.639345879574588,22.94320683952131,0.702517852717343,0.9689342560500516,MULTI_DOSE_HILL
GUCUGGUGUCCUGAAACUGCU,AGCAGUTUCAGGACACCAGACUU,gsuscuggUfgUfCfCfugaaacugcuL96,asGfscadGu(Tgn)ucaggaCfaCfcagacsusu,GOLD_LEGACY,7.772348799369851,16.890838155757322,3.999999738126897,0.999999981088367,MULTI_DOSE_HILL
GUCUGGUGUCCUGAAACUGCU,AGCAGUTUCAGGACACCAGACUU,gsuscuggugUfCfCfugaaacugcuL96,asdGscadGudTucagdGaCfaccagacsusu,GOLD_LEGACY,7.080136293599187,83.15027816214955,0.6737258361134293,0.999999998297854,MULTI_DOSE_HILL
GUCUUCAGCCUCCUCAAAGCU,AGCUTUGAGGAGGCUGAAGACGG,gsuscuucagCfCfUfccucaaagcuL96,asdGscudTudGaggadGgCfugaagacsgsg,GOLD_LEGACY,8.01709110982272,9.614105647112826,4.0,0.9999999293517084,MULTI_DOSE_HILL
GUGAACCAAGCUCGCAUGGUA,UACCAUGCGAGCUUGGUUCACGU,gsusgaa(Chd)caAfGfCfucgcaugguaL96,VPusAfsccdAu(G2p)cgagcuUfgGfuucacsgsu,GOLD_LEGACY,8.948078320934352,1.1269941950206863,0.5000000000000001,0.9776787433992202,MULTI_DOSE_HILL
GUGAAUACUGCUACAGCAAUA,UAUUGCTGUAGCAGUAUUCACUA,gsusgaauAfcUfUfCfuacagcaasusa,VPuAfuudGc(Tgn)guagcaGfuAfuucacsusa,GOLD_LEGACY,10.446967424524807,0.0357299637407858,0.5001774819649084,0.9269775718628486,MULTI_DOSE_HILL
GUGACCCAAGCTCGCAUGGUA,UACCAUGCGAGCUUGGGUCACGU,gsusgac(Chd)caAfgCfdTcgcaugguaL96,VPusAfsccdAu(G2p)cgagdCuUfgGfgucacsgsu,GOLD_LEGACY,9.619292677576704,0.2402743009651876,0.5020501347792101,0.9999999131172724,MULTI_DOSE_HILL
GUGACCCAAGCUCGCAUGGUA,UACCATGCGAGCUUGGGUCACGU,gsusgac(Chd)caAfGfCfucgcaugguaL96,VPusAfscdCa(Tgn)gcgagcuUfgGfgucacsgsu,GOLD_LEGACY,8.264703577697102,5.43621246824214,0.5000000000095043,0.999996540916704,MULTI_DOSE_HILL
GUGACCCAAGCUCGCAUGGUA,UACCATGCGAGCUUGGGUCACGU,gsusgac(Chd)caAfGfCfucgcaugguaL96,VPusAfscdCa(Tgn)gcgagdCuUfgGfgucacsgsu,GOLD_LEGACY,8.938788872200591,1.1513599747348957,0.5000000000000001,0.9818981568598752,MULTI_DOSE_HILL
GUGACCCAAGCUCGCAUGGUA,UACCATGCGAGCUUGGGUCACGU,gsusgac(Chd)caAfGfCfucgcaugguaL96,VPusAfscdCa(Tgn)gcgagdCuUfgdGgucacsgsu,GOLD_LEGACY,9.259080059738542,0.5507061674712731,0.5000576409435796,1.0,MULTI_DOSE_HILL
GUGACCCAAGCUCGCAUGGUA,UACCATGCGAGCUUGGGUCACGU,gsusgac(Chd)caAfGfCfucgcaugguaL96,VPusdAscdCa(Tgn)gcgagdCuUfgdGgucacsgsu,GOLD_LEGACY,9.550154275434876,0.2817381928371644,0.5127291394498891,0.9999999649780374,MULTI_DOSE_HILL
GUGACCCAAGCUCGCAUGGUA,UACCAUGCGAGCUUGGGUCACGU,gsusgac(Chd)CfaAfGfCfucgcaugguaL96,VPusAfsccdAu(G2p)cgagcuUfgGfgucacsgsu,GOLD_LEGACY,9.602284477049055,0.2498708090233759,1.3931737488871918,1.0,MULTI_DOSE_HILL
GUGACCCAAGCUCGCAUGGUA,UACCAUGCGAGCUUGGGUCACGU,gsusgac(Chd)caAfGfCfucgcaugguaL96,VPusAfsccdAu(G2p)cgagcuUfgGfgucacsgsu,GOLD_LEGACY,9.560513453449282,0.2750974384778843,0.6106505890070999,1.0,MULTI_DOSE_HILL
GUGACCCAAGCUCGCAUGGUA,UACCAUGCGAGCUUGGGUCACGU,gsusgac(Chd)caAfGfCfucgcaugguaL96,VPusAfsccdAu(G2p)cgagdCuUfgGfgucacsgsu,GOLD_LEGACY,9.021142193021635,0.9524842586354512,0.5000000000005049,0.999984624172242,MULTI_DOSE_HILL
GUGACCCAAGCUCGCAUGGUA,UACCAUGCGAGCUUGGGUCACGU,gsusgac(Chd)caAfGfCfucgcaugguaL96,VPusAfsccdAu(G2p)cgagdCuUfgdGgucacsgsu,GOLD_LEGACY,9.684870237336916,0.2065997362069503,0.5000000000000001,0.998704507127166,MULTI_DOSE_HILL
GUGACCCAAGCUCGCAUGGUA,UACCAUGCGAGCUUGGGUCACGU,gsusgac(Chd)caAfGfCfucgcaugguaL96,VPusAfsccdAudGcgagcuUfgGfgucacsgsu,GOLD_LEGACY,10.069782757834126,0.0851563899760076,0.5923330445694067,0.999877130757448,MULTI_DOSE_HILL
GUGACCCAAGCUCGCAUGGUA,UACCAUGCGAGCUUGGGUCACGU,gsusgac(Chd)caAfGfCfucgcaugguaL96,VPusdAsccdAu(G2p)cgagdCuUfgdGgucacsgsu,GOLD_LEGACY,8.68655530899807,2.057996780400047,0.5000000000216561,0.9999974716350942,MULTI_DOSE_HILL
GUGACCCAAGCUCGCAUGGUA,UACCAUGCGAGCUUGGGUCACGU,gsusgac(Chd)caAfGfCfucgcaugguaL96,VPusdAsccdAudGcgagdCuUfgggucacsgsu,GOLD_LEGACY,9.155817120112737,0.6985264892150348,0.5639673612592272,0.999907596798058,MULTI_DOSE_HILL
GUGACCCAAGCUCGCAUGGUA,UACCAUGCGAGCUUGGGUCACGU,gsusgac(Chd)caAfgCfUfcgcaugguaL96,VPusAfsccdAu(G2p)cgagdCuUfgGfgucacsgsu,GOLD_LEGACY,9.740206272295662,0.1818836779593731,0.5000000101383633,0.9023674636174144,MULTI_DOSE_HILL
GUGACCCAAGCUCGCAUGGUA,UACCAUGCGAGCUUGGGUCACGU,gsusgac(Chd)caAfgdCUfcgcaugguaL96,VPusAfsccdAu(G2p)cgagdCuUfgGfgucacsgsu,GOLD_LEGACY,9.84341638866141,0.1434113788252828,0.8841988498357236,1.0,MULTI_DOSE_HILL
GUGACCCAAGCUCGCUUGGUA,UACCAAGCGAGCUUGGGUCACGU,gsusgac(Chd)caAfGfCfucgcuugguaL96,VPusAfsccdAadGcgagcuUfgGfgucacsgsu,GOLD_LEGACY,8.386757561922147,4.104331569154834,0.5000000000000001,0.9350527385866144,MULTI_DOSE_HILL
GUGACCCAAGCUCGCUUGGUA,UACCAAGCGAGCUUGGGUCACGU,gsusgac(Chd)caAfGfCfucgcuugguaL96,VPusdAsccdAadGcgagdCuUfgggucacsgsu,GOLD_LEGACY,8.657456521280885,2.2006120094712003,0.8163200221833358,0.9999294184076792,MULTI_DOSE_HILL
GUGACCCAAGCUCGUAUGGUA,UACCAUACGAGCUUGGGUCACGU,gsusgac(Chd)caAfGfCfucguaugguaL96,VPusAfsccdAudAcgagcuUfgGfgucacsgsu,GOLD_LEGACY,9.896597428290484,0.1268827467656715,0.5000000000002393,0.999609939731747,MULTI_DOSE_HILL
GUGACCCAAGCUCGUAUGGUA,UACCAUACGAGCUUGGGUCACGU,gsusgac(Chd)caAfGfCfucguaugguaL96,VPusdAsccdAudAcgagdCuUfgggucacsgsu,GOLD_LEGACY,8.991232111734565,1.020393981220504,0.5000000000000014,0.9887941556331792,MULTI_DOSE_HILL
GUGACCGGGUGUACAUACACU,AGUGTATGUACACCCGGUCACCU,gsusgaccggGfUfGfuacauacacuL96,asdGsugdTadTguacdAcCfcggucacscsu,GOLD_LEGACY,7.852385590143307,14.047997130674087,3.999999610423853,0.9917385511447246,MULTI_DOSE_HILL
GUGACCGGGUGUACAUACACU,AGUGUAUGUACACCCGGUCACCU,gsusgaccGfgGfUfGfuacauacacuL96,asGfsuguAfuGfUfacacCfcGfgucacscsu,GOLD_LEGACY,7.927909829636909,11.805657250881266,3.999930591134394,0.997544032661853,MULTI_DOSE_HILL
GUGAGAUGUUAGUAGAAUAAU,AUUAUUCUACUAACAUCUCACUG,gsusgagaUfgUfUfAfguagaauaauL96,asUfsuauUfcUfAfcuaaCfaUfcucacsusg,GOLD_LEGACY,8.213712662468891,6.113463695742189,0.5000000002716963,0.9035130315710996,MULTI_DOSE_HILL
GUGAGCCAAGCUCGCAUGGUA,UACCAUGCGAGCUUGGCUCACGU,gsusgag(Chd)caAfGfCfucgcaugguaL96,VPusAfsccdAu(G2p)cgagcuUfgGfcucacsgsu,GOLD_LEGACY,10.08693737466378,0.0818582819402657,3.999990572526729,0.9938201837158636,MULTI_DOSE_HILL
GUGAGUGACAACGUACCCUUU,AAAGGGTACGUUGUCACUCACUC,gsusgaguGfaCfAfAfcguacccuuuL96,asAfsaggg(Tgn)acguugUfcAfcucacsusc,GOLD_LEGACY,7.731168275233182,18.57084754673838,0.6002161956871016,1.0,MULTI_DOSE_HILL
GUGCAAUCCCUGAACUGACAA,UUGUCAGUUCAGGGAUUGCACGU,gsusgcaaUfcCfCfUfgaacugacsasa,VPuUfgudCa(G2p)uucaggGfaUfugcacsgsu,GOLD_LEGACY,11.596872024760591,0.0025300434243203,0.6460884794341873,0.9998603383147504,MULTI_DOSE_HILL
GUGCAGCUACCUCCGCAUUGU,ACAAUGCGGAGGUAGCUGCACAA,gsusgcagCfuAfCfCfuccgcauuguL96,asCfsaaug(Cgn)ggagguAfgCfugcacsasa,GOLD_LEGACY,6.191137919256222,643.9647286303023,0.797117073621807,0.9709041779873354,MULTI_DOSE_HILL
GUGCAGGGCCUGGCUCUCUAU,ATAGAGAGCCAGGCCCUGCACAA,gsusgcagggCfCfUfggcucucuauL96,asdTsagdAgdAgccadGgCfccugcacsasa,GOLD_LEGACY,10.312010108371016,0.0487517142822421,0.559926833501532,1.0,MULTI_DOSE_HILL
GUGCAGGGCCUGGCUCUCUAU,AUAGAGAGCCAGGCCCUGCACAA,gsusgcagGfgCfCfUfggcucucuauL96,asUfsagaGfaGfCfcaggCfcCfugcacsasa,GOLD_LEGACY,10.112101743753138,0.0772499587597603,0.688484021542292,1.0,MULTI_DOSE_HILL
GUGCCAGAUAUGGUGGUGGAU,ATCCACCACCATAUCUGGCACAU,gsusgccagaUfAfUfggugguggauL96,asdTsccdAcdCaccadTaUfcuggcacsasu,GOLD_LEGACY,7.777105328272162,16.70685378342718,3.999999928426399,0.9999999809026218,MULTI_DOSE_HILL
GUGCUCUUCGUCAUCUGACCA,UGGUCAGAUGACGAAGAGCACAG,gsusgcucUfuCfGfUfcaucugaccaL96,VPusGfsgucAfgAfUfgacgAfaGfagcacsasg,GOLD_LEGACY,8.906421001032816,1.2404492446031932,0.6661106955356862,0.9999999994469186,MULTI_DOSE_HILL
GUGCUGAACAGCAUUUUUUUU,AAAAAAAAUGCTGUUCAGCACCU,gsusgcugaaCfAfGfcauuuuuuuuL96,asdAsaadAadAaugcdTgUfucagcacscsu,GOLD_LEGACY,12.0,0.001,0.700319279596784,0.9703464591771628,MULTI_DOSE_HILL
GUGCUGAACAGCAUUUUUUUU,AAAAAAAAUGCUGUUCAGCACCU,gsusgcugAfaCfAfGfcauuuuuuuuL96,asAfsaaaAfaAfUfgcugUfuCfagcacscsu,GOLD_LEGACY,11.479670625554997,0.0033138235078191,0.7321813867650513,1.0,MULTI_DOSE_HILL
GUGCUGGAGCUAGCCAAGCAU,ATGCTUGGCUAGCUCCAGCACCA,gsusgcuggaGfCfUfagccaagcauL96,asdTsgcdTudGgcuadGcUfccagcacscsa,GOLD_LEGACY,8.828761323661087,1.4833330603584498,3.999999991035524,0.999999999253434,MULTI_DOSE_HILL
GUGCUGGGAGAGAUAUGCCUU,AAGGCAUAUCUCUCCCAGCACUU,fGpsmUpsfGmCfUmGfGmGfAmGfAmGfAmUfAmUfGmCfCmUpsfU,vmApsfApsmGfGmCfAmUfAmUfCmUfCmUfCmCfCmAfGmCfAmCpsmUpsmU,GOLD_LEGACY,7.2809908881216225,52.36114222964724,0.5000000000000001,0.9539905075251868,MULTI_DOSE_HILL
GUGGAAGAAGAAGAAGCCGAU,AUCGGCUUCUUCUUCUUCCACCU,gsusgga(Ahd)GfaAfGfAfagaagccgsasu,asUfscggCfuUfCfuucuUfcUfuccacscsu,GOLD_LEGACY,10.202491145691248,0.0627348486108708,4.0,0.9952091282977698,MULTI_DOSE_HILL
GUGGAAUCUGCCAUUGCGAUU,AAUCGCAAUGGCAGAUUCCACAG,gsusggaaUfcUfGfCfcauugcgauuL96,asAfsucgc(Agn)auggcaGfaUfuccacsasg,GOLD_LEGACY,8.071605017050198,8.479983025998397,0.7919113158336657,0.9947642666240776,MULTI_DOSE_HILL
GUGGAUACAUGAGCAAGAUUU,AAAUCUTGCUCAUGUAUCCACCU,gsusggauAfcAfUfGfagcaagauuuL96,asAfsaucu(Tgn)gcucauGfuAfuccacscsu,GOLD_LEGACY,8.249689179961383,5.627439310746559,0.6578931535959948,0.972398614068841,MULTI_DOSE_HILL
GUGGAUCUAUUUCAUGUUUUA,UAAAACAUGAAAUAGAUCCACCU,gsusggauCfuAfUfUfucauguuuuaL96,VPusAfsaaaCfaUfGfaaauAfgAfuccacscsu,GOLD_LEGACY,9.38709674818566,0.410112731614884,0.5001573869352435,0.9999999889574024,MULTI_DOSE_HILL
GUGGAUGCCUUGGUAUGUUCC,GGAACAUACCAAGGCAUCCACUU,fGpsmUpsfGmGfAmUfGmCfCmUfUmGfGmUfAmUfGmUfUmCpsfC,vmGpsfGpsmAfAmCfAmUfAmCfCmAfAmGfGmCfAmUfCmCfAmCpsmUpsmU,GOLD_LEGACY,7.444689557712696,35.91785908649784,0.5000000000000001,0.9260608542205117,MULTI_DOSE_HILL
GUGGAUGCCUUGGUAUGUUUU,AACAUACCAAGGCAUCCACUU,fGpsmUpsfGmGfAmUfGmCfCmUfUmGfGmUfAmUfGmUfUpsmUpsmU,mApsfApsmCfAmUfAmCfCmAfAmGfGmCfAmUfCmCfAmCpsmUpsmU,GOLD_LEGACY,9.446063383738055,0.3580441780123511,1.2170161053729502,0.994097406111658,MULTI_DOSE_HILL
GUGGCCCUAUUAAUGGUCAGU,ACUGACCAUUAAUAGGGCCACGA,gsusggccCfuAfUfUfaauggucaguL96,asCfsugac(Cgn)auuaauAfgGfgccacsgsa,GOLD_LEGACY,6.90062855099201,125.71046968063708,0.5000000000000001,0.9972844014344152,MULTI_DOSE_HILL
GUGGCUCAAAGGAUAAUAUCA,UGAUAUTAUCCTUUGAGCCACAC,gsusggc(Uhd)caAfAfGfgauaauaucaL96,VPusdGsaudAudTauccdTuUfgagccacsasc,GOLD_LEGACY,8.771938411804161,1.6906806735556117,0.7222951429739083,0.9834780386477278,MULTI_DOSE_HILL
GUGGCUGCAGCUAGCAAGAGU,ACUCTUGCUAGCUGCAGCCACAG,gsusggcugcAfGfCfuagcaagaguL96,asdCsucdTudGcuagdCuGfcagccacsasg,GOLD_LEGACY,7.8021930291003265,15.769102310463165,3.999999999994393,0.9955654855448848,MULTI_DOSE_HILL
GUGGGGAGGCAAGAACCAGUU,AACUGGUUCUUGCCUCCCCACCC,gsusggggAfgGfCfAfagaaccaguuL96,asAfscugGfuUfCfuugcCfuCfcccacscsc,GOLD_LEGACY,7.800411828567702,15.833909976409188,1.2789003493994795,0.9999696958307094,MULTI_DOSE_HILL
GUGGUAGACUGCAGCAACA,UGUUGCUGCAGUCUACCACUU,mGmUfGmGfUmAfGfAfCmUfGmCfAmGfCmAfAmCfA,fU*fG*mUfUmGfCmUfGmCfAmGmUmCfUmAfCmCfAmC*mU*mU,GOLD_LEGACY,9.654080900635796,0.2217783251328497,1.144360741662461,1.0,MULTI_DOSE_HILL
GUGGUCAAGACGGAUGUGCCU,AGGCACAUCCGTCUUGACCACAU,gsusggucaaGfAfCfggaugugccuL96,asdGsgcdAcdAuccgdTcUfugaccacsasu,GOLD_LEGACY,7.993997295729746,10.139176991922987,4.0,0.99999994319454,MULTI_DOSE_HILL
GUGGUCAAGACGGAUGUGCCU,AGGCACAUCCGUCUUGACCACAU,gsusggucAfaGfAfCfggaugugccuL96,asGfsgcdAc(Agn)uccgucUfuGfaccacsasu,GOLD_LEGACY,7.601957957749529,25.00587421493709,0.8500290508782054,0.9983582357209176,MULTI_DOSE_HILL
GUGUAAGCCAGAAGAAUGUUU,AAACAUUCUUCUGGCUUACACAG,gsusguaaGfcCfAfGfaagaauguuuL96,asAfsacaUfuCfUfucugGfcUfuacacsasg,GOLD_LEGACY,10.19204445227868,0.0642621938283055,1.0547828040374003,0.9981143576376088,MULTI_DOSE_HILL
GUGUACAAACCAGUUGACCUA,UAGGTCAACUGGUUUGUACACUG,gsusgua(Chd)aaAfCfCfaguugaccuaL96,VPusAfsggdTc(Agn)acugguUfuGfuacacsusg,GOLD_LEGACY,7.922176928211472,11.962530877719509,3.999891945966477,0.9642378510271484,MULTI_DOSE_HILL
GUGUACAUACACCCCUUCCAU,ATGGAAGGGGUGUAUGUACACCC,gsusguacauAfCfAfccccuuccauL96,asdTsggdAadGgggudGuAfuguacacscsc,GOLD_LEGACY,9.235425289717798,0.5815334630345447,0.8008021974224607,0.9999999795488278,MULTI_DOSE_HILL
GUGUACAUACACCCCUUCCAU,AUGGAAGGGGUGUAUGUACACCC,gsusguacAfuAfCfAfccccuuccauL96,asUfsggaAfgGfGfguguAfuGfuacacscsc,GOLD_LEGACY,9.268054463000723,0.5394429690534657,0.8905879130371591,0.9999999955908032,MULTI_DOSE_HILL
GUGUAGAACACUAAUUCAUAA,UUAUGAAUUAGUGUUCUACACCA,gsusguagAfaCfAfCfuaauucauaaL96,VPusUfsaugAfaUfUfagugUfuCfuacacscsa,GOLD_LEGACY,8.73343675785504,1.8474097959139348,0.5069326177272584,1.0,MULTI_DOSE_HILL
GUGUCCCAAGCUCGCAUGGUA,UACCAUGCGAGCUUGGGACACGU,gsusguc(Chd)caAfGfCfucgcaugguaL96,VPusAfsccdAu(G2p)cgagcuUfgGfgacacsgsu,GOLD_LEGACY,8.996590554608954,1.007881434405155,0.5000000000000001,0.9895533276342636,MULTI_DOSE_HILL
GUGUCCCCCUUCUAUGGGGAG,CUCCCCAUAGAAGGGGGACACUU,fGpsmUpsfGmUfCmCfCmCfCmUfUmCfUmAfUmGfGmGfGmApsfG,vmCpsfUpsmCfCmCfCmAfUmAfGmAfAmGfGmGfGmGfAmCfAmCpsmUpsmU,GOLD_LEGACY,6.004988160311463,988.5800448503468,4.0,1.0,MULTI_DOSE_HILL
GUGUCCCCCUUCUAUGGGGUU,CCCCAUAGAAGGGGGACACUU,fGpsmUpsfGmUfCmCfCmCfCmUfUmCfUmAfUmGfGmGfGpsmUpsmU,mCpsfCpsmCfCmAfUmAfGmAfAmGfGmGfGmGfAmCfAmCpsmUpsmU,GOLD_LEGACY,6.138186091962572,727.4680230942627,0.5000000000000001,0.9283541835075017,MULTI_DOSE_HILL
GUGUCCCUACUGCCCGAAGGU,ACCUTCGGGCAGUAGGGACACAA,gsusgucccuAfCfUfgcccgaagguL96,asdCscudTcdGggcadGuAfgggacacsasa,GOLD_LEGACY,6.742041879001621,181.1165433579472,0.5186965547841382,0.9640183033866468,MULTI_DOSE_HILL
GUGUCCCUACUGCCCGAAGGU,ACCUTCGGGCAGUAGGGACACCU,gsusgucccuAfCfUfgcccgaagguL96,asdCscudTcdGggcadGuAfgggacacscsu,GOLD_LEGACY,7.705638667189181,19.69524251499379,1.88953940196549,0.9999999311035704,MULTI_DOSE_HILL
GUGUCCUGAAACUGCAACUAU,ATAGTUGCAGUTUCAGGACACCA,gsusguccugAfAfAfcugcaacuauL96,asdTsagdTudGcagudTuCfaggacacscsa,GOLD_LEGACY,8.013535515969096,9.69313996974466,4.0,0.9993460177219524,MULTI_DOSE_HILL
GUGUCUGACUUUCGGUCCAUU,UGGACCGAAAGUCAGACACUU,fGpsmUpsfGmUfCmUfGmAfCmUfUmUfCmGfGmUfCmCfApsmUpsmU,mUpsfGpsmGfAmCfCmGfAmAfAmGfUmCfAmGfAmCfAmCpsmUpsmU,GOLD_LEGACY,8.013181901453594,9.701035604971777,0.5000053474533358,1.0,MULTI_DOSE_HILL
GUGUCUGAUGGGGAAAACGUU,CGUUUUCCCCAUCAGACACUU,fGpsmUpsfGmUfCmUfGmAfUmGfGmGfGmAfAmAfAmCfGpsmUpsmU,mCpsfGpsmUfUmUfUmCfCmCfCmAfUmCfAmGfAmCfAmCpsmUpsmU,GOLD_LEGACY,6.879346516379391,132.0241814736402,0.5053811509607901,0.921412103598408,MULTI_DOSE_HILL
GUGUGCAAAUAGUCUACAAAA,UUUUGUAGACUAUUUGCACACUG,gsusgug(Chd)AfaAfUfAfgucuacaaaaL96,VPusUfsuudGu(Agn)gacuauUfuGfcacacsusg,GOLD_LEGACY,8.384027190734402,4.130216423170252,0.9081582002345276,0.994817529072246,MULTI_DOSE_HILL
GUGUUUUUCACAUGUAUUA,UAAUACAUGUGAAAAACACUU,mGmUfGmUfUmUfUfUfCmAfCmAfUmGfUmAfUmUfA,fU*fA*mAfUmAfCmAfUmGfUmGmAmAfAmAfAmCfAmC*mU*mU,GOLD_LEGACY,9.217361731626982,0.6062311784720593,0.7674181967788145,0.9193653671936284,MULTI_DOSE_HILL
GUUAAUAAGGCUGCAGUUAUA,UAUAACTGCAGCCUUAUUAACCA,gsusuaauAfaGfGfCfugcaguuasusa,VPuAfuadAc(Tgn)gcagccUfuAfuuaacscsa,GOLD_LEGACY,11.084180531850858,0.0082379560027723,0.5831434024360858,0.9999999999999996,MULTI_DOSE_HILL
GUUACCCAAGCUCGCAUGGUA,UACCAUGCGAGCUUGGGUAACGU,gsusuac(Chd)caAfGfCfucgcaugguaL96,VPusAfsccdAu(G2p)cgagcuUfgGfguaacsgsu,GOLD_LEGACY,8.644785815228538,2.265761457296948,0.5973199493187181,0.99999999982446,MULTI_DOSE_HILL
GUUCCAAAAAGAAUUCCAACA,UGUUGGAAUUCUUUUUGGAAC,g*u*uccaaaAaGaAuuccaac*a,u*G*uuggAauucUuUuUgga*a*c,GOLD_LEGACY,9.453616981356529,0.3518706300519882,1.627889711683238,0.9999999990927012,MULTI_DOSE_HILL
GUUCCAAAAAGAAUUCCAACU,AGUUGGAAUUCTUUUUGGAACAG,gsusuccaaaAfAfGfaauuccaacuL96,asdGsuudGgdAauucdTuUfuuggaacsasg,GOLD_LEGACY,10.803879415198123,0.0157079888673101,0.500000070493208,0.9938584644395136,MULTI_DOSE_HILL
GUUCCAAAAAGAAUUCCAACU,AGUUGGAAUUCUUUUUGGAACAG,gsusuccaAfaAfAfGfaauuccaacuL96,asGfsuugGfaAfUfucuuUfuUfggaacsasg,GOLD_LEGACY,10.091481073285008,0.0810063243768449,0.5000000000018526,0.9780454118680963,MULTI_DOSE_HILL
GUUCCCUUUUCAAGUUGAGAU,ATCUCAACUUGAAAAGGGAACAC,gsusucccuuUfUfCfaaguugagauL96,asdTscudCadAcuugdAaAfagggaacsasc,GOLD_LEGACY,10.914393119078088,0.0121788668082319,0.5000000341607703,0.9979036293155138,MULTI_DOSE_HILL
GUUCCCUUUUCAAGUUGAGAU,AUCUCAACUUGAAAAGGGAACAC,gsusucccUfuUfUfCfaaguugagauL96,asUfscucAfaCfUfugaaAfaGfggaacsasc,GOLD_LEGACY,11.610226144222192,0.0024534310414381,0.5000100993534787,0.9312420274792228,MULTI_DOSE_HILL
GUUCUGGUCCUUUUUGGUCGA,UCGACCAAAAAGGACCAGAACAA,gsusucugGfuCfCfUfuuuuggucgaL96,VPusCfsgacCfaAfAfaaggAfcCfagaacsasa,GOLD_LEGACY,9.446566243307569,0.3576298468305947,0.5000000000000001,0.9481948410283944,MULTI_DOSE_HILL
GUUGAGAACAAAAAUUGGGUU,AACCCAAUUUUTGUUCUCAACUU,gsusugagaaCfAfAfaaauuggguuL96,asdAsccdCadAuuuudTgUfucucaacsusu,GOLD_LEGACY,12.0,0.001,2.942933667735392,1.0,MULTI_DOSE_HILL
GUUGAGAACAAAAAUUGGGUU,AACCCAAUUUUUGUUCUCAACUU,gsusugagAfaCfAfAfaaauuggguuL96,asAfscccAfaUfUfuuugUfuCfucaacsusu,GOLD_LEGACY,11.959297391686947,0.0010982535311801,0.5000027442596675,0.9637733079895388,MULTI_DOSE_HILL
GUUGCCUUGCUCAACAAAACA,UGUUTUGUUGAGCAAGGCAACCA,gsusugccUfuGfCfUfcaacaaaascsa,VPuGfuudTu(G2p)uugagcAfaGfgcaacscsa,GOLD_LEGACY,10.157610500600958,0.0695647933582503,3.999999966313387,0.998404531021582,MULTI_DOSE_HILL
GUUGGAUUGAUUCGAAAUCUA,UAGATUTCGAATCAAUCCAACAG,gsusuggauuGfAfUfucgaaaucsusa,VPudAgadTudTcgaadTcAfauccaacsasg,GOLD_LEGACY,11.410518169413695,0.0038858124068817,0.5000000226027609,0.9969330857308806,MULTI_DOSE_HILL
GUUGGAUUGAUUCGAAAUCUA,UAGATUTCGAAUCAAUCCAACAG,gsusuggaUfuGfAfUfucgaaaucsusa,VPuAfgadTu(Tgn)cgaaucAfaUfccaacsasg,GOLD_LEGACY,11.180314237640248,0.0066021557028628,0.5000024408083474,0.9975242676690188,MULTI_DOSE_HILL
GUUGUAUAUUAUUCUUGUGGA,UCCACAAGAAUAAUAUACAACUG,gsusugu(Ahd)UfaUfUfAfuucuuguggaL96,VPusCfscaca(Agn)gaauaaUfaUfacaacsusg,GOLD_LEGACY,9.154863935317255,0.7000612912075116,1.165876924589678,0.9362176776225504,MULTI_DOSE_HILL
GUUGUGUCCCUACUGCCCGAU,ATCGGGCAGUAGGGACACAACAG,gsusugugucCfCfUfacugcccgauL96,asdTscgdGgdCaguadGgGfacacaacsasg,GOLD_LEGACY,7.938206931128533,11.529037953265572,3.9999990166102775,0.9999999632179624,MULTI_DOSE_HILL
GUUUAUUUUAGAGAAUGGGGU,ACCCCAUUCUCUAAAAUAAACCC,gsusuuauUfuUfAfGfagaaugggguL96,asCfscccAfuUfCfucuaAfaAfuaaacscsc,GOLD_LEGACY,7.922139031303883,11.96357478393116,3.999997336963204,0.999999966783827,MULTI_DOSE_HILL
GUUUCCCAGGCACAGGGCAUU,AAUGCCCUGUGCCUGGGAAACUU,gsusuucccaGfGfCfacagggcauuL96,asdAsugdCcdCugugdCcUfgggaaacsusu,GOLD_LEGACY,8.259459007392866,5.502258533091552,1.3994335664427175,0.9999535383703708,MULTI_DOSE_HILL
GUUUCUCCUUGGUCUAAGU,ACUUAGACCAAGGAGAAAC,GmsUmsUmUmCmUmCfCfUfUmGmGmUmCmUmAmAmGmUmL96,AmsCfsUmUfAmGfAmCmCmAfAmGfGmAfGmAfAmAfCm,GOLD_LEGACY,10.128448347289108,0.0743963540772656,1.0250242709661666,0.962151385376214,MULTI_DOSE_HILL
GUUUCUCCUUGGUCUAAGU,ACUUAGACCAAGGAGAAAC,GuuucuccuuGGucuAAGudTsdT,ACUuAGACcAAGGAGAAACdTsdT,GOLD_LEGACY,11.96716990553605,0.0010785246971424,0.500000127838003,0.9969617939424156,MULTI_DOSE_HILL
GUUUCUCCUUGGUCUAAGUGU,ACACTUAGACCAAGGAGAAACGG,gsusuucuccUfUfGfgucuaaguguL96,asdCsacdTudAgaccdAaGfgagaaacsgsg,GOLD_LEGACY,8.823266944488786,1.5022183251335623,0.6557349496449411,0.9999999955511708,MULTI_DOSE_HILL
GUUUCUCCUUGGUCUAAGUGU,ACACUUAGACCAAGGAGAAACGG,gsusuucuCfcUfUfGfgucuaaguguL96,asCfsacuUfaGfAfccaaGfgAfgaaacsgsg,GOLD_LEGACY,8.251621331840548,5.602458757492292,0.6180288489085343,0.9999858629144314,MULTI_DOSE_HILL
GUUUGCUGGGUUUAUUUUAGU,ACUAAAAUAAACCCAGCAAACUG,gsusuugcUfgGfGfUfuuauuuuaguL96,asCfsuaaAfaUfAfaaccCfaGfcaaacsusg,GOLD_LEGACY,8.916645000724092,1.2115881004360056,0.8443280522761814,1.0,MULTI_DOSE_HILL
GUUUGCUGGGUUUAUUUUAGU,ACUAAAAUAAACCCAGCAAACUG,gsusuugcugGfGfUfuuauuuuaguL96,asdCsuadAadAuaaadCcCfagcaaacsusg,GOLD_LEGACY,10.130529730204357,0.0740406580202231,0.5029341050908149,0.999999999999999,MULTI_DOSE_HILL
GUUUGCUGUGUAUGAUCAAAU,ATUUGATCAUACACAGCAAACAG,gsusuugcugUfGfUfaugaucaaauL96,asdTsuudGadTcauadCaCfagcaaacsasg,GOLD_LEGACY,9.37148285011101,0.4251254942872682,0.5036739407752179,0.9999999782162072,MULTI_DOSE_HILL
GUUUGCUGUGUAUGAUCAAAU,AUUUGAUCAUACACAGCAAACAG,gsusuugcUfgUfGfUfaugaucaaauL96,asUfsuugAfuCfAfuacaCfaGfcaaacsasg,GOLD_LEGACY,8.741900724908477,1.8117541929941392,0.8153907676054692,0.9999999999793606,MULTI_DOSE_HILL
GUUUGUGCAGCUGCUUUAUUA,UAAUAAAGCAGCUGCACAAACAA,gsusuugugcAfGfCfugcuuuaususa,VPudAaudAadAgcagdCuGfcacaaacsasa,GOLD_LEGACY,11.26283031618884,0.005459711365788,0.6204791055128361,0.9995086897482984,MULTI_DOSE_HILL
GUUUUGCUUUUGUAACUUGAA,UUCAAGUUACAAAAGCAAAACAG,gsusuuugCuUUUguaacuugaa,usUscaagUuacaAaAgCaaaacsasg,GOLD_LEGACY,6.147503515571036,712.0270361871779,0.9056820304511002,1.0,MULTI_DOSE_HILL
UAAAAUCUGAGAAGCUUGACA,UGUCAAGCUUCUCAGAUUUUACU,usasaaa(Uhd)CfuGfAfGfaagcuugacaL96,VPusGfsucdAa(G2p)cuucucAfgAfuuuuascsu,GOLD_LEGACY,9.557296773876269,0.2771425611763125,1.2898831846009748,1.0,MULTI_DOSE_HILL
UAAAGUCAAGUCCACGAACUU,AAGUUCGUGGACUUGACUUUAUU,fUpsmApsfAmAfGmUfCmAfAmGfUmCfCmAfCmGfAmAfCmUpsfU,vmApsfApsmGfUmUfCmGfUmGfGmAfCmUfUmGfAmCfUmUfUmApsmUpsmU,GOLD_LEGACY,6.967611499233959,107.7428602962169,0.541021767240935,0.9434061285283358,MULTI_DOSE_HILL
UAAAGUCAAGUCCACGAACUU,GUUCGUGGACUUGACUUUAUU,fUpsmApsfAmAfGmUfCmAfAmGfUmCfCmAfCmGfAmAfCpsmUpsmU,mGpsfUpsmUfCmGfUmGfGmAfCmUfUmGfAmCfUmUfUmApsmUpsmU,GOLD_LEGACY,6.004988160311463,988.5800448503468,4.0,1.0,MULTI_DOSE_HILL
UAAAUACCAUUCCAUUGUUUA,UAAACAAUGGAAUGGUAUUUAGU,usasaauaccAfUfUfccauuguususa,VPudAaadCadAuggadAuGfguauuuasgsu,GOLD_LEGACY,11.592320359322104,0.002556699230194,0.5000000000852248,0.999701098119666,MULTI_DOSE_HILL
UAAAUCAGUAAGAGGUGUUAA,UUAACACCUCUUACUGAUUUACC,usasaaucAfgUfAfAfgagguguusasa,VPuUfaadCa(C2p)cucuuaCfuGfauuuascsc,GOLD_LEGACY,10.495930287747704,0.0319205019674727,0.9573423736200924,1.0,MULTI_DOSE_HILL
UAACCUCACUUGCAAUAAUUA,UAAUTATUGCAAGUGAGGUUAGA,usasaccucaCfUfUfgcaauaaususa,VPudAaudTadTugcadAgUfgagguuasgsa,GOLD_LEGACY,11.09501509977366,0.0080349818526226,0.993229250389258,0.9999999999999998,MULTI_DOSE_HILL
UAACCUCACUUGCAAUAAUUA,UAAUUAUUGCAAGUGAGGUUAGA,usasaccuCfaCfUfUfgcaauaauuaL96,VPusAfsauuAfuUfGfcaagUfgAfgguuasgsa,GOLD_LEGACY,8.963972198885228,1.0864951727628045,0.6249750505114211,0.9959642103665598,MULTI_DOSE_HILL
UAACUCUAAGAUCUGAUGAA,AUUCAUCAGAUCUUAGAGUUA,(GalNAc3)suaacucUfaAfGfAfUfcugaugaas(invAb),asUfsucauCfagaucuUfaGfagususa,GOLD_LEGACY,9.223463294093026,0.5977735654633846,0.7233443415254913,0.903778499935538,MULTI_DOSE_HILL
UAACUCUAAGAUCUGAUGAA,AUUCAUCAGAUCUUAGAGUUAUU,(GalNAc3)sguccuggaAfuAfUfUfAfgaugccs(invAb),asGfsgcauCfuaauAfuUfccaggacsusu,GOLD_LEGACY,9.615055607780535,0.2426299407821257,2.280375778854416,0.997938128322026,MULTI_DOSE_HILL
UAACUCUGCCCUCUAGUGGCU,AGCCACTAGAGGGCAGAGUUAAG,usasacucUfgCfCfCfucuaguggcuL96,asGfsccdAc(Tgn)agagggCfaGfaguuasasg,GOLD_LEGACY,6.041923858923204,907.9797044142332,3.9999021895294833,1.0,MULTI_DOSE_HILL
UAACUCUGCCCUCUAGUGGCU,AGCCACTAGAGGGCAGAGUUAAG,usasacucugCfCfCfucuaguggcuL96,asdGsccdAcdTagagdGgCfagaguuasasg,GOLD_LEGACY,6.041923858923204,907.9797044142332,3.9999021895294833,1.0,MULTI_DOSE_HILL
UAACUUGAAGAUAUUUAUUCU,AGAAUAAAUAUCUUCAAGUUACA,usasacuuGaAGAuauuuauucu,asGsaauaAauauCuUcAaguuascsa,GOLD_LEGACY,7.804774706793536,15.675640436959418,0.7739405767868759,0.9768667851792524,MULTI_DOSE_HILL
UAAGAAGCUGGAUCUUAGCAA,UTGCTAAGAUCCAGCUUCUUAUU,usasaga(Ahd)gcUfGfGfaucuuagcaaL96,VPusdTsgcdTa(Agn)gaucdCaGfcuucuuasusu,GOLD_LEGACY,7.73472773337501,18.41926374672704,3.999997196024499,0.9145043322359973,MULTI_DOSE_HILL
UAAGCAGGUGGAUCUAUUUCA,UGAAAUAGAUCCACCUGCUUAUU,usasagcaGfgUfGfGfaucuauuucaL96,VPusGfsaaaUfaGfAfuccaCfcUfgcuuasusu,GOLD_LEGACY,9.833829429452685,0.1466123552608443,0.523758530580025,1.0,MULTI_DOSE_HILL
UAAUAAGAAGCUGGAUCUUAA,UTAAGATCCAGCUUCUUAUUAAU,usasaua(Ahd)gaAfGfCfuggaucuuaaL96,VPusdTsaadGa(Tgn)ccagdCuUfcuuauuasasu,GOLD_LEGACY,7.80578670551013,15.639155378828566,3.9999846733434152,0.9964334565300672,MULTI_DOSE_HILL
UAAUACUCAAAUGAGUAACAA,UUGUTACUCAUUUGAGUAUUAAG,usasauacUfcAfAfAfugaguaacsasa,VPuUfgudTa(C2p)ucauuuGfaGfuauuasasg,GOLD_LEGACY,9.19754956446362,0.6345274805148942,2.822418372496462,0.9937884237617536,MULTI_DOSE_HILL
UAAUAUCAAACACGUCCCGGA,UCCGGGACGUGTUUGAUAUUAUC,usasaua(Uhd)caAfAfCfacgucccggaL96,VPusdCscgdGg(Agn)cgugdTuUfgauauuasusc,GOLD_LEGACY,6.041923858923204,907.9797044142332,3.9999021895294833,1.0,MULTI_DOSE_HILL
UAAUAUCAAACACGUCCCGGA,UCCGGGACGUGUUUGAUAUUAUC,usasaua(Uhd)caAfAfCfacgucccggaL96,VPusCfscgdGg(Agn)cguguuUfgAfuauuasusc,GOLD_LEGACY,7.771743741691815,16.91438681740466,3.999999819067276,0.9999999811113628,MULTI_DOSE_HILL
UAAUGGCAAUGUGGUCAAGAU,ATCUTGACCACAUUGCCAUUAUG,usasauggcaAfUfGfuggucaagauL96,asdTscudTgdAccacdAuUfgccauuasusg,GOLD_LEGACY,8.835719507196682,1.459756752260216,3.999999999997088,0.9999999991453996,MULTI_DOSE_HILL
UAAUGGCAAUGUGGUCAAGAU,AUCUTGACCACAUUGCCAUUAUG,usasauggCfaAfUfGfuggucaagauL96,asUfscudTg(Agn)ccacauUfgCfcauuasusg,GOLD_LEGACY,8.02506287419612,9.43924211477343,4.0,0.9999999234287013,MULTI_DOSE_HILL
UAAUUAAUAAGAAGCUGGAUA,UAUCCAGCUUCTUAUUAAUUAUC,usasauu(Ahd)auAfAfGfaagcuggauaL96,VPusdAsucdCa(G2p)cuucdTuAfuuaauuasusc,GOLD_LEGACY,7.804224118270462,15.69552625492655,3.999977668641499,0.9688589759184604,MULTI_DOSE_HILL
UACAAACCAGUUGACCUGAGA,UCUCAGGTCAACUGGTUUGUAGG,usascaa(Ahd)ccAfGfUfugaccugagaL96,VPusCfsucadGg(Tgn)caadCuGfgdTuuguasgsg,GOLD_LEGACY,8.421911753614868,3.7851949009966006,0.6839714928053932,0.9999999998882164,MULTI_DOSE_HILL
UACAAACCAGUUGACCUGAGA,UCUCAGGTCAACUGGTUUGUAGG,usascaa(Ahd)ccAfGfUfugaccugagaL96,VPusdCsucadGg(Tgn)caadCudGgdTuuguasgsg,GOLD_LEGACY,7.967510258296805,10.776797979488435,3.999941783157493,0.9447445937311286,MULTI_DOSE_HILL
UACAAACCAGUUGACCUGAGA,UCUCAGGUCAACUGGTUUGUAGG,usascaa(Ahd)ccAfGfUfugaccugagaL96,VPusCfsucdAg(G2p)ucaadCuGfgdTuuguasgsg,GOLD_LEGACY,10.10866089298112,0.0778644296932141,0.5000000000504866,0.9789793951579722,MULTI_DOSE_HILL
UACAAACCAGUUGACCUGAGA,UCUCAGGUCAACUGGTUUGUAGG,usascaa(Ahd)ccAfGfUfugaccugagaL96,VPusdCsucdAg(G2p)ucaadCuGfgdTuuguasgsg,GOLD_LEGACY,9.662447651493418,0.2175466242153407,0.5000108901898599,0.9999999913660108,MULTI_DOSE_HILL
UACAAACCAGUUGACCUGAGA,UCUCAGGUCAACUGGUUUGUAGA,usascaa(Ahd)CfcAfGfUfugaccugagaL96,VPusCfsucdAg(G2p)ucaacuGfgUfuuguasgsa,GOLD_LEGACY,9.926413258550737,0.1184640951195395,1.483364721255899,1.0,MULTI_DOSE_HILL
UACAAACCAGUUGACCUGAGA,UCUCAGGUCAACUGGUUUGUAGA,usascaa(Ahd)ccAfGfUfugaccugagaL96,VPusCfsucdAg(G2p)ucaacuGfgUfuuguasgsa,GOLD_LEGACY,9.69869817580385,0.2001252208495023,0.5469979803886417,1.0,MULTI_DOSE_HILL
UACAAACCAGUUGACCUGAGA,UCUCAGGUCAACUGGUUUGUAGA,usascaa(Ahd)ccAfgUfUfgaccugagaL96,VPusCfsucdAg(G2p)ucaadCuGfgUfuuguasgsa,GOLD_LEGACY,8.488061483591602,3.2504127764376665,0.5000000000000001,0.9874080977983564,MULTI_DOSE_HILL
UACAAACCAGUUGACCUGAGA,UCUCAGGUCAACUGGUUUGUAGG,usascaa(Ahd)ccAfGfUfugaccugagaL96,VPusCfsucdAgdGucaacuGfgUfuuguasgsg,GOLD_LEGACY,9.547584614995593,0.2834101402571644,0.5000000000000001,0.9732740867957153,MULTI_DOSE_HILL
UACAAACCAGUUGACCUGAGA,UCUCAGGUCAACUGGUUUGUAGG,usascaa(Ahd)ccAfGfUfugaccugagaL96,VPusdCsucdAg(G2p)ucaadCuGfguuuguasgsg,GOLD_LEGACY,9.065283272110436,0.8604323451133965,0.5217213910381143,0.9999999848714765,MULTI_DOSE_HILL
UACAAACCAGUUGACGUGAGA,UCUCACGUCAACUGGUUUGUAGG,usascaa(Ahd)ccAfGfUfugacgugagaL96,VPusCfsucdAcdGucaacuGfgUfuuguasgsg,GOLD_LEGACY,8.223441663601458,5.9780333894338735,0.8584214813118892,0.9999999999996247,MULTI_DOSE_HILL
UACAAACCAGUUGACGUGAGA,UCUCACGUCAACUGGUUUGUAGG,usascaa(Ahd)ccAfGfUfugacgugagaL96,VPusdCsucdAcdGucaadCuGfguuuguasgsg,GOLD_LEGACY,7.995171192129226,10.111807839543353,3.9999999826217225,0.908634817355574,MULTI_DOSE_HILL
UACAAACCAGUUGACUUGAGA,UCUCAAGUCAACUGGUUUGUAGG,usascaa(Ahd)ccAfGfUfugacuugagaL96,VPusCfsucdAadGucaacuGfgUfuuguasgsg,GOLD_LEGACY,8.387593047023868,4.096443346489115,0.5000000000000001,0.9534461468826676,MULTI_DOSE_HILL
UACAAACCAGUUGAUCUGAGA,UCUCAGAUCAACUGGUUUGUAGG,usascaa(Ahd)ccAfGfUfugaucugagaL96,VPusdCsucdAgdAucaadCuGfguuuguasgsg,GOLD_LEGACY,10.000331601033208,0.0999236751826294,0.5939826377784008,1.0,MULTI_DOSE_HILL
UACAAGAAACGGCUUUCAGUA,UACUGAAAGCCGUUUCUUGUAAU,usascaagaaAfCfGfgcuuucagsusa,VPudAcudGadAagccdGuUfucuuguasasu,GOLD_LEGACY,10.213841046680974,0.0611165672776636,0.5300720103640086,0.9999999986158372,MULTI_DOSE_HILL
UACAUACACCCCUUCCACCUU,AAGGTGGAAGGGGUGUAUGUACA,usascauacaCfCfCfcuuccaccuuL96,asdAsggdTgdGaaggdGgUfguauguascsa,GOLD_LEGACY,11.014397646780491,0.0096739169175518,0.5000000099677999,0.994633998395362,MULTI_DOSE_HILL
UACAUACACCCCUUCCACCUU,AAGGUGGAAGGGGUGUAUGUACA,usascauaCfaCfCfCfcuuccaccuuL96,asAfsgguGfgAfAfggggUfgUfauguascsa,GOLD_LEGACY,8.559358565396604,2.7582995883056585,0.9030883369709114,0.999999999998746,MULTI_DOSE_HILL
UACCAGCUGAAUUACUGCAGU,ACUGCAGUAAUTCAGCUGGUACC,usasccagcuGfAfAfuuacugcaguL96,asdCsugdCadGuaaudTcAfgcugguascsc,GOLD_LEGACY,8.476925463609607,3.334836424428429,3.999851478328657,0.9999999999989858,MULTI_DOSE_HILL
UACCAGUUGCCUUUUAUCCCA,UGGGAUAAAAGGCAACUGGUAAA,usasccagUfuGfCfCfuuuuaucccaL96,VPusGfsggaUfaAfAfaggcAfaCfugguasasa,GOLD_LEGACY,9.156016380926744,0.6982060683104641,0.8470768170084212,1.0,MULTI_DOSE_HILL
UACCAUGCAGAAUACAAAUGA,UCAUTUGUAUUCUGCAUGGUACG,usasccaugcAfGfAfauacaaausgsa,VPudCaudTudGuauudCuGfcaugguascsg,GOLD_LEGACY,11.683517808540032,0.002072441075987,0.5294040580180919,1.0,MULTI_DOSE_HILL
UACCAUGCCCGCCUGUGGCUU,AAGCCACAGGCGGGCAUGGUACA,usasccaugcCfCfGfccuguggcuuL96,asdAsgcdCadCaggcdGgGfcaugguascsa,GOLD_LEGACY,7.729754647589067,18.631394103255012,3.999999951112688,0.9999999824073216,MULTI_DOSE_HILL
UACCAUUAUGGACAGAGUAT,TACUCUGUCCAUAAUGGUATT,UfaCfcAfuUfAfUfgGfaCfaGfaGfuAf(invdT),dTAfcUfcUfgUfcCfauaAfuGfgUfadTsdT,GOLD_LEGACY,8.643014712210473,2.2750203606118338,3.999999865453581,0.9999999617349395,MULTI_DOSE_HILL
UACCAUUCCAUUGUUUGUGCA,UGCACAAACAATGGAAUGGUAUU,usasccauucCfAfUfuguuugugscsa,VPudGcadCadAacaadTgGfaaugguasusu,GOLD_LEGACY,11.117008827184613,0.0076382025851063,0.6003478975754946,0.9999677841235524,MULTI_DOSE_HILL
UACCAUUCCAUUGUUUGUGCA,UGCACAAACAAUGGAAUGGUAUU,usasccauUfcCfAfUfuguuugugcaL96,VPusGfscacAfaAfCfaaugGfaAfugguasusu,GOLD_LEGACY,9.702044214258663,0.1985892729099896,0.9117424465021802,1.0,MULTI_DOSE_HILL
UACCCACUGAUGGUAAUGCUU,AAGCAUUACCAUCAGUGGGUACC,usasccc(Ahd)CfuGfAfUfgguaaugcsusu,asAfsgcaUfuAfCfcaucAfgUfggguascsc,GOLD_LEGACY,10.490627931138476,0.0323126122303443,1.1145066052427155,0.9998922040824064,MULTI_DOSE_HILL
UACCUGGAUCAUAAUGGCAAU,ATUGCCAUUAUGAUCCAGGUAGA,usasccuggaUfCfAfuaauggcaauL96,asdTsugdCcdAuuaudGaUfccagguasgsa,GOLD_LEGACY,8.120176789773332,7.582688410461969,4.0,0.9999997571525576,MULTI_DOSE_HILL
UACCUGGAUCAUAAUGGCAAU,AUUGCCAUUAUGAUCCAGGUAGA,usasccugGfaUfCfAfuaauggcaauL96,asUfsugdCc(Agn)uuaugaUfcCfagguasgsa,GOLD_LEGACY,8.016296804342684,9.63170551269672,4.0,0.999999929905908,MULTI_DOSE_HILL
UACCUGUGAGCAGCUGGCAAU,ATUGCCAGCUGCUCACAGGUACU,usasccugugAfGfCfagcuggcaauL96,asdTsugdCcdAgcugdCuCfacagguascsu,GOLD_LEGACY,10.058035887349618,0.0874911475088678,0.5000558991947608,0.966772582300093,MULTI_DOSE_HILL
UACCUGUGAGCAGCUGGCAAU,AUUGCCAGCUGCUCACAGGUACU,usasccugUfgAfGfCfagcuggcaauL96,asUfsugcCfaGfCfugcuCfaCfagguascsu,GOLD_LEGACY,8.77250198434804,1.6884881445469293,0.5000000000000001,0.9992571943232614,MULTI_DOSE_HILL
UACCUUAACUCUGCCCUCUAU,ATAGAGGGCAGAGUUAAGGUAUG,usasccuuaaCfUfCfugcccucuauL96,asdTsagdAgdGgcagdAgUfuaagguasusg,GOLD_LEGACY,7.970283821941972,10.70819270239986,3.9999836572582006,0.9999999535097308,MULTI_DOSE_HILL
UACGACAGACUGCCUUCAAAA,UUUUGAAGGCAGUCUGUCGUAAU,usascgacAfgAfCfUfgccuucaasasa,VPuUfuudGa(Agn)ggcaguCfuGfucguasasu,GOLD_LEGACY,10.542645619027692,0.0286651607100865,0.5888103292357255,1.0,MULTI_DOSE_HILL
UACGACAUCUGCCCUAAAGUU,CUUUAGGGCAGAUGUCGUAUU,fUpsmApsfCmGfAmCfAmUfCmUfGmCfCmCfUmAfAmAfGpsmUpsmU,mCpsfUpsmUfUmAfGmGfGmCfAmGfAmUfGmUfCmGfUmApsmUpsmU,GOLD_LEGACY,6.004988160311463,988.5800448503468,4.0,1.0,MULTI_DOSE_HILL
UACGACGCAGAGCGCGGCUGG,CCAGCCGCGCUCUGCGUCGUAUU,fUpsmApsfCmGfAmCfGmCfAmGfAmGfCmGfCmGfGmCfUmGpsfG,vmCpsfCpsmAfGmCfCmGfCmGfCmUfCmUfGmCfGmUfCmGfUmApsmUpsmU,GOLD_LEGACY,7.156820728846271,69.6914131898054,3.9999999993573248,0.9999999759998172,MULTI_DOSE_HILL
UACUGGCCAUCUUUAAGUCUA,UAGACUUAAAGAUGGCCAGUAAG,usascuggCfcAfUfCfuuuaagucuaL96,VPusAfsgacUfuAfAfagauGfgCfcaguasasg,GOLD_LEGACY,9.062958489500884,0.8650505976203876,0.5714950941672646,1.0,MULTI_DOSE_HILL
UACUGUUGGAUUGAUUCGAAA,UUUCGAAUCAAUCCAACAGUAGC,usascuguUfgGfAfUfugauucgaaaL96,VPusUfsucgAfaUfCfaaucCfaAfcaguasgsc,GOLD_LEGACY,9.914082100239678,0.1218759179512777,0.5706661978397684,0.9957140390051286,MULTI_DOSE_HILL
UACUUUCAGCCUUCCUGAGUU,AACUCAGGAAGGCUGAAAGUAGA,usascuuucaGfCfCfuuccugaguuL96,asdAscudCadGgaagdGcUfgaaaguasgsa,GOLD_LEGACY,7.958458698136645,11.003764872845746,1.0101181396415264,0.9993973698081124,MULTI_DOSE_HILL
UAGAACACUAAUUCAUAAUCA,UGAUTATGAAUTAGUGUUCUACA,usasgaacacUfAfAfuucauaauscsa,VPudGaudTadTgaaudTaGfuguucuascsa,GOLD_LEGACY,11.015406008843916,0.0096514816911384,0.5000278956752798,0.9272003250486014,MULTI_DOSE_HILL
UAGAACACUAAUUCAUAAUCA,UGAUUAUGAAUUAGUGUUCUACA,usasgaacAfcUfAfAfuucauaaucaL96,VPusGfsauuAfuGfAfauuaGfuGfuucuascsa,GOLD_LEGACY,9.499631041578937,0.3164965340468341,0.7618766106814652,0.983494230494513,MULTI_DOSE_HILL
UAGACUGCAGCAACAGAGA,UCUCUGUUGCUGCAGUCUAUU,mUmAfGmAfCmUfGfCfAmGfCmAfAmCfAmGfAmGfA,fU*fC*mUfCmUfGmUfUmGfCmUmGmCfAmGfUmCfUmA*mU*mU,GOLD_LEGACY,9.04855852224034,0.8942140262931981,1.1860736731308943,0.9999999999999934,MULTI_DOSE_HILL
UAGAUGGUCCAGCAGGCUUGU,ACAAGCCUGCUGGACCAUCUAUC,usasgaugguCfCfAfgcaggcuuguL96,asdCsaadGcdCugcudGgAfccaucuasusc,GOLD_LEGACY,7.992574604146385,10.172446064555684,4.0,0.9999999439111824,MULTI_DOSE_HILL
UAGCAACGUCCAGUCCAAGUA,UACUTGGACUGGACGUUGCUAAG,usasgca(Ahd)cgUfCfCfaguccaaguaL96,VPusdAscudTg(G2p)acugdGaCfguugcuasasg,GOLD_LEGACY,7.770719177385577,16.954337439993502,3.9999965925559486,0.951397106093686,MULTI_DOSE_HILL
UAGCCAAGCAGCAAAUCCUGU,ACAGGATUUGCTGCUUGGCUAGC,usasgccaagCfAfGfcaaauccuguL96,asdCsagdGadTuugcdTgCfuuggcuasgsc,GOLD_LEGACY,9.07409699405553,0.8431464308844754,1.5316214305086355,0.9999999998443152,MULTI_DOSE_HILL
UAGCCUUCUUUUGGGAAAGAU,AUCUUUCCCAAAAGAAGGCUAGG,usasgccuUfcUfUfUfugggaaagauL96,asUfscuuUfcCfCfaaaaGfaAfggcuasgsg,GOLD_LEGACY,9.614538572257889,0.2429189681756624,0.5000000000000001,0.9033880723330848,MULTI_DOSE_HILL
UAGCUGAUAUUGAUGGACAGA,UCUGTCCAUCAAUAUCAGCUACU,usasgcugAfuAfUfUfgauggacasgsa,VPuCfugdTc(C2p)aucaauAfuCfagcuascsu,GOLD_LEGACY,9.864221085002535,0.1367032737136094,0.7303617928700615,0.9864506490768196,MULTI_DOSE_HILL
UAGGGUAAAUCAGUAAGAGGA,UCCUCUUACUGAUUUACCCUACC,usasggguAfaAfUfCfaguaagaggaL96,VPusCfscucUfuAfCfugauUfuAfcccuascsc,GOLD_LEGACY,8.822524612829508,1.5047882353201132,0.5824789269553686,0.9999999982521554,MULTI_DOSE_HILL
UAGUCUACAAACCAGUUGAA,UUCAACTGGUUTGUAGACUAUC,usasgu(Chd)uaCfAfAfaccaguugaaL96,VPusUfscadAc(Tgn)gguudTgUfadGacuasusc,GOLD_LEGACY,9.671575880251606,0.2130218341708959,0.5000000000259707,0.928611843970336,MULTI_DOSE_HILL
UAGUCUACAAACCAGUUGAA,UUCAACUGGUUUGUAGACUAU,mUpsmApsmGmUmCmUmAmCfAmAfAfCfCfAmGmUmUmGmAmAps(invAb)(Chol4),(VPmU)psfUpsmCpsfAmAfCmUfGmGfUmUfUmGfUmAfGmAfCmUmApsmU,GOLD_LEGACY,6.480061045356106,331.0845802588947,4.0,0.9620515776297038,MULTI_DOSE_HILL
UAGUCUACAAACCAGUUGAA,UUCAACUGGUUUGUAGACUAUUU,mUpsmApsmGmUmCmUmAmCfAmAfAfCfCfAmGmUmUmGmAmAps(invAb)(Chol4),(VPmU)psfUpsmCmAmAmCfUmGmGmUmUfUmGfUmAmGmAmCmUmAmUpsmUpsmU,GOLD_LEGACY,6.555400530008565,278.35528405558006,3.999999999908556,0.9339400891438628,MULTI_DOSE_HILL
UAGUCUACAAACCAGUUGACA,UGUCAACUGGUTUGUAGACUAUU,usasguc(Uhd)acAfAfAfccaguugacaL96,VPusdGsucdAadCuggudTuGfuagacuasusu,GOLD_LEGACY,9.532626564317823,0.293341450872812,1.4054506947175116,0.9999999999561704,MULTI_DOSE_HILL
UAGUCUACAAACCAGUUGACA,UGUCAACUGGUUUGUAGACUAUU,usasguc(Uhd)AfcAfAfAfccaguugacaL96,VPusGfsucdAa(C2p)ugguuuGfuAfgacuasusu,GOLD_LEGACY,8.562986620792167,2.735352992384219,0.621528009041673,0.9803878365044668,MULTI_DOSE_HILL
UAGUGCAUGAAUAGAUUCUCA,UGAGAATCUAUUCAUGCACUAGU,usasgug(Chd)AfuGfAfAfuagauucucaL96,VPusGfsagaa(Tgn)cuauucAfuGfcacuasgsu,GOLD_LEGACY,8.741094366886799,1.8151212162486023,1.950068412772663,0.9999999999977476,MULTI_DOSE_HILL
UAGUGCAUGAAUAGAUUCUCA,UGAGAATCUAUUCAUGCACUAGU,usasgug(Chd)AfudGAfAfuagauucucaL96,VPusdGsagaa(Tgn)cuauucAfudGcacuasgsu,GOLD_LEGACY,8.257803692465226,5.523270428638403,2.0866845289910505,0.987849163652758,MULTI_DOSE_HILL
UAGUGCAUGAAUAGAUUCUCA,UGAGAATCUAUUCAUGCACUAGU,usasgug(Chd)audGadAuagauucucaL96,VPudGagaa(Tgn)cuauUfcAfudGcacuasgsu,GOLD_LEGACY,8.112949991648746,7.709922425412672,3.999998954044948,0.9351886524916712,MULTI_DOSE_HILL
UAGUGUUAAGUUAUAGUGAAA,UUUCACTAUAACUUAACACUACG,usasguguUfaAfGfUfuauagugasasa,VPuUfucdAc(Tgn)auaacuUfaAfcacuascsg,GOLD_LEGACY,10.527938615428884,0.0296525047789256,0.5000019140874271,0.9425250935367446,MULTI_DOSE_HILL
UAGUUGGUGAGUUUGUAAGUU,AACUUACAAACUCACCAACUAAG,usasguu(Ghd)GfuGfAfGfuuuguaagsusu,asAfscuuAfcAfAfacucAfcCfaacuasasg,GOLD_LEGACY,10.17671704770789,0.0665706737347718,3.999798615186852,0.9868184718676009,MULTI_DOSE_HILL
UAUACAUUUUUGCAUUGCCUU,AAGGCAAUGCAAAAAUGUAUACU,usasuacaUfuUfUfUfgcauugccuuL96,asAfsggcAfaUfGfcaaaAfaUfguauascsu,GOLD_LEGACY,10.304995920159753,0.0495454845174599,0.5379485504294448,0.9999999816826234,MULTI_DOSE_HILL
UAUACAUUUUUGCAUUGCCUU,AAGGCAAUGCAAAAAUGUAUACU,usasuacauuUfUfUfgcauugccuuL96,asdAsggdCadAugcadAaAfauguauascsu,GOLD_LEGACY,10.221648140868,0.0600277215248619,3.9999999999999214,0.9145022529031248,MULTI_DOSE_HILL
UAUAUAUGGCAUGCACAGUGU,ACACTGTGCAUGCCAUAUAUACG,usasuauaugGfCfAfugcacaguguL96,asdCsacdTgdTgcaudGcCfauauauascsg,GOLD_LEGACY,11.70381450500686,0.0019778142197972,0.500136148907189,0.9728982692208222,MULTI_DOSE_HILL
UAUAUAUGGCAUGCACAGUGU,ACACUGUGCAUGCCAUAUAUACG,usasuauaUfgGfCfAfugcacaguguL96,asCfsacuGfuGfCfaugcCfaUfauauascsg,GOLD_LEGACY,8.647027874738447,2.254094530802436,0.5452692420973148,0.9974092485294928,MULTI_DOSE_HILL
UAUAUGGCAUGCACAGUGAGU,ACUCACTGUGCAUGCCAUAUAUA,usasuauggcAfUfGfcacagugaguL96,asdCsucdAcdTgugcdAuGfccauauasusa,GOLD_LEGACY,9.294519167310437,0.5075523380353058,0.5000000000000001,0.954730965597368,MULTI_DOSE_HILL
UAUAUGGCAUGCACAGUGAGU,ACUCACUGUGCAUGCCAUAUAUA,usasuaugGfcAfUfGfcacagugaguL96,asCfsucaCfuGfUfgcauGfcCfauauasusa,GOLD_LEGACY,6.041923858923204,907.9797044142332,3.9999021895294833,1.0,MULTI_DOSE_HILL
UAUCAAACACGUCCCGGGAGA,UCUCCCGGGACGUGUUUGAUAUU,usasuca(Ahd)acAfCfGfucccgggagaL96,VPusdCsucdCcdGggacdGuGfuuugauasusu,GOLD_LEGACY,7.791263258646082,16.170994944944955,3.999999953498066,0.9999999802927322,MULTI_DOSE_HILL
UAUCCAUCAGAUGAUCUACUU,AAGUAGAUCAUCUGAUGGAUAGC,usasuccaucAfGfAfugaucuacuuL96,asdAsgudAgdAucaudCuGfauggauasgsc,GOLD_LEGACY,8.387315490583827,4.099062209223678,0.7029514777848653,0.9999999999483749,MULTI_DOSE_HILL
UAUCCCAAAGUUGUUGUAACA,UGUUACAACAACUUUGGGAUAAA,usasucccAfaAfGfUfuguuguaacaL96,VPusGfsuuaCfaAfCfaacuUfuGfggauasasa,GOLD_LEGACY,9.17859964167219,0.6628272554937424,0.7130773218774538,0.9999999827351402,MULTI_DOSE_HILL
UAUCCUCUUGUUUUUAUUAAA,UUUAAUAAAAACAAGAGGAUAUU,L025L025mU*mAmUmCmCmUfCmUfUfGfUmUmUmUmUmAmUmUmAmA*mA,mU*fU*mUmAmAfUmAmAmAmAmAmCmAfAmGfAmGmGmAmUmA*mU*mU,GOLD_LEGACY,6.6391618974367335,229.5292843317759,0.7821938707819871,0.9761288614631848,MULTI_DOSE_HILL
UAUCGAGGCUCAUUCUCCAT,TGGAGAAUGAGCCUCGAUATT,UfaUfcGfaGfGfCfuCfaUfuCfuCfcAf(invdT),dTGfgAfgAfaUfgAfgccUfcGfaUfadTsdT,GOLD_LEGACY,6.199323327248309,631.9412032420688,3.999908376412997,1.0,MULTI_DOSE_HILL
UAUCGCCAGGAUGAUCCUAGA,UCUAGGAUCAUCCUGGCGAUAUC,usasucgcCfaGfGfAfugauccuasgsa,VPuCfuadGg(Agn)ucauccUfgGfcgauasusc,GOLD_LEGACY,10.54738946054111,0.0283537521981423,0.9712584115709888,1.0,MULTI_DOSE_HILL
UAUCUGUAAUGGUACUGACUA,UAGUCAGUACCAUUACAGAUAUU,usasucugUfaAfUfGfguacugacsusa,VPuAfgudCa(G2p)uaccauUfaCfagauasusu,GOLD_LEGACY,9.900939176846162,0.1256205883621949,2.625374323709107,0.999998312403082,MULTI_DOSE_HILL
UAUGCAGAAUAUUCAAUUA,UAAUUGAAUAUUCUGCAUAUU,mUmAfUmGfCmAfGfAfAmUfAmUfUmCfAmAfUmUfA,fU*fA*mAfUmUfGmAfAmUfAmUmUmCfUmGfCmAfUmA*mU*mU,GOLD_LEGACY,9.718615491461785,0.191154492193472,1.4852664563715363,0.945503757896729,MULTI_DOSE_HILL
UAUGCCUUCGAGGAUAUUUGU,ACAAAUAUCCUCGAAGGCAUAUC,usasugccUfuCfGfAfggauauuuguL96,asCfsaaaUfaUfCfcucgAfaGfgcauasusc,GOLD_LEGACY,7.9060634813404995,12.414708270630692,0.9422147397910812,0.9064780144478528,MULTI_DOSE_HILL
UAUGGCAUGCACAGUGAGCUU,AAGCTCACUGUGCAUGCCAUAUA,usasuggcauGfCfAfcagugagcuuL96,asdAsgcdTcdAcugudGcAfugccauasusa,GOLD_LEGACY,10.266804563341434,0.0540997722309793,3.999331353227324,0.999999991133183,MULTI_DOSE_HILL
UAUGGCAUGCACAGUGAGCUU,AAGCUCACUGUGCAUGCCAUAUA,usasuggcAfuGfCfAfcagugagcuuL96,asAfsgcuCfaCfUfgugcAfuGfccauasusa,GOLD_LEGACY,10.163920246528292,0.068561412049056,0.7456380769167448,1.0,MULTI_DOSE_HILL
UAUGGGGAGUACGACAUCUGC,GCAGAUGUCGUACUCCCCAUAUU,fUpsmApsfUmGfGmGfGmAfGmUfAmCfGmAfCmAfUmCfUmGpsfC,vmGpsfCpsmAfGmAfUmGfUmCfGmUfAmCfUmCfCmCfCmAfUmApsmUpsmU,GOLD_LEGACY,7.92323334140162,11.933467607753668,0.5000000000000001,0.9159941347324716,MULTI_DOSE_HILL
UAUGGGGAGUACGACAUCUUU,AGAUGUCGUACUCCCCAUAUU,fUpsmApsfUmGfGmGfGmAfGmUfAmCfGmAfCmAfUmCfUpsmUpsmU,mApsfGpsmAfUmGfUmCfGmUfAmCfUmCfCmCfCmAfUmApsmUpsmU,GOLD_LEGACY,6.975623273915735,105.7734636800106,3.9999999878547223,0.997087820731558,MULTI_DOSE_HILL
UAUUAUAGAAUGCUUUUGA,UCAAAAGCAUUCUAUAAUAUU,mUmAfUmUfAmUfAfGfAmAfUmGfCmUfUmUfUmGfA,fU*fC*mAfAmAfAmGfCmAfUmUmCmUfAmUfAmAfUmA*mU*mU,GOLD_LEGACY,9.155837587027932,0.6984935706628984,3.753794688437597,0.9767574250094256,MULTI_DOSE_HILL
UAUUCCAGGUUGGCUGAUGUU,AACATCAGCCAACCUGGAAUAAG,usasuuccAfgGfUfUfggcugauguuL96,asAfscadTc(Agn)gccaacCfuGfgaauasasg,GOLD_LEGACY,7.869669422741261,13.499900801108211,1.6224538846750922,1.0,MULTI_DOSE_HILL
UAUUCCAGGUUGGCUGAUGUU,AACATCAGCCAACCUGGAAUAAG,usasuuccagGfUfUfggcugauguuL96,asdAscadTcdAgccadAcCfuggaauasasg,GOLD_LEGACY,8.622116271147092,2.387172093590775,2.6351791083177027,0.9999999061831406,MULTI_DOSE_HILL
UAUUUAGUGUCUUGAAUGUAU,ATACAUTCAAGACACUAAAUACA,usasuuuaguGfUfCfuugaauguauL96,asdTsacdAudTcaagdAcAfcuaaauascsa,GOLD_LEGACY,10.238086293103729,0.0577981192742543,0.5000063810878149,0.936751998490852,MULTI_DOSE_HILL
UCAAAAUGAAAUGAAUAAA,UUUAUUCAUUUCAUUUUGAUU,UmsCmsAmAmAfAmUfGfAfAmAmUmGmAmAmUmAmAmAm,UmsUfsUmAfUmUfCmAmUfUmUmCfAmUfUmUfUmGfAmsUmsUm,GOLD_LEGACY,11.219662280765078,0.0060302833507625,1.6805033610412974,0.9978139139100464,MULTI_DOSE_HILL
UCAAAAUGAAAUGAAUAAA,UUUAUUCAUUUCAUUUUGAUU,UmsCmsAmAmAfAmUfGfAfAmAmUmGmAmAmUmAmAmAm(NAG1),UmsUfsUmAfUmUf(-)hmpNA(C)AmUfUmUmCfAmUfUmUfUmGfAmsUmsUm,GOLD_LEGACY,10.15975206953498,0.069222603682758,1.096138081560962,0.9993034312540036,MULTI_DOSE_HILL
UCAAACACGUCCCGGGAGGCA,UGCCTCCCGGGACGUGUUUGAUA,uscsaaa(Chd)acGfUfCfccgggaggcaL96,VPusdGsccdTc(C2p)cgggdAcGfuguuugasusa,GOLD_LEGACY,7.724113520007465,18.874979125174512,3.999999827397995,0.999999982543542,MULTI_DOSE_HILL
UCAAAGGAUAAUAUCAAACAA,UTGUTUGAUAUTAUCCUUUGAGC,uscsaaa(Ghd)gaUfAfAfuaucaaacaaL96,VPusdTsgudTu(G2p)auaudTaUfccuuugasgsc,GOLD_LEGACY,6.041923858923204,907.9797044142332,3.9999021895294833,1.0,MULTI_DOSE_HILL
UCAACAGACGGAGCAACUGCU,AGCAGUTGCUCCGUCUGUUGAGU,uscsaacaGfaCfGfGfagcaacugcuL96,asGfscadGu(Tgn)gcuccgUfcUfguugasgsu,GOLD_LEGACY,8.85468187971573,1.3973915742235967,0.783046737204719,0.9982730564297329,MULTI_DOSE_HILL
UCAACAGACGGAGCAACUGCU,AGCAGUTGCUCCGUCUGUUGAGU,uscsaacagaCfGfGfagcaacugcuL96,asdGscadGudTgcucdCgUfcuguugasgsu,GOLD_LEGACY,8.157513513073884,6.958033044422369,0.8460069775785747,1.0,MULTI_DOSE_HILL
UCAACUGGAUGAAGAAACU,AGUUUCUUCAUCCAGUUGAGG,UmsCmsAmAmCfUmGfGfAfUmGmAmAmGmAmAmAmCmUm(-NAG0052'),AmsGfsUmUfUmCf(-)hmpNA(U)UmCmAfUmCfCmAfGmUfUmGfAmsGmsGm,GOLD_LEGACY,10.469907166112815,0.0338916594504694,0.774400511914969,0.9112123887898236,MULTI_DOSE_HILL
UCAAGACGGAUGUGCCAGAUU,AAUCTGGCACATCCGUCUUGACC,uscsaagacgGfAfUfgugccagauuL96,asdAsucdTgdGcacadTcCfgucuugascsc,GOLD_LEGACY,7.993997295729746,10.139176991922987,4.0,0.99999994319454,MULTI_DOSE_HILL
UCAAGAGGGAGAUGGGCAAGU,ACUUGCCCAUCTCCCUCUUGACC,uscsaagaggGfAfGfaugggcaaguL96,asdCsuudGcdCcaucdTcCfcucuugascsc,GOLD_LEGACY,7.891516110076717,12.837601487343774,2.2732666810199618,1.0,MULTI_DOSE_HILL
UCACAGACUCCACUUCAGCCU,AGGCTGAAGUGGAGUCUGUGACA,uscsacagAfcUfCfCfacuucagccuL96,asGfsgcdTg(Agn)aguggaGfuCfugugascsa,GOLD_LEGACY,7.497470085136919,31.807527758628066,1.3694434095964327,0.9999923263474576,MULTI_DOSE_HILL
UCACAGACUCCACUUCAGCCU,AGGCTGAAGUGGAGUCUGUGACA,uscsacagacUfCfCfacuucagccuL96,asdGsgcdTgdAagugdGaGfucugugascsa,GOLD_LEGACY,8.302067197858978,4.988073016393212,1.1298340527705828,0.9994357536184292,MULTI_DOSE_HILL
UCACCGUGUCCCCCUUCUAUG,CAUAGAAGGGGGACACGGUGAUU,fUpsmCpsfAmCfCmGfUmGfUmCfCmCfCmCfUmUfCmUfAmUpsfG,vmCpsfApsmUfAmGfAmAfGmGfGmGfGmAfCmAfCmGfGmUfGmApsmUpsmU,GOLD_LEGACY,6.004988160311463,988.5800448503468,4.0,1.0,MULTI_DOSE_HILL
UCACGUGACCCAAGCUCGCAA,UUGCGAGCUUGGGUCACGUGACC,uscsacg(Uhd)GfaCfCfCfaagcucgcaaL96,VPusUfsgcdGa(G2p)cuugggUfcAfcgugascsc,GOLD_LEGACY,9.32365191321796,0.4746222423112204,0.7320323301078393,0.9337706644080582,MULTI_DOSE_HILL
UCACUUGCAAUAAUUAUAAGA,UCUUAUAAUUATUGCAAGUGAGG,uscsacuugcAfAfUfaauuauaasgsa,VPudCuudAudAauuadTuGfcaagugasgsg,GOLD_LEGACY,11.425699540838837,0.0037523251061998,0.5000003573851679,0.98894183082781,MULTI_DOSE_HILL
UCACUUUCCAGCAAAACUCCU,AGGAGUTUUGCTGGAAAGUGAGA,uscsacuuucCfAfGfcaaaacuccuL96,asdGsgadGudTuugcdTgGfaaagugasgsa,GOLD_LEGACY,11.84375997065482,0.0014329796711091,0.6294283866486939,1.0,MULTI_DOSE_HILL
UCACUUUCCAGCAAAACUCCU,AGGAGUUUUGCUGGAAAGUGAGA,uscsacuuUfcCfAfGfcaaaacuccuL96,asGfsgagUfuUfUfgcugGfaAfagugasgsa,GOLD_LEGACY,10.64413262579798,0.022691717814259,0.9399174330542416,1.0,MULTI_DOSE_HILL
UCAGAUGCAAGUCCAUUCUUU,AAAGAAUGGACUUGCAUCUGAGU,uscsagauGfcAfAfGfuccauucuuuL96,asAfsagaAfuGfGfacuuGfcAfucugasgsu,GOLD_LEGACY,10.27101812906614,0.0535774291835881,0.98211197775823,1.0,MULTI_DOSE_HILL
UCAGCCUACAGCUCCCUGCUU,AAGCAGGGAGCTGUAGGCUGAAG,uscsagccuaCfAfGfcucccugcuuL96,asdAsgcdAgdGgagcdTgUfaggcugasasg,GOLD_LEGACY,8.69994306630211,1.9955239003975185,3.9999340390544433,0.9999999999365904,MULTI_DOSE_HILL
UCAGCCUCCUCAAAGCCAACU,AGUUGGCUUUGAGGAGGCUGAAG,uscsagccucCfUfCfaaagccaacuL96,asdGsuudGgdCuuugdAgGfaggcugasasg,GOLD_LEGACY,7.944165278116247,11.371944248750747,3.9999995449177614,0.9999999617030834,MULTI_DOSE_HILL
UCAGCCUUCCUGAGUCCCAGU,ACUGGGACUCAGGAAGGCUGAAA,uscsagccUfuCfCfUfgagucccaguL96,asCfsugdGg(Agn)cucaggAfaGfgcugasasa,GOLD_LEGACY,7.538278737192919,28.95484622544912,3.999999966338088,0.9999999845701936,MULTI_DOSE_HILL
UCAGCCUUCCUGAGUCCCAGU,ACUGGGACUCAGGAAGGCUGAAA,uscsagccuuCfCfUfgagucccaguL96,asdCsugdGgdAcucadGgAfaggcugasasa,GOLD_LEGACY,7.836510797672149,14.57099477058452,0.7771170759883801,0.9949446984322116,MULTI_DOSE_HILL
UCAGCUGGCCUGGUUUGAUAA,UTAUCAAACCAGGCCAGCUGAUU,uscsagcuggCfCfUfgguuugausasa,VPudTaudCadAaccadGgCfcagcugasusu,GOLD_LEGACY,9.689445774247618,0.204434517579813,0.8077059280181278,0.9999999999977836,MULTI_DOSE_HILL
UCAGCUGGCCUGGUUUGAUAA,UUAUCAAACCAGGCCAGCUGAUU,uscsagcuGfgCfCfUfgguuugausasa,VPuUfaudCa(Agn)accaggCfcAfgcugasusu,GOLD_LEGACY,8.450137186893066,3.5470132688563445,0.5000000000000001,0.9173265748288786,MULTI_DOSE_HILL
UCAGCUGGUUGGGAAAUGACU,AGUCAUTUCCCAACCAGCUGAAU,uscsagcuGfgUfUfGfggaaaugacuL96,asGfsucau(Tgn)ucccaaCfcAfgcugasasu,GOLD_LEGACY,7.366244741892194,43.028406029179806,1.2007983623172451,0.999381471697344,MULTI_DOSE_HILL
UCAGCUUUGCUACUGUCACAU,ATGUGACAGUAGCAAAGCUGAUG,uscsagcuuuGfCfUfacugucacauL96,asdTsgudGadCaguadGcAfaagcugasusg,GOLD_LEGACY,8.098175528924163,7.976722266973405,1.927389580254604,0.9999999999983392,MULTI_DOSE_HILL
UCAGGUGUCCUAGAGACUAT,TAGUCUCUAGGACACCUGATT,UfcAfgGfuGfuCfcUfaGfaGfaCfuAf(invdT),dTAfgUfcUfcUfaGfgAfcAfcCfuGfadTsdT,GOLD_LEGACY,8.505037563869466,3.125808991689928,3.999999360025493,0.999999979551328,MULTI_DOSE_HILL
UCAGUAAAAGCAAAGACGGGA,UCCCGUCUUUGCUUUUACUGACC,uscsagu(Ahd)aaAfGfCfaaagacgggaL96,VPusdCsccdGudCuuugdCuUfuuacugascsc,GOLD_LEGACY,8.785155573846279,1.6400021830682816,0.8355690297128101,0.955074108852024,MULTI_DOSE_HILL
UCAGUCUACGCCUCUGCACAG,CUGUGCAGAGGCGUAGACUGAUU,fUpsmCpsfAmGfUmCfUmAfCmGfCmCfUmCfUmGfCmAfCmApsfG,vmCpsfUpsmGfUmGfCmAfGmAfGmGfCmGfUmAfGmAfCmUfGmApsmUpsmU,GOLD_LEGACY,6.558554711199402,276.34097706377406,0.5341799590010475,0.9587098849251318,MULTI_DOSE_HILL
UCAGUUGCUUGUUCGUGCACA,UGUGCACGAACAAGCAACUGAAC,uscsaguuGfcUfUfGfuucgugcascsa,VPuGfugdCa(C2p)gaacaaGfcAfacugasasc,GOLD_LEGACY,11.246100965578984,0.0056741267693214,0.500000092501086,0.9959638963122284,MULTI_DOSE_HILL
UCAUAAUGGCAAUGUGGUCAU,ATGACCACAUUGCCAUUAUGAUC,uscsauaaugGfCfAfauguggucauL96,asdTsgadCcdAcauudGcCfauuaugasusc,GOLD_LEGACY,8.352421745511178,4.441996934402868,2.154227977080642,0.9999998277709968,MULTI_DOSE_HILL
UCAUAAUGGCAAUGUGGUCAU,AUGACCACAUUGCCAUUAUGAUC,uscsauaaUfgGfCfAfauguggucauL96,asUfsgadCc(Agn)cauugcCfaUfuaugasusc,GOLD_LEGACY,8.018972953536789,9.572536841185478,4.0,0.99308922135188,MULTI_DOSE_HILL
UCAUAGGCCUGGAGUUUAU,AUAAACUCCAGGCCUAUGAGG,mUmCmAfUmAmGmGfCfCfUmGmGfAmGfUfUmUmAmU-LLL,fAfUsdAsdAsdAfCfUfCfCAfGfGfCfCfUmAfUfGfAsmGsmG,GOLD_LEGACY,7.284166878915391,51.97962249462079,0.9584170353347904,0.9866456755243436,MULTI_DOSE_HILL
UCAUCAGCUUUGCUACUGUCU,AGACAGTAGCAAAGCUGAUGACC,uscsaucaGfcUfUfUfgcuacugucuL96,asGfsacdAg(Tgn)agcaaaGfcUfgaugascsc,GOLD_LEGACY,7.340048289217463,45.70373687897524,0.5000000000000001,0.9095299950194508,MULTI_DOSE_HILL
UCAUCAGCUUUGCUACUGUCU,AGACAGTAGCAAAGCUGAUGACC,uscsaucagcUfUfUfgcuacugucuL96,asdGsacdAgdTagcadAaGfcugaugascsc,GOLD_LEGACY,7.9770952689785,10.541556262510412,3.999999653545515,0.9999999508769022,MULTI_DOSE_HILL
UCAUCCACAAUGAGAGUACCU,AGGUACTCUCATUGUGGAUGACG,uscsauccacAfAfUfgagaguaccuL96,asdGsgudAcdTcucadTuGfuggaugascsg,GOLD_LEGACY,11.39951139917585,0.0039855531106673,0.5000000348797415,0.9738029419812538,MULTI_DOSE_HILL
UCAUCCACAAUGAGAGUACCU,AGGUACUCUCAUUGUGGAUGACG,uscsauccAfcAfAfUfgagaguaccuL96,asGfsguaCfuCfUfcauuGfuGfgaugascsg,GOLD_LEGACY,8.22954958305987,5.894546756463747,0.6738301977643911,0.9722033554795106,MULTI_DOSE_HILL
UCAUCUCCCUAGCCUUCUUUU,AAAAGAAGGCUAGGGAGAUGAUG,uscsaucuCfcCfUfAfgccuucuuuuL96,asAfsaagAfaGfGfcuagGfgAfgaugasusg,GOLD_LEGACY,9.239531878814416,0.5760605320432821,1.0994197380232522,0.9999999999999996,MULTI_DOSE_HILL
UCCAAAAAGAAUUCCAACCGU,ACGGTUGGAAUTCUUUUUGGAAC,uscscaaaaaGfAfAfuuccaaccguL96,asdCsggdTudGgaaudTcUfuuuuggasasc,GOLD_LEGACY,10.102465577980077,0.0789831448667401,0.5900028881392199,1.0,MULTI_DOSE_HILL
UCCAAAAAGAAUUCCAACCGU,ACGGUUGGAAUUCUUUUUGGAAC,uscscaaaAfaGfAfAfuuccaaccguL96,asCfsgguUfgGfAfauucUfuUfuuggasasc,GOLD_LEGACY,9.206080027759745,0.6221856240081113,0.500105303265036,0.9999999926787456,MULTI_DOSE_HILL
UCCAAAGACGAAGUCGUGGAU,AUCCACGACUUCGUCUUUGGACC,uscscaaaGfaCfGfAfagucguggauL96,asUfsccac(Ggn)acuucgUfcUfuuggascsc,GOLD_LEGACY,7.852823575682082,14.033836881500228,0.584757898479122,0.9106234336748515,MULTI_DOSE_HILL
UCCAAAGACGAAGUCGUGGAU,AUCCACGACUUCGUCUUUGGAUU,fUpsmCpsfCmAfAmAfGmAfCmGfAmAfGmUfCmGfUmGfGmApsfU,vmApsfUpsmCfCmAfCmGfAmCfUmUfCmGfUmCfUmUfUmGfGmApsmUpsmU,GOLD_LEGACY,8.753464390145112,1.7641504095669496,0.8632797794797702,0.9877418442576686,MULTI_DOSE_HILL
UCCAACCGACCAGCUUGUUUU,AAAACAAGCUGGUCGGUUGGAAU,uscscaacCfgAfCfCfagcuuguuuuL96,asAfsaacAfaGfCfugguCfgGfuuggasasu,GOLD_LEGACY,10.265555821419095,0.0542555510251786,0.5001576558227091,0.9999462041231404,MULTI_DOSE_HILL
UCCAACCGACCAGCUUGUUUU,AAAACAAGCUGGUCGGUUGGAAU,uscscaaccgAfCfCfagcuuguuuuL96,asdAsaadCadAgcugdGuCfgguuggasasu,GOLD_LEGACY,10.92515401531499,0.0118808081961581,0.5001420747809295,0.9881604682210294,MULTI_DOSE_HILL
UCCACAAUGAGAGUACCUGUU,AACAGGTACUCTCAUUGUGGAUG,uscscacaauGfAfGfaguaccuguuL96,asdAscadGgdTacucdTcAfuuguggasusg,GOLD_LEGACY,10.897619002380353,0.0126584636149017,0.6125248413718329,1.0,MULTI_DOSE_HILL
UCCACAAUGAGAGUACCUGUU,AACAGGUACUCUCAUUGUGGAUG,uscscacaAfuGfAfGfaguaccuguuL96,asAfscagGfuAfCfucucAfuUfguggasusg,GOLD_LEGACY,8.53988810778783,2.8847746445948688,0.5824199168352825,0.9174405074156352,MULTI_DOSE_HILL
UCCACAGAUGCUUGUGAUUUU,AAAATCACAAGCAUCUGUGGAAA,uscscacagaUfGfCfuugugauuuuL96,asdAsaadTcdAcaagdCaUfcuguggasasa,GOLD_LEGACY,10.452593299328834,0.0352701007847532,0.5000001341424077,0.982785779066924,MULTI_DOSE_HILL
UCCACCAGCUCAUCUCCGGCA,UGCCGGAGAUGAGCUGGUGGAUU,fUpsmCpsfCmAfCmCfAmGfCmUfCmAfUmCfUmCfCmGfGmCpsfA,vmUpsfGpsmCfCmGfGmAfGmAfUmGfAmGfCmUfGmGfUmGfGmApsmUpsmU,GOLD_LEGACY,6.004988160311463,988.5800448503468,4.0,1.0,MULTI_DOSE_HILL
UCCACCUCGUCAUCCACAAUU,AAUUGUGGAUGACGAGGUGGAAG,uscscaccucGfUfCfauccacaauuL96,asdAsuudGudGgaugdAcGfagguggasasg,GOLD_LEGACY,8.07689476152426,8.377322572708874,1.5047758671719291,0.9551511331266108,MULTI_DOSE_HILL
UCCACGAACUUUCUUCAUGUU,AACAUGAAGAAAGUUCGUGGACU,uscscacgAfaCfUfUfucuucauguuL96,asAfscauGfaAfGfaaagUfuCfguggascsu,GOLD_LEGACY,7.079774347096757,83.21960553854845,4.0,0.915627480327988,MULTI_DOSE_HILL
UCCACUUCAGCCUACAGCUCU,AGAGCUGUAGGCUGAAGUGGAGU,uscscacuucAfGfCfcuacagcucuL96,asdGsagdCudGuaggdCuGfaaguggasgsu,GOLD_LEGACY,8.091828320314402,8.094158037457364,1.628190168746319,1.0,MULTI_DOSE_HILL
UCCAGAUAUGCCCGACGAUGU,ACAUCGTCGGGCAUAUCUGGAAG,uscscagaUfaUfGfCfccgacgauguL96,asCfsaucg(Tgn)cgggcaUfaUfcuggasasg,GOLD_LEGACY,8.17970777888562,6.6113815442848125,3.7723794651331946,0.9986638852795724,MULTI_DOSE_HILL
UCCAGCAAAACUCCCUCAACU,AGUUGAGGGAGTUUUGCUGGAAA,uscscagcaaAfAfCfucccucaacuL96,asdGsuudGadGggagdTuUfugcuggasasa,GOLD_LEGACY,10.691737756586534,0.0203358459546452,0.903705627155704,0.9999999999999998,MULTI_DOSE_HILL
UCCAGCAAAACUCCCUCAACU,AGUUGAGGGAGUUUUGCUGGAAA,uscscagcAfaAfAfCfucccucaacuL96,asGfsuugAfgGfGfaguuUfuGfcuggasasa,GOLD_LEGACY,10.925569741082768,0.0118694408058749,0.8096791034709266,1.0,MULTI_DOSE_HILL
UCCAGUCCAAGUGUGGCUCAA,UTGAGCCACACTUGGACUGGACG,uscscag(Uhd)ccAfAfGfuguggcucaaL96,VPusdTsgadGc(C2p)acacdTuGfgacuggascsg,GOLD_LEGACY,7.800940831481172,15.814634840478606,3.999999739694303,0.9999999798211884,MULTI_DOSE_HILL
UCCAUCAGAUGAUCUACUUUU,AAAAGUAGAUCAUCUGAUGGAUA,uscscaucAfgAfUfGfaucuacuuuuL96,asAfsaadGu(Agn)gaucauCfuGfauggasusa,GOLD_LEGACY,7.868915686879974,13.52335077519001,0.7231107319722817,0.9904906943547148,MULTI_DOSE_HILL
UCCAUCAGAUGAUCUACUUUU,AAAAGUAGAUCAUCUGAUGGAUA,uscscaucagAfUfGfaucuacuuuuL96,asdAsaadGudAgaucdAuCfugauggasusa,GOLD_LEGACY,8.71375704952546,1.933049389768944,1.3723301559284828,0.9992846838818216,MULTI_DOSE_HILL
UCCAUUCUGCCGUCUUCAGCU,AGCUGAAGACGGCAGAAUGGAAA,uscscauuCfuGfCfCfgucuucagcuL96,asGfscudGa(Agn)gacggcAfgAfauggasasa,GOLD_LEGACY,7.849531746234656,14.140613556600863,3.9999998761901017,0.9999999765596208,MULTI_DOSE_HILL
UCCAUUCUGCCGUCUUCAGCU,AGCUGAAGACGGCAGAAUGGAAA,uscscauucuGfCfCfgucuucagcuL96,asdGscudGadAgacgdGcAfgaauggasasa,GOLD_LEGACY,7.96519839279901,10.834318716175105,3.9999999977356255,0.9999999553327228,MULTI_DOSE_HILL
UCCAUUGUUUGUGCAGCUGCA,UGCAGCTGCACAAACAAUGGAAU,uscscauuGfuUfUfGfugcagcugscsa,VPuGfcadGc(Tgn)gcacaaAfcAfauggasasu,GOLD_LEGACY,10.559577611551656,0.0275690872887626,0.6438168177169178,0.9999999999962288,MULTI_DOSE_HILL
UCCCACCUUUUCUUCUAAUGU,ACAUTAGAAGAAAAGGUGGGAGA,uscsccaccuUfUfUfcuucuaauguL96,asdCsaudTadGaagadAaAfggugggasgsa,GOLD_LEGACY,11.57952877174007,0.0026331234950985,0.5000000000925351,0.998604435460264,MULTI_DOSE_HILL
UCCCACCUUUUCUUCUAAUGU,ACAUUAGAAGAAAAGGUGGGAGA,uscsccacCfuUfUfUfcuucuaauguL96,asCfsauuAfgAfAfgaaaAfgGfugggasgsa,GOLD_LEGACY,10.23595248549497,0.0580827960220011,0.5000781101934414,0.9669345476878932,MULTI_DOSE_HILL
UCCCAGGCACAGGGCAUCUGU,ACAGAUGCCCUGUGCCUGGGAAA,uscsccaggcAfCfAfgggcaucuguL96,asdCsagdAudGcccudGuGfccugggasasa,GOLD_LEGACY,7.115270115015238,76.68843674469662,0.7485135076230073,0.9969027363760598,MULTI_DOSE_HILL
UCCCAUCUUUGUGCAGCUACU,AGUAGCTGCACAAAGAUGGGAAA,uscsccauCfuUfUfGfugcagcuacuL96,asGfsuagc(Tgn)gcacaaAfgAfugggasasa,GOLD_LEGACY,8.256431896204665,5.540744241874641,0.6046256703246066,0.9883756835940598,MULTI_DOSE_HILL
UCCCCCUUCUAUGGGGAGUAC,GUACUCCCCAUAGAAGGGGGAUU,fUpsmCpsfCmCfCmCfUmUfCmUfAmUfGmGfGmGfAmGfUmApsfC,vmGpsfUpsmAfCmUfCmCfCmCfAmUfAmGfAmAfGmGfGmGfGmApsmUpsmU,GOLD_LEGACY,6.004988160311463,988.5800448503468,4.0,1.0,MULTI_DOSE_HILL
UCCCUCAACUGGAUGAAGAAU,ATUCTUCAUCCAGUUGAGGGAGU,uscsccucaaCfUfGfgaugaagaauL96,asdTsucdTudCauccdAgUfugagggasgsu,GOLD_LEGACY,9.67837795376954,0.2097114032316742,0.5622342379472732,1.0,MULTI_DOSE_HILL
UCCCUCAACUGGAUGAAGAAU,AUUCUUCAUCCAGUUGAGGGAGU,uscsccucAfaCfUfGfgaugaagaauL96,asUfsucuUfcAfUfccagUfuGfagggasgsu,GOLD_LEGACY,8.51276281200076,3.070698578886458,0.6577572351638472,0.9999999999003968,MULTI_DOSE_HILL
UCCGACUCCCACUACAUCA,UGAUGUAGUGGGAGUCGGAUU,mUmCfCmGfAmCfUfCfCmCfAmCfUmAfCmAfUmCfA,fU*fG*mAfUmGfUmAfGmUfGmGmGmAfGmUfCmGfGmA*mU*mU,GOLD_LEGACY,9.461281247124331,0.3457154215882764,1.0298299185774602,0.9642010762328594,MULTI_DOSE_HILL
UCCUAGACACCAGCAUACAGA,UCUGUAUGCUGGUGUCUAGGAGA,uscscuagAcACCagcauacaga,usCsuguaUgcugGuGuCuaggasgsa,GOLD_LEGACY,6.00570549110769,986.9485399273474,1.4412817602875012,0.9999591422121276,MULTI_DOSE_HILL
UCCUAGGACAUUUUUGGAA,UUCCAAAAAUGUCCUAGGAUU,mUmCfCmUfAmGfGfAfCmAfUmUfUmUfUmGfGmAfA,fU*fU*mCfCmAfAmAfAmAfUmGmUmCfCmUfAmGfGmA*mU*mU,GOLD_LEGACY,8.982882550931723,1.0402014362029095,3.999999627040801,0.997412985057052,MULTI_DOSE_HILL
UCCUCAAAGCCAACAAUCCUU,AAGGAUTGUUGGCUUUGAGGAGG,uscscucaaaGfCfCfaacaauccuuL96,asdAsggdAudTguugdGcUfuugaggasgsg,GOLD_LEGACY,8.111419906533422,7.737133553997759,3.999999999577828,0.9999997846034168,MULTI_DOSE_HILL
UCCUCACAACUCCCACGGAT,TCCGUGGGAGUUGUGAGGATT,UfcCfuCfaCfAfAfcUfcCfcAfcGfgAf(invdT,dTCfcGfuGfgGfaGfuugUfgAfgGfadTsdT,GOLD_LEGACY,8.414503228918388,3.8503195200956566,3.999999957544736,0.999999982736742,MULTI_DOSE_HILL
UCCUCUACCUGGAUCAUAAUU,AAUUAUGAUCCAGGUAGAGGAGA,uscscucuacCfUfGfgaucauaauuL96,asdAsuudAudGauccdAgGfuagaggasgsa,GOLD_LEGACY,7.874940020262846,13.337056154579065,3.999999801169786,0.9999999740216804,MULTI_DOSE_HILL
UCCUCUGUGAACUUGCUCAGA,UCUGAGCAAGUUCACAGAGGACC,uscscucuGfuGfAfAfcuugcucagaL96,VPusCfsugaGfcAfAfguucAfcAfgaggascsc,GOLD_LEGACY,9.27023735980244,0.5367383665915847,0.9001135687568976,1.0,MULTI_DOSE_HILL
UCCUCUUGUUUUUAUUAAA,UUUAAUAAAAACAAGAGGAUU,mUmCfCmUfCmUfUfGfUmUfUmUfUmAfUmUfAmAfA,fU*fU*mUfAmAfUmAfAmAfAmAmCmAfAmGfAmGfGmA*mU*mU,GOLD_LEGACY,9.017489322502094,0.9605294335266108,1.0321951338650284,0.9209131296586448,MULTI_DOSE_HILL
UCCUGAAACUGCAACUAGACU,AGUCTAGUUGCAGUUUCAGGACA,uscscugaaaCfUfGfcaacuagacuL96,asdGsucdTadGuugcdAgUfuucaggascsa,GOLD_LEGACY,8.16175680567915,6.890380328308663,0.9893355673379722,1.0,MULTI_DOSE_HILL
UCCUGUUUGCUGUGUAUGAUU,AAUCAUACACAGCAAACAGGAAU,uscscuguUfuGfCfUfguguaugauuL96,asAfsucaUfaCfAfcagcAfaAfcaggasasu,GOLD_LEGACY,10.760793424429451,0.0173462889136817,0.5000096288496193,0.960943881199334,MULTI_DOSE_HILL
UCCUGUUUGCUGUGUAUGAUU,AAUCAUACACAGCAAACAGGAAU,uscscuguuuGfCfUfguguaugauuL96,asdAsucdAudAcacadGcAfaacaggasasu,GOLD_LEGACY,10.55130582189715,0.0280992144043095,0.5671709805766495,1.0,MULTI_DOSE_HILL
UCCUUCAACUUAAGCAAGUUU,ACUUGCUUAAGUUGAAGGAUU,fUpsmCpsfCmUfUmCfAmAfCmUfUmAfAmGfCmAfAmGfUpsmUpsmU,mApsfCpsmUfUmGfCmUfUmAfAmGfUmUfGmAfAmGfGmApsmUpsmU,GOLD_LEGACY,7.790201962653314,16.210560723005262,0.666917451986076,0.9432681881333724,MULTI_DOSE_HILL
UCGAGGCUCAUUCUCCACAT,TGUGGAGAAUGAGCCUCGATT,UfcGfaGfgCfUfCfaUfuCfuCfcAfcAf(invdT),dTGfuGfgAfgAfaUfgagCfcUfcGfadTsdT,GOLD_LEGACY,6.199323327248309,631.9412032420688,3.999908376412997,1.0,MULTI_DOSE_HILL
UCGCAUGGUCAGUAAAAGCAA,UUGCTUTUACUGACCAUGCGAGC,uscsgca(Uhd)GfgUfCfAfguaaaagcaaL96,VPusUfsgcdTu(Tgn)uacugaCfcAfugcgasgsc,GOLD_LEGACY,7.952811693399687,11.14777787514533,0.5000000000000001,0.9738261381464016,MULTI_DOSE_HILL
UCGGCCGGGGCGUUGCACUUU,AGUGCAACGCCCCGGCCGAUU,fUpsmCpsfGmGfCmCfGmGfGmGfCmGfUmUfGmCfAmCfUpsmUpsmU,mApsfGpsmUfGmCfAmAfCmGfCmCfCmCfGmGfCmCfGmApsmUpsmU,GOLD_LEGACY,7.019880167954568,95.5256127257489,3.9999999986472097,0.999999982663994,MULTI_DOSE_HILL
UCGGGAUGCUGGCCAACUUCU,AGAAGUTGGCCAGCAUCCCGACC,uscsgggaugCfUfGfgccaacuucuL96,asdGsaadGudTggccdAgCfaucccgascsc,GOLD_LEGACY,9.40441071666025,0.3940844361760326,0.6443972804425284,0.999999999192988,MULTI_DOSE_HILL
UCGGGAUGCUGGCCAACUUCU,AGAAGUUGGCCAGCAUCCCGACC,uscsgggaUfgCfUfGfgccaacuucuL96,asGfsaagUfuGfGfccagCfaUfcccgascsc,GOLD_LEGACY,9.11735624807803,0.7632094724803837,0.8085856256100652,0.9999999872218296,MULTI_DOSE_HILL
UCGGUCCAAAGACGAAGUCGU,ACGACUTCGUCUUUGGACCGAAA,uscsggucCfaAfAfGfacgaagucguL96,asCfsgacu(Tgn)cgucuuUfgGfaccgasasa,GOLD_LEGACY,8.332821796326265,4.647059184786594,0.9550509875242776,0.9986368076391638,MULTI_DOSE_HILL
UCGGUUUGUAUUUAGUGUCUU,AAGACACUAAATACAAACCGAAG,uscsgguuugUfAfUfuuagugucuuL96,asdAsgadCadCuaaadTaCfaaaccgasasg,GOLD_LEGACY,8.809491742338398,1.550630270149068,0.5000000000000001,0.9001563156152453,MULTI_DOSE_HILL
UCGGUUUGUAUUUAGUGUCUU,AAGACACUAAAUACAAACCGAAG,uscsgguuUfgUfAfUfuuagugucuuL96,asAfsgacAfcUfAfaauaCfaAfaccgasasg,GOLD_LEGACY,7.483567081511498,32.84225119521234,0.5000000000000246,0.9958153142430995,MULTI_DOSE_HILL
UCGUCAUCCACAAUGAGAGUU,AACUCUCAUUGTGGAUGACGAGG,uscsgucaucCfAfCfaaugagaguuL96,asdAscudCudCauugdTgGfaugacgasgsg,GOLD_LEGACY,10.231597886672544,0.0586681121253595,0.5000000731533645,0.985084141284075,MULTI_DOSE_HILL
UCGUCAUCCACAAUGAGAGUU,AACUCUCAUUGUGGAUGACGAGG,uscsgucaUfcCfAfCfaaugagaguuL96,asAfscucUfcAfUfugugGfaUfgacgasgsg,GOLD_LEGACY,7.9447044055213025,11.35783602680185,0.8653064086286724,0.997527061752574,MULTI_DOSE_HILL
UCGUCCCAGAAUAACUCAUCU,AGAUGAGUUAUTCUGGGACGACU,uscsgucccaGfAfAfuaacucaucuL96,asdGsaudGadGuuaudTcUfgggacgascsu,GOLD_LEGACY,9.212379773411955,0.6132255290730784,0.6610355636859149,1.0,MULTI_DOSE_HILL
UCGUGGAUGCCUUGGUAUGUU,AACAUACCAAGGCAUCCACGAUU,fUpsmCpsfGmUfGmGfAmUfGmCfCmUfUmGfGmUfAmUfGmUpsfU,vmApsfApsmCfAmUfAmCfCmAfAmGfGmCfAmUfCmCfAmCfGmApsmUpsmU,GOLD_LEGACY,8.467095237579077,3.411180987343018,0.5012130209959981,1.0,MULTI_DOSE_HILL
UCGUUCUUUUCACUCUGGUGA,UCACCAGAGUGAAAAGAACGAUA,uscsguucUfuUfUfCfacucuggugaL96,VPusCfsaccAfgAfGfugaaAfaGfaacgasusa,GOLD_LEGACY,9.47957970721876,0.3314517320131957,0.8497041316241308,0.9998769045268566,MULTI_DOSE_HILL
UCUAACCUCACUUGCAAUAAA,UUUATUGCAAGUGAGGUUAGAAA,uscsuaacCfuCfAfCfuugcaauasasa,VPuUfuadTu(G2p)caagugAfgGfuuagasasa,GOLD_LEGACY,11.69334226166674,0.0020260853594288,0.5000076692231727,0.9747244803709084,MULTI_DOSE_HILL
UCUACAAACCAGUUGACCUGA,UCAGGUCAACUGGUUUGUAGACU,uscsuac(Ahd)AfaCfCfAfguugaccugaL96,VPusCfsagdGu(C2p)aacuggUfuUfguagascsu,GOLD_LEGACY,9.260963913372768,0.5483225245337721,0.7325483385803089,1.0,MULTI_DOSE_HILL
UCUACCUGGAUCAUAAUGGCU,AGCCAUTAUGATCCAGGUAGAGG,uscsuaccugGfAfUfcauaauggcuL96,asdGsccdAudTaugadTcCfagguagasgsg,GOLD_LEGACY,7.948602124616987,11.256357438271817,3.999999999964019,0.9958659557224524,MULTI_DOSE_HILL
UCUACUUUCAGCCUUCCUGAU,ATCAGGAAGGCTGAAAGUAGAUC,uscsuacuuuCfAfGfccuuccugauL96,asdTscadGgdAaggcdTgAfaaguagasusc,GOLD_LEGACY,7.738887906698261,18.243665185200637,3.99999987116106,0.9999999821699244,MULTI_DOSE_HILL
UCUAGACCUGUUUUGCUUUUG,CAAAAGCAAAACAGGUCUAGAAA,uscsuagaCcUGUuuugcuuuug,csAsaaagCaaaaCaCgUcuagasasa,GOLD_LEGACY,6.1082045212962255,779.4629533913793,3.9999999995959614,0.9376461979985724,MULTI_DOSE_HILL
UCUAUGGGGAGUACGACAUCU,AGAUGUCGUACUCCCCAUAGAUU,fUpsmCpsfUmAfUmGfGmGfGmAfGmUfAmCfGmAfCmAfUmCpsfU,vmApsfGpsmAfUmGfUmCfGmUfAmCfUmCfCmCfCmAfUmAfGmApsmUpsmU,GOLD_LEGACY,7.955834544768268,11.070454600161325,0.5000000000000001,0.947052217711223,MULTI_DOSE_HILL
UCUCACUUUCCAGCAAAACUU,AAGUTUTGCUGGAAAGUGAGACC,uscsucacuuUfCfCfagcaaaacuuL96,asdAsgudTudTgcugdGaAfagugagascsc,GOLD_LEGACY,11.162171026830702,0.0068838115582342,0.5000242390057996,0.9658439286843492,MULTI_DOSE_HILL
UCUCACUUUCCAGCAAAACUU,AAGUUUUGCUGGAAAGUGAGACC,uscsucacUfuUfCfCfagcaaaacuuL96,asAfsguuUfuGfCfuggaAfaGfugagascsc,GOLD_LEGACY,11.215022277614402,0.0060950563117473,0.5006896124915798,0.9921961752343548,MULTI_DOSE_HILL
UCUCCCACCUUUUCUUCUAAU,ATUAGAAGAAAAGGUGGGAGACU,uscsucccacCfUfUfuucuucuaauL96,asdTsuadGadAgaaadAgGfugggagascsu,GOLD_LEGACY,10.848673206087945,0.0141685952434217,0.5000250999994682,0.9995016528713632,MULTI_DOSE_HILL
UCUCCCACCUUUUCUUCUAAU,AUUAGAAGAAAAGGUGGGAGACU,uscsucccAfcCfUfUfuucuucuaauL96,asUfsuagAfaGfAfaaagGfuGfggagascsu,GOLD_LEGACY,10.878493843720667,0.0132283645955612,0.5000002283852915,0.999415906155026,MULTI_DOSE_HILL
UCUCUCCUCUACCUGGAUCAU,ATGATCCAGGUAGAGGAGAGAGA,uscsucuccuCfUfAfccuggaucauL96,asdTsgadTcdCaggudAgAfggagagasgsa,GOLD_LEGACY,8.057910206733727,8.75164702633008,3.9999985811929495,0.9827259923579869,MULTI_DOSE_HILL
UCUCUCUCCUCUACCUGGAUU,AAUCCAGGUAGAGGAGAGAGAGG,uscsucucucCfUfCfuaccuggauuL96,asdAsucdCadGguagdAgGfagagagasgsg,GOLD_LEGACY,8.641240534392873,2.2843332728942243,3.9999999475530834,0.9999999999789372,MULTI_DOSE_HILL
UCUCUGCCAAAGAUGUCAUCA,UGAUGACAUCUUUGGCAGAGAAG,uscsucugCcAAAgaugucauca,usGsaugaCaucuUuGgCagagasasg,GOLD_LEGACY,6.000000000589208,999.9999986432993,4.0,1.0,MULTI_DOSE_HILL
UCUGAGAAGCUUGACUUCAAA,UUUGAAGUCAAGCUUCUCAGAUU,uscsugag(Ahd)aGfCfUfugacuucaaaL96,VPusUfsugdAa(G2p)ucaagcUfuCfucagasusu,GOLD_LEGACY,10.235007966171388,0.0582092540473178,0.8811168040388307,0.941419690087138,MULTI_DOSE_HILL
UCUGCACAGGGAACCUCUACC,GGUAGAGGUUCCCUGUGCAGAUU,fUpsmCpsfUmGfCmAfCmAfGmGfGmAfAmCfCmUfCmUfAmCpsfC,vmGpsfGpsmUfAmGfAmGfGmUfUmCfCmCfUmGfUmGfCmAfGmApsmUpsmU,GOLD_LEGACY,6.84936988469636,141.45884745006308,0.5000000000000001,0.9030741891497264,MULTI_DOSE_HILL
UCUGCCGUCUUCAGCCUCCUU,AAGGAGGCUGAAGACGGCAGAAU,uscsugccguCfUfUfcagccuccuuL96,asdAsggdAgdGcugadAgAfcggcagasasu,GOLD_LEGACY,8.734902046139881,1.8411872290770976,3.9990510912216486,0.9999999998764124,MULTI_DOSE_HILL
UCUGGUCCUUUUUGGUCGAGA,UCUCGACCAAAAAGGACCAGAAC,uscsugguCfcUfUfUfuuggucgagaL96,VPusCfsucgAfcCfAfaaaaGfgAfccagasasc,GOLD_LEGACY,9.10947420623778,0.7771874763998807,0.5179749799979481,0.9840815409925072,MULTI_DOSE_HILL
UCUGGUGCUGGAGCUAGCCAU,AUGGCUAGCUCCAGCACCAGAGC,uscsugguGfcUfGfGfagcuagccauL96,asUfsggdCu(Agn)gcuccaGfcAfccagasgsc,GOLD_LEGACY,8.085206737993893,8.218513294274556,0.5373360472925939,0.9197455555317992,MULTI_DOSE_HILL
UCUGGUGUCCUGAAACUGCAU,ATGCAGTUUCAGGACACCAGACU,uscsugguguCfCfUfgaaacugcauL96,asdTsgcdAgdTuucadGgAfcaccagascsu,GOLD_LEGACY,8.096052005282347,8.015820709225025,2.1368586839949777,0.9999999706163124,MULTI_DOSE_HILL
UCUGUCCUCUCUGUUGCCUUU,AAAGGCAACAGAGAGGACAGACC,uscsugucCuCUCuguugccuuu,asAsaggcAacagAgAgGacagascsc,GOLD_LEGACY,6.196930921244538,635.4319954445108,0.5000000000000001,0.9482576504204046,MULTI_DOSE_HILL
UCUGUGCUCUUCGUCAUCUGA,UCAGAUGACGAAGAGCACAGAUG,uscsugugCfuCfUfUfcgucaucugaL96,VPusCfsagaUfgAfCfgaagAfgCfacagasusg,GOLD_LEGACY,9.279222185721764,0.5257482239791104,0.7951850158231938,0.9782298566238208,MULTI_DOSE_HILL
UCUGUGCUCUUCGUCAUCUGA,UCAGAUGACGAAGAGCACAGAUG,uscsugugcuCfUfUfcgucaucusgsa,VPudCagdAudGacgadAgAfgcacagasusg,GOLD_LEGACY,10.97292708380316,0.010643216983116,0.5017482306329003,0.9478654044179896,MULTI_DOSE_HILL
UCUUACCAGAGUGUCUGAUUU,AUCAGACACUCUGGUAAGAUU,fUpsmCpsfUmUfAmCfCmAfGmAfGmUfGmUfCmUfGmAfUpsmUpsmU,mApsfUpsmCfAmGfAmCfAmCfUmCfUmGfGmUfAmAfGmApsmUpsmU,GOLD_LEGACY,7.5743073744589084,26.649718474900663,0.6938070443824397,0.9710672446937796,MULTI_DOSE_HILL
UCUUCAGCCUCCUCAAAGCCU,AGGCTUTGAGGAGGCUGAAGACG,uscsuucaGfcCfUfCfcucaaagccuL96,asGfsgcdTu(Tgn)gaggagGfcUfgaagascsg,GOLD_LEGACY,8.113200705252419,7.705472853341073,1.0186398244505546,0.9991723835950362,MULTI_DOSE_HILL
UCUUCAGCCUCCUCAAAGCCU,AGGCTUTGAGGAGGCUGAAGACG,uscsuucagcCfUfCfcucaaagccuL96,asdGsgcdTudTgaggdAgGfcugaagascsg,GOLD_LEGACY,7.965360379658876,10.830278393120643,3.9999999999914335,0.999999955276622,MULTI_DOSE_HILL
UCUUGGGCUUCCGUAUAUAUU,AAUATATACGGAAGCCCAAGAAG,uscsuugggcUfUfCfcguauauauuL96,asdAsuadTadTacggdAaGfcccaagasasg,GOLD_LEGACY,10.92134629314702,0.0119854324028229,0.5004202320692264,0.970511085983702,MULTI_DOSE_HILL
UCUUGGGCUUCCGUAUAUAUU,AAUAUAUACGGAAGCCCAAGAAG,uscsuuggGfcUfUfCfcguauauauuL96,asAfsuauAfuAfCfggaaGfcCfcaagasasg,GOLD_LEGACY,10.07358729068684,0.0844136558275714,0.500072733083878,0.9065922386920566,MULTI_DOSE_HILL
UCUUGUGCGGAAGGCCAGGAG,CUCCUGGCCUUCCGCACAAGAUU,fUpsmCpsfUmUfGmUfGmCfGmGfAmAfGmGfCmCfAmGfGmApsfG,vmCpsfUpsmCfCmUfGmGfCmCfUmUfCmCfGmCfAmCfAmAfGmApsmUpsmU,GOLD_LEGACY,6.004988160311463,988.5800448503468,4.0,1.0,MULTI_DOSE_HILL
UCUUUCUAACCUCACUUGCAA,UUGCAAGUGAGGUUAGAAAGAAU,uscsuuucUfaAfCfCfucacuugcsasa,VPuUfgcdAa(G2p)ugagguUfaGfaaagasasu,GOLD_LEGACY,10.62517434502684,0.0237042192235634,1.4106113160091864,0.9984762382461984,MULTI_DOSE_HILL
UCUUUGCUUGAGGAUCUUCCU,AGGAAGAUCCUCAAGCAAAGAGU,uscsuuugCfuUfGfAfggaucuuccuL96,asGfsgadAg(Agn)uccucaAfgCfaaagasgsu,GOLD_LEGACY,7.985767230725614,10.33315084352718,2.1966900404945084,0.9999999998505008,MULTI_DOSE_HILL
UCUUUGCUUGAGGAUCUUCCU,AGGAAGAUCCUCAAGCAAAGAGU,uscsuuugcuUfGfAfggaucuuccuL96,asdGsgadAgdAuccudCaAfgcaaagasgsu,GOLD_LEGACY,8.641268586617123,2.284185726557852,2.1043365474602385,0.9999963976975628,MULTI_DOSE_HILL
UGAAACUGCAACUAGACUGCU,AGCAGUCUAGUTGCAGUUUCAGG,usgsaaacugCfAfAfcuagacugcuL96,asdGscadGudCuagudTgCfaguuucasgsg,GOLD_LEGACY,7.970645209254405,10.699285853456066,3.9999999999553753,0.9999999533793488,MULTI_DOSE_HILL
UGAACCUGCAAAAAUUGAGCU,AGCUCAAUUUUTGCAGGUUCAGC,usgsaaccugCfAfAfaaauugagcuL96,asdGscudCadAuuuudTgCfagguucasgsc,GOLD_LEGACY,11.04128885738776,0.0090930827350597,0.5011319075174491,0.998998923733564,MULTI_DOSE_HILL
UGAACCUGCAAAAAUUGAGCU,AGCUCAAUUUUUGCAGGUUCAGC,usgsaaccUfgCfAfAfaaauugagcuL96,asGfscucAfaUfUfuuugCfaGfguucasgsc,GOLD_LEGACY,9.703097889605232,0.1981080441637905,0.5329691167996652,1.0,MULTI_DOSE_HILL
UGAAGAGACCAAGAUGAAGUU,AACUTCAUCUUGGUCUCUUCACU,usgsaagaGfaCfCfAfagaugaaguuL96,asAfscudTc(Agn)ucuuggUfcUfcuucascsu,GOLD_LEGACY,8.058038790650224,8.749056262404162,4.0,0.9999998901447577,MULTI_DOSE_HILL
UGAAGAGACCAAGAUGAAGUU,AACUTCAUCUUGGUCUCUUCACU,usgsaagagaCfCfAfagaugaaguuL96,asdAscudTcdAucuudGgUfcucuucascsu,GOLD_LEGACY,8.846367484551141,1.4244018053572596,3.996624830679696,0.9999999989296128,MULTI_DOSE_HILL
UGAAUUACUGCAGUGGGCAGU,ACUGCCCACUGCAGUAAUUCAGC,usgsaauuacUfGfCfagugggcaguL96,asdCsugdCcdCacugdCaGfuaauucasgsc,GOLD_LEGACY,6.727399346721885,187.3271187169904,0.5000000000000001,0.9371102261180632,MULTI_DOSE_HILL
UGACAACGUACCCUUCAUUGU,ACAAUGAAGGGUACGUUGUCACU,usgsacaaCfgUfAfCfccuucauuguL96,asCfsaaug(Agn)aggguaCfgUfugucascsu,GOLD_LEGACY,7.078982440868654,83.37148921935663,4.0,0.9999956482434424,MULTI_DOSE_HILL
UGACAGGUUCAUGCAGGCUGU,ACAGCCTGCAUGAACCUGUCAAU,usgsacagguUfCfAfugcaggcuguL96,asdCsagdCcdTgcaudGaAfccugucasasu,GOLD_LEGACY,11.667243489897126,0.002151575102566,0.5000000140233308,0.994125350544491,MULTI_DOSE_HILL
UGACAGGUUCAUGCAGGCUGU,ACAGCCUGCAUGAACCUGUCAAU,usgsacagGfuUfCfAfugcaggcuguL96,asCfsagcCfuGfCfaugaAfcCfugucasasu,GOLD_LEGACY,11.32178856502083,0.004766629922879,0.5000016022152416,0.9560350376888888,MULTI_DOSE_HILL
UGACCAGUCGUCCCAGAAUAU,ATAUTCTGGGACGACUGGUCAGG,usgsaccaguCfGfUfcccagaauauL96,asdTsaudTcdTgggadCgAfcuggucasgsg,GOLD_LEGACY,8.373233458662954,4.234152943976949,0.5000000000000001,0.9990508899563312,MULTI_DOSE_HILL
UGACCAGUCGUCCCAGAAUAU,AUAUTCTGGGACGACUGGUCAGG,usgsaccaGfuCfGfUfcccagaauauL96,asUfsaudTc(Tgn)gggacgAfcUfggucasgsg,GOLD_LEGACY,8.497260834797332,3.1822856849699432,0.9812488788087064,0.995847960090268,MULTI_DOSE_HILL
UGACCCAAGCUCGCAUGGUCA,UGACCATGCGAGCUUGGGUCACG,sgsacc(Chd)AfaGfCfUfcgcauggucaL96,VPusGfsacdCa(Tgn)gcgagcUfuGfggucascsg,GOLD_LEGACY,8.906516973245184,1.2401751552229991,0.8889020362277951,0.9698808946139884,MULTI_DOSE_HILL
UGACCCAAGCUCGCAUGGUCA,UGACCATGCGAGCUUGGGUCACG,usgsacc(Chd)aaGfCfUfcgcauggucaL96,VPusdGsacdCadTgcgadGcUfugggucascsg,GOLD_LEGACY,9.060657251025455,0.8696464910865251,0.5845635832017418,0.9991576615391636,MULTI_DOSE_HILL
UGAGAACAAAAAUUGGGUUUU,AAAACCCAAUUTUUGUUCUCAAC,usgsagaacaAfAfAfauuggguuuuL96,asdAsaadCcdCaauudTuUfguucucasasc,GOLD_LEGACY,10.47824523295051,0.0332471763536402,3.994664958999265,0.9999999921241546,MULTI_DOSE_HILL
UGAGAACAAAAAUUGGGUUUU,AAAACCCAAUUUUUGUUCUCAAC,usgsagaaCfaAfAfAfauuggguuuuL96,asAfsaacCfcAfAfuuuuUfgUfucucasasc,GOLD_LEGACY,10.353284232510909,0.0443318410569971,3.9999999988417456,0.9999999919102835,MULTI_DOSE_HILL
UGAGAAGAUUGACAGGUUCAU,ATGAACCUGUCAAUCUUCUCAGC,usgsagaagaUfUfGfacagguucauL96,asdTsgadAcdCugucdAaUfcuucucasgsc,GOLD_LEGACY,12.0,0.001,0.5197554452081142,0.990888214898482,MULTI_DOSE_HILL
UGAGAGAGAGCCCACAGAGUU,AACUCUGUGGGCUCUCUCUCAUC,usgsagagAfgAfGfCfccacagaguuL96,asAfscucUfgUfGfggcuCfuCfucucasusc,GOLD_LEGACY,10.402688201918744,0.0395650572135738,0.8570790585784103,1.0,MULTI_DOSE_HILL
UGAGAGAGAGCCCACAGAGUU,AACUCUGUGGGCUCUCUCUCAUC,usgsagagagAfGfCfccacagaguuL96,asdAscudCudGugggdCuCfucucucasusc,GOLD_LEGACY,11.019895254848574,0.0095522294332764,0.6456220531312077,1.0,MULTI_DOSE_HILL
UGAGAGUACCUGUGAGCAGCU,AGCUGCTCACAGGUACUCUCAUU,usgsagaguaCfCfUfgugagcagcuL96,asdGscudGcdTcacadGgUfacucucasusu,GOLD_LEGACY,9.929841003801112,0.117532776635599,0.54137023243125,0.9999999893313136,MULTI_DOSE_HILL
UGAGAGUACCUGUGAGCAGCU,AGCUGCUCACAGGUACUCUCAUU,usgsagagUfaCfCfUfgugagcagcuL96,asGfscugCfuCfAfcaggUfaCfucucasusu,GOLD_LEGACY,9.475466928927789,0.334605496743073,0.7112428875393427,0.9999999979350352,MULTI_DOSE_HILL
UGAGCAAGAUUUGCAACUUGU,ACAAGUUGCAAAUCUUGCUCAUG,usgsagcaAfgAfUfUfugcaacuuguL96,asCfsaagUfuGfCfaaauCfuUfgcucasusg,GOLD_LEGACY,8.332075993320924,4.655046318891223,0.8483005808788785,0.9636489207047272,MULTI_DOSE_HILL
UGAGCACCACAUCACCAACCU,AGGUTGGUGAUGUGGUGCUCAGC,usgsagcaccAfCfAfucaccaaccuL96,asdGsgudTgdGugaudGuGfgugcucasgsc,GOLD_LEGACY,7.494467513422425,32.028196665379724,0.6928347165669347,0.9919983197791936,MULTI_DOSE_HILL
UGAGCUGACCAGCUCUCUCUA,UAGAGAGAGCUGGUCAGCUCAAC,usgsagcuGfaCfCfAfgcucucucsusa,VPuAfgadGa(G2p)agcuggUfcAfgcucasasc,GOLD_LEGACY,10.233133814776624,0.058460992643297,0.5000000228333874,0.9731039008685514,MULTI_DOSE_HILL
UGAGCUGUGAGGGUCAAGCAU,ATGCTUGACCCTCACAGCUCAUG,usgsagcuguGfAfGfggucaagcauL96,asdTsgcdTudGacccdTcAfcagcucasusg,GOLD_LEGACY,7.892545071638271,12.807221726495191,3.9999985871240953,0.999999971778928,MULTI_DOSE_HILL
UGAGGGUCAAGCACAGCUAUU,AAUAGCTGUGCTUGACCCUCACA,usgsagggucAfAfGfcacagcuauuL96,asdAsuadGcdTgugcdTuGfacccucascsa,GOLD_LEGACY,7.993246476967208,10.15672100624865,0.8747940081586897,0.9975118479336054,MULTI_DOSE_HILL
UGAGGGUCAAGCACAGCUAUU,AAUAGCTGUGCUUGACCCUCACA,usgsagggUfcAfAfGfcacagcuauuL96,asAfsuadGc(Tgn)gugcuuGfaCfccucascsa,GOLD_LEGACY,7.6427145847854705,22.76593099882151,3.9999999533061934,0.9999999838625178,MULTI_DOSE_HILL
UGAUCUACUUUCAGCCUUCCU,AGGAAGGCUGAAAGUAGAUCAUC,usgsaucuacUfUfUfcagccuuccuL96,asdGsgadAgdGcugadAaGfuagaucasusc,GOLD_LEGACY,7.688182873947498,20.50298651480968,3.9999998909652215,0.9999999832544778,MULTI_DOSE_HILL
UGAUGCCAAAACAACCAUCAU,AUGAUGGUUGUUUUGGCAUCAAU,usgsaugcCfaAfAfAfcaaccaucauL96,asUfsgaug(Ggn)uuguuuUfgGfcaucasasu,GOLD_LEGACY,8.813958732610036,1.5347628116068266,0.7621825284652853,0.986248539428751,MULTI_DOSE_HILL
UGAUGGACAGUAUGCAAUGAA,UUCATUGCAUACUGUCCAUCAAU,usgsauggAfcAfGfUfaugcaaugsasa,VPuUfcadTu(G2p)cauacuGfuCfcaucasasu,GOLD_LEGACY,9.3263051940933,0.4717314224015623,0.5000000115603875,0.9625759269730876,MULTI_DOSE_HILL
UGAUGUAGAAACAGCUCGUUA,UAACGAGCUGUUUCUACAUCAUU,usgsauguAfgAfAfAfcagcucgususa,VPuAfacdGa(G2p)cuguuuCfuAfcaucasusu,GOLD_LEGACY,11.487183958196582,0.0032569871251391,0.6748335399163413,1.0,MULTI_DOSE_HILL
UGAUUAACUAUCAAGAUGAUA,UAUCAUCUUGAUAGUUAAUCAAG,usgsauuaAfcUfAfUfcaagaugasusa,VPuAfucdAu(C2p)uugauaGfuUfaaucasasg,GOLD_LEGACY,10.309147147551029,0.0490741575039707,0.7814770259130412,0.9999999819541976,MULTI_DOSE_HILL
UGCAAAAAUUGAGCAAUGACU,AGUCAUUGCUCAAUUUUUGCAGG,usgscaaaAfaUfUfGfagcaaugacuL96,asGfsucaUfuGfCfucaaUfuUfuugcasgsg,GOLD_LEGACY,10.968267333345649,0.0107580279099701,0.9515959187922258,1.0,MULTI_DOSE_HILL
UGCAAAUAGUCUACAAACCAA,UUGGTUTGUAGACUAUUUGCACA,usgscaa(Ahd)UfaGfUfCfuacaaaccaaL96,VPusUfsggdTu(Tgn)guagacUfaUfuugcascsa,GOLD_LEGACY,10.03037787072704,0.0932442648510843,1.0321948721177798,0.9989225717631358,MULTI_DOSE_HILL
UGCAAAUUCUUACACCAGGAU,AUCCUGGUGUAAGAAUUUGCACU,usgscaa(Ahd)UfuCfUfUfacaccaggsasu,asUfsccuGfgUfGfuaagAfaUfuugcascsu,GOLD_LEGACY,9.848815505343168,0.1416395357661776,0.948233038664911,1.0,MULTI_DOSE_HILL
UGCAACUUAAUACUCAAAUGA,UCAUTUGAGUATUAAGUUGCAAA,usgscaacuuAfAfUfacucaaausgsa,VPudCaudTudGaguadTuAfaguugcasasa,GOLD_LEGACY,8.137791207809132,7.281297773756759,0.5000000000000001,0.9040034716014348,MULTI_DOSE_HILL
UGCAACUUGCUACCCAUUAGU,ACUAAUGGGUAGCAAGUUGCAAA,usgscaacUfuGfCfUfacccauuaguL96,asCfsuaaUfggguagcAfaGfuugcasasa,GOLD_LEGACY,8.042696109065698,9.063665952479338,0.50000000000001,0.9388372199893518,MULTI_DOSE_HILL
UGCAGCUAGCAAGAGGACCUU,AAGGTCCUCUUGCUAGCUGCAGC,usgscagcuaGfCfAfagaggaccuuL96,asdAsggdTcdCucuudGcUfagcugcasgsc,GOLD_LEGACY,7.992123863071462,10.183009218537114,1.3426834682782751,0.9999999999999498,MULTI_DOSE_HILL
UGCAUGGACUAUCCUCUUA,UAAGAGGAUAGUCCAUGCAUU,mUmGfCmAfUmGfGfAfCmUfAmUfCmCfUmCfUmUfA,fU*fA*mAfGmAfGmGfAmUfAmGmUmCfCmAfUmGfCmA*mU*mU,GOLD_LEGACY,9.370729134371205,0.4258639378954454,1.5271699235415617,0.9261458529129584,MULTI_DOSE_HILL
UGCCAGAUAUGGUGGUGGAGU,ACUCCACCACCAUAUCUGGCACA,usgsccagauAfUfGfgugguggaguL96,asdCsucdCadCcaccdAuAfucuggcascsa,GOLD_LEGACY,6.484721383483079,327.5507638280551,0.651243183882998,0.9931648180994864,MULTI_DOSE_HILL
UGCCCCAUGUCGACUACAUCG,CGAUGUAGUCGACAUGGGGCAAC,usgsccccAuGUCgacuacaucg,csGsauguAgucgAcAuGgggcasasc,GOLD_LEGACY,7.683388146532186,20.7305991182314,0.8758181197637708,1.0,MULTI_DOSE_HILL
UGCCUCUUUCCAUUCUGCCGU,ACGGCAGAAUGGAAAGAGGCAGC,usgsccucuuUfCfCfauucugccguL96,asdCsggdCadGaaugdGaAfagaggcasgsc,GOLD_LEGACY,8.043098225217115,9.055277727802856,3.9999999804594935,0.9999999071419032,MULTI_DOSE_HILL
UGCCUUCGGUUUGUAUUUAGU,ACUAAATACAAACCGAAGGCAAU,usgsccuucgGfUfUfuguauuuaguL96,asdCsuadAadTacaadAcCfgaaggcasasu,GOLD_LEGACY,7.5632735477463555,27.335464133720865,0.7092299481191642,1.0,MULTI_DOSE_HILL
UGCCUUGCUCAACAAAACAAA,UUUGTUTUGUUGAGCAAGGCAAC,usgsccuuGfcUfCfAfacaaaacasasa,VPuUfugdTu(Tgn)uguugaGfcAfaggcasasc,GOLD_LEGACY,9.593502462424803,0.2549749630824127,0.5001226603578415,1.0,MULTI_DOSE_HILL
UGCCUUUUUACAGCCAACUUU,AAAGUUGGCUGUAAAAAGGCAAC,usgsccuuUuUACagccaacuuu,asAsaguuGgcugUaAaAaggcasasc,GOLD_LEGACY,7.302001214078151,49.88830928212702,0.5000330787579166,0.97445627939888,MULTI_DOSE_HILL
UGCGGAAUUGACAAGUUCCGU,ACGGAACUUGUCAAUUCCGCAGG,usgscgg(Ahd)AfuUfGfAfcaaguuccsgsu,asCfsggaAfcUfUfgucaAfuUfccgcasgsg,GOLD_LEGACY,9.34828996629912,0.4484458751661709,1.128076871687199,1.0,MULTI_DOSE_HILL
UGCUACUGUCACAGACUCCAU,AUGGAGTCUGUGACAGUAGCAAA,usgscuacUfgUfCfAfcagacuccauL96,asUfsggdAg(Tgn)cugugaCfaGfuagcasasa,GOLD_LEGACY,8.136856206927346,7.296990705495553,2.6931027294650147,0.9999999997160932,MULTI_DOSE_HILL
UGCUCAUCCCACUAAUGUCCA,UGGACAUUAGUGGGAUGAGCAGC,usgscucaUfcCfCfAfcuaauguccaL96,VPusGfsgacAfuUfAfguggGfaUfgagcasgsc,GOLD_LEGACY,8.985867465442,1.0330766238213,0.6152306127522754,0.9999999981284456,MULTI_DOSE_HILL
UGCUCUGAACAAGCCGAGACU,AGUCUCGGCUUGUUCAGAGCACA,usgscuc(Uhd)GfaAfCfAfagccgagascsu,asGfsucuCfgGfCfuuguUfcAfgagcascsa,GOLD_LEGACY,9.948952982956888,0.1124726731127164,1.7509678129437936,0.9998361680081616,MULTI_DOSE_HILL
UGCUGAACAGCAUUUUUUUUU,AAAAAAAAAUGCUGUUCAGCACC,usgscugaAfcAfGfCfauuuuuuuuuL96,asAfsaaaAfaAfAfugcuGfuUfcagcascsc,GOLD_LEGACY,10.65553566614399,0.0221036672395587,0.7988304880727979,0.9998428201850554,MULTI_DOSE_HILL
UGCUGCCCUGUACCCUGCCUU,GGCAGGGUACAGGGCAGCAUU,fUpsmGpsfCmUfGmCfCmCfUmGfUmAfCmCfCmUfGmCfCpsmUpsmU,mGpsfGpsmCfAmGfGmGfUmAfCmAfGmGfGmCfAmGfCmApsmUpsmU,GOLD_LEGACY,6.362545205128361,433.96509045132825,0.9929664281151196,0.9997686553699966,MULTI_DOSE_HILL
UGCUGGAGCUAGCCAAGCAGU,ACUGCUTGGCUAGCUCCAGCACC,usgscuggagCfUfAfgccaagcaguL96,asdCsugdCudTggcudAgCfuccagcascsc,GOLD_LEGACY,8.73948285810691,1.821868982057517,0.5000000000000001,0.9874304858780616,MULTI_DOSE_HILL
UGCUGGGAGAGAUAUGCCUUU,AAAGGCAUAUCUCUCCCAGCACC,usgscuggGfaGfAfGfauaugccuuuL96,asAfsaggc(Agn)uaucucUfcCfcagcascsc,GOLD_LEGACY,7.43963567303558,36.338276650521664,0.8889544156490036,0.9903061878255416,MULTI_DOSE_HILL
UGCUGGGUUUAUUUUAGAGAU,ATCUCUAAAAUAAACCCAGCAAA,usgscuggguUfUfAfuuuuagagauL96,asdTscudCudAaaaudAaAfcccagcasasa,GOLD_LEGACY,8.949024199882462,1.1245423101498973,0.5634499178181772,1.0,MULTI_DOSE_HILL
UGCUGGGUUUAUUUUAGAGAU,AUCUCUAAAAUAAACCCAGCAAA,usgscuggGfuUfUfAfuuuuagagauL96,asUfscucUfaAfAfauaaAfcCfcagcasasa,GOLD_LEGACY,8.971246153941625,1.068449120868937,0.5176106961766802,0.9915789781531288,MULTI_DOSE_HILL
UGCUUAAAAUAAGCAGGUGGA,UCCACCUGCUUAUUUUAAGCAUA,usgscuuaAfaAfUfAfagcagguggaL96,VPusCfscacCfuGfCfuuauUfuUfaagcasusa,GOLD_LEGACY,9.10715159645493,0.7813550142790764,0.642335359389987,0.9999999970080876,MULTI_DOSE_HILL
UGCUUGAGGAUCUUCCGAUGU,ACAUCGGAAGATCCUCAAGCAAA,usgscuugagGfAfUfcuuccgauguL96,asdCsaudCgdGaagadTcCfucaagcasasa,GOLD_LEGACY,8.510465092936519,3.0869877569346555,2.67271445430308,0.999999981326003,MULTI_DOSE_HILL
UGCUUGAGGAUCUUCCGAUGU,ACAUCGGAAGATCCUCAAGCACU,usgscuugagGfAfUfcuuccgauguL96,asdCsaudCgdGaagadTcCfucaagcascsu,GOLD_LEGACY,8.35972665281453,4.3679066403619045,2.525894700139633,0.9999999899502862,MULTI_DOSE_HILL
UGGAACGAGGUUCUCAUUGGU,ACCAAUGAGAACCUCGUUCCAAG,usgsgaacGfaGfGfUfucucauugguL96,asCfscaaUfgAfGfaaccUfcGfuuccasasg,GOLD_LEGACY,9.234510909563255,0.5827591355877886,1.461278574398884,1.0,MULTI_DOSE_HILL
UGGACACAGCAGGACACCAGU,ACUGGUGUCCUGCUGUGUCCAAG,usgsgacacaGfCfAfggacaccaguL96,asdCsugdGudGuccudGcUfguguccasasg,GOLD_LEGACY,7.954668380146647,11.100220856581258,3.9999999999998894,0.9998394903955562,MULTI_DOSE_HILL
UGGACUACCAGUUGUGGUUAA,UUAACCACAACUGGUAGUCCAUA,usgsgacuAfcCfAfGfuugugguusasa,VPuUfaadCc(Agn)caacugGfuAfguccasusa,GOLD_LEGACY,10.315394310780029,0.0483732970471624,0.8350740043909882,0.9999999999999948,MULTI_DOSE_HILL
UGGACUCUGGAAUCCAUUCUA,UAGAAUGGAUUCCAGAGUCCAGG,usgsgacuCfuGfGfAfauccauucsusa,VPuAfgadAu(G2p)gauuccAfgAfguccasgsg,GOLD_LEGACY,10.82746582256712,0.0148776445124964,0.5000001060576831,0.924688976043928,MULTI_DOSE_HILL
UGGAGCUUGUCCUUCGCGGGC,GCCCGCGAAGGACAAGCUCCAUU,fUpsmGpsfGmAfGmCfUmUfGmUfCmCfUmUfCmGfCmGfGmGpsfC,vmGpsfCpsmCfCmGfCmGfAmAfGmGfAmCfAmAfGmCfUmCfCmApsmUpsmU,GOLD_LEGACY,7.298268471730257,50.318945146843056,0.5793001656011905,0.9428408373510804,MULTI_DOSE_HILL
UGGAGUGAAGAGACCAAGAUU,AAUCTUGGUCUCUUCACUCCAAA,usgsgagugaAfGfAfgaccaagauuL96,asdAsucdTudGgucudCuUfcacuccasasa,GOLD_LEGACY,8.116367427792687,7.64949160256135,4.0,0.999975639462712,MULTI_DOSE_HILL
UGGAUCAUAAUGGCAAUGUGU,ACACAUTGCCATUAUGAUCCAGG,usgsgaucauAfAfUfggcaauguguL96,asdCsacdAudTgccadTuAfugauccasgsg,GOLD_LEGACY,7.986598838379964,10.313383368512294,4.0,0.9999999467739904,MULTI_DOSE_HILL
UGGCAAUAUGACUCACUUGAU,AUCAAGTGAGUCAUAUUGCCAGG,usgsgcaaUfaUfGfAfcucacuugauL96,asUfscadAg(Tgn)gagucaUfaUfugccasgsg,GOLD_LEGACY,8.279623874169323,5.2526217278327625,2.359611526592956,0.9999999826479344,MULTI_DOSE_HILL
UGGCAAUGUGGUCAAGACGGU,ACCGTCTUGACCACAUUGCCAUU,usgsgcaaUfgUfGfGfucaagacgguL96,asCfscgdTc(Tgn)ugaccaCfaUfugccasusu,GOLD_LEGACY,7.903407349190018,12.49086891836154,3.999999999993421,0.9999999701471448,MULTI_DOSE_HILL
UGGCAAUGUGGUCAAGACGGU,ACCGTCTUGACCACAUUGCCAUU,usgsgcaaugUfGfGfucaagacgguL96,asdCscgdTcdTugacdCaCfauugccasusu,GOLD_LEGACY,8.082766537889011,8.264821191792445,2.042440145656664,1.0,MULTI_DOSE_HILL
UGGCACCCUGGCCUCUCUCUU,AAGAGAGAGGCCAGGGUGCCAAA,usgsgcacCfcUfGfGfccucucucuuL96,asAfsgagAfgAfGfgccaGfgGfugccasasa,GOLD_LEGACY,8.533134624824184,2.9299848527769345,0.9951144789361532,0.9999021628365264,MULTI_DOSE_HILL
UGGCACCCUGGCCUCUCUCUU,AAGAGAGAGGCCAGGGUGCCAAA,usgsgcacccUfGfGfccucucucuuL96,asdAsgadGadGaggcdCaGfggugccasasa,GOLD_LEGACY,8.927793346332296,1.18088241030092,0.5081813575300084,1.0,MULTI_DOSE_HILL
UGGCACUCUUUGCUUGAGGAU,ATCCTCAAGCAAAGAGUGCCAGG,usgsgcacucUfUfUfgcuugaggauL96,asdTsccdTcdAagcadAaGfagugccasgsg,GOLD_LEGACY,7.63348447948194,23.25495591353421,0.5711056698107243,0.9618355311313124,MULTI_DOSE_HILL
UGGCACUCUUUGCUUGAGGAU,AUCCTCAAGCAAAGAGUGCCAGG,usgsgcacUfcUfUfUfgcuugaggauL96,asUfsccdTc(Agn)agcaaaGfaGfugccasgsg,GOLD_LEGACY,7.675291884129492,21.12069066345838,3.9999998866242414,0.9999999834546665,MULTI_DOSE_HILL
UGGCAGCCCCUUAUUGUUAT,TAACAAUAAGGGGCUGCCATT,UfgGfcAfgCfcCfcUfuAfuUfgUfuAf(invdT),dTAfaCfaAfuAfaGfgGfgCfuGfcCfadTsdT,GOLD_LEGACY,8.671215766248313,2.131985436665824,3.9999952603261577,0.9405393236177642,MULTI_DOSE_HILL
UGGCAGUGGUGUCUGCUGUCU,AGACAGCAGACACCACUGCCACA,usgsgcagugGfUfGfucugcugucuL96,asdGsacdAgdCagacdAcCfacugccascsa,GOLD_LEGACY,7.756727668370767,17.50944303403279,3.999999811836053,0.9999999816388104,MULTI_DOSE_HILL
UGGCAUGCACAGUGAGCUAUU,AAUAGCTCACUGUGCAUGCCAUA,usgsgcaugcAfCfAfgugagcuauuL96,asdAsuadGcdTcacudGuGfcaugccasusa,GOLD_LEGACY,10.796220541543596,0.015987459541911,0.889189256280094,1.0,MULTI_DOSE_HILL
UGGCAUGCACAGUGAGCUAUU,AAUAGCUCACUGUGCAUGCCAUA,usgsgcauGfcAfCfAfgugagcuauuL96,asAfsuagCfuCfAfcuguGfcAfugccasusa,GOLD_LEGACY,10.556067462206276,0.0277928150766664,0.5000003465044738,0.998613646711748,MULTI_DOSE_HILL
UGGCCAUCUUUAAGUCUGGAA,UUCCAGACUUAAAGAUGGCCAGU,usgsgccaUfcUfUfUfaagucuggsasa,VPuUfccdAg(Agn)cuuaaaGfaUfggccasgsu,GOLD_LEGACY,6.041923858923204,907.9797044142332,3.9999021895294833,1.0,MULTI_DOSE_HILL
UGGCCCUAUUAAUGGUCAGAU,AUCUGACCAUUAAUAGGGCCACG,usgsgcccUfaUfUfAfauggucagauL96,asUfscuga(Cgn)cauuaaUfaGfggccascsg,GOLD_LEGACY,6.842565998411979,143.6924671689904,0.7763803104712067,0.9908179379944524,MULTI_DOSE_HILL
UGGCUGAGCACCACAUCACCU,AGGUGATGUGGTGCUCAGCCAGG,usgsgcugagCfAfCfcacaucaccuL96,asdGsgudGadTguggdTgCfucagccasgsg,GOLD_LEGACY,8.350477581773834,4.461926563949366,1.2492742845506215,0.9997495456088122,MULTI_DOSE_HILL
UGGCUGAGCACCACAUCACCU,AGGUGATGUGGUGCUCAGCCAGG,usgsgcugAfgCfAfCfcacaucaccuL96,asGfsgudGa(Tgn)guggugCfuCfagccasgsg,GOLD_LEGACY,7.810916481220123,15.455516346008755,3.999999730769296,0.9999999792823976,MULTI_DOSE_HILL
UGGCUGCAGCUAGCAAGAGGU,ACCUCUTGCUAGCUGCAGCCACA,usgsgcugcaGfCfUfagcaagagguL96,asdCscudCudTgcuadGcUfgcagccascsa,GOLD_LEGACY,7.733920777245478,18.453520123029083,3.999999915800511,0.9999999823017032,MULTI_DOSE_HILL
UGGCUGCAGCUAGCAAGAGGU,ACCUCUTGCUAGCUGCAGCCACU,usgsgcugcaGfCfUfagcaagagguL96,asdCscudCudTgcuadGcUfgcagccascsu,GOLD_LEGACY,6.951351551255603,111.8532091263428,0.5000000000000001,0.9165826790252228,MULTI_DOSE_HILL
UGGGAACAAUUGAAGUAAACA,UGUUTACUUCAAUUGUUCCCAUA,usgsggaaCfaAfUfUfgaaguaaascsa,VPuGfuudTa(C2p)uucaauUfgUfucccasusa,GOLD_LEGACY,9.56722671201605,0.2708777216815483,2.6074191384241385,0.9999999943902768,MULTI_DOSE_HILL
UGGGAGACAAGCAUUUAUACU,AGUATAAAUGCTUGUCUCCCAGU,usgsggagacAfAfGfcauuuauacuL96,asdGsuadTadAaugcdTuGfucucccasgsu,GOLD_LEGACY,8.723989224085576,1.888038195387145,3.998706956433794,0.9999999998993356,MULTI_DOSE_HILL
UGGGAGAGAUAUGCCUUCGAU,AUCGAAGGCAUAUCUCUCCCAGC,usgsggagAfgAfUfAfugccuucgauL96,asUfscgaa(Ggn)gcauauCfuCfucccasgsc,GOLD_LEGACY,7.860112353097167,13.800272018391327,1.225256004948353,0.995815460806348,MULTI_DOSE_HILL
UGGGCACUUUCUUGUCUGAGU,ACUCAGACAAGAAAGUGCCCAUU,usgsggcaCfuUfUfCfuugucugaguL96,asCfsucdAg(Agn)caagaaAfgUfgcccasusu,GOLD_LEGACY,8.051076328361399,8.890448522290168,1.4029630293150186,0.9999810847006606,MULTI_DOSE_HILL
UGGGGAAAACGUUCUGGUGU(invAb),AACACCAGAACGUUUUCCCCAU,(sGalNAc3)uggggaAfaAfCfGfUfucuggugus(invAb),asAfscaccAfgaacguUfuUfccccasus,GOLD_LEGACY,9.268565818022758,0.5388081819443138,3.9999943070848896,0.9834566772867076,MULTI_DOSE_HILL
UGGGGAGGCAAGAACCAGUGU,ACACTGGUUCUTGCCUCCCCACC,usgsgggaggCfAfAfgaaccaguguL96,asdCsacdTgdGuucudTgCfcuccccascsc,GOLD_LEGACY,9.469136046532094,0.3395188986754874,0.6696613908705911,1.0,MULTI_DOSE_HILL
UGGGGGUGGGGAGGCAAGAAU,ATUCTUGCCUCCCCACCCCCAUU,usgsggggugGfGfGfaggcaagaauL96,asdTsucdTudGccucdCcCfacccccasusu,GOLD_LEGACY,9.487639123861804,0.3253575402936525,0.7413156471647852,0.9944474940197146,MULTI_DOSE_HILL
UGGGGGUGGGGAGGCAAGAAU,AUUCUUGCCUCCCCACCCCCAUU,usgsggggUfgGfGfGfaggcaagaauL96,asUfsucuUfgCfCfucccCfaCfccccasusu,GOLD_LEGACY,8.87340224383643,1.3384364524337244,0.8066760787281929,0.9147179857088248,MULTI_DOSE_HILL
UGGGUGGUAUAGAGGCUCUUA,UAAGAGCCUCUAUACCACCCACU,usgsggugGfuAfUfAfgaggcucususa,VPuAfagdAg(C2p)cucuauAfcCfacccascsu,GOLD_LEGACY,11.059066203216966,0.0087283830404914,0.5000808112939261,0.9998300531405186,MULTI_DOSE_HILL
UGGGUUUAUUUUAGAGAAUGU,ACAUTCTCUAAAAUAAACCCAGC,usgsgguuuaUfUfUfuagagaauguL96,asdCsaudTcdTcuaadAaUfaaacccasgsc,GOLD_LEGACY,10.877934960898186,0.0132453988087365,0.5000054370089558,0.9317490312762224,MULTI_DOSE_HILL
UGGGUUUAUUUUAGAGAAUGU,ACAUUCUCUAAAAUAAACCCAGC,usgsgguuUfaUfUfUfuagagaauguL96,asCfsauuCfuCfUfaaaaUfaAfacccasgsc,GOLD_LEGACY,10.691631095837996,0.0203408409592254,0.50007792358653,0.9715739007252326,MULTI_DOSE_HILL
UGGUAGACUGCAGCAACAA,UUGUUGCUGCAGUCUACCAUU,mUmGfGmUfAmGfAfCfUmGfCmAfGmCfAmAfCmAfA,fU*fU*mGfUmUfGmCfUmGfCmAmGmUfCmUfAmCfCmA*mU*mU,GOLD_LEGACY,9.003435369861007,0.9921209721197912,3.999996332176118,0.9996002258899356,MULTI_DOSE_HILL
UGGUAUCAAAACCUCAUGUCA,UGACAUGAGGUUUUGAUACCAUU,Mod001L001mU*SmGmGmUmAmUfCmAfAfAfAmCmCmUmCmAmUmGmUmC*SmA,mU*RfG*SmAmCmAfUmGfAmGmGmUfUmUfUmGfAmUmAmCmCmA*SmU*SmU,GOLD_LEGACY,8.052293832580421,8.86555987888795,1.189830212699253,0.9999999999997842,MULTI_DOSE_HILL
UGGUAUCAAAACCUCAUGUCA,UGACAUGAGGUUUUGAUACCAUU,Mod001L001mU*SmGmGmUmAmUfCmAfAfAfAmCmCmUmCmAmUmGmUmC*SmA,mU*RfG*SmAmCmAfUmGfAmGmGmUfUmUfUmGfAmUmAmCmCmA*SmUn001RmU,GOLD_LEGACY,7.5613759818841935,27.455162473839422,1.2348973887481414,1.0,MULTI_DOSE_HILL
UGGUAUCAAAACCUCAUGUCA,UGACAUGAGGUUUUGAUACCAUU,Mod001L001mU*SmGmGmUmAmUfCmAfAfAfAmCmCmUmCmAmUmGmUmC*SmA,mU*RfG*SmAmCmAfUmGfAmGmGmUfUmUfUmGfAmUmAmCmCmA*SmUn001SmU,GOLD_LEGACY,7.534587025777124,29.2020253895816,2.0277784616187167,1.0,MULTI_DOSE_HILL
UGGUAUCAAAACCUCAUGUCA,UGACAUGAGGUUUUGAUACCAUU,Mod001L001mU*SmGmGmUmAmUfCmAfAfAfAmCmCmUmCmAmUmGmUmC*SmA,mU*RfG*SmAmCmAfUmGfAmGmGmUfUmUfUmGfAmUmAmCmCmAmUn001RmU,GOLD_LEGACY,7.667002689209867,21.527684044514807,1.12376734558327,0.9999999999992368,MULTI_DOSE_HILL
UGGUAUCAAAACCUCAUGUCA,UGACAUGAGGUUUUGAUACCAUU,Mod001L001mU*SmGmGmUmAmUfCmAfAfAfAmCmCmUmCmAmUmGmUmC*SmA,mU*RfG*SmAmCmAfUmGfAmGmGmUfUmUfUmGfAmUmAmCmCmAmUn001SmU,GOLD_LEGACY,7.8241141695631296,14.992906424692466,1.3992845700704692,0.9999999999998485,MULTI_DOSE_HILL
UGGUAUCAAAACCUCAUGUCA,UGACAUGAGGUUUUGAUACCAUU,Mod001L001mU*SmGmGmUmAmUfCmAfAfAfAmCmCmUmCmAmUmGmUmC*SmA,mU*RfG*SmAmCmAfUmGmAmGmGmUmUmUfUmGfAmUmAmCmCmA*SmUn001RmU,GOLD_LEGACY,7.543145100230056,28.632211917722927,1.767083146634389,0.9999999999999974,MULTI_DOSE_HILL
UGGUAUCAAAACCUCAUGUCA,UGACAUGAGGUUUUGAUACCAUU,Mod001L001mU*SmGmGmUmAmUfCmAfAfAfAmCmCmUmCmAmUmGmUmC*SmA,mU*RfG*SmAmCmAfUmGmAmGmGmUmUmUfUmGfAmUmAmCmCmA*smUn001SmU,GOLD_LEGACY,7.514925959589035,30.554419738433467,1.2590484230963377,0.999999999999842,MULTI_DOSE_HILL
UGGUAUCAAAACCUCAUGUCA,UGACAUGAGGUUUUGAUACCAUU,Mod001L001mU*SmGmGmUmAmUfCmAfAfAfAmCmCmUmCmAmUmGmUmC*SmA,mU*RfG*SmAmCmAfUmGmAmGmGmUmUmUfUmGfAmUmAmCmCmAmUn001RmU,GOLD_LEGACY,7.468576774813822,33.995640281462244,1.537106109408534,0.999999999999998,MULTI_DOSE_HILL
UGGUAUCAAAACCUCAUGUCA,UGACAUGAGGUUUUGAUACCAUU,Mod001L001mU*SmGmGmUmAmUfCmAfAfAfAmCmCmUmCmAmUmGmUmC*SmA,mU*RfG*SmAmCmAfUmGmAmGmGmUmUmUfUmGfAmUmAmCmCmAmUn001SmU,GOLD_LEGACY,7.475138454397123,33.48586681809455,0.9161804088618278,0.9999999999962256,MULTI_DOSE_HILL
UGGUAUCAAAACCUCAUGUCA,UGACAUGAGGUUUUGAUACCAUU,Mod001L001mU*SmGmGmUmAmUfCmAfAfAfAmCmCmUmCmAmUmGmUmC*SmA,mU*RfG*SmAmCmAfUmGmAmGmGmUmUmUfUmGfAmUmAmCn001SmCmA*SmU*SmU,GOLD_LEGACY,9.024038889416213,0.9461524332267122,1.2301942718269987,0.9999999951290944,MULTI_DOSE_HILL
UGGUAUCAAAACCUCAUGUCA,UGACAUGAGGUUUUGAUACCAUU,Mod001L001mU*SmGmGmUmAmUfCmAfAfAfAmCmCmUmCmAmUmGmUmC*SmA,mU*RfG*SmAmCmAfUmGmAmGmGn001SmUmUmUfUmGfAmUmAmCmCmA*SmU*SmU,GOLD_LEGACY,9.305886120140444,0.494440321175149,1.161557788950865,0.9999999973434748,MULTI_DOSE_HILL
UGGUAUCAAAACCUCAUGUCA,UGACAUGAGGUUUUGAUACCAUU,Mod001L001mU*SmGmGmUmAmUfCmAfAfAfAmCmCmUmCmAmUmGmUmC*SmA,mU*RfG*SmAmCmAfUmGmAmGmGn001SmUmUmUfUmGfAmUmAmCn001SmCmA*SmU*SmU,GOLD_LEGACY,8.488565832558232,3.2466402421960923,0.5625955493884406,0.9209920001356192,MULTI_DOSE_HILL
UGGUAUCAAAACCUCAUGUCA,UGACAUGAGGUUUUGAUACCAUU,Mod001L001mU*SmGmGmUmAmUfCmAfAfAfAmCmCmUmCmAmUmGmUmC*SmA,mU*RfG*SmAn001SmCmAfUmGmAmGmGmUmUmUfUmGfAmUmAmCn001SmCmA*SmU*SmU,GOLD_LEGACY,9.34516779790767,0.4516813949856509,0.7090565506793595,1.0,MULTI_DOSE_HILL
UGGUAUCAAAACCUCAUGUCA,UGACAUGAGGUUUUGAUACCAUU,Mod001L001mU*SmGmGmUmAmUfCmAfAfAfAmCmCmUmCmAmUmGmUmC*SmA,mU*RfG*SmAn001SmCmAfUmGmAmGmGn001SmUmUmUfUmGfAmUmAmCmCmA*SmU*SmU,GOLD_LEGACY,9.761128802475763,0.1733289864730889,0.6475930139804331,1.0,MULTI_DOSE_HILL
UGGUAUCAAAACCUCAUGUCA,UGACAUGAGGUUUUGAUACCAUU,Mod001L001mU*SmGmGmUmAmUfCmAfAfAfAmCmCmUmCmAmUmGmUmC*SmA,mU*RfG*SmAn001SmCmAfUmGmAmGmGn001SmUmUmUfUmGfAmUmAmCn001SmCmA*SmU*SmU,GOLD_LEGACY,9.1998635007342,0.6311556862826073,0.8197377044303542,1.0,MULTI_DOSE_HILL
UGGUAUCAAAACCUCAUGUCA,UGACAUGAGGUUUUGAUACCAUU,Mod001L001mU*SmGmGmUmAmUfCmAfAfAfAmCmCmUmCmAmUmGmUmC*SmA,mU*SfG*RmAmCmAfUmGfAmGmGmUfUmUfUmGfAmUmAmCmCmA*SmU*SmU,GOLD_LEGACY,8.335314516551756,4.6204628576663485,1.2085844238968906,0.999999999999792,MULTI_DOSE_HILL
UGGUAUCAAAACCUCAUGUCA,UGACAUGAGGUUUUGAUACCAUU,Mod001L001mU*SmGmGmUmAmUfCmAfAfAfAmCmCmUmCmAmUmGmUmC*SmA,mU*SfG*RmAmCmAfUmGfAmGmGmUfUmUfUmGfAmUmAmCmCmA*SmUn001RmU,GOLD_LEGACY,7.535116918687539,29.166417039387333,1.0197595455454975,0.9999999999980452,MULTI_DOSE_HILL
UGGUAUCAAAACCUCAUGUCA,UGACAUGAGGUUUUGAUACCAUU,Mod001L001mU*SmGmGmUmAmUfCmAfAfAfAmCmCmUmCmAmUmGmUmC*SmA,mU*SfG*RmAmCmAfUmGfAmGmGmUfUmUfUmGfAmUmAmCmCmA*SmUn001SmU,GOLD_LEGACY,7.245023662046938,56.88219383752848,0.7019503966984911,0.9999999996947068,MULTI_DOSE_HILL
UGGUAUCAAAACCUCAUGUCA,UGACAUGAGGUUUUGAUACCAUU,Mod001L001mU*SmGmGmUmAmUfCmAfAfAfAmCmCmUmCmAmUmGmUmC*SmA,mU*SfG*RmAmCmAfUmGfAmGmGmUfUmUfUmGfAmUmAmCmCmAmUn001RmU,GOLD_LEGACY,7.384975349526987,41.21209103387493,3.9999999607051526,0.9999999102112244,MULTI_DOSE_HILL
UGGUAUCAAAACCUCAUGUCA,UGACAUGAGGUUUUGAUACCAUU,Mod001L001mU*SmGmGmUmAmUfCmAfAfAfAmCmCmUmCmAmUmGmUmC*SmA,mU*SfG*RmAmCmAfUmGfAmGmGmUfUmUfUmGfAmUmAmCmCmAmUn001SmU,GOLD_LEGACY,7.757967214237729,17.45953953514393,0.9626878271691242,0.9988424198945148,MULTI_DOSE_HILL
UGGUAUCAAAACCUCAUGUCA,UGACAUGAGGUUUUGAUACCAUU,Mod001L001mU*SmGmGmUmAmUfCmAfAfAfAmCmCmUmCmAmUmGmUmC*SmA,mU*SfG*RmAmCmAfUmGmAmGmGmUmUmUfUmGfAmUmAmCmCmA*SmUn001RmU,GOLD_LEGACY,7.045816609721732,89.98774941292979,0.7156585910855549,0.9999999998725122,MULTI_DOSE_HILL
UGGUAUCAAAACCUCAUGUCA,UGACAUGAGGUUUUGAUACCAUU,Mod001L001mU*SmGmGmUmAmUfCmAfAfAfAmCmCmUmCmAmUmGmUmC*SmA,mU*SfG*RmAmCmAfUmGmAmGmGmUmUmUfUmGfAmUmAmCmCmA*SmUn001SmU,GOLD_LEGACY,6.853949440113428,139.97502698317777,1.070850511246883,1.0,MULTI_DOSE_HILL
UGGUAUCAAAACCUCAUGUCA,UGACAUGAGGUUUUGAUACCAUU,Mod001L001mU*SmGmGmUmAmUfCmAfAfAfAmCmCmUmCmAmUmGmUmC*SmA,mU*SfG*RmAmCmAfUmGmAmGmGmUmUmUfUmGfAmUmAmCmCmAmUn001RmU,GOLD_LEGACY,6.976159243238012,105.6430075803368,0.6636164939052955,0.9999999998868756,MULTI_DOSE_HILL
UGGUAUCAAAACCUCAUGUCA,UGACAUGAGGUUUUGAUACCAUU,Mod001L001mU*SmGmGmUmAmUfCmAfAfAfAmCmCmUmCmAmUmGmUmC*SmA,mU*SfG*RmAmCmAfUmGmAmGmGmUmUmUfUmGfAmUmAmCmCmAmUn001SmU,GOLD_LEGACY,7.390004468910422,40.73760858636706,0.9098070302980052,1.0,MULTI_DOSE_HILL
UGGUAUCAAAACCUCAUGUCA,UGACAUGAGGUUUUGAUACCAUU,Mod001L001mU*SmGmGmUmAmUfCmAfAfAfAmCmCmUmCmAmUmGmUmC*SmA,mU*SfG*RmAmCmAfUmGmAmGmGmUmUmUfUmGfAmUmAmCn001SmCmA*SmU*SmU,GOLD_LEGACY,8.969017775759962,1.0739454546395075,1.5184553099642704,1.0,MULTI_DOSE_HILL
UGGUAUCAAAACCUCAUGUCA,UGACAUGAGGUUUUGAUACCAUU,Mod001L001mU*SmGmGmUmAmUfCmAfAfAfAmCmCmUmCmAmUmGmUmC*SmA,mU*SfG*RmAmCmAfUmGmAmGmGn001SmUmUmUfUmGfAmUmAmCmCmA*SmU*SmU,GOLD_LEGACY,9.3669791391208,0.4295570595914408,1.2794482827170204,1.0,MULTI_DOSE_HILL
UGGUAUCAAAACCUCAUGUCA,UGACAUGAGGUUUUGAUACCAUU,Mod001L001mU*SmGmGmUmAmUfCmAfAfAfAmCmCmUmCmAmUmGmUmC*SmA,mU*SfG*RmAmCmAfUmGmAmGmGn001SmUmUmUfUmGfAmUmAmCn001SmCmA*SmU*SmU,GOLD_LEGACY,8.995820044989912,1.0096711684962745,0.8201986899064949,1.0,MULTI_DOSE_HILL
UGGUAUCAAAACCUCAUGUCA,UGACAUGAGGUUUUGAUACCAUU,Mod001L001mU*SmGmGmUmAmUfCmAfAfAfAmCmCmUmCmAmUmGmUmC*SmA,mU*SfG*RmAn001SmCmAfUmGmAmGmGmUmUmUfUmGfAmUmAmCmCmA*SmU*SmU,GOLD_LEGACY,9.575186054806336,0.2659585430625455,0.8241046137986049,0.9569435824996784,MULTI_DOSE_HILL
UGGUAUCAAAACCUCAUGUCA,UGACAUGAGGUUUUGAUACCAUU,Mod001L001mU*SmGmGmUmAmUfCmAfAfAfAmCmCmUmCmAmUmGmUmC*SmA,mU*SfG*RmAn001SmCmAfUmGmAmGmGmUmUmUfUmGfAmUmAmCn001SmCmA*SmU*SmU,GOLD_LEGACY,9.055708828625855,0.8796120523261252,0.500115163718578,1.0,MULTI_DOSE_HILL
UGGUAUCAAAACCUCAUGUCA,UGACAUGAGGUUUUGAUACCAUU,Mod001L001mU*SmGmGmUmAmUfCmAfAfAfAmCmCmUmCmAmUmGmUmC*SmA,mU*SfG*RmAn001SmCmAfUmGmAmGmGn001SmUmUmUfUmGfAmUmAmCmCmA*SmU*SmU,GOLD_LEGACY,9.382789084302296,0.4142007831474631,1.797741551153839,1.0,MULTI_DOSE_HILL
UGGUAUCUCAGAAAGUGCCUA,UAGGCACUUUCUGAGAUACCAGC,usgsguauCfuCfAfGfaaagugccuaL96,VPusAfsggcAfcUfUfucugAfgAfuaccasgsc,GOLD_LEGACY,9.246623576372452,0.566730288244152,0.5000000027544633,0.9478830534351372,MULTI_DOSE_HILL
UGGUCAAGACGGAUGUGCCAU,ATGGCACAUCCGUCUUGACCACA,usgsgucaagAfCfGfgaugugccauL96,asdTsggdCadCauccdGuCfuugaccascsa,GOLD_LEGACY,7.837911674404301,14.524069740159565,3.999999829065356,0.9999999775018068,MULTI_DOSE_HILL
UGGUCCAGCAGGCUUGAAGCU,AGCUTCAAGCCTGCUGGACCAUC,usgsguccagCfAfGfgcuugaagcuL96,asdGscudTcdAagccdTgCfuggaccasusc,GOLD_LEGACY,7.912055757123933,12.24458986366717,1.4745349604420468,1.0,MULTI_DOSE_HILL
UGGUCGGGAUGCUGGCCAACU,AGUUGGCCAGCAUCCCGACCAUU,usgsgucgGfgAfUfGfcuggccaacuL96,asGfsuugGfcCfAfgcauCfcCfgaccasusu,GOLD_LEGACY,8.379836028789269,4.170268054176415,1.0574258727085457,0.998593568074955,MULTI_DOSE_HILL
UGGUCGGGAUGCUGGCCAACU,AGUUGGCCAGCAUCCCGACCAUU,usgsgucgggAfUfGfcuggccaacuL96,asdGsuudGgdCcagcdAuCfccgaccasusu,GOLD_LEGACY,9.23257855760367,0.5853578439580746,0.5525512942093205,0.9993718250980492,MULTI_DOSE_HILL
UGGUGCUGACUAUCCAGUUGA,UCAACUGGAUAGUCAGCACCAGG,usgsgugcUfgAfCfUfauccaguugaL96,VPusCfsaacUfgGfAfuaguCfaGfcaccasgsg,GOLD_LEGACY,9.169207305274684,0.6773181207334414,0.9352559738697642,0.9999999919890348,MULTI_DOSE_HILL
UGGUGCUGGAGCUAGCCAAGU,ACUUGGCUAGCTCCAGCACCAGA,usgsgugcugGfAfGfcuagccaaguL96,asdCsuudGgdCuagcdTcCfagcaccasgsa,GOLD_LEGACY,8.949021562814883,1.1245491384730602,0.9866327437988948,1.0,MULTI_DOSE_HILL
UGGUGGUGGAGGCCUGUGGCU,AGCCACAGGCCUCCACCACCAUA,usgsguggUfgGfAfGfgccuguggcuL96,asGfsccdAc(Agn)ggccucCfaCfcaccasusa,GOLD_LEGACY,6.041923858923204,907.9797044142332,3.9999021895294833,1.0,MULTI_DOSE_HILL
UGGUGUCCUGAAACUGCAACU,AGUUGCAGUUUCAGGACACCAGA,usgsguguccUfGfAfaacugcaacuL96,asdGsuudGcdAguuudCaGfgacaccasgsa,GOLD_LEGACY,7.74273916715548,18.082598223896355,3.999999902295885,0.999999982063168,MULTI_DOSE_HILL
UGGUGUCUGCUGUCACUGUGU,ACACAGTGACAGCAGACACCACU,usgsguguCfuGfCfUfgucacuguguL96,asCfsacdAg(Tgn)gacagcAfgAfcaccascsu,GOLD_LEGACY,6.041923858923204,907.9797044142332,3.9999021895294833,1.0,MULTI_DOSE_HILL
UGGUGUCUGCUGUCACUGUGU,ACACAGTGACAGCAGACACCACU,usgsgugucuGfCfUfgucacuguguL96,asdCsacdAgdTgacadGcAfgacaccascsu,GOLD_LEGACY,7.287668039976695,51.562261849451936,0.5251973571575657,0.966345645588172,MULTI_DOSE_HILL
UGGUGUUAUACCAUGGAUAT,TAUCCAUGGUAUAACACCATT,UfgGfuGfuUfAfUfaCfcAfuGfgAfuAf(invdT,dTAfuCfcAfuGfgUfauaAfcAfcCfadTsdT,GOLD_LEGACY,6.199323327248309,631.9412032420688,3.999908376412997,1.0,MULTI_DOSE_HILL
UGGUUUGAUACUGACCUGUAA,UUACAGGUCAGUAUCAAACCAGG,usgsguuuGfaUfAfCfugaccugusasa,VPuUfacdAg(G2p)ucaguaUfcAfaaccasgsg,GOLD_LEGACY,10.218582129914898,0.0604530017186917,1.6985744178106683,0.9999999820377344,MULTI_DOSE_HILL
UGUAAAUCAUCCUUUAGGUAA,UTACCUAAAGGAUGAUUUACAGG,usgsuaaaucAfUfCfcuuuaggusasa,VPudTacdCudAaaggdAuGfauuuacasgsg,GOLD_LEGACY,10.836877645164275,0.0145586918835972,0.5000000201320106,0.9897902965933713,MULTI_DOSE_HILL
UGUACAUACACCCCUUCCACU,AGUGGAAGGGGTGUAUGUACACC,usgsuacauaCfAfCfcccuuccacuL96,asdGsugdGadAggggdTgUfauguacascsc,GOLD_LEGACY,10.495930360124706,0.0319204966477873,0.8151017250363725,0.9967984395670296,MULTI_DOSE_HILL
UGUACAUACACCCCUUCCACU,AGUGGAAGGGGUGUAUGUACACC,usgsuacaUfaCfAfCfcccuuccacuL96,asGfsuggAfaGfGfggugUfaUfguacascsc,GOLD_LEGACY,10.264393294458946,0.0544009777735757,0.5001185003600458,0.9927068837970696,MULTI_DOSE_HILL
UGUAUUUAGUGUCUUGAAUGU,ACAUTCAAGACACUAAAUACAAA,usgsuauuuaGfUfGfucuugaauguL96,asdCsaudTcdAagacdAcUfaaauacasasa,GOLD_LEGACY,8.96606230908332,1.081278806972097,0.5000000000000001,0.9921899367376196,MULTI_DOSE_HILL
UGUCAUCAAUGAGGCCUGGUU,AACCAGGCCUCAUUGAUGACAUC,usgsucauCaAUGaggccugguu,asAsccagGccucAuUgAugacasusc,GOLD_LEGACY,6.000000000589208,999.9999986432993,4.0,1.0,MULTI_DOSE_HILL
UGUCCACCAGCUCAUCUCCGG,CCGGAGAUGAGCUGGUGGACAUU,fUpsmGpsfUmCfCmAfCmCfAmGfCmUfCmAfUmCfUmCfCmGpsfG,vmCpsfCpsmGfGmAfGmAfUmGfAmGfCmUfGmGfUmGfGmAfCmApsmUpsmU,GOLD_LEGACY,6.004988160311463,988.5800448503468,4.0,1.0,MULTI_DOSE_HILL
UGUCCCCCUUCUAUGGGGAGU,ACUCCCCAUAGAAGGGGGACAUU,fUpsmGpsfUmCfCmCfCmCfUmUfCmUfAmUfGmGfGmGfAmGpsfU,vmApsfCpsmUfCmCfCmCfAmUfAmGfAmAfGmGfGmGfGmAfCmApsmUpsmU,GOLD_LEGACY,6.004988160311463,988.5800448503468,4.0,1.0,MULTI_DOSE_HILL
UGUCCCUACUGCCCGAAGGCU,AGCCTUCGGGCAGUAGGGACACA,usgsucccuaCfUfGfcccgaaggcuL96,asdGsccdTudCgggcdAgUfagggacascsa,GOLD_LEGACY,7.867852745720351,13.55648988247961,3.99999999914844,0.9108870102439774,MULTI_DOSE_HILL
UGUCCUGAAACUGCAACUAGU,ACUAGUTGCAGTUUCAGGACACC,usgsuccugaAfAfCfugcaacuaguL96,asdCsuadGudTgcagdTuUfcaggacascsc,GOLD_LEGACY,8.03334160015765,9.261010995650558,3.999999920098778,0.9999999101852504,MULTI_DOSE_HILL
UGUCCUUCGCGGGCUGCGGCU,AGCCGCAGCCCGCGAAGGACAUU,fUpsmGpsfUmCfCmUfUmCfGmCfGmGfGmCfUmGfCmGfGmCpsfU,vmApsfGpsmCfCmGfCmAfGmCfCmCfGmCfGmAfAmGfGmAfCmApsmUpsmU,GOLD_LEGACY,6.538836908285045,289.1765630611838,0.7822903702431351,0.99765995948534,MULTI_DOSE_HILL
UGUCUGACUUUCGGUCCAAUU,UUGGACCGAAAGUCAGACAUU,fUpsmGpsfUmCfUmGfAmCfUmUfUmCfGmGfUmCfCmAfApsmUpsmU,mUpsfUpsmGfGmAfCmCfGmAfAmAfGmUfCmAfGmAfCmApsmUpsmU,GOLD_LEGACY,9.051842251648864,0.8874783113613164,0.745840932988288,0.9995822005652908,MULTI_DOSE_HILL
UGUCUGCUCCCCGCCUCCAUU,UGGAGGCGGGGAGCAGACAUU,fUpsmGpsfUmCfUmGfCmUfCmCfCmCfGmCfCmUfCmCfApsmUpsmU,mUpsfGpsmGfAmGfGmCfGmGfGmGfAmGfCmAfGmAfCmApsmUpsmU,GOLD_LEGACY,6.004988160311463,988.5800448503468,4.0,1.0,MULTI_DOSE_HILL
UGUGAGGGUCAAGCACAGCUU,AAGCTGTGCUUGACCCUCACAGC,usgsugagGfgUfCfAfagcacagcuuL96,asAfsgcdTg(Tgn)gcuugaCfcCfucacasgsc,GOLD_LEGACY,6.041923858923204,907.9797044142332,3.9999021895294833,1.0,MULTI_DOSE_HILL
UGUGCAGGGCCUGGCUCUCUU,AAGAGAGCCAGGCCCUGCACAAA,usgsugcaGfgGfCfCfuggcucucuuL96,asAfsgagAfgCfCfaggcCfcUfgcacasasa,GOLD_LEGACY,9.863900656937773,0.1368041723680054,0.5000000003818112,0.9693180401575932,MULTI_DOSE_HILL
UGUGCGGAAGGCCAGGAGUCG,CGACUCCUGGCCUUCCGCACAUU,fUpsmGpsfUmGfCmGfGmAfAmGfGmCfCmAfGmGfAmGfUmCpsfG,vmCpsfGpsmAfCmUfCmCfUmGfGmCfCmUfUmCfCmGfCmAfCmApsmUpsmU,GOLD_LEGACY,6.509925788748149,309.08235402777984,0.8957580194238052,1.0,MULTI_DOSE_HILL
UGUGCGGAAGGCCAGGAGUUU,ACUCCUGGCCUUCCGCACAUU,fUpsmGpsfUmGfCmGfGmAfAmGfGmCfCmAfGmGfAmGfUpsmUpsmU,mApsfCpsmUfCmCfUmGfGmCfCmUfUmCfCmGfCmAfCmApsmUpsmU,GOLD_LEGACY,6.992041195972496,101.84947718767872,3.993627899881005,0.9999999826984126,MULTI_DOSE_HILL
UGUGCUCUUCGUCAUCUGACA,UGUCAGAUGACGAAGAGCACAGA,usgsugcuCfuUfCfGfucaucugacaL96,VPusGfsucaGfaUfGfacgaAfgAfgcacasgsa,GOLD_LEGACY,9.58013526443216,0.2629448901804619,0.78729231593514,1.0,MULTI_DOSE_HILL
UGUGCUCUUCGUCAUCUGACA,UGUCAGAUGACGAAGAGCACAGA,usgsugcuCfuUfCfGfucaucugascsa,VPuGfucdAg(Agn)ugacgaAfgAfgcacasgsa,GOLD_LEGACY,11.272420839343091,0.0053404660759385,0.5006106316604717,0.9221718057422336,MULTI_DOSE_HILL
UGUGGCAGCCCCUUAUUGAT,TCAAUAAGGGGCUGCCACATT,UfgUfgGfcAfGfCfcCfcUfuAfuUfgAf(invdT),dTCfaAfuAfaGfgGfgcuGfcCfaCfadTsdT,GOLD_LEGACY,8.637311249914323,2.305094582764181,3.999999912512562,0.9999999631852026,MULTI_DOSE_HILL
UGUGGCUGCAGCUAGCAAGAU,ATCUTGCUAGCTGCAGCCACAGG,usgsuggcugCfAfGfcuagcaagauL96,asdTscudTgdCuagcdTgCfagccacasgsg,GOLD_LEGACY,7.91104696921292,12.273064900355788,3.9999963942670114,0.9999999688660002,MULTI_DOSE_HILL
UGUGGUCAAGACGGAUGUGCU,AGCACATCCGUCUUGACCACAUU,usgsuggucaAfGfAfcggaugugcuL96,asdGscadCadTccgudCuUfgaccacasusu,GOLD_LEGACY,7.950062614936552,11.218566975840256,3.9999999999995337,0.999999960086901,MULTI_DOSE_HILL
UGUGGUUAAGCUCUUACACCA,UGGUGUAAGAGCUUAACCACAAC,usgsugguUfaAfGfCfucuuacacscsa,VPuGfgudGu(Agn)agagcuUfaAfccacasasc,GOLD_LEGACY,11.179532426174925,0.0066140515246827,0.5000015007698178,0.9716766462649707,MULTI_DOSE_HILL
UGUGUCCCUACUGCCCGAAGU,ACUUCGGGCAGTAGGGACACAAC,usgsugucccUfAfCfugcccgaaguL96,asdCsuudCgdGgcagdTaGfggacacasasc,GOLD_LEGACY,7.961013174458784,10.939231812673071,3.999999765814594,0.9999999567417784,MULTI_DOSE_HILL
UGUGUCCCUACUGCCCGAAGU,ACUUCGGGCAGTAGGGACACACU,usgsugucccUfAfCfugcccgaaguL96,asdCsuudCgdGgcagdTaGfggacacascsu,GOLD_LEGACY,8.236747804478298,5.797652693410183,1.808650638741616,0.999998751600315,MULTI_DOSE_HILL
UGUGUGUUUUUCACAUGUA,UACAUGUGAAAAACACACAUU,mUmGfUmGfUmGfUfUfUmUfUmCfAmCfAmUfGmUfA,fU*fA*mCfAmUfGmUfGmAfAmAmAmAfCmAfCmAfCmA*mU*mU,GOLD_LEGACY,9.163508999665748,0.6862636571681022,1.896900988179164,0.9753320158958856,MULTI_DOSE_HILL
UGUGUUUUUCACAUGUAUA,UAUACAUGUGAAAAACACAUU,mUmGfUmGfUmUfUfUfUmCfAmCfAmUfGmUfAmUfA,fU*fA*mUfAmCfAmUfGmUfGmAmAmAfAmAfCmAfCmA*mU*mU,GOLD_LEGACY,8.661437256288226,2.180533402055841,0.5682538487962475,0.985021490159564,MULTI_DOSE_HILL
UGUUAAGUUAUAGUGAAUACA,UGUATUCACUAUAACUUAACACU,usgsuuaaGfuUfAfUfagugaauascsa,VPuGfuadTu(C2p)acuauaAfcUfuaacascsu,GOLD_LEGACY,10.100073724284416,0.0794193403836854,1.007217198120956,1.0,MULTI_DOSE_HILL
UGUUAUACCAUGGAUCCCAT,TGGGAUCCAUGGUAUAACATT,UfgUfuAfuAfCfCfaUfgGfaUfcCfcAf(invdT),dTGfgGfaUfcCfaUfgguAfuAfaCfadTsdT,GOLD_LEGACY,6.199323327248309,631.9412032420688,3.999908376412997,1.0,MULTI_DOSE_HILL
UGUUCCCUUUUCAAGUUGAGU,ACUCAACUUGAAAAGGGAACACU,usgsuuccCfuUfUfUfcaaguugaguL96,asCfsucaAfcUfUfgaaaAfgGfgaacascsu,GOLD_LEGACY,11.49929137049314,0.0031674416964363,0.5000003547240066,0.956746157309592,MULTI_DOSE_HILL
UGUUCCCUUUUCAAGUUGAGU,ACUCAACUUGAAAAGGGAACACU,usgsuucccuUfUfUfcaaguugaguL96,asdCsucdAadCuugadAaAfgggaacascsu,GOLD_LEGACY,12.0,0.001,0.7034763684306824,0.969970037493852,MULTI_DOSE_HILL
UGUUCCUGCUUCAUGCCCUUC,GAAGGGCAUGAAGCAGGAACAUU,fUpsmGpsfUmUfCmCfUmGfCmUfUmCfAmUfGmCfCmCfUmUpsfC,vmGpsfApsmAfGmGfGmCfAmUfGmAfAmGfCmAfGmGfAmAfCmApsmUpsmU,GOLD_LEGACY,6.004988160311463,988.5800448503468,4.0,1.0,MULTI_DOSE_HILL
UGUUCUGGUCCUUUUUGGUCA,UGACCAAAAAGGACCAGAACAAA,usgsuucuGfgUfCfCfuuuuuggucaL96,VPusGfsaccAfaAfAfaggaCfcAfgaacasasa,GOLD_LEGACY,9.287614619597193,0.5156860465398875,0.5000000000000001,0.9507432439812976,MULTI_DOSE_HILL
UGUUGGAUUGAUUCGAAAUCA,UGAUTUCGAAUCAAUCCAACAGU,usgsuuggAfuUfGfAfuucgaaauscsa,VPuGfaudTu(C2p)gaaucaAfuCfcaacasgsu,GOLD_LEGACY,10.721232041201052,0.0190006281534697,0.500009373558436,0.9870539815869488,MULTI_DOSE_HILL
UGUUUCUGAACAAGCACCAT,TGGUGCUUGUUCAGAAACATT,UfgUfuUfcUfGfAfaCfaAfgCfaCfcAf(invdT),dTGfgUfgCfuUfgUfucaGfaAfaCfadTsdT,GOLD_LEGACY,6.199323327248309,631.9412032420688,3.999908376412997,1.0,MULTI_DOSE_HILL
UGUUUGCUGUGUAUGAUCAAU,ATUGAUCAUACACAGCAAACAGG,usgsuuugcuGfUfGfuaugaucaauL96,asdTsugdAudCauacdAcAfgcaaacasgsg,GOLD_LEGACY,10.855869096359443,0.0139357678706279,0.8174308230548867,1.0,MULTI_DOSE_HILL
UGUUUGCUGUGUAUGAUCAAU,AUUGAUCAUACACAGCAAACAGG,usgsuuugCfuGfUfGfuaugaucaauL96,asUfsugaUfcAfUfacacAfgCfaaacasgsg,GOLD_LEGACY,11.087583583725806,0.0081736571371042,0.5000000473779317,0.9896428469450488,MULTI_DOSE_HILL
UUAAAUCGUAUGCAGAAUA,UAUUCUGCAUACGAUUUAAUU,mUmUfAmAfAmUfCfGfUmAfUmGfCmAfGmAfAmUfA,fU*fA*mUfUmCfUmGfCmAfUmAmCmGfAmUfUmUfAmA*mU*mU,GOLD_LEGACY,9.256345213238564,0.5541850256572107,0.7026604238576514,0.9025116675195126,MULTI_DOSE_HILL
UUAACUCUGCCCUCUAGUGGU,ACCACUAGAGGGCAGAGUUAAGG,ususaacucuGfCfCfcucuagugguL96,asdCscadCudAgaggdGcAfgaguuaasgsg,GOLD_LEGACY,7.858325539775479,13.857167297241949,3.999999843907444,0.9999999757617574,MULTI_DOSE_HILL
UUACAAGAAACGGCUUUCAGA,UCUGAAAGCCGTUUCUUGUAAUC,ususacaagaAfAfCfggcuuucasgsa,VPudCugdAadAgccgdTuUfcuuguaasusc,GOLD_LEGACY,11.203306217333552,0.0062617220030815,0.6226011170743919,0.9999530687075064,MULTI_DOSE_HILL
UUACCAGAGUGUCUGAUGGUU,CCAUCAGACACUCUGGUAAUU,fUpsmUpsfAmCfCmAfGmAfGmUfGmUfCmUfGmAfUmGfGpsmUpsmU,mCpsfCpsmAfUmCfAmGfAmCfAmCfUmCfUmGfGmUfAmApsmUpsmU,GOLD_LEGACY,7.268146540890284,53.932861000208106,0.73035166514279,0.9895532514061726,MULTI_DOSE_HILL
UUACCAGUUGCCUUUUAUCCA,UGGAUAAAAGGCAACUGGUAAAC,ususaccaGfuUfGfCfcuuuuauccaL96,VPusGfsgauAfaAfAfggcaAfcUfgguaasasc,GOLD_LEGACY,9.281692592808191,0.5227660882271771,0.8514655965665514,0.9999999518653916,MULTI_DOSE_HILL
UUACGUAGACUUCCAGGAACU,AGUUCCTGGAAGUCUACGUAAUG,ususacguAfgAfCfUfuccaggaacuL96,asGfsuudCc(Tgn)ggaaguCfuAfcguaasusg,GOLD_LEGACY,7.805791421770041,15.638985544939011,3.999999830182163,0.999999979566278,MULTI_DOSE_HILL
UUACGUAGACUUCCAGGAACU,AGUUCCTGGAAGUCUACGUAAUG,ususacguagAfCfUfuccaggaacuL96,asdGsuudCcdTggaadGuCfuacguaasusg,GOLD_LEGACY,7.858379816522587,13.855435580631664,3.99999282459941,0.9955171989926151,MULTI_DOSE_HILL
UUAGCAACGUCCAGUCCAAGA,UCUUGGACUGGACGUUGCUAAGA,ususagc(Ahd)acGfUfCfcaguccaagaL96,VPusdCsuudGg(Agn)cuggdAcGfuugcuaasgsa,GOLD_LEGACY,6.041923858923204,907.9797044142332,3.9999021895294833,1.0,MULTI_DOSE_HILL
UUAGGAUAAUGUCUUAUGUAA,UUACAUAAGACAUUAUCCUAAUG,ususaggaUfaAfUfGfucuuauguaaL96,usUfsacaUfaAfGfacauUfaUfccuaasusg,GOLD_LEGACY,9.151388079026006,0.7056866814164594,1.026601428517861,0.9177170252732064,MULTI_DOSE_HILL
UUAGGAUAAUGUCUUAUGUAU,AUACAUAAGACAUUAUCCUAAUG,ususaggaUfaAfUfGfucuuauguauL96,asUfsacaUfaAfGfacauUfaUfccuaasusg,GOLD_LEGACY,9.114315740429909,0.7685714708990725,0.6432533346286909,0.9612246577396532,MULTI_DOSE_HILL
UUAGUGUCUUGAAUGUAAGAU,ATCUTACAUUCAAGACACUAAAU,ususagugucUfUfGfaauguaagauL96,asdTscudTadCauucdAaGfacacuaasasu,GOLD_LEGACY,7.978252086865,10.513514382016025,0.5000000000000311,0.9989222202044182,MULTI_DOSE_HILL
UUAUCCCUCCUUCCUUCAGAG,CUCUGAAGGAAGGAGGGAUAAUU,fUpsmUpsfAmUfCmCfCmUfCmCfUmUfCmCfUmUfCmAfGmApsfG,vmCpsfUpsmCfUmGfAmAfGmGfAmAfGmGfAmGfGmGfAmUfAmApsmUpsmU,GOLD_LEGACY,6.004988160311463,988.5800448503468,4.0,1.0,MULTI_DOSE_HILL
UUCAGUUGCUUGUUCGUGCAA,UTGCACGAACAAGCAACUGAACU,ususcaguugCfUfUfguucgugcsasa,VPudTgcdAcdGaacadAgCfaacugaascsu,GOLD_LEGACY,9.950602202699164,0.1120463715920943,0.500049561853875,0.9999975479514625,MULTI_DOSE_HILL
UUCAGUUGCUUGUUCGUGCAA,UUGCACGAACAAGCAACUGAACU,ususcaguUfgCfUfUfguucgugcsasa,VPuUfgcdAc(G2p)aacaagCfaAfcugaascsu,GOLD_LEGACY,11.293168396147111,0.0050913341809928,0.5000000000007861,0.998871649510676,MULTI_DOSE_HILL
UUCCAACCGACCAGCUUGUUU,AAACAAGCUGGTCGGUUGGAAUU,ususccaaccGfAfCfcagcuuguuuL96,asdAsacdAadGcuggdTcGfguuggaasusu,GOLD_LEGACY,11.231543741744572,0.0058675426928709,0.5000000007604448,0.9378153001863692,MULTI_DOSE_HILL
UUCCAACCGACCAGCUUGUUU,AAACAAGCUGGUCGGUUGGAAUU,ususccaaCfcGfAfCfcagcuuguuuL96,asAfsacaAfgCfUfggucGfgUfuggaasusu,GOLD_LEGACY,9.24171735210899,0.5731689399039204,0.518840057815004,0.9999999879831594,MULTI_DOSE_HILL
UUCCACAGAUGCUUGUGAUUU,AAAUCACAAGCAUCUGUGGAAAA,ususccacagAfUfGfcuugugauuuL96,asdAsaudCadCaagcdAuCfuguggaasasa,GOLD_LEGACY,8.845336414844539,1.4277875318220028,0.6051164095413852,0.99853230847751,MULTI_DOSE_HILL
UUCCACCUCGUCAUCCACAAU,AUUGUGGAUGACGAGGUGGAAGG,ususccacCfuCfGfUfcauccacaauL96,asUfsuguGfgAfUfgacgAfgGfuggaasgsg,GOLD_LEGACY,8.751251737419889,1.7731613755788471,0.7487170205202973,0.9995903423542376,MULTI_DOSE_HILL
UUCCAGAUAUGCCCGACGAUU,AAUCGUCGGGCAUAUCUGGAAGC,ususccagAfuAfUfGfcccgacgauuL96,asAfsucgu(Cgn)gggcauAfuCfuggaasgsc,GOLD_LEGACY,6.886253116455051,129.94120311494086,1.0702185195220844,0.9996033940631058,MULTI_DOSE_HILL
UUCCAGCAAAACUCCCUCAAU,ATUGAGGGAGUTUUGCUGGAAAG,ususccagcaAfAfAfcucccucaauL96,asdTsugdAgdGgagudTuUfgcuggaasasg,GOLD_LEGACY,11.421531571641198,0.0037885099164775,0.5969855591230816,0.9999946262881204,MULTI_DOSE_HILL
UUCCAGCAAAACUCCCUCAAU,AUUGAGGGAGUUUUGCUGGAAAG,ususccagCfaAfAfAfcucccucaauL96,asUfsugaGfgGfAfguuuUfgCfuggaasasg,GOLD_LEGACY,12.0,0.001,0.625993953295014,0.9971578036976464,MULTI_DOSE_HILL
UUCCAUUCUGCCGUCUUCAGU,ACUGAAGACGGCAGAAUGGAAAG,ususccauucUfGfCfcgucuucaguL96,asdCsugdAadGacggdCaGfaauggaasasg,GOLD_LEGACY,8.001974107881912,9.954647640022069,4.0,0.9999999389064824,MULTI_DOSE_HILL
UUCCAUUCUGCCGUCUUCAGU,ACUGAAGACGGCAGAAUGGAACU,ususccauucUfGfCfcgucuucaguL96,asdCsugdAadGacggdCaGfaauggaascsu,GOLD_LEGACY,7.786330104932362,16.355728585815672,3.999999965579175,0.9999999805154356,MULTI_DOSE_HILL
UUCCAUUGUUUGUGCAGCUGA,UCAGCUGCACAAACAAUGGAAUG,ususccauUfgUfUfUfgugcagcusgsa,VPuCfagdCu(G2p)cacaaaCfaAfuggaasusg,GOLD_LEGACY,10.074638550494846,0.0842095699586552,0.5005215635658113,0.9997894798408185,MULTI_DOSE_HILL
UUCCCAGGCACAGGGCAUCUU,AAGATGCCCUGTGCCUGGGAAAC,ususcccaggCfAfCfagggcaucuuL96,asdAsgadTgdCccugdTgCfcugggaasasc,GOLD_LEGACY,7.84618408254261,14.250034554610025,3.999999632156716,0.9999999768434764,MULTI_DOSE_HILL
UUCCCAGUUUUUCACUAGAGU,ACUCUAGUGAAAAACUGGGAAAG,ususcccaGfuUfUfUfucacuagaguL96,asCfsucuAfgUfGfaaaaAfcUfgggaasasg,GOLD_LEGACY,7.041690278597939,90.84681822739016,0.5000000000000001,0.918155210213672,MULTI_DOSE_HILL
UUCCUGUUUGCUGUGUAUGAU,ATCATACACAGCAAACAGGAAUG,ususccuguuUfGfCfuguguaugauL96,asdTscadTadCacagdCaAfacaggaasusg,GOLD_LEGACY,9.980244272272463,0.1046539748146315,0.5606463559080579,0.9999999865775344,MULTI_DOSE_HILL
UUCCUGUUUGCUGUGUAUGAU,AUCAUACACAGCAAACAGGAAUG,ususccugUfuUfGfCfuguguaugauL96,asUfscauAfcAfCfagcaAfaCfaggaasusg,GOLD_LEGACY,9.12931499539786,0.7424804187523735,0.7125836942316889,0.9999999988497802,MULTI_DOSE_HILL
UUCCUUGGAAGGACAAGAACU,AGUUCUUGUCCUUCCAAGGAACA,ususccuuGfgAfAfGfgacaagaacuL96,asGfsuucUfuGfUfccuuCfcAfaggaascsa,GOLD_LEGACY,8.771409055513113,1.6927426802014225,0.8721239895111156,0.9975068602484066,MULTI_DOSE_HILL
UUCGGUCCAAAGACGAAGUCU,AGACUUCGUCUUUGGACCGAAAG,ususcgguCfcAfAfAfgacgaagucuL96,asGfsacuu(Cgn)gucuuuGfgAfccgaasasg,GOLD_LEGACY,7.227921383963513,59.16687284225587,1.6741443905478135,0.9999910196647848,MULTI_DOSE_HILL
UUCGGUUUGUAUUUAGUGUCU,AGACACTAAAUACAAACCGAAGG,ususcgguuuGfUfAfuuuagugucuL96,asdGsacdAcdTaaaudAcAfaaccgaasgsg,GOLD_LEGACY,7.521427297919226,30.10043016109871,0.5308232861390708,0.9999999998333688,MULTI_DOSE_HILL
UUCGGUUUGUAUUUAGUGUCU,AGACACUAAAUACAAACCGAAGG,ususcgguUfuGfUfAfuuuagugucuL96,asGfsacaCfuAfAfauacAfaAfccgaasgsg,GOLD_LEGACY,7.807772140787269,15.56782206861253,0.5000000000000001,0.944942216345026,MULTI_DOSE_HILL
UUCUAACCUCACUUGCAAUAA,UUAUTGCAAGUGAGGUUAGAAAG,ususcuaaCfcUfCfAfcuugcaausasa,VPuUfaudTg(C2p)aagugaGfgUfuagaasasg,GOLD_LEGACY,10.544812941821048,0.0285224651510118,0.7492075654026967,0.9998036368155316,MULTI_DOSE_HILL
UUCUCUCGAGAGCUUUUGUCU,AGACAAAAGCUCUCGAGAGAAGG,ususcucuCfgAfGfAfgcuuuugucuL96,asGfsacaAfaAfGfcucuCfgAfgagaasgsg,GOLD_LEGACY,7.735116357374689,18.40278882822189,0.8099741548972874,0.9494272716906852,MULTI_DOSE_HILL
UUCUGGGUUCAGAUGAUAUAA,UUAUAUCAUCUGAACCCAGAAGC,ususcuggGfuUfCfAfgaugauausasa,VPuUfaudAu(C2p)aucugaAfcCfcagaasgsc,GOLD_LEGACY,11.150033082750369,0.0070789185806775,0.6705135687247539,0.9999999995311982,MULTI_DOSE_HILL
UUCUGGGUUUUGUAGCAUUUU,AAAAUGCUACAAAACCCAGAAUA,ususcuggGuUUUguagcauuuu,asAsaaugCuacaAaAcCcagaasusa,GOLD_LEGACY,7.290271312726823,51.25410889570377,0.5000000000000001,0.9529215969490242,MULTI_DOSE_HILL
UUCUGGUCCUUUUUGGUCGAA,UUCGACCAAAAAGGACCAGAACA,ususcuggUfcCfUfUfuuuggucgaaL96,VPusUfscgaCfcAfAfaaagGfaCfcagaascsa,GOLD_LEGACY,8.919601231454017,1.2033688589921607,0.50000000000001,0.9025668220302462,MULTI_DOSE_HILL
UUCUUAGAAUGACAGGUGUUU,AAACACCUGUCAUUCUAAGAACC,ususcuuaGfaAfUfGfacagguguuuL96,asAfsacaCfcUfGfucauUfcUfaagaascsc,GOLD_LEGACY,8.152858283692176,7.033017795607677,0.7818977058104862,0.9275438266342296,MULTI_DOSE_HILL
UUCUUGGGCUUCCGUAUAUAU,ATAUAUACGGAAGCCCAAGAAGU,ususcuugggCfUfUfccguauauauL96,asdTsaudAudAcggadAgCfccaagaasgsu,GOLD_LEGACY,11.306420619793933,0.0049383217248716,0.500000120503071,0.9986761031630316,MULTI_DOSE_HILL
UUCUUGGGCUUCCGUAUAUAU,AUAUAUACGGAAGCCCAAGAAGU,ususcuugGfgCfUfUfccguauauauL96,asUfsauaUfaCfGfgaagCfcCfaagaasgsu,GOLD_LEGACY,10.666184566537984,0.0215682760541601,0.5002088803275326,0.9998382296388932,MULTI_DOSE_HILL
UUCUUGUCUGAGACUCUGGCU,AGCCAGAGUCUCAGACAAGAAAG,ususcuugUfcUfGfAfgacucuggcuL96,asGfsccdAg(Agn)gucucaGfaCfaagaasasg,GOLD_LEGACY,7.80047465931008,15.83161940077676,3.999999884128595,0.9999999798450248,MULTI_DOSE_HILL
UUCUUGUCUGAGACUCUGGCU,AGCCAGAGUCUCAGACAAGAAAG,ususcuugucUfGfAfgacucuggcuL96,asdGsccdAgdAgucudCaGfacaagaasasg,GOLD_LEGACY,7.9426227701860865,11.412406430662962,3.999999999998088,0.9999999621063436,MULTI_DOSE_HILL
UUGAAGUAUACCAUACAACUA,UAGUTGTAUGGUAUACUUCAAAU,ususgaagUfaUfAfCfcauacaacsusa,VPuAfgudTg(Tgn)augguaUfaCfuucaasasu,GOLD_LEGACY,9.033848635316804,0.9250205152207158,0.5000000000000001,0.935976992718378,MULTI_DOSE_HILL
UUGACAGGUUCAUGCAGGCUU,AAGCCUGCAUGAACCUGUCAAUC,ususgacaGfgUfUfCfaugcaggcuuL96,asAfsgccUfgCfAfugaaCfcUfgucaasusc,GOLD_LEGACY,8.870491801282997,1.3474361623323483,0.5357204055865233,0.996641764408166,MULTI_DOSE_HILL
UUGAGAACAAAAAUUGGGUUU,AAACCCAAUUUTUGUUCUCAACU,ususgagaacAfAfAfaauuggguuuL96,asdAsacdCcdAauuudTuGfuucucaascsu,GOLD_LEGACY,10.400624984076964,0.0397534674909087,3.999951786992522,0.9999999921197296,MULTI_DOSE_HILL
UUGAGAACAAAAAUUGGGUUU,AAACCCAAUUUUUGUUCUCAACU,ususgagaAfcAfAfAfaauuggguuuL96,asAfsaccCfaAfUfuuuuGfuUfcucaascsu,GOLD_LEGACY,10.400624984076964,0.0397534674909087,3.999951786992522,0.9999999921197296,MULTI_DOSE_HILL
UUGAGUAAUGGUGUAGAACAA,UUGUTCTACACCAUUACUCAAUU,ususgaguAfaUfGfGfuguagaacsasa,VPuUfgudTc(Tgn)acaccaUfuAfcucaasusu,GOLD_LEGACY,10.600136832424935,0.0251109514037896,0.5000346954532353,0.9626112498177511,MULTI_DOSE_HILL
UUGAUUCGAAAUCUUGCCCUA,UAGGGCAAGAUUUCGAAUCAAUC,ususgauuCfgAfAfAfucuugcccsusa,VPuAfggdGc(Agn)agauuuCfgAfaucaasusc,GOLD_LEGACY,10.778325838768652,0.0166599679363382,0.648372128150707,1.0,MULTI_DOSE_HILL
UUGCAUAACCUUUCCCAUCAA,UUGATGGGAAAGGUUAUGCAAGG,ususgcauAfaCfCfUfuucccaucsasa,VPuUfgadTg(G2p)gaaaggUfuAfugcaasgsg,GOLD_LEGACY,10.293325782527944,0.0508948943850517,3.999999859909438,0.9902643158614448,MULTI_DOSE_HILL
UUGCUACCCAUUAGGAUAAUU,AAUUAUCCUAAUGGGUAGCAAGU,ususgcuaCfcCfAfUfuaggauaauuL96,asAfsuuau(Cgn)cuaaugGfgUfagcaasgsu,GOLD_LEGACY,7.452698765471752,35.26153666521114,0.5678493108556381,0.9737876356657392,MULTI_DOSE_HILL
UUGCUACUGUCACAGACUCCU,AGGAGUCUGUGACAGUAGCAAAG,ususgcuacuGfUfCfacagacuccuL96,asdGsgadGudCugugdAcAfguagcaasasg,GOLD_LEGACY,8.741461771678509,1.8135863078994,3.999998858938447,0.9999999998607588,MULTI_DOSE_HILL
UUGCUGCCUCUUUCCAUUCUU,AAGAAUGGAAAGAGGCAGCAAUG,ususgcugccUfCfUfuuccauucuuL96,asdAsgadAudGgaaadGaGfgcagcaasusg,GOLD_LEGACY,8.708851547468884,1.955007611238614,3.998498059171327,0.9999999999243228,MULTI_DOSE_HILL
UUGCUGGGUUUAUUUUAGAGU,ACUCTAAAAUAAACCCAGCAAAC,ususgcugggUfUfUfauuuuagaguL96,asdCsucdTadAaauadAaCfccagcaasasc,GOLD_LEGACY,8.290923189179995,5.117723413579438,0.6865971691646019,0.9864516600981073,MULTI_DOSE_HILL
UUGCUGGGUUUAUUUUAGAGU,ACUCUAAAAUAAACCCAGCAAAC,ususgcugGfgUfUfUfauuuuagaguL96,asCfsucuAfaAfAfuaaaCfcCfagcaasasc,GOLD_LEGACY,8.521690376010683,3.0082202055288074,0.9571451215875134,0.999999999995,MULTI_DOSE_HILL
UUGCUUGAGGAUCUUCCGAUU,AAUCGGAAGAUCCUCAAGCAACU,ususgcuugaGfGfAfucuuccgauuL96,asdAsucdGgdAagaudCcUfcaagcaascsu,GOLD_LEGACY,8.928816403997322,1.1781039062933658,3.9999999969049225,0.9999999947826904,MULTI_DOSE_HILL
UUGCUUGCUUUGAAGUAGCUA,UAGCTACUUCAAAGCAAGCAAAG,ususgcuuGfcUfUfUfgaaguagcsusa,VPuAfgcdTa(C2p)uucaaaGfcAfagcaasasg,GOLD_LEGACY,9.260428008196268,0.5489995542131415,3.99991233618354,0.9999980347549964,MULTI_DOSE_HILL
UUGCUUUUGUAACUUGAAGAU,AUCUUCAAGUUACAAAAGCAAAA,ususgcuuUuGUAacuugaagau,asUscuucAaguuAcAaAagcaasasa,GOLD_LEGACY,7.137402425949303,72.87818934107038,0.5000000000000001,0.9020858506560564,MULTI_DOSE_HILL
UUGGAACGAGGUUCUCAUUGU,ACAAUGAGAACCUCGUUCCAAGA,ususggaaCfgAfGfGfuucucauuguL96,asCfsaauGfaGfAfaccuCfgUfuccaasgsc,GOLD_LEGACY,8.760111091722877,1.737356359370561,1.393656218443801,1.0,MULTI_DOSE_HILL
UUGGAAGAGAAGGGCAUCUUU,AGAUGCCCUUCUCUUCCAAUU,fUpsmUpsfGmGfAmAfGmAfGmAfAmGfGmGfCmAfUmCfUpsmUpsmU,mApsfGpsmAfUmGfCmCfCmUfUmCfUmCfUmUfCmCfAmApsmUpsmU,GOLD_LEGACY,6.089204954614943,814.3198950508315,0.5000000000000001,0.9406601557878363,MULTI_DOSE_HILL
UUGGACACAGCAGGACACCAU,ATGGTGTCCUGCUGUGUCCAAGA,ususggacacAfGfCfaggacaccauL96,asdTsggdTgdTccugdCuGfuguccaasgsa,GOLD_LEGACY,7.84130065000186,14.411173606203448,3.999999658751164,0.9999999772392854,MULTI_DOSE_HILL
UUGGACACAGCAGGACACCAU,AUGGTGTCCUGCUGUGUCCAAGA,ususggacAfcAfGfCfaggacaccauL96,asUfsggdTg(Tgn)ccugcuGfuGfuccaasgsa,GOLD_LEGACY,7.854474715609726,13.98058307153337,3.9999995783477216,0.999999976120728,MULTI_DOSE_HILL
UUGGACAUGGCCAUGGAACCA,UGGUTCCAUGGCCAUGUCCAACU,ususggacAfuGfGfCfcauggaacscsa,VPuGfgudTc(C2p)auggccAfuGfuccaascsu,GOLD_LEGACY,9.65997402542066,0.218789247499562,0.500003492642152,0.987089866966655,MULTI_DOSE_HILL
UUGGAUUGAUUCGAAAUCUUA,UAAGAUTUCGAAUCAAUCCAACA,ususggauugAfUfUfcgaaaucususa,VPudAagdAudTucgadAuCfaauccaascsa,GOLD_LEGACY,11.24960923558717,0.0056284752979448,0.7489599438715597,1.0,MULTI_DOSE_HILL
UUGGCCUGCCAGUACCUCCUU,AAGGAGGUACUGGCAGGCCAAGG,ususggccugCfCfAfguaccuccuuL96,asdAsggdAgdGuacudGgCfaggccaasgsg,GOLD_LEGACY,8.0032771795792,9.92482414618642,4.0,0.9999999381600154,MULTI_DOSE_HILL
UUGGGCUUCCGUAUAUAUGGU,ACCATATAUACGGAAGCCCAAGA,ususgggcuuCfCfGfuauauaugguL96,asdCscadTadTauacdGgAfagcccaasgsa,GOLD_LEGACY,8.585149666786629,2.599263649229855,0.7288364974153818,0.9982395555761714,MULTI_DOSE_HILL
UUGGGCUUCCGUAUAUAUGGU,ACCAUAUAUACGGAAGCCCAAGA,ususgggcUfuCfCfGfuauauaugguL96,asCfscauAfuAfUfacggAfaGfcccaasgsa,GOLD_LEGACY,8.790146492851788,1.621263133189002,3.998947505276145,0.9999999996441382,MULTI_DOSE_HILL
UUGUAUUUAGUGUCUUGAAUU,AAUUCAAGACACUAAAUACAAAC,ususguauUfuAfGfUfgucuugaauuL96,asAfsuucAfaGfAfcacuAfaAfuacaasasc,GOLD_LEGACY,8.68347191573468,2.072660086737359,0.5346145028988418,0.9999999905049908,MULTI_DOSE_HILL
UUGUGCAGGGCCUGGCUCUCU,AGAGAGCCAGGCCCUGCACAAAC,ususgugcAfgGfGfCfcuggcucucuL96,asGfsagaGfcCfAfggccCfuGfcacaasasc,GOLD_LEGACY,7.556756177714757,27.748775434985117,0.5439050966196707,0.996611291332872,MULTI_DOSE_HILL
UUGUGCAGGGCCUGGCUCUCU,AGAGAGCCAGGCCCUGCACAAAC,ususgugcagGfGfCfcuggcucucuL96,asdGsagdAgdCcaggdCcCfugcacaasasc,GOLD_LEGACY,8.032526429542616,9.278410234645516,0.5116812913949266,0.9999999999984954,MULTI_DOSE_HILL
UUGUGUCACAGAGUGGGACAU,AUGUCCCACUCUGUGACACAAAG,ususguguCaCAGagugggacau,asUsguccCacucUgUgAcacaasasg,GOLD_LEGACY,6.000000000589208,999.9999986432993,4.0,1.0,MULTI_DOSE_HILL
UUGUGUCCCUACUGCCCGAAU,ATUCGGGCAGUAGGGACACAACA,ususguguccCfUfAfcugcccgaauL96,asdTsucdGgdGcagudAgGfgacacaascsa,GOLD_LEGACY,8.096323421922834,8.010812707696084,1.4054338270511535,0.999978104237754,MULTI_DOSE_HILL
UUGUUCUGGUCCUUUUUGGUA,UACCAAAAAGGACCAGAACAAAA,ususguucUfgGfUfCfcuuuuugguaL96,VPusAfsccaAfaAfAfggacCfaGfaacaasasa,GOLD_LEGACY,8.372244923950575,4.243801637576156,0.5000000000000001,0.9003898497132043,MULTI_DOSE_HILL
UUGUUUGUGAAACAAAAAAGU,ACUUTUTUGUUTCACAAACAAGC,ususguuuguGfAfAfacaaaaaaguL96,asdCsuudTudTuguudTcAfcaaacaasgsc,GOLD_LEGACY,12.0,0.001,2.942933667735392,1.0,MULTI_DOSE_HILL
UUUAGAACACCUUUUUCACCU,AGGUGAAAAAGGUGUUCUAAAAU,ususuagaAfcAfCfCfuuuuucaccuL96,asGfsguga(Agn)aaagguGfuUfcuaaasasu,GOLD_LEGACY,7.074257006549351,84.2835837225741,0.7927661126124753,0.9891723595009032,MULTI_DOSE_HILL
UUUAUCAAACCCUAGCCUUGA,UCAAGGCUAGGGUUUGAUAAAUU,ususuaucAfaAfCfCfcuagccuusgsa,VPuCfaadGg(C2p)uaggguUfuGfauaaasusu,GOLD_LEGACY,10.038378611152025,0.0915422091462923,1.6746459280092258,0.9999641265881474,MULTI_DOSE_HILL
UUUAUGAUUUACUCAUUAUCA,UGAUAAUGAGUAAAUCAUAAAAC,ususuaug(Ahd)uUfudAcucauuaucaL96,VPudGauadAugagudAaAfudCauaaasasc,GOLD_LEGACY,8.538270279645959,2.8955410104030177,0.7786212823771725,0.9365282188474142,MULTI_DOSE_HILL
UUUCACAUGUAUUAUAGAA,UUCUAUAAUACAUGUGAAAUU,mUmUfUmCfAmCfAfUfGmUfAmUfUmAfUmAfGmAfA,fU*fU*mCfUmAfUmAfAmUfAmCmAmUfGmUfGmAfAmA*mU*mU,GOLD_LEGACY,9.176016712096708,0.6667811102995251,1.8621062205446333,0.900111810642767,MULTI_DOSE_HILL
UUUCCACAGAUGCUUGUGAUU,AAUCACAAGCAUCUGUGGAAAAA,ususuccaCfaGfAfUfgcuugugauuL96,asAfsucaCfaAfGfcaucUfgUfggaaasasa,GOLD_LEGACY,8.448386987379036,3.561336514969275,0.5995925935139783,0.999999999839314,MULTI_DOSE_HILL
UUUCCAGCAAAACUCCCUCAU,ATGAGGGAGUUTUGCUGGAAAGU,ususuccagcAfAfAfacucccucauL96,asdTsgadGgdGaguudTuGfcuggaaasgsu,GOLD_LEGACY,10.48556055903642,0.0326918457382938,0.6163955126669247,1.0,MULTI_DOSE_HILL
UUUCCAGCAAAACUCCCUCAU,AUGAGGGAGUUUUGCUGGAAAGU,ususuccaGfcAfAfAfacucccucauL96,asUfsgagGfgAfGfuuuuGfcUfggaaasgsu,GOLD_LEGACY,9.732444426824134,0.1851635818006507,0.8884700013994865,1.0,MULTI_DOSE_HILL
UUUCCAUUCUGCCGUCUUCAU,AUGAAGACGGCAGAAUGGAAAGA,ususuccaUfuCfUfGfccgucuucauL96,asUfsgadAg(Agn)cggcagAfaUfggaaasgsa,GOLD_LEGACY,7.886451095283826,12.988198121485365,3.9999976849234256,0.9999999726073092,MULTI_DOSE_HILL
UUUCCCAGGCACAGGGCAUCU,AGAUGCCCUGUGCCUGGGAAACU,ususucccagGfCfAfcagggcaucuL96,asdGsaudGcdCcugudGcCfugggaaascsu,GOLD_LEGACY,7.928936366402646,11.77778531076978,4.0,0.9959553074201736,MULTI_DOSE_HILL
UUUCCUGCCCUAAGUCCUGUU,AACAGGACUUAGGGCAGGAAAUC,ususuccugcCfCfUfaaguccuguuL96,asdAscadGgdAcuuadGgGfcaggaaasusc,GOLD_LEGACY,7.899719061616036,12.597400546352524,3.999999388910804,0.9860322482840777,MULTI_DOSE_HILL
UUUCGGUCCAAAGACGAAGUU,AACUUCGUCUUUGGACCGAAAGU,ususucggUfcCfAfAfagacgaaguuL96,asAfscuuc(Ggn)ucuuugGfaCfcgaaasgsu,GOLD_LEGACY,6.749907207299466,177.8659403304578,0.5000000000000003,0.9169595826076355,MULTI_DOSE_HILL
UUUCUAACCUCACUUGCAAUA,UAUUGCAAGUGAGGUUAGAAAGA,ususucuaAfcCfUfCfacuugcaasusa,VPuAfuudGc(Agn)agugagGfuUfagaaasgsa,GOLD_LEGACY,7.1212799331180365,75.63452205615646,0.5000000000000001,0.9049579242899424,MULTI_DOSE_HILL
UUUCUAGACCUGUUUUGCUUU,AAAGCAAAACAGGUCUAGAAAAG,ususucuaGaCCUguuuugcuuu,asAsagcaAaacaGgUcUagaaasasg,GOLD_LEGACY,7.862347594271488,13.729426793519234,0.6246537655957451,0.9987974348733986,MULTI_DOSE_HILL
UUUGAUACUGACCUGUAAAUA,UAUUTACAGGUCAGUAUCAAACC,ususugauAfcUfGfAfccuguaaasusa,VPuAfuudTa(C2p)aggucaGfuAfucaaascsc,GOLD_LEGACY,9.61539944093892,0.2424379254391825,1.5559016260395109,1.0,MULTI_DOSE_HILL
UUUGCUACUGUCACAGACUCU,AGAGTCTGUGACAGUAGCAAAGC,ususugcuAfcUfGfUfcacagacucuL96,asGfsagdTc(Tgn)gugacaGfuAfgcaaasgsc,GOLD_LEGACY,8.007361960607948,9.831913281938334,1.2257537192018584,0.9999138637792596,MULTI_DOSE_HILL
UUUGCUACUGUCACAGACUCU,AGAGTCTGUGACAGUAGCAAAGC,ususugcuacUfGfUfcacagacucuL96,asdGsagdTcdTgugadCaGfuagcaaasgsc,GOLD_LEGACY,8.083522662802881,8.250444310354489,3.999999999942948,0.9999998504515816,MULTI_DOSE_HILL
UUUGCUGGGUUUAUUUUAGAU,ATCUAAAAUAAACCCAGCAAACU,ususugcuggGfUfUfuauuuuagauL96,asdTscudAadAauaadAcCfcagcaaascsu,GOLD_LEGACY,8.31908798037139,4.796362729786532,1.039860966013197,0.9999999999997986,MULTI_DOSE_HILL
UUUGCUGGGUUUAUUUUAGAU,AUCUAAAAUAAACCCAGCAAACU,ususugcuGfgGfUfUfuauuuuagauL96,asUfscuaAfaAfUfaaacCfcAfgcaaascsu,GOLD_LEGACY,8.636782017741654,2.307905288107906,0.9171764404226196,0.9972646757908268,MULTI_DOSE_HILL
UUUGCUGUGUAUGAUCAAAGU,ACUUTGAUCAUACACAGCAAACA,ususugcuguGfUfAfugaucaaaguL96,asdCsuudTgdAucaudAcAfcagcaaascsa,GOLD_LEGACY,10.31068141935564,0.0489010946205966,0.5020346874150292,0.9999999923179308,MULTI_DOSE_HILL
UUUGCUGUGUAUGAUCAAAGU,ACUUUGAUCAUACACAGCAAACA,ususugcuGfuGfUfAfugaucaaaguL96,asCfsuuuGfaUfCfauacAfcAfgcaaascsa,GOLD_LEGACY,8.32969940886955,4.680589899846591,1.426175898011941,1.0,MULTI_DOSE_HILL
UUUGCUUGAGGAUCUUCCGAU,ATCGGAAGAUCCUCAAGCAAACU,ususugcuugAfGfGfaucuuccgauL96,asdTscgdGadAgaucdCuCfaagcaaascsu,GOLD_LEGACY,7.978013025745346,10.519303229227043,3.999999999999993,0.9999999505031688,MULTI_DOSE_HILL
UUUGCUUGAGGAUCUUCCGAU,AUCGGAAGAUCCUCAAGCAAAGA,ususugcuUfgAfGfGfaucuuccgauL96,asUfscgdGa(Agn)gauccuCfaAfgcaaasgsa,GOLD_LEGACY,7.3198390786828975,47.88074743974025,0.6155804430143409,0.9835935294107178,MULTI_DOSE_HILL
UUUGGAGUGAAGAGACCAAGU,ACUUGGTCUCUTCACUCCAAAGC,ususuggaguGfAfAfgagaccaaguL96,asdCsuudGgdTcucudTcAfcuccaaasgsc,GOLD_LEGACY,8.864720087224336,1.3654629252763877,3.999283113950704,0.9999999984915068,MULTI_DOSE_HILL
UUUGGGAUAUGUAUGGGUAGA,UCUACCCAUACAUAUCCCAAAUA,ususugggAfuAfUfGfuauggguasgsa,VPuCfuadCc(C2p)auacauAfuCfccaaasusa,GOLD_LEGACY,10.193431340309068,0.0640573044819662,0.5000000000000001,0.9999996484067014,MULTI_DOSE_HILL
UUUGGGAUAUGUAUGGGUAGA,UCUACCCAUACAUAUCCCAAAUA,ususugggauAfUfGfuauggguasgsa,VPudCuadCcdCauacdAuAfucccaaasusa,GOLD_LEGACY,10.301230965776597,0.0499768678133592,0.5000005051251982,0.988798054717986,MULTI_DOSE_HILL
UUUGUAACUUGAAGAUAUUUA,UAAAUAUCUUCAAGUUACAAAAG,ususuguaAcUUGaagauauuua,usAsaauaUcuucAaGuUacaaasasg,GOLD_LEGACY,7.759865945257689,17.383373227872454,0.5131656085971029,0.994858338772046,MULTI_DOSE_HILL
UUUGUAUUUAGUGUCUUGAAU,ATUCAAGACACTAAAUACAAACC,ususuguauuUfAfGfugucuugaauL96,asdTsucdAadGacacdTaAfauacaaascsc,GOLD_LEGACY,9.527194151585611,0.2970337843719305,0.5000000148100813,0.9847529436484204,MULTI_DOSE_HILL
UUUUAAAUCGUAUGCAGAA,UUCUGCAUACGAUUUAAAAUU,mUmUfUmUfAmAfAfUfCmGfUmAfUmGfCmAfGmAfA,fU*fU*mCfUmGfCmAfUmAfCmGmAmUfUmUfAmAfAmA*mU*mU,GOLD_LEGACY,9.32888398895823,0.4689386307862538,0.872714663166787,1.0,MULTI_DOSE_HILL
UUUUACAGCCAACUUUUCUAG,CUAGAAAAGUUGGCUGUAAAAAG,ususuuacAgCCAacuuuucuag,csUsagaaAaguuGgCuGuaaaasasg,GOLD_LEGACY,6.939603722088823,114.92017480122198,0.7375566145549853,0.9141034357840802,MULTI_DOSE_HILL
UUUUUCCACAGAUGCUUGUGU,ACACAAGCAUCTGUGGAAAAAAC,ususuuuccaCfAfGfaugcuuguguL96,asdCsacdAadGcaucdTgUfggaaaaasasc,GOLD_LEGACY,7.553943978055398,27.9290408948727,0.9596908201747624,1.0,MULTI_DOSE_HILL
AAAACAACCAUCACCGUGUUU,ACACGGUGAUGGUUGUUUUUU,fApsmApsfAmAfCmAfAmCfCmAfUmCfAmCfCmGfUmGfUpsmUpsmU,mApsfCpsmAfCmGfGmUfGmAfUmGfGmUfUmGfUmUfUmUpsmUpsmU,GOLD_RECOVERED,9.2299,0.5889,1.412,0.9287,MULTI_DOSE_HILL
AAAACUCCCUCAACUGGAUGU,ACAUCCAGUUGAGGGAGUUUUGC,asasaacuCfcCfUfCfaacuggauguL96,asCfsaucCfaGfUfugagGfgAfguuuusgsc,GOLD_RECOVERED,11.1086,0.0078,0.4,0.9805,MULTI_DOSE_HILL
AAAAGUGGACCCUCUAUAA,UUAUAGAGGGUCCACUUUUUU,mAmAfAmAfGmUfGfGfAmCfCmCfUmCfUmAfUmAfA,fU*fU*mAfUmAfGmAfGmGfGmUmCmCfAmCfUmUfUmU*mU*mU,GOLD_RECOVERED,9.5823,0.2616,0.677,0.8857,MULTI_DOSE_HILL
AAACACGUCCCGGGAGGCGGA,UCCGCCTCCCGGGACGUGUUUGA,asasaca(Chd)guCfCfCfgggaggcggaL96,VPusCfscgdCc(Tgn)cccgggAfcGfuguuusgsa,GOLD_RECOVERED,6.7982,159.1593,0.4,0.8185,MULTI_DOSE_HILL
AAACGUUCUGGUGUCUGACUU,AAGUCAGACACCAGAACGUUUUC,asasacguUfcUfGfGfugucugacuuL96,asAfsgucAfgAfCfaccaGfaAfcguuususc,GOLD_RECOVERED,8.7012,1.9899,0.892,0.8252,MULTI_DOSE_HILL
AAAGACGAAGUCGUGGAUGCU,AGCAUCCACGACUUCGUCUUUGG,asasagacGfaAfGfUfcguggaugcuL96,asGfscauc(Cgn)acgacuUfcGfucuuusgsg,GOLD_RECOVERED,7.9194,12.04,0.415,0.8197,MULTI_DOSE_HILL
AAAGAGCAAAACUAUUCAGAA,UUCUGAAUAGUTUUGCUCUUUCU,asasagag(Chd)aAfaAfcuauucagaaL96,VPuUfcugAfauagudTuUfgCfucuuuscsu,GOLD_RECOVERED,11.2127,0.0061,0.4,0.8893,MULTI_DOSE_HILL
AAAGAGCAAAACUAUUCAGAA,UUCUGAAUAGUUUUGCUCUUUCU,asasagagCfaAfAfAfcuauu(Chd)agaaL96,VPusUfscugAfaUfAfguuuUfgCfucuuuscsu,GOLD_RECOVERED,10.5394,0.0289,0.4,0.8044,MULTI_DOSE_HILL
AAAGUGGAAUCUUUGGAACAU,AUGUUCCAAAGAUUCCACUUUCU,asasagu(Ghd)GfaAfUfCfuuuggaacsasu,asUfsguuCfcAfAfagauUfcCfacuuuscsu,GOLD_RECOVERED,12.0,0.001,0.592,0.7589,MULTI_DOSE_HILL
AAAUAAAGUUAUUACUCUGAA,UUCAGAGUAAUAACUUUAUUUCC,asasaua(Ahd)AfgUfUfAfuuacucugaaL96,VPusUfscadGa(G2p)uaauaaCfuUfuauuuscsc,GOLD_RECOVERED,10.0508,0.089,0.569,0.9093,MULTI_DOSE_HILL
AAAUGAAAUGAAUAAAUAAG,ACUUAUUUAUUCAUUUCAUUUUU,AmsAmsAmUmGmAmAmAmUfGfAfAmUmAmAmAmUmAmAmGmIB(-NAG0052'),AmsCfsUmUfAmUf(-)hmpNA(U)UmAmUfUmCfAmUfUmUfCmAfUmUmUmsUmsUm,GOLD_RECOVERED,9.6376,0.2304,1.188,0.8043,MULTI_DOSE_HILL
AACAUUGGCAUCUUCCAUCUU,GAUGGAAGAUGCCAAUGUUUU,fApsmApsfCmAfUmUfGmGfCmAfUmCfUmUfCmCfAmUfCpsmUpsmU,mGpsfApsmUfGmGfAmAfGmAfUmGfCmCfAmAfUmGfUmUpsmUpsmU,GOLD_RECOVERED,8.0654,8.6024,0.614,0.9158,MULTI_DOSE_HILL
AACCAUAGCUGGUUAUUUCUU,AAGAAATAACCAGCUAUGGUUCC,asasccauagCfUfGfguuauuucuuL96,asdAsgadAadTaaccdAgCfuaugguuscsc,GOLD_RECOVERED,9.969,0.1074,2.8,0.7944,MULTI_DOSE_HILL
AACCAUUGCUUCACUACCCAA,UUGGGUAGUGAAGCAAUGGUUUU,asascca(Uhd)UfgCfUfUfcacuacccaaL96,VPusUfsgggu(Agn)gugaagCfaAfugguususu,GOLD_RECOVERED,8.2979,5.0361,0.407,0.7685,MULTI_DOSE_HILL
AACCGACCAGCUUGUUUGUGU,ACACAAACAAGCUGGUCGGUUGG,asasccgaccAfGfCfuuguuuguguL96,asdCsacdAadAcaagdCuGfgucgguusgsg,GOLD_RECOVERED,11.1158,0.0077,0.4,0.9184,MULTI_DOSE_HILL
AACUGUACUGGCUAUUACA,UGUAAUAGCCAGUACAGUUUU,mAmAfCmUfGmUfAfCfUmGfGmCfUmAfUmUfAmCfA,fU*fG*mUfAmAfUmAfGmCfCmAmGmUfAmCfAmGfUmU*mU*mU,GOLD_RECOVERED,9.5722,0.2678,0.708,0.8721,MULTI_DOSE_HILL
AAGAAAGAAGUGGGUGAUGUA,UACAUCACCCACUUCUUUCUUCA,asasgaaaGfaAfGfUfgggugauguaL96,PlusAfscauCacccacuUfcUfuucuuscsa,GOLD_RECOVERED,10.714,0.0193,0.4,0.8751,MULTI_DOSE_HILL
AAGACGAAGUCGUGGAUGCUU,GCAUCCACGACUUCGUCUUUU,fApsmApsfGmAfCmGfAmAfGmUfCmGfUmGfGmAfUmGfCpsmUpsmU,mGpsfCpsmAfUmCfCmAfCmGfAmCfUmUfCmGfUmCfUmUpsmUpsmU,GOLD_RECOVERED,8.2747,5.3125,0.475,0.7853,MULTI_DOSE_HILL
AAGAGAAGGGCAUCUGCAAUU,UUGCAGAUGCCCUUCUCUUUU,fApsmApsfGmAfGmAfAmGfGmGfCmAfUmCfUmGfCmAfApsmUpsmU,mUpsfUpsmGfCmAfGmAfUmGfCmCfCmUfUmCfUmCfUmUpsmUpsmU,GOLD_RECOVERED,6.9713,106.839,0.452,0.8381,MULTI_DOSE_HILL
AAGAUUUGCAACUUGCUACCU,AGGUAGCAAGUUGCAAAUCUUGC,asasgauuUfgCfAfAfcuugcuaccuL96,asGfsguaGfcAfAfguugCfaAfaucuusgsc,GOLD_RECOVERED,7.8432,14.3475,0.477,0.8361,MULTI_DOSE_HILL
AAGCUGAGUUUCCUAUGGGAA,UUCCCAUAGGAAACUCAGCUUGG,asasgcugAfgUfUfUfccuaugggaaL96,VPusUfscccAfuAfGfgaaaCfuCfagcuusgsg,GOLD_RECOVERED,8.9735,1.0629,0.52,0.8488,MULTI_DOSE_HILL
AAGUCGUGGAUGCCUUGGUUU,ACCAAGGCAUCCACGACUUUU,fApsmApsfGmUfCmGfUmGfGmAfUmGfCmCfUmUfGmGfUpsmUpsmU,mApsfCpsmCfAmAfGmGfCmAfUmCfCmAfCmGfAmCfUmUpsmUpsmU,GOLD_RECOVERED,8.8377,1.4531,0.402,0.8278,MULTI_DOSE_HILL
AAUAAAGUUAUUACUCUGAUA,UAUCAGAGUAAUAACUUUAUUUC,asasuaa(Ahd)GfuUfAfUfuacucugauaL96,VPusAfsucdAg(Agn)guaauaAfcUfuuauususc,GOLD_RECOVERED,9.8531,0.1402,0.551,0.9305,MULTI_DOSE_HILL
AAUAAGAAGCUGGAUCUUAGA,UCUAAGAUCCAGCUUCUUAUUAA,asasuaa(Ghd)aaGfCfUfggaucuuagaL96,VPusdCsuadAg(Agn)uccadGcUfucuuauusasa,GOLD_RECOVERED,6.3223,476.1131,0.4,0.8953,MULTI_DOSE_HILL
AAUAAUCCGACUCCCACUA,UAGUGGGAGUCGGAUUAUUUU,mAmAfUmAfAmUfCfCfGmAfCmUfCmCfCmAfCmUfA,fU*fA*mGfUmGfGmGfAmGfUmCmGmGfAmUfUmAfUmU*mU*mU,GOLD_RECOVERED,9.5414,0.2875,0.793,0.7619,MULTI_DOSE_HILL
AAUAGUCUACAAACCAGUUGA,UCAACUGGUUUGUAGACUAUUUG,asasuag(Uhd)cuAfCfAfaaccaguugaL96,VPusdCsaadCudGguuudGuAfgacuauususg,GOLD_RECOVERED,10.0178,0.096,2.8,0.7605,MULTI_DOSE_HILL
AAUCAGUAAGAGGUGUUAUUA,UAAUAACACCUCUUACUGAUUUA,asasucaguaAfGfAfgguguuaususa,VPudAaudAadCaccudCuUfacugauususa,GOLD_RECOVERED,11.6948,0.002,0.4,0.8607,MULTI_DOSE_HILL
AAUGGGGGUGGGGAGGCAAGU,ACUUGCCUCCCCACCCCCAUUCU,asasugggGfgUfGfGfggaggcaaguL96,asCfsuugCfcUfCfcccaCfcCfccauuscsu,GOLD_RECOVERED,7.5329,29.3186,0.4,0.8239,MULTI_DOSE_HILL
AAUGUCUUAUGUAAUGCUGCU,AGCAGCAUUACAUAAGACAUUAU,asasugucUfuAfUfGfuaaugcugcuL96,asGfscagCfaUfUfacauAfaGfacauusasu,GOLD_RECOVERED,8.6186,2.4067,1.341,0.8857,MULTI_DOSE_HILL
ACAAUGGCUACUCAAGCUGAA,UUCAGCTUGAGUAGCCAUUGUCC,ascsaaugGfcUfAfCfucaagcugsasa,VPuUfcadGc(Tgn)ugaguaGfcCfauuguscsc,GOLD_RECOVERED,12.0,0.001,0.665,0.7989,MULTI_DOSE_HILL
ACAAUUUUAGGCUCAAAAA,UUUUUGAGCCUAAAAUUGUUU,mAmCfAmAfUmUfUfUfAmGfGmCfUmCfAmAfAmAfA,fU*fU*mUfUmUfGmAfGmCfCmUmAmAfAmAfUmUfGmU*mU*mU,GOLD_RECOVERED,9.3655,0.431,0.633,0.7897,MULTI_DOSE_HILL
ACAGAUGAAGUCGUAAGAA,UUCUUACGACUUCAUCUGUUU,mAmCfAmGfAmUfGfAfAmGfUmCfGmUfAmAfGmAfA,fU*fU*mCfUmUfAmCfGmAfCmUmUmCfAmUfCmUfGmU*mU*mU,GOLD_RECOVERED,9.6291,0.2349,1.835,0.8361,MULTI_DOSE_HILL
ACAUACACCCCUUCCACCUCU,AGAGGUGGAAGGGGUGUAUGUAC,ascsauacAfcCfCfCfuuccaccucuL96,asGfsaggUfgGfAfagggGfuGfuaugusasc,GOLD_RECOVERED,9.2112,0.6149,0.4,0.8131,MULTI_DOSE_HILL
ACAUACACCCCUUCCACCUCU,AGAGGUGGAAGGGGUGUAUGUAC,ascsauacacCfCfCfuuccaccucuL96,asdGsagdGudGgaagdGgGfuguaugusasc,GOLD_RECOVERED,9.484,0.3281,0.4,0.8423,MULTI_DOSE_HILL
ACAUCUGCCCUAAAGUCAAGU,ACUUGACUUUAGGGCAGAUGUUU,fApsmCpsfAmUfCmUfGmCfCmCfUmAfAmAfGmUfCmAfAmGpsfU,vmApsfCpsmUfUmGfAmCfUmUfUmAfGmGfGmCfAmGfAmUfGmUpsmUpsmU,GOLD_RECOVERED,9.1108,0.7749,0.61,0.7899,MULTI_DOSE_HILL
ACAUGUAUUAUAGAAUGCA,UGCAUUCUAUAAUACAUGUUU,mAmCfAmUfGmUfAfUfUmAfUmAfGmAfAmUfGmCfA,fU*fG*mCfAmUfUmCfUmAfUmAmAmUfAmCfAmUfGmU*mU*mU,GOLD_RECOVERED,9.3284,0.4694,1.052,0.8344,MULTI_DOSE_HILL
ACCAAAAGUGGACCCUCUAUA,UAUAGAGGGUCCACUUUUGGUUU,L025L025mA*mCmCmAmAmAfAmGfUfGfGmAmCmCmCmUmCmUmAmU*mA,mU*fA*mUmAmGfAmGmGmGmUmCmCmAfCmUfUmUmUmGmGmU*mU*mU,GOLD_RECOVERED,7.4112,38.8008,2.8,0.8244,MULTI_DOSE_HILL
ACCAAGCUCAGUCUACGCCUC,GAGGCGUAGACUGAGCUUGGUUU,fApsmCpsfCmAfAmGfCmUfCmAfGmUfCmUfAmCfGmCfCmUpsfC,vmGpsfApsmGfGmCfGmUfAmGfAmCfUmGfAmGfCmUfUmGfGmUpsmUpsmU,GOLD_RECOVERED,7.6469,22.5484,0.57,0.9103,MULTI_DOSE_HILL
ACCAAGCUCAGUCUACGCCUU,GGCGUAGACUGAGCUUGGUUU,fApsmCpsfCmAfAmGfCmUfCmAfGmUfCmUfAmCfGmCfCpsmUpsmU,mGpsfGpsmCfGmUfAmGfAmCfUmGfAmGfCmUfUmGfGmUpsmUpsmU,GOLD_RECOVERED,6.211,615.2368,0.4,0.9431,MULTI_DOSE_HILL
ACCAUGCAGAAUACAAAUGAA,UTCATUTGUAUTCUGCAUGGUAC,ascscaugcaGfAfAfuacaaaugsasa,VPudTcadTudTguaudTcUfgcauggusasc,GOLD_RECOVERED,12.0,0.001,0.937,0.7977,MULTI_DOSE_HILL
ACCAUUCCAUUGUUUGUGCAA,UUGCACAAACAAUGGAAUGGUAU,ascscauuCfcAfUfUfguuugugcsasa,VPuUfgcdAc(Agn)aacaauGfgAfauggusasu,GOLD_RECOVERED,7.7704,16.9683,0.495,0.8906,MULTI_DOSE_HILL
ACCAUUGCUUCACUACCCAUA,UAUGGGTAGUGAAGCAAUGGUUU,ascscau(Uhd)GfcUfUfCfacuacccauaL96,VPusAfsuggg(Tgn)agugaaGfcAfauggususu,GOLD_RECOVERED,9.4045,0.394,1.361,0.8982,MULTI_DOSE_HILL
ACCAUUGCUUCACUACCCAUA,UAUGGGUAGUGAAGCAAUGGUUU,ascscau(Uhd)GfcUfUfCfacuacccauaL96,VPusAfsuggGfuAfGfugaaGfcAfauggususu,GOLD_RECOVERED,10.0588,0.0873,0.706,0.8545,MULTI_DOSE_HILL
ACCUCACUUGCAAUAAUUAUA,UAUAAUTAUUGCAAGUGAGGUUA,ascscucacuUfGfCfaauaauuasusa,VPudAuadAudTauugdCaAfgugaggususa,GOLD_RECOVERED,12.0,0.001,0.545,0.8011,MULTI_DOSE_HILL
ACGAAGUCGUGGAUGCCUUUU,AAGGCAUCCACGACUUCGUUU,fApsmCpsfGmAfAmGfUmCfGmUfGmGfAmUfGmCfCmUfUpsmUpsmU,mApsfApsmGfGmCfAmUfCmCfAmCfGmAfCmUfUmCfGmUpsmUpsmU,GOLD_RECOVERED,8.5636,2.7317,2.8,0.9372,MULTI_DOSE_HILL
ACGACAUCUGCCCUAAAGUUU,ACUUUAGGGCAGAUGUCGUUU,fApsmCpsfGmAfCmAfUmCfUmGfCmCfCmUfAmAfAmGfUpsmUpsmU,mApsfCpsmUfUmUfAmGfGmGfCmAfGmAfUmGfUmCfGmUpsmUpsmU,GOLD_RECOVERED,8.4633,3.4415,0.4,0.8272,MULTI_DOSE_HILL
ACGUCCAGUCCAAGUGUGGCA,UGCCACACUUGGACUGGACGUUG,ascsguc(Chd)agUfCfCfaaguguggcaL96,VPusdGsccdAc(Agn)cuugdGaCfuggacgususg,GOLD_RECOVERED,6.5171,303.9922,0.4,0.8183,MULTI_DOSE_HILL
ACGUGACCCAAGCUCGCAUGA,UCAUGCGAGCUTGGGUCACGUGA,ascsgug(Ahd)ccCfAfAfgcucgcaugaL96,VPusdCsaudGcdGagcudTgGfgucacgusgsa,GOLD_RECOVERED,8.9876,1.029,0.805,0.8418,MULTI_DOSE_HILL
ACGUGACCCAAGCUCGCAUGA,UCAUGCGAGCUUGGGUCACGUGA,ascsgug(Ahd)CfcCfAfAfgcucgcaugaL96,VPusCfsaudGc(G2p)agcuugGfgUfcacgusgsa,GOLD_RECOVERED,7.417,38.2798,0.471,0.898,MULTI_DOSE_HILL
ACUCUAUUCUGGACUUUAA,UUAAAGUCCAGAAUAGAGUUU,mAmCfUmCfUmAfUfUfCmUfGmGfAmCfUmUfUmAfA,fU*fU*mAfAmAfGmUfCmCfAmGmAmAfUmAfGmAfGmU*mU*mU,GOLD_RECOVERED,9.3227,0.4756,0.498,0.8029,MULTI_DOSE_HILL
ACUGAGCCAGAAACGCAGAUU,AAUCUGCGUUUCUGGCUCAGUUC,ascsugagCcAGAaacgcagauu,asAsucugCguuuCuGgCucagususc,GOLD_RECOVERED,6.9522,111.6231,0.611,0.7631,MULTI_DOSE_HILL
ACUUAACUCUAAUACAUCAGU,ACUGAUGUAUUAGAGUUAAGUGC,ascsuuaaCfuCfUfAfauacaucaguL96,asCfsugaUfgUfAfuuagAfgUfuaagusgsc,GOLD_RECOVERED,7.3991,39.8941,0.441,0.8034,MULTI_DOSE_HILL
ACUUGCUACCCAUUAGGAUAU,AUAUCCTAAUGGGUAGCAAGUUG,ascsuugcUfaCfCfCfauuaggauauL96,asUfsaudCc(Tgn)aaugggUfaGfcaagususg,GOLD_RECOVERED,10.2481,0.0565,0.4,0.7904,MULTI_DOSE_HILL
ACUUUCUUGUCUGAGACUCUU,AAGAGUCUCAGACAAGAAAGUGC,ascsuuucuuGfUfCfugagacucuuL96,asdAsgadGudCucagdAcAfagaaagusgsc,GOLD_RECOVERED,8.4901,3.2351,1.242,1.0,MULTI_DOSE_HILL
AGAACAUGACCUCCGUGUAGU,ACUACACGGAGGUCAUGUUCUUA,asgsaacaUfgAfCfCfuccguguaguL96,asCfsuacAfcGfGfagguCfaUfguucususa,GOLD_RECOVERED,10.0663,0.0858,0.922,0.9856,MULTI_DOSE_HILL
AGAAGAUUGACAGGUUCAUGU,ACAUGAACCUGTCAAUCUUCUCA,asgsaagauuGfAfCfagguucauguL96,asdCsaudGadAccugdTcAfaucuucuscsa,GOLD_RECOVERED,12.0,0.001,0.872,0.8383,MULTI_DOSE_HILL
AGAAGCUUGACUUCAAGGACA,UGUCCUTGAAGUCAAGCUUCUCA,asgsaag(Chd)UfuGfAfCfuucaaggacaL96,VPusGfsucdCu(Tgn)gaagucAfaGfcuucuscsa,GOLD_RECOVERED,9.99,0.1023,2.8,0.774,MULTI_DOSE_HILL
AGAAUACAAAUGAUGUAGAAA,UUUCTACAUCAUUUGUAUUCUGC,asgsaauaCfaAfAfUfgauguagasasa,VPuUfucdTa(C2p)aucauuUfgUfauucusgsc,GOLD_RECOVERED,12.0,0.001,0.408,0.8146,MULTI_DOSE_HILL
AGAAUGCUUUUGCAUGGAA,UUCCAUGCAAAAGCAUUCUUU,mAmGfAmAfUmGfCfUfUmUfUmGfCmAfUmGfGmAfA,fU*fU*mCfCmAfUmGfCmAfAmAmAmGfCmAfUmUfCmU*mU*mU,GOLD_RECOVERED,9.4499,0.3549,0.856,0.8412,MULTI_DOSE_HILL
AGACUCAACAGACGGAGCAAU,ATUGCUCCGUCTGUUGAGUCUGA,asgsacucaaCfAfGfacggagcaauL96,asdTsugdCudCcgucdTgUfugagucusgsa,GOLD_RECOVERED,8.3613,4.3522,0.495,0.7527,MULTI_DOSE_HILL
AGAGGGUACGAGCUGCUAUGA,UCAUAGCAGCUCGUACCCUCUGA,asgsagggUfaCfGfAfgcugcuausgsa,VPuCfaudAg(C2p)agcucgUfaCfccucusgsa,GOLD_RECOVERED,11.3224,0.0048,0.4,0.9905,MULTI_DOSE_HILL
AGAUGAAGUCGUAAGAAGA,UCUUCUUACGACUUCAUCUUU,mAmGfAmUfGmAfAfGfUmCfGmUfAmAfGmAfAmGfA,fU*fC*mUfUmCfUmUfAmCfGmAmCmUfUmCfAmUfCmU*mU*mU,GOLD_RECOVERED,10.1713,0.0674,1.444,0.7848,MULTI_DOSE_HILL
AGAUGCCUGAACUUGAAUUAU,AUAAUUCAAGUUCAGGCAUCUAC,asgsaugcCfuGfAfAfcuugaauuauL96,asUfsaauUfcAfAfguucAfgGfcaucusasc,GOLD_RECOVERED,10.8477,0.0142,0.4,0.9084,MULTI_DOSE_HILL
AGCAAAGCCAUGAACAUCA,UGAUGUUCAUGGCUUUGCUUU,mAmGfCmAfAmAfGfCfCmAfUmGfAmAfCmAfUmCfA,fU*fG*mAfUmGfUmUfCmAfUmGmGmCfUmUfUmGfCmU*mU*mU,GOLD_RECOVERED,10.0734,0.0845,2.8,0.7806,MULTI_DOSE_HILL
AGCAAGAUUUGCAACUUGCUU,AAGCAAGUUGCAAAUCUUGCUCA,asgscaagAfuUfUfGfcaacuugcuuL96,asAfsgcaAfguugcaaAfuCfuugcuscsa,GOLD_RECOVERED,9.3162,0.4829,0.554,0.8453,MULTI_DOSE_HILL
AGCACCACAUCACCAACCUGU,ACAGGUTGGUGAUGUGGUGCUCU,asgscaccacAfUfCfaccaaccuguL96,asdCsagdGudTggugdAuGfuggugcuscsu,GOLD_RECOVERED,7.5044,31.3043,0.4,0.7647,MULTI_DOSE_HILL
AGCACUUAACUCUAAUACAUU,AAUGUAUUAGAGUUAAGUGCUGG,asgscacuUfaAfCfUfcuaauacauuL96,asAfsuguAfuUfAfgaguUfaAfgugcusgsg,GOLD_RECOVERED,9.1545,0.7006,0.54,0.7811,MULTI_DOSE_HILL
AGCCAUGAACAUCAUCCUA,UAGGAUGAUGUUCAUGGCUUU,mAmGfCmCfAmUfGfAfAmCfAmUfCmAfUmCfCmUfA,fU*fA*mGfGmAfUmGfAmUfGmUmUmCfAmUfGmGfCmU*mU*mU,GOLD_RECOVERED,10.1471,0.0713,2.683,0.8284,MULTI_DOSE_HILL
AGCGUUUGGCUGAACCAUCAA,UUGATGGUUCAGCCAAACGCUGG,asgscguuUfgGfCfUfgaaccaucsasa,VPuUfgadTg(G2p)uucagcCfaAfacgcusgsg,GOLD_RECOVERED,11.8798,0.0013,0.4,0.8923,MULTI_DOSE_HILL
AGCUAGGAAGCAACCUUUCGU,ACGAAAGGUUGCUUCCUAGCUUU,asgscuagGfaAfGfCfaaccuuucguL96,asCfsgaaAfgGfUfugcuUfcCfuagcususu,GOLD_RECOVERED,8.5097,3.0924,0.4,0.867,MULTI_DOSE_HILL
AGCUCAGUCUACGCCUCUGUU,CAGAGGCGUAGACUGAGCUUU,fApsmGpsfCmUfCmAfGmUfCmUfAmCfGmCfCmUfCmUfGpsmUpsmU,mCpsfApsmGfAmGfGmCfGmUfAmGfAmCfUmGfAmGfCmUpsmUpsmU,GOLD_RECOVERED,8.3403,4.5679,0.862,0.8399,MULTI_DOSE_HILL
AGCUGGUGGAAUGCAAGCUUA,UAAGCUTGCAUUCCACCAGCUUC,asgscuggUfgGfAfAfugcaagcususa,VPuAfagdCu(Tgn)gcauucCfaCfcagcususc,GOLD_RECOVERED,10.4229,0.0378,2.8,0.8108,MULTI_DOSE_HILL
AGCUUGUCCUUCGCGGGCUGC,GCAGCCCGCGAAGGACAAGCUUU,fApsmGpsfCmUfUmGfUmCfCmUfUmCfGmCfGmGfGmCfUmGpsfC,vmGpsfCpsmAfGmCfCmCfGmCfGmAfAmGfGmAfCmAfAmGfCmUpsmUpsmU,GOLD_RECOVERED,6.9716,106.7464,0.488,0.8936,MULTI_DOSE_HILL
AGCUUGUCCUUCGCGGGCUUU,AGCCCGCGAAGGACAAGCUUU,fApsmGpsfCmUfUmGfUmCfCmUfUmCfGmCfGmGfGmCfUpsmUpsmU,mApsfGpsmCfCmCfGmCfGmAfAmGfGmAfCmAfAmGfCmUpsmUpsmU,GOLD_RECOVERED,8.2363,5.804,0.554,0.9089,MULTI_DOSE_HILL
AGGACAUUUUUGGAUCACA,UGUGAUCCAAAAAUGUCCUUU,mAmGfGmAfCmAfUfUfUmUfUmGfGmAfUmCfAmCfA,fU*fG*mUfGmAfUmCfCmAfAmAmAmAfUmGfUmCfCmU*mU*mU,GOLD_RECOVERED,10.0979,0.0798,2.8,0.8101,MULTI_DOSE_HILL
AGGAGUCGGAACAUUGGCAUU,UGCCAAUGUUCCGACUCCUUU,fApsmGpsfGmAfGmUfCmGfGmAfAmCfAmUfUmGfGmCfApsmUpsmU,mUpsfGpsmCfCmAfAmUfGmUfUmCfCmGfAmCfUmCfCmUpsmUpsmU,GOLD_RECOVERED,8.0343,9.2405,0.647,0.8719,MULTI_DOSE_HILL
AGGAUAAUGUCUUAUGUAAUU,AAUUACAUAAGACAUUAUCCUAA,asgsgauaAfuGfUfCfuuauguaauuL96,asAfsuuaCfaUfAfagacAfuUfauccusasa,GOLD_RECOVERED,9.4407,0.3625,0.668,0.761,MULTI_DOSE_HILL
AGGCAAGAACCAGUGUUUAGU,ACUAAACACUGGUUCUUGCCUCC,asgsgcaagaAfCfCfaguguuuaguL96,asdCsuadAadCacugdGuUfcuugccuscsc,GOLD_RECOVERED,11.7552,0.0018,0.4,0.8093,MULTI_DOSE_HILL
AGGCCAGGAGUCGGAACAUUU,AUGUUCCGACUCCUGGCCUUU,fApsmGpsfGmCfCmAfGmGfAmGfUmCfGmGfAmAfCmAfUpsmUpsmU,mApsfUpsmGfUmUfCmCfGmAfCmUfCmCfUmGfGmCfCmUpsmUpsmU,GOLD_RECOVERED,7.948,11.2715,0.505,0.7962,MULTI_DOSE_HILL
AGUACCUGUGAGCAGCUGGCU,AGCCAGCUGCUCACAGGUACUCU,asgsuaccUfgUfGfAfgcagcuggcuL96,asGfsccaGfcUfGfcucaCfaGfguacuscsu,GOLD_RECOVERED,8.5644,2.7265,0.644,0.9015,MULTI_DOSE_HILL
AGUCAAGUCCACGAACUUUCU,AGAAAGUUCGUGGACUUGACUUU,fApsmGpsfUmCfAmAfGmUfCmCfAmCfGmAfAmCfUmUfUmCpsfU,vmApsfGpsmAfAmAfGmUfUmCfGmUfGmGfAmCfUmUfGmAfCmUpsmUpsmU,GOLD_RECOVERED,7.0978,79.8406,0.44,0.8772,MULTI_DOSE_HILL
AGUCUACAAACCAGUUGAA,UUCAACTGGUUTGUAGACUGU,asgsu(Chd)uaCfAfAfaccaguugaaL96,VPusUfscadAc(Tgn)gguudTgUfadGacusgsu,GOLD_RECOVERED,10.3853,0.0412,0.4,0.7603,MULTI_DOSE_HILL
AGUCUACAAACCAGUUGACCA,UGGUCAACUGGUUUGUAGACUAU,asgsucu(Ahd)CfaAfAfCfcaguugaccaL96,VPusGfsgudCa(Agn)cugguuUfgUfagacusasu,GOLD_RECOVERED,9.2202,0.6023,2.726,0.9715,MULTI_DOSE_HILL
AGUCUACGCCUCUGCACAGUU,CUGUGCAGAGGCGUAGACUUU,fApsmGpsfUmCfUmAfCmGfCmCfUmCfUmGfCmAfCmAfGpsmUpsmU,mCpsfUpsmGfUmGfCmAfGmAfGmGfCmGfUmAfGmAfCmUpsmUpsmU,GOLD_RECOVERED,7.9068,12.3928,0.611,0.8524,MULTI_DOSE_HILL
AGUGACAACGUACCCUUCAUU,AAUGAAGGGUACGUUGUCACUCA,asgsugacAfaCfGfUfacccuucauuL96,asAfsugaa(Ggn)gguacgUfuGfucacuscsa,GOLD_RECOVERED,6.8399,144.5622,0.4,0.8949,MULTI_DOSE_HILL
AGUGCCUGACACACUAACCAA,UUGGTUAGUGUGUCAGGCACUUU,asgsugccUfgAfCfAfcacuaaccsasa,VPuUfggdTu(Agn)guguguCfaGfgcacususu,GOLD_RECOVERED,11.3146,0.0048,0.4,0.903,MULTI_DOSE_HILL
AGUGUCUUGAAUGUAAGAACU,AGUUCUUACAUUCAAGACACUAA,asgsugucUfuGfAfAfuguaagaacuL96,asGfsuucUfuAfCfauucAfaGfacacusasa,GOLD_RECOVERED,9.7694,0.1701,0.4,0.8793,MULTI_DOSE_HILL
AGUUGAGAACAAAAAUUGGGU,ACCCAATUUUUGUUCUCAACUUG,asgsuugagaAfCfAfaaaauuggguL96,asdCsccdAadTuuuudGuUfcucaacususg,GOLD_RECOVERED,12.0,0.001,0.475,0.8957,MULTI_DOSE_HILL
AGUUGAGAACAAAAAUUGGGU,ACCCAAUUUUUGUUCUCAACUUG,asgsuugaGfaAfCfAfaaaauuggguL96,asCfsccaAfuUfUfuuguUfcUfcaacususg,GOLD_RECOVERED,10.9251,0.0119,0.4,0.9017,MULTI_DOSE_HILL
AUACAUUUUUGCAUUGCCUUU,AAAGGCAAUGCAAAAAUGUAUAC,asusacauUfuUfUfGfcauugccuuuL96,asAfsaggCfaAfUfgcaaAfaAfuguausasc,GOLD_RECOVERED,10.2869,0.0517,2.8,1.0,MULTI_DOSE_HILL
AUAGAAUGCUUUUGCAUGGAA,UUCCAUGCAAAAGCAUUCUAUUU,L025L025mA*mUmAmGmAmAfUmGfCfUfUmUmUmGmCmAmUmGmGmA*mA,mU*fU*mCmCmAfUmGmCmAmAmAmAmGfCmAfUmUmCmUmAmU*mU*mU,GOLD_RECOVERED,7.2995,50.1754,2.8,0.7651,MULTI_DOSE_HILL
AUAGCUACAAACCAGUUGAA,UUCAACUGGUUUGUAGACUAU,(invAb)psmApsmUmAmG(L5)mCmUmAfCfAfAmAmCmCmAmGmUmUmGmApsmAps(invAb),(VPmU)psfUpsmCpsmAmAfCmUfGfGmUmUmUmGfUmAfGmAmCmUpsmApsmU,GOLD_RECOVERED,6.08,831.7044,0.695,0.8125,MULTI_DOSE_HILL
AUAGGCAUCUCUCUUACCAGU,ACUGGUAAGAGAGAUGCCUAUUU,asusaggcAfuCfUfCfucuuaccaguL96,asCfsuggUfaAfGfagagAfuGfccuaususu,GOLD_RECOVERED,7.2854,51.8345,1.142,0.8857,MULTI_DOSE_HILL
AUAGUCUACAAACCAGUUGAA,UUCAACUGGUUUGUAGACUAU,(invAb)psmApsmUmAmGmUmC(C6NH-L19U)mAfCfAfAmAmCmCmAmGmUmUmGmApsmAps(invAb),(VPmU)psfUpsmCpsmAmAfCmUfGfGmUmUmUmGfUmAfGmAmCmUpsmApsmU,GOLD_RECOVERED,5.7247,1884.7966,1.585,0.9377,MULTI_DOSE_HILL
AUAUGGCAUGCACAGUGAGCU,AGCUCACUGUGCAUGCCAUAUAU,asusauggcaUfGfCfacagugagcuL96,asdGscudCadCugugdCaUfgccauausasu,GOLD_RECOVERED,10.4114,0.0388,0.4,0.8999,MULTI_DOSE_HILL
AUCAAACCCUAGCCUUGCUUA,UAAGCAAGGCUAGGGUUUGAUAA,asuscaaaCfcCfUfAfgccuugcususa,VPuAfagdCa(Agn)ggcuagGfgUfuugausasa,GOLD_RECOVERED,11.3048,0.005,0.4,0.8792,MULTI_DOSE_HILL
AUCCACUUCUCUGCCAAAGAU,AUCUUUGGCAGAGAAGUGGAUCA,asusccacUuCUCugccaaagau,asUscuuuGgcagAgAaGuggauscsa,GOLD_RECOVERED,5.7593,1740.6443,2.8,0.9998,MULTI_DOSE_HILL
AUCCAUCCUUCAACUUAAGCU,AGCUUAAGUUGAAGGAUGGAUGG,asusccauCfcUfUfCfaacuuaagcuL96,asGfscuuAfaGfUfugaaGfgAfuggausgsg,GOLD_RECOVERED,7.485,32.7339,0.625,0.8061,MULTI_DOSE_HILL
AUCCGACUCCCACUACAUCAA,UUGAUGUAGUGGGAGUCGGAUUU,L025L025mA*mUmCmCmGmAfCmUfCfCfCmAmCmUmAmCmAmUmCmA*mA,mU*fU*mGmAmUfGmUmAmGmUmGmGmGfAmGfUmCmGmGmAmU*mU*mU,GOLD_RECOVERED,7.3386,45.8607,1.833,0.7502,MULTI_DOSE_HILL
AUCUGAGAAGCUUGACUUCAA,UTGAAGTCAAGCUUCTCAGAUUU,asuscug(Ahd)gaAfGfCfuugacuucaaL96,VPusdTsgadAg(Tgn)caagdCuUfcdTcagaususu,GOLD_RECOVERED,10.6877,0.0205,0.4,0.7612,MULTI_DOSE_HILL
AUCUGCCCUAAAGUCAAGUCC,GGACUUGACUUUAGGGCAGAUUU,fApsmUpsfCmUfGmCfCmCfUmAfAmAfGmUfCmAfAmGfUmCpsfC,vmGpsfGpsmAfCmUfUmGfAmCfUmUfUmAfGmGfGmCfAmGfAmUpsmUpsmU,GOLD_RECOVERED,8.0196,9.5597,0.623,0.8177,MULTI_DOSE_HILL
AUCUGCCCUAAAGUCAAGUCU,AGACUUGACUUUAGGGCAGAUGU,asuscugcCfcUfAfAfagucaagucuL96,asGfsacuu(Ggn)acuuuaGfgGfcagausgsu,GOLD_RECOVERED,8.0315,9.3008,0.941,0.9212,MULTI_DOSE_HILL
AUGAAGAGAUUACCAAGACAU,AUGUCUUGGUAAUCUCUUCAUCC,asusgaagAfgAfUfUfaccaagacauL96,PlasUfsgucUfUgguaauCfuCfuucauscsc,GOLD_RECOVERED,11.0015,0.01,0.4,0.8931,MULTI_DOSE_HILL
AUGCUGAAACAUGCAGUUGUA,UACAACTGCAUGUUUCAGCAUCU,asusgcugaaAfCfAfugcaguugsusa,VPudAcadAcdTgcaudGuUfucagcauscsu,GOLD_RECOVERED,12.0,0.001,0.802,0.8208,MULTI_DOSE_HILL
AUGCUUUUGCAUGGACUAUCU,AGAUAGTCCAUGCAAAAGCAUUC,asusgcuuUfuGfCfAfuggacuaucuL96,asGfsauag(Tgn)ccaugcAfaAfagcaususc,GOLD_RECOVERED,9.6842,0.2069,0.864,0.8583,MULTI_DOSE_HILL
AUGGGGGUGGGGAGGCAAGAU,AUCUUGCCUCCCCACCCCCAUUC,asusggggGfuGfGfGfgaggcaagauL96,asUfscuuGfcCfUfccccAfcCfcccaususc,GOLD_RECOVERED,9.1441,0.7176,0.452,0.8666,MULTI_DOSE_HILL
AUGGGUAGGGUAAAUCAGUAA,UUACTGAUUUACCCUACCCAUAC,asusggguAfgGfGfUfaaaucagusasa,VPuUfacdTg(Agn)uuuaccCfuAfcccausasc,GOLD_RECOVERED,9.9846,0.1036,0.4,0.9086,MULTI_DOSE_HILL
AUGGUCAGTAAAAGCAAAGAA,UTCUTUGCUUUTACUGACCAUGC,asusggu(Chd)agdTaAfAfagcaaagaaL96,VPusdTscudTu(G2p)cuuudTaCfudGaccausgsc,GOLD_RECOVERED,9.8347,0.1463,1.42,0.9133,MULTI_DOSE_HILL
AUGGUCAGUAAAAGCAAAGAA,UUCTUTGCUUUTACUGACCAUGC,asusggu(Chd)agUfAfAfaagcaaagaaL96,VPusUfscdTu(Tgn)gcuuudTaCfuGfaccausgsc,GOLD_RECOVERED,10.1531,0.0703,2.8,0.9779,MULTI_DOSE_HILL
AUGGUCAGUAAAAGCAAAGAA,UUCUTUGCUUUUACUGACCAUGC,asusggu(Chd)AfgUfAfAfaagcaaagaaL96,VPusUfscudTu(G2p)cuuuuaCfuGfaccausgsc,GOLD_RECOVERED,10.0389,0.0914,2.8,0.8043,MULTI_DOSE_HILL
AUGGUGUAGAACACUAAUUCA,UGAATUAGUGUTCUACACCAUUA,asusgguguaGfAfAfcacuaauuscsa,VPudGaadTudAgugudTcUfacaccaususa,GOLD_RECOVERED,11.9744,0.0011,0.4,0.8165,MULTI_DOSE_HILL
AUGUCCACCAGCUCAUCUCCG,CGGAGAUGAGCUGGUGGACAUUU,fApsmUpsfGmUfCmCfAmCfCmAfGmCfUmCfAmUfCmUfCmCpsfG,vmCpsfGpsmGfAmGfAmUfGmAfGmCfUmGfGmUfGmGfAmCfAmUpsmUpsmU,GOLD_RECOVERED,6.1072,781.24,0.447,0.9604,MULTI_DOSE_HILL
AUUAAAAACAAAUGAUUUA,UAAAUCAUUUGUUUUUAAUUU,mAmUfUmAfAmAfAfAfCmAfAmAfUmGfAmUfUmUfA,fU*fA*mAfAmUfCmAfUmUfUmGmUmUfUmUfUmAfAmU*mU*mU,GOLD_RECOVERED,9.17,0.6761,2.8,0.9148,MULTI_DOSE_HILL
AUUAGGAUAAUGUCUUAUGUA,UACAUAAGACAUUAUCCUAAUGG,asusuaggAfuAfAfUfgucuuauguaL96,usAfscauAfaGfAfcauuAfuCfcuaausgsg,GOLD_RECOVERED,8.8975,1.2662,0.617,0.8917,MULTI_DOSE_HILL
AUUCAGGUUCUUGGAAGAGAA,UUCUCUUCCAAGAACCUGAAUUU,fApsmUpsfUmCfAmGfGmUfUmCfUmUfGmGfAmAfGmAfGmApsfA,vmUpsfUpsmCfUmCfUmUfCmCfAmAfGmAfAmCfCmUfGmAfAmUpsmUpsmU,GOLD_RECOVERED,9.3652,0.4313,0.545,0.9656,MULTI_DOSE_HILL
AUUCCUGUUUGCUGUGUAUGU,ACAUACACAGCAAACAGGAAUGG,asusuccuguUfUfGfcuguguauguL96,asdCsaudAcdAcagcdAaAfcaggaausgsg,GOLD_RECOVERED,10.6889,0.0205,0.4,0.8722,MULTI_DOSE_HILL
AUUGUACAGAAUCAUUGCUUA,UAAGCAAUGAUUCUGUACAAUCA,asusugu(Ahd)CfaGfAfAfucauugcuuaL96,VPusAfsagcAfaUfGfauucUfgUfacaauscsa,GOLD_RECOVERED,11.0199,0.0096,0.448,0.8946,MULTI_DOSE_HILL
AUUUAGCUGUAUCAAACUAGA,UCUAGUTUGAUACAGCUAAAUUC,asusuua(Ghd)CfuGfUfAfucaaacuagaL96,VPusCfsuagu(Tgn)ugauacAfgCfuaaaususc,GOLD_RECOVERED,10.0375,0.0917,2.8,0.7701,MULTI_DOSE_HILL
AUUUAGUGUCUUGAAUGUAAU,AUUACAUUCAAGACACUAAAUAC,asusuuagUfgUfCfUfugaauguaauL96,asUfsuacAfuUfCfaagaCfaCfuaaausasc,GOLD_RECOVERED,10.2592,0.0551,0.941,0.7885,MULTI_DOSE_HILL
CAAAAAGAAUUCCAACCGACU,AGUCGGTUGGAAUUCUUUUUGGA,csasaaaagaAfUfUfccaaccgacuL96,asdGsucdGgdTuggadAuUfcuuuuugsgsa,GOLD_RECOVERED,11.6913,0.002,0.4,0.7944,MULTI_DOSE_HILL
CAAACCAGUUGACCUGAGCAA,UUGCTCAGGUCAACUGGUUUGUA,csasaac(Chd)AfgUfUfGfaccugagcaaL96,VPusUfsgcdTc(Agn)ggucaaCfuGfguuugsusa,GOLD_RECOVERED,7.8569,13.9026,0.478,0.8538,MULTI_DOSE_HILL
CAAACUAGUGCAUGAAUAGAA,UUCUAUTCAUGCACUAGUUUGAU,csasaac(Uhd)AfgUfGfCfaugaauagaaL96,VPusUfscuau(Tgn)caugcaCfuAfguuugsasu,GOLD_RECOVERED,9.3069,0.4933,0.839,0.8437,MULTI_DOSE_HILL
CAAACUAGUGCAUGAAUAGAA,UUCUAUUCAUGCACUAGUUUGAU,csasaac(Uhd)AfgUfGfCfaugaauagaaL96,VPusUfscuaUfuCfAfugcaCfuAfguuugsasu,GOLD_RECOVERED,10.4666,0.0342,0.437,0.7519,MULTI_DOSE_HILL
CAAAGACGAAGUCGUGGAUGC,GCAUCCACGACUUCGUCUUUGUU,fCpsmApsfAmAfGmAfCmGfAmAfGmUfCmGfUmGfGmAfUmGpsfC,vmGpsfCpsmAfUmCfCmAfCmGfAmCfUmUfCmGfUmCfUmUfUmGpsmUpsmU,GOLD_RECOVERED,7.197,63.5326,0.436,0.8606,MULTI_DOSE_HILL
CAAAGGUGGAUACAUGAGCAU,AUGCTCAUGUAUCCACCUUUGUC,csasaaggUfgGfAfUfacaugagcauL96,asUfsgcdTc(Agn)uguaucCfaCfcuuugsusc,GOLD_RECOVERED,9.2164,0.6076,0.59,0.7602,MULTI_DOSE_HILL
CAACGUACCCUUCAUUGAUG(invAb),ACAUCAAUGAAGGGUACGUUGUU,(sGalNAc3)caacguAfcCfCfUfUfcauugaugs(invAb),asCfsaucaAfugaaggGfuAfcguugsusu,GOLD_RECOVERED,9.1819,0.6578,2.8,0.7578,MULTI_DOSE_HILL
CAACUUGCUACCCAUUAGGAU,AUCCUAAUGGGUAGCAAGUUGCA,csasacuuGfcUfAfCfccauuaggauL96,asUfsccuAfauggguaGfcAfaguugscsa,GOLD_RECOVERED,7.8072,15.5877,0.648,0.7986,MULTI_DOSE_HILL
CAACUUUUCUAGACCUGUUUU,AAAACAGGUCUAGAAAAGUUGGC,csasacuuUuCUAgaccuguuuu,asAsaacaGgucuAgAaAaguugsgsc,GOLD_RECOVERED,8.1231,7.531,0.532,0.9088,MULTI_DOSE_HILL
CAAGCUCAGUCUACGCCUCUG,CAGAGGCGUAGACUGAGCUUGUU,fCpsmApsfAmGfCmUfCmAfGmUfCmUfAmCfGmCfCmUfCmUpsfG,vmCpsfApsmGfAmGfGmCfGmUfAmGfAmCfUmGfAmGfCmUfUmGpsmUpsmU,GOLD_RECOVERED,7.2759,52.9768,0.4,0.8711,MULTI_DOSE_HILL
CAAGCUCAGUCUACGCCUCUU,AAGAGGCGUAGACUGAGCUUGGU,csasagcuCfaGfUfCfuacgccucuuL96,asAfsgagg(Cgn)guagacUfgAfgcuugsgsu,GOLD_RECOVERED,8.9215,1.1982,0.94,0.8358,MULTI_DOSE_HILL
CAAGCUCAGUCUACGCCUCUU,GAGGCGUAGACUGAGCUUGUU,fCpsmApsfAmGfCmUfCmAfGmUfCmUfAmCfGmCfCmUfCpsmUpsmU,mGpsfApsmGfGmCfGmUfAmGfAmCfUmGfAmGfCmUfUmGpsmUpsmU,GOLD_RECOVERED,8.3912,4.063,0.499,0.8404,MULTI_DOSE_HILL
CAAGUUGAGAACAAAAAUUGU,ACAAUUUUUGUUCUCAACUUGAA,csasaguuGfaGfAfAfcaaaaauuguL96,asCfsaauUfuUfUfguucUfcAfacuugsasa,GOLD_RECOVERED,12.0,0.001,0.872,0.8383,MULTI_DOSE_HILL
CAAUGAGAGUACCUGUGAGCU,AGCUCACAGGUACUCUCAUUGUG,csasaugagaGfUfAfccugugagcuL96,asdGscudCadCaggudAcUfcucauugsusg,GOLD_RECOVERED,10.9251,0.0119,0.4,0.9017,MULTI_DOSE_HILL
CACAAUGAGAGUACCUGUGAU,AUCACAGGUACUCUCAUUGUGGA,csascaauGfaGfAfGfuaccugugauL96,asUfscacAfgGfUfacucUfcAfuugugsgsa,GOLD_RECOVERED,12.0,0.001,0.407,0.8597,MULTI_DOSE_HILL
CACACGUGCAAUCCCUGAACA,UGUUCAGGGAUUGCACGUGUGGC,csascacgUfgCfAfAfucccugaascsa,VPuGfuudCa(G2p)ggauugCfaCfgugugsgsc,GOLD_RECOVERED,12.0,0.001,0.673,0.7826,MULTI_DOSE_HILL
CACAGGGAACCUCUACCUUCU,AGAAGGUAGAGGUUCCCUGUGUU,fCpsmApsfCmAfGmGfGmAfAmCfCmUfCmUfAmCfCmUfUmCpsfU,vmApsfGpsmAfAmGfGmUfAmGfAmGfGmUfUmCfCmCfUmGfUmGpsmUpsmU,GOLD_RECOVERED,9.0874,0.8177,0.4,0.7749,MULTI_DOSE_HILL
CACCAAAAGUGGACCCUCA,UGAGGGUCCACUUUUGGUGUU,mCmAfCmCfAmAfAfAfGmUfGmGfAmCfCmCfUmCfA,fU*fG*mAfGmGfGmUfCmCfAmCmUmUfUmUfGmGfUmG*mU*mU,GOLD_RECOVERED,9.4169,0.3829,1.005,0.7992,MULTI_DOSE_HILL
CACCAAGGAUGAAGAGAUU,AAUCUCUUCAUCCUUGGUGCU,CmsAmsCmCmAfAmGfGfAfUmGmAmAmGmAmGmAmUmUm(-NAG0052'),AmsAfsUmCfUmCf(-)hmpNA(U)UmCmAfUmCfCmUfUmGfGmUfGmsCmsUm,GOLD_RECOVERED,10.8569,0.0139,1.023,0.8942,MULTI_DOSE_HILL
CACCAAGGAUGAAGAGAUU,AAUCUCUUCAUCCUUGGUGCU,CmsAmsCmCmAfAmGfGfAfUmGmAmAmGmAmGmAmUmUm(NAG1),AmsAfsUmCfUmCf(-)hmpNA(U)UmCfAmUmCfCmUfUmGfGmUfGmsCmsUm,GOLD_RECOVERED,11.1217,0.0076,0.94,0.8135,MULTI_DOSE_HILL
CACCGAGAGAGAAUGUCCCAA,UUGGGACAUUCUCUCUCGGUGCU,csasccg(Ahd)GfaGfAfGfaaugucccaaL96,VPusUfsgggAfcAfUfucucUfcUfcggugscsu,GOLD_RECOVERED,9.1727,0.6718,1.249,0.754,MULTI_DOSE_HILL
CACCGAGAGAGAAUGUCCCAA,UUGGGACAUUCUCUCUCGGUGCU,csasccg(Ahd)GfaGfAfGfaaugucccaaL96,VPusUfsggga(Cgn)auucucUfcUfcggugscsu,GOLD_RECOVERED,7.7209,19.014,0.734,0.7679,MULTI_DOSE_HILL
CACCUGAAGCAGCCGUUUGUU,AACAAACGGCUGCUUCAGGUGCA,csasccugaaGfCfAfgccguuuguuL96,asdAscadAadCggcudGcUfucaggugscsa,GOLD_RECOVERED,11.7117,0.0019,0.4,0.8682,MULTI_DOSE_HILL
CACGAACUUUCUUCAUGUGGU,ACCACAUGAAGAAAGUUCGUGGA,csascgaaCfuUfUfCfuucaugugguL96,asCfscacAfuGfAfagaaAfgUfucgugsgsa,GOLD_RECOVERED,7.9094,12.3186,0.977,0.7692,MULTI_DOSE_HILL
CACGUGACCCAAGCUCGCAUA,UAUGCGAGCUUGGGUCACGUGAC,csascg(Uhd)gacCfCfAfagcucgcauaL96,VPusdAsugdCgdAgcuudGgGfucacgugsasc,GOLD_RECOVERED,9.8697,0.135,2.8,0.8488,MULTI_DOSE_HILL
CAGAAAGAGCAAAACUAUUCA,UGAAUAGUUUUGCUCUUUCUGAA,csasgaa(Ahd)GfaGfCfAfaaacuauucaL96,usGfsaaua(Ggn)uuuugcUfcUfuucugsasa,GOLD_RECOVERED,9.0408,0.9103,0.491,0.8197,MULTI_DOSE_HILL
CAGAAUACAAAUGAUGUAGAA,UUCUACAUCAUUUGUAUUCUGCA,csasgaauAfcAfAfAfugauguagsasa,VPuUfcudAc(Agn)ucauuuGfuAfuucugscsa,GOLD_RECOVERED,12.0,0.001,0.728,0.8069,MULTI_DOSE_HILL
CAGACGGAGCAACUGCCAUCU,AGAUGGCAGUUGCUCCGUCUGUU,csasgacggaGfCfAfacugccaucuL96,asdGsaudGgdCaguudGcUfccgucugsusu,GOLD_RECOVERED,7.9553,11.0852,0.458,0.8823,MULTI_DOSE_HILL
CAGAGUCUACCCAACAGCUUA,UAAGCUGUUGGGUAGACUCUGUG,csasgaguCfuAfCfCfcaacagcuuaL96,PlusAfsagcUguuggguAfgAfcucugsusg,GOLD_RECOVERED,10.021,0.0953,0.551,0.881,MULTI_DOSE_HILL
CAGCACUGAGUGAAGAAAUUU,AUUUCUUCACUCAGUGCUGUU,fCpsmApsfGmCfAmCfUmGfAmGfUmGfAmAfGmAfAmAfUpsmUpsmU,mApsfUpsmUfUmCfUmUfCmAfCmUfCmAfGmUfGmCfUmGpsmUpsmU,GOLD_RECOVERED,9.1007,0.7931,1.111,0.8672,MULTI_DOSE_HILL
CAGCCUCUGAGCUGAGUUGGU,ACCAACUCAGCUCAGAGGCUGGG,csasgccuCfuGfAfGfcugaguugguL96,asCfscaaCfuCfAfgcucAfgAfggcugsgsg,GOLD_RECOVERED,8.0648,8.6147,0.859,0.8568,MULTI_DOSE_HILL
CAGGAUGAUUGUACAGAAUCA,UGAUUCUGUACAAUCAUCCUGCA,csasgga(Uhd)GfaUfUfGfuacagaaucaL96,VPusGfsauuCfuGfUfacaaUfcAfuccugscsa,GOLD_RECOVERED,10.4631,0.0344,0.685,0.7721,MULTI_DOSE_HILL
CAGGCAGACUACUUAUGAA,UUCAUAAGUAGUCUGCCUGTT,csasggcaGfaCfUfAfcuuaugaaL96,PlusUfscauAaguagucUfgCfcugsTsT,GOLD_RECOVERED,10.1718,0.0673,2.8,0.8333,MULTI_DOSE_HILL
CAGGCAGACUACUUAUGAA,UUCAUAAGUAGUCUGCCUGTT,csasggcaGfaCfUfAfcuuaugaaL96,PlusUfscauAfaGfUfagucUfgCfcugsTsT,GOLD_RECOVERED,10.2885,0.0515,2.8,0.8293,MULTI_DOSE_HILL
CAGGCAGACUACUUAUGAAUU,AAUUCAUAAGUAGUCUGCCUGCC,csasggcaGfaCfUfAfcuuaugaauuL96,PlasAfsuucAfuaaguagUfcUfgccugscsc,GOLD_RECOVERED,11.7815,0.0017,0.4,0.9319,MULTI_DOSE_HILL
CAGGCAUUGCUGCCUCUUUCU,AGAAAGAGGCAGCAAUGCCUGGG,csasggcauuGfCfUfgccucuuucuL96,asdGsaadAgdAggcadGcAfaugccugsgsg,GOLD_RECOVERED,8.2468,5.6645,2.8,1.0,MULTI_DOSE_HILL
CAGGCUGUGACAGGAUGGAAU,ATUCCATCCUGTCACAGCCUGCA,csasggcuguGfAfCfaggauggaauL96,asdTsucdCadTccugdTcAfcagccugscsa,GOLD_RECOVERED,11.6617,0.0022,0.4,0.7951,MULTI_DOSE_HILL
CAGGUCCUCUCAGAUCUUGUU,AACAAGAUCUGAGAGGACCUGCA,csasggucCfuCfUfCfagaucuuguuL96,asAfscaaGfaUfCfugagAfgGfaccugscsa,GOLD_RECOVERED,8.8841,1.3058,1.493,0.8567,MULTI_DOSE_HILL
CAGUAAGAGGUGUUAUUUGGA,UCCAAATAACACCUCUUACUGAU,csasguaagaGfGfUfguuauuugsgsa,VPudCcadAadTaacadCcUfcuuacugsasu,GOLD_RECOVERED,11.3768,0.0042,0.4,0.9061,MULTI_DOSE_HILL
CAUCACAGAUGCUGAAACAUA,UAUGTUTCAGCAUCUGUGAUGGU,csasucacAfgAfUfGfcugaaacasusa,VPuAfugdTu(Tgn)cagcauCfuGfugaugsgsu,GOLD_RECOVERED,11.9988,0.001,0.4,0.9179,MULTI_DOSE_HILL
CAUCAGCAUGCGUUAAUUCAU,AUGAAUUAACGCAUGCUGAUGUA,csasucagCfaUfGfCfguuaauucauL96,asUfsgaaUfuAfAfcgcaUfgCfugaugsusa,GOLD_RECOVERED,8.7356,1.8382,0.702,0.825,MULTI_DOSE_HILL
CAUCUGUGCUCUUCGUCAUCA,UGAUGACGAAGAGCACAGAUGGC,csasucugUfgCfUfCfuucgucauscsa,VPuGfaudGa(C2p)gaagagCfaCfagaugsgsc,GOLD_RECOVERED,10.6295,0.0235,2.8,0.8502,MULTI_DOSE_HILL
CAUGGACUAUCCUCUUGUA,UACAAGAGGAUAGUCCAUGUU,mCmAfUmGfGmAfCfUfAmUfCmCfUmCfUmUfGmUfA,fU*fA*mCfAmAfGmAfGmGfAmUmAmGfUmCfCmAfUmG*mU*mU,GOLD_RECOVERED,9.732,0.1854,0.725,0.7603,MULTI_DOSE_HILL
CAUGGUCAGUAAAAGCAAAGA,UCUUTGCUUUUACUGACCAUGCG,csasugg(Uhd)CfaGfUfAfaaagcaaagaL96,VPusCfsuudTg(C2p)uuuuacUfgAfccaugscsg,GOLD_RECOVERED,9.9931,0.1016,2.8,0.8276,MULTI_DOSE_HILL
CCAAAACAACCAUCACCGUGU,ACACGGUGAUGGUUGUUUUGGUU,fCpsmCpsfAmAfAmAfCmAfAmCfCmAfUmCfAmCfCmGfUmGpsfU,vmApsfCpsmAfCmGfGmUfGmAfUmGfGmUfUmGfUmUfUmUfGmGpsmUpsmU,GOLD_RECOVERED,8.8391,1.4485,1.103,0.917,MULTI_DOSE_HILL
CCAAAGACGAAGUCGUGGAUU,UCCACGACUUCGUCUUUGGUU,fCpsmCpsfAmAfAmGfAmCfGmAfAmGfUmCfGmUfGmGfApsmUpsmU,mUpsfCpsmCfAmCfGmAfCmUfUmCfGmUfCmUfUmUfGmGpsmUpsmU,GOLD_RECOVERED,6.2702,536.7787,0.4,0.7527,MULTI_DOSE_HILL
CCAACUUUUCUAGACCUGUUU,AAACAGGUCUAGAAAAGUUGGCU,cscsaacuUuUCUagaccuguuu,asAsacagGucuaGaAaAguuggscsu,GOLD_RECOVERED,8.1304,7.4058,1.632,0.9747,MULTI_DOSE_HILL
CCAAGCUCAGUCUACGCCUUU,AGGCGUAGACUGAGCUUGGUU,fCpsmCpsfAmAfGmCfUmCfAmGfUmCfUmAfCmGfCmCfUpsmUpsmU,mApsfGpsmGfCmGfUmAfGmAfCmUfGmAfGmCfUmUfGmGpsmUpsmU,GOLD_RECOVERED,8.2581,5.52,0.558,0.8308,MULTI_DOSE_HILL
CCAAUGUCCACCAGCUCAUUU,AUGAGCUGGUGGACAUUGGUU,fCpsmCpsfAmAfUmGfUmCfCmAfCmCfAmGfCmUfCmAfUpsmUpsmU,mApsfUpsmGfAmGfCmUfGmGfUmGfGmAfCmAfUmUfGmGpsmUpsmU,GOLD_RECOVERED,8.1272,7.4611,0.413,0.8993,MULTI_DOSE_HILL
CCACAGAUGCUUGUGAUUUUU,AAAAAUCACAAGCAUCUGUGGAA,cscsacagauGfCfUfugugauuuuuL96,asdAsaadAudCacaadGcAfucuguggsasa,GOLD_RECOVERED,11.357,0.0044,0.4,1.0,MULTI_DOSE_HILL
CCACCUCGUCAUCCACAAUGU,ACAUUGUGGAUGACGAGGUGGAA,cscsaccuCfgUfCfAfuccacaauguL96,asCfsauuGfuGfGfaugaCfgAfgguggsasa,GOLD_RECOVERED,9.8525,0.1404,0.4,0.8087,MULTI_DOSE_HILL
CCAUCUGUGCUCUUCGUCAUA,UAUGACGAAGAGCACAGAUGGCA,cscsaucuguGfCfUfcuucgucasusa,VPudAugdAcdGaagadGcAfcagauggscsa,GOLD_RECOVERED,12.0,0.001,0.506,0.8875,MULTI_DOSE_HILL
CCAUUGCGAUUGUCCAGAU,AUCUGGACAAUCGCAAUGG,cscsauugCfgAfUfUfguccagauL96,asUfscugGf(Agn)caaucgCfaAfugg,GOLD_RECOVERED,7.3251,47.3046,0.478,0.8525,MULTI_DOSE_HILL
CCCAAGCUCGCAUGGUCAGUA,UACUGACCAUGCGAGCUUGGGUC,cscscaag(Chd)uCfGfCfauggucaguaL96,VPusAfscudGa(C2p)caugcgAfgCfuugggsusc,GOLD_RECOVERED,9.8772,0.1327,2.8,0.9838,MULTI_DOSE_HILL
CCCAUUAGGAUAAUGUCUUAU,AUAAGACAUUAUCCUAAUGGGUA,cscscauuAfgGfAfUfaaugucuuauL96,asUfsaagAfcAfUfuaucCfuAfaugggsusa,GOLD_RECOVERED,9.2343,0.583,0.642,0.8072,MULTI_DOSE_HILL
CCCUCAUCUCCAGCUAACUGU,ACAGUUAGCUGGAGAUGAGGGCC,cscscucaUcUCCagcuaacugu,asCsaguuAgcugGaGaUgagggscsc,GOLD_RECOVERED,6.3987,399.293,0.43,0.8356,MULTI_DOSE_HILL
CCCUUACUGACUGUUUCGUGU,ACACGAAACAGUCAGUAAGGGAC,cscscuuaCfuGfAfCfuguuucguguL96,asCfsacgAfaAfCfagucAfgUfaagggsasc,GOLD_RECOVERED,8.2225,5.9916,0.655,0.8082,MULTI_DOSE_HILL
CCGACUCCCACUACAUCAA,UUGAUGUAGUGGGAGUCGGUU,mCmCfGmAfCmUfCfCfCmAfCmUfAmCfAmUfCmAfA,fU*fU*mGfAmUfGmUfAmGfUmGmGmGfAmGfUmCfGmG*mU*mU,GOLD_RECOVERED,9.9399,0.1148,0.456,0.8518,MULTI_DOSE_HILL
CCUCUCCCCAACGGCUGUCUU,AAGACAGCCGUTGGGGAGAGGAC,cscsucucccCfAfAfcggcugucuuL96,asdAsgadCadGccgudTgGfggagaggsasc,GOLD_RECOVERED,11.6227,0.0024,0.4,0.901,MULTI_DOSE_HILL
CCUGAGGGCCACCAUCCUCUU,AAGAGGAUGGUGGCCCUCAGGCU,cscsugagggCfCfAfccauccucuuL96,asdAsgadGgdAuggudGgCfccucaggscsu,GOLD_RECOVERED,11.9116,0.0012,0.4,0.7573,MULTI_DOSE_HILL
CCUGCAAAAAUUGAGCAAUGU,ACAUTGCUCAATUUUUGCAGGUU,cscsugcaaaAfAfUfugagcaauguL96,asdCsaudTgdCucaadTuUfuugcaggsusu,GOLD_RECOVERED,12.0,0.001,0.698,0.8738,MULTI_DOSE_HILL
CCUGUGCAGCUGGAAUUCUUA,UAAGAATUCCAGCUGCACAGGUG,cscsugugcaGfCfUfggaauucususa,VPudAagdAadTuccadGcUfgcacaggsusg,GOLD_RECOVERED,12.0,0.001,0.716,0.8221,MULTI_DOSE_HILL
CCUUCCUAGAGCUUAAGAUCU,AGAUCUTAAGCUCUAGGAAGGGC,cscsuuccUfaGfAfGfcuuaagaucuL96,asGfsaudCu(Tgn)aagcucUfaGfgaaggsgsc,GOLD_RECOVERED,8.4086,3.9033,0.537,0.8366,MULTI_DOSE_HILL
CCUUGUGUUAGUAAUAAACGU,ACGUTUAUUACTAACACAAGGGA,cscsuuguguUfAfGfuaauaaacguL96,asdCsgudTudAuuacdTaAfcacaaggsgsa,GOLD_RECOVERED,9.8531,0.1402,0.551,0.9305,MULTI_DOSE_HILL
CCUUGUGUUAGUAAUAAACGU,ACGUUUAUUACUAACACAAGGGA,cscsuuguGfuUfAfGfuaauaaacguL96,asCfsguuUfaUfUfacuaAfcAfcaaggsgsa,GOLD_RECOVERED,9.1727,0.6719,0.4,0.7726,MULTI_DOSE_HILL
CGAAGUCGUGGAUGCCUUGGU,ACCAAGGCAUCCACGACUUCGUU,fCpsmGpsfAmAfGmUfCmGfUmGfGmAfUmGfCmCfUmUfGmGpsfU,vmApsfCpsmCfAmAfGmGfCmAfUmCfCmAfCmGfAmCfUmUfCmGpsmUpsmU,GOLD_RECOVERED,8.0447,9.0209,0.4,0.7618,MULTI_DOSE_HILL
CGAGCUGAACCUGCAAAAAUU,AAUUUUUGCAGGUUCAGCUCGGU,csgsagcuGfaAfCfCfugcaaaaauuL96,asAfsuuuUfuGfCfagguUfcAfgcucgsgsu,GOLD_RECOVERED,12.0,0.001,0.701,0.8732,MULTI_DOSE_HILL
CGGUUUGUAUUUAGUGUCUUU,AAAGACACUAAAUACAAACCGAA,csgsguuuGfuAfUfUfuagugucuuuL96,asAfsagaCfaCfUfaaauAfcAfaaccgsasa,GOLD_RECOVERED,9.1314,0.7389,0.4,0.7533,MULTI_DOSE_HILL
CGUAAGAAGUCUGAUAGAUGA,UCAUCUAUCAGACUUCUUACG,NAG37s-IBs-CmGmUmAmAmGmAmAmGfUmCfUmGfAmUmAmGmAmUmGmAms,UmsCfsAmsUfCmUfAmUmCmAmGmAfCmUfUmCfUmUfAmCfsGm,GOLD_RECOVERED,10.2183,0.0605,0.623,0.8155,MULTI_DOSE_HILL
CGUACCAUGCAGAAUACAAAA,UUUUGUAUUCUGCAUGGUACGUA,csgsuaccAfuGfCfAfgaauacaasasa,VPuUfuudGu(Agn)uucugcAfuGfguacgsusa,GOLD_RECOVERED,10.2912,0.0511,1.832,1.0,MULTI_DOSE_HILL
CGUAGACUUCCAGGAACUGGU,ACCAGUTCCUGGAAGUCUACGUA,csgsuagacuUfCfCfaggaacugguL96,asdCscadGudTccugdGaAfgucuacgsusa,GOLD_RECOVERED,7.3411,45.5891,0.461,0.8919,MULTI_DOSE_HILL
CGUAGUGUUAAGUUAUAGUGA,UCACTATAACUTAACACUACGAG,csgsuaguguUfAfAfguuauagusgsa,VPudCacdTadTaacudTaAfcacuacgsasg,GOLD_RECOVERED,11.4614,0.0035,0.4,0.9013,MULTI_DOSE_HILL
CGUAUGCAGAAUAUUCAAA,UUUGAAUAUUCUGCAUACGUU,mCmGfUmAfUmGfCfAfGmAfAmUfAmUfUmCfAmAfA,fU*fU*mUfGmAfAmUfAmUfUmCmUmGfCmAfUmAfCmG*mU*mU,GOLD_RECOVERED,10.4281,0.0373,0.4,0.8707,MULTI_DOSE_HILL
CGUUGGUGAAGUUUUUCAU,AUGAAAAACUUCACCAACGTT,csgsuuggUfgAfAfGfuuuuucauL96,PlasUfsgaaAaacuucaCfcAfacgsTsT,GOLD_RECOVERED,11.3203,0.0048,0.4,0.814,MULTI_DOSE_HILL
CGUUGGUGAAGUUUUUCAUUC,GAAUGAAAAACUUCACCAACGAC,csgsuuggUfgAfAfGfuuuuucauucL96,PlgsAfsaugAfaAfAfacuuCfaCfcaacgsasc,GOLD_RECOVERED,11.1958,0.0064,0.4,0.8508,MULTI_DOSE_HILL
CGUUGUUACCUGUUGAAUUUU,AAAAUUCAACAGGUAACAACGCU,csgsuuguUfaCfCfUfguugaauuuuL96,asAfsaauUfcAfAfcaggUfaAfcaacgscsu,GOLD_RECOVERED,8.752,1.77,0.726,0.7678,MULTI_DOSE_HILL
CGUUUCUCCUUGGUCUAAA,UUUAGACCAAGGAGAAACGGC,CmsGmsUmUmUmCmUfCfCfUmUmGmGmUmCmUmAmAmAm(-NAG0052'),UmsUfsUmAfGmAf(-)hmpNA(C)CmAmAfGmGfAmGfAmAfAmCfGmsGmsCm,GOLD_RECOVERED,10.6733,0.0212,0.912,0.8741,MULTI_DOSE_HILL
CUACAAACCAGUUGACCUGAA,UUCAGGTCAACUGGUUUGUAGAC,csusaca(Ahd)AfcCfAfGfuugaccugaaL96,VPusUfscadGg(Tgn)caacugGfuUfuguagsasc,GOLD_RECOVERED,9.1055,0.7844,0.904,0.8726,MULTI_DOSE_HILL
CUACCACGUCGGGGCGACCUU,GGUCGCCCCGACGUGGUAGUU,fCpsmUpsfAmCfCmAfCmGfUmCfGmGfGmGfCmGfAmCfCpsmUpsmU,mGpsfGpsmUfCmGfCmCfCmCfGmAfCmGfUmGfGmUfAmGpsmUpsmU,GOLD_RECOVERED,4.8029,15743.1051,0.4,0.8498,MULTI_DOSE_HILL
CUAGGACAUUUUUGGAUCACA,UGUGAUCCAAAAAUGUCCUAGUU,Mod001L001mC*SmUmAmGmGmAfCmAfUfUfUmUmUmGmGmAmUmCmAmC*SmA,mU*RfG*SmUn001SmGmAfUmCmCmAmAn001SmAmAmAfUmGfUmCmCmUmAmG*SmU*SmU,GOLD_RECOVERED,9.1486,0.7102,0.41,0.8145,MULTI_DOSE_HILL
CUAUUAAUGGUCAGACUGUUU,AAACAGUCUGACCAUUAAUAGGG,csusauuaAfuGfGfUfcagacuguuuL96,asAfsacaGfuCfUfgaccAfuUfaauagsgsg,GOLD_RECOVERED,9.21,0.6166,0.654,0.7758,MULTI_DOSE_HILL
CUCGCAUGGUCAGUAAAAGCA,UGCUTUTACUGACCAUGCGAGCU,csuscgc(Ahd)ugGfUfCfaguaaaagcaL96,VPusdGscudTudTacugdAcCfaugcgagscsu,GOLD_RECOVERED,8.5941,2.5463,0.579,0.8124,MULTI_DOSE_HILL
CUCGUAGUGUUAAGUUAUAGA,UCUATAACUUAACACUACGAGAG,csuscguaguGfUfUfaaguuauasgsa,VPudCuadTadAcuuadAcAfcuacgagsasg,GOLD_RECOVERED,12.0,0.001,0.4,0.8664,MULTI_DOSE_HILL
CUCUAUAUUUCCUCCCUUA,UAAGGGAGGAAAUAUAGAGUU,mCmUfCmUfAmUfAfUfUmUfCmCfUmCfCmCfUmUfA,fU*fA*mAfGmGfGmAfGmGfAmAmAmUfAmUfAmGfAmG*mU*mU,GOLD_RECOVERED,9.603,0.2495,0.695,0.761,MULTI_DOSE_HILL
CUCUCCACCUUUCCCAGUUUU,AAAACUGGGAAAGGUGGAGAGCC,csuscuccAfcCfUfUfucccaguuuuL96,asAfsaacUfgGfGfaaagGfuGfgagagscsc,GOLD_RECOVERED,8.3143,4.8498,0.591,0.7669,MULTI_DOSE_HILL
CUGAACAGCAUUUUUUUUGAU,ATCAAAAAAAATGCUGUUCAGCA,csusgaacagCfAfUfuuuuuuugauL96,asdTscadAadAaaaadTgCfuguucagscsa,GOLD_RECOVERED,12.0,0.001,0.872,0.8383,MULTI_DOSE_HILL
CUGAAGCAGCCGUUUGUGCAU,ATGCACAAACGGCUGCUUCAGGU,csusgaagcaGfCfCfguuugugcauL96,asdTsgcdAcdAaacgdGcUfgcuucagsgsu,GOLD_RECOVERED,11.2441,0.0057,0.4,0.8044,MULTI_DOSE_HILL
CUGACACACUAACCAAGCUGA,UCAGCUUGGUUAGUGUGUCAGGC,csusgacaCfaCfUfAfaccaagcugaL96,VPusCfsagcUfuGfGfuuagUfgUfgucagsgsc,GOLD_RECOVERED,9.8935,0.1278,0.6,0.9189,MULTI_DOSE_HILL
CUGACCAGUCGUCCCAGAAUU,AAUUCUGGGACGACUGGUCAGGU,csusgaccagUfCfGfucccagaauuL96,asdAsuudCudGggacdGaCfuggucagsgsu,GOLD_RECOVERED,9.1918,0.643,1.625,0.9072,MULTI_DOSE_HILL
CUGAGAAGCUUGACUUCAAGA,UCUUGAAGUCAAGCUUCUCAGAU,csusgag(Ahd)AfgCfUfUfgacuucaagaL96,VPusCfsuudGa(Agn)gucaagCfuUfcucagsasu,GOLD_RECOVERED,7.4812,33.0186,0.45,0.8607,MULTI_DOSE_HILL
CUGAGAUUGCACCAUUUCAUU,AAUGAAAUGGUGCAAUCUCAGCU,csusgagaUfuGfCfAfccauuucauuL96,asAfsugaAfaUfGfgugcAfaUfcucagscsu,GOLD_RECOVERED,7.2506,56.161,0.829,0.7748,MULTI_DOSE_HILL
CUGAUAGAUGGAAUACUUA,UAAGUAUUCCAUCUAUCAGUU,mCmUfGmAfUmAfGfAfUmGfGmAfAmUfAmCfUmUfA,fU*fA*mAfGmUfAmUfUmCfCmAmUmCfUmAfUmCfAmG*mU*mU,GOLD_RECOVERED,9.7785,0.1665,2.8,0.8121,MULTI_DOSE_HILL
CUGAUGGGGAAAACGUUCUUU,AGAACGUUUUCCCCAUCAGUU,fCpsmUpsfGmAfUmGfGmGfGmAfAmAfAmCfGmUfUmCfUpsmUpsmU,mApsfGpsmAfAmCfGmUfUmUfUmCfCmCfCmAfUmCfAmGpsmUpsmU,GOLD_RECOVERED,7.917,12.1063,0.678,0.9153,MULTI_DOSE_HILL
CUGCUACAGCAAUUUCUAAUA,UAUUAGAAAUUGCUGUAGCAGUA,csusgcuacaGfCfAfauuucuaasusa,VPudAuudAgdAaauudGcUfguagcagsusa,GOLD_RECOVERED,11.6853,0.0021,0.4,0.8159,MULTI_DOSE_HILL
CUGGCCAACUUCUUGGGCUUU,AAAGCCCAAGAAGUUGGCCAGCA,csusggccaaCfUfUfcuugggcuuuL96,asdAsagdCcdCaagadAgUfuggccagscsa,GOLD_RECOVERED,10.8709,0.0135,0.4,0.874,MULTI_DOSE_HILL
CUGGCCAUCUUUAAGUCUGGA,UCCAGACUUAAAGAUGGCCAGUA,csusggccauCfUfUfuaagucugsgsa,VPudCcadGadCuuaadAgAfuggccagsusa,GOLD_RECOVERED,11.9103,0.0012,0.4,0.9096,MULTI_DOSE_HILL
CUGGUGUCUGACUUUCGGUCC,GGACCGAAAGUCAGACACCAGUU,fCpsmUpsfGmGfUmGfUmCfUmGfAmCfUmUfUmCfGmGfUmCpsfC,vmGpsfGpsmAfCmCfGmAfAmAfGmUfCmAfGmAfCmAfCmCfAmGpsmUpsmU,GOLD_RECOVERED,9.2046,0.6243,1.446,0.9832,MULTI_DOSE_HILL
CUGGUGUCUGACUUUCGGUUU,ACCGAAAGUCAGACACCAGUU,fCpsmUpsfGmGfUmGfUmCfUmGfAmCfUmUfUmCfGmGfUpsmUpsmU,mApsfCpsmCfGmAfAmAfGmUfCmAfGmAfCmAfCmCfAmGpsmUpsmU,GOLD_RECOVERED,9.4446,0.3592,0.4,0.9492,MULTI_DOSE_HILL
CUGUGCUGUAACACAAGUAGA,UCUACUTGUGUUACAGCACAGCU,csusgug(Chd)UfgUfAfAfcacaaguagaL96,VPusCfsuacu(Tgn)guguuaCfaGfcacagscsu,GOLD_RECOVERED,10.143,0.0719,2.433,0.7506,MULTI_DOSE_HILL
CUGUUUUGCUUUUGUAACUUG,CAAGUUACAAAAGCAAAACAGGU,csusguuuUgCUUuuguaacuug,csAsaguuAcaaaAgCaAaacagsgsu,GOLD_RECOVERED,6.7677,170.7267,0.4,0.8635,MULTI_DOSE_HILL
CUUAGUUUUUUCCACAGAUGU,ACAUCUGUGGAAAAAACUAAGGU,csusuaguuuUfUfUfccacagauguL96,asdCsaudCudGuggadAaAfaacuaagsgsu,GOLD_RECOVERED,10.6536,0.0222,0.4,0.7834,MULTI_DOSE_HILL
CUUAUCCCUCCUUCCUUCAGU,ACUGAAGGAAGGAGGGAUAAGGC,csusuaucCfcUfCfCfuuccuucaguL96,asCfsugaAfggaaggaGfgGfauaagsgsc,GOLD_RECOVERED,10.2838,0.052,0.4,0.8039,MULTI_DOSE_HILL
CUUCCCGUGAAUGGAGAGUUU,AAACUCTCCAUUCACGGGAAGGA,csusucc(Chd)GfuGfAfAfuggagaguuuL96,asAfsacuc(Tgn)ccauucAfcGfggaagsgsa,GOLD_RECOVERED,8.2629,5.4593,1.697,0.7944,MULTI_DOSE_HILL
CUUCCUGGGCUUCUACCACGU,ACGUGGUAGAAGCCCAGGAAGUU,fCpsmUpsfUmCfCmUfGmGfGmCfUmUfCmUfAmCfCmAfCmGpsfU,vmApsfCpsmGfUmGfGmUfAmGfAmAfGmCfCmCfAmGfGmAfAmGpsmUpsmU,GOLD_RECOVERED,8.4715,3.3769,1.604,0.9392,MULTI_DOSE_HILL
CUUGAACCUGGCUUAUUUUCU,AGAAAAUAAGCCAGGUUCAAGUU,csusugaaCfcUfGfGfcuuauuuucuL96,asGfsaaaAfuAfAfgccaGfgUfucaagsusu,GOLD_RECOVERED,8.0922,8.0878,0.658,0.8971,MULTI_DOSE_HILL
CUUGCUACCCAUUAGGAUAAU,AUUAUCCUAAUGGGUAGCAAGUU,csusugcuAfcCfCfAfuuaggauaauL96,asUfsuauCfcUfAfauggGfuAfgcaagsusu,GOLD_RECOVERED,8.7466,1.7921,0.578,0.7929,MULTI_DOSE_HILL
CUUGGGCAAUAAAGUACCUGU,ACAGGUACUUUAUUGCCCAAGAA,csusugggCfaAfUfAfaaguaccuguL96,asCfsaggUfaCfUfuuauUfgCfccaagsasa,GOLD_RECOVERED,8.4579,3.4844,0.856,0.9124,MULTI_DOSE_HILL
CUUUCGGUCCAAAGACGAAGU,ACUUCGTCUUUGGACCGAAAGUC,csusuucgGfuCfCfAfaagacgaaguL96,asCfsuucg(Tgn)cuuuggAfcCfgaaagsusc,GOLD_RECOVERED,7.7668,17.1084,0.4,0.8954,MULTI_DOSE_HILL
CUUUUGCAUGGACUAUCCA,UGGAUAGUCCAUGCAAAAGUU,mCmUfUmUfUmGfCfAfUmGfGmAfCmUfAmUfCmCfA,fU*fG*mGfAmUfAmGfUmCfCmAmUmGfCmAfAmAfAmG*mU*mU,GOLD_RECOVERED,9.3762,0.4206,1.147,0.8751,MULTI_DOSE_HILL
GAAAGAAGUGGGUGAUGUA,UACAUCACCCACUUCUUUCTT,gsasaagaAfgUfGfGfgugauguaL96,PlusAfscauCfaCfCfcacuUfcUfuucsTsT,GOLD_RECOVERED,11.425,0.0038,0.4,0.87,MULTI_DOSE_HILL
GAACACUAAUUCAUAAUCACA,UGUGAUTAUGAAUUAGUGUUCUA,gsasacacuaAfUfUfcauaaucascsa,VPudGugdAudTaugadAuUfaguguucsusa,GOLD_RECOVERED,11.2206,0.006,0.4,0.9145,MULTI_DOSE_HILL
GAACAUGACCUCCGUGUAGUU,AACUACACGGAGGUCAUGUUCUU,gsasacauGfaCfCfUfccguguaguuL96,asAfscuaCfaCfGfgaggUfcAfuguucsusu,GOLD_RECOVERED,8.0934,8.0655,0.443,0.8215,MULTI_DOSE_HILL
GAACCGCCCAUUCCUGUUUGU,ACAAACAGGAATGGGCGGUUCAG,gsasaccgccCfAfUfuccuguuuguL96,asdCsaadAcdAggaadTgGfgcgguucsasg,GOLD_RECOVERED,11.3526,0.0044,0.4,0.8585,MULTI_DOSE_HILL
GAACUGUACUGGCUAUUAA,UUAAUAGCCAGUACAGUUCUU,mGmAfAmCfUmGfUfAfCmUfGmGfCmUfAmUfUmAfA,fU*fU*mAfAmUfAmGfCmCfAmGmUmAfCmAfGmUfUmC*mU*mU,GOLD_RECOVERED,9.4862,0.3264,0.478,0.7574,MULTI_DOSE_HILL
GAAGAGAUUACCAAGACAUUU,AAAUGUCUUGGUAAUCUCUUCAU,gsasagagAfuUfAfCfcaagacauuuL96,PlasAfsaugUfcuugguaAfuCfucuucsasu,GOLD_RECOVERED,10.6003,0.0251,0.4,0.9017,MULTI_DOSE_HILL
GAAGUCGUGGAUGCCUUGGUU,CCAAGGCAUCCACGACUUCUU,fGpsmApsfAmGfUmCfGmUfGmGfAmUfGmCfCmUfUmGfGpsmUpsmU,mCpsfCpsmAfAmGfGmCfAmUfCmCfAmCfGmAfCmUfUmCpsmUpsmU,GOLD_RECOVERED,7.824,14.9968,0.45,0.905,MULTI_DOSE_HILL
GAAUCUGCCAUUGCGAUUGU(invAb),AACAAUCGCAAUGGCAGAUUCUU,(sGalNAc3)gaaucuGfcCfAfUfUfgcgauugus(invAb),asAfscaauCfgcaaugGfcAfgauucsusu,GOLD_RECOVERED,9.336,0.4613,2.484,0.8343,MULTI_DOSE_HILL
GAAUGCUUUUGCAUGGACA,UGUCCAUGCAAAAGCAUUCUU,mGmAfAmUfGmCfUfUfUmUfGmCfAmUfGmGfAmCfA,fU*fG*mUfCmCfAmUfGmCfAmAmAmAfGmCfAmUfUmC*mU*mU,GOLD_RECOVERED,9.2819,0.5225,0.689,0.8216,MULTI_DOSE_HILL
GAAUGGGGGUGGGGAGGCAAU,ATUGCCTCCCCACCCCCAUUCUC,gsasauggggGfUfGfgggaggcaauL96,asdTsugdCcdTccccdAcCfcccauucsusc,GOLD_RECOVERED,9.2431,0.5714,0.826,0.7928,MULTI_DOSE_HILL
GACAUCUGCCCUAAAGUCAA(invAb),AUUGACUUUAGGGCAGAUGUC,(sGalNAc3)gacaucUfgCfCfCfUfaaagucaas(invAb),asUfsugacUfuuagGfgCfaGfaugsusc,GOLD_RECOVERED,9.3336,0.4638,1.806,0.8318,MULTI_DOSE_HILL
GACCCAAGCUCGCAUGGUCAA,UUGACCAUGCGAGCUUGGGUCAC,gsasccc(Ahd)AfgCfUfCfgcauggucaaL96,VPusUfsgadCc(Agn)ugcgagCfuUfgggucsasc,GOLD_RECOVERED,8.0248,9.446,0.533,0.9007,MULTI_DOSE_HILL
GACGAAGUCGUGGAUGCCUUU,AAAGGCAUCCACGACUUCGUCUU,gsascgaaGfuCfGfUfggaugccuuuL96,asAfsaggc(Agn)uccacgAfcUfucgucsusu,GOLD_RECOVERED,8.3879,4.0938,1.027,0.9269,MULTI_DOSE_HILL
GACGAAGUCGUGGAUGCCUUU,AGGCAUCCACGACUUCGUCUU,fGpsmApsfCmGfAmAfGmUfCmGfUmGfGmAfUmGfCmCfUpsmUpsmU,mApsfGpsmGfCmAfUmCfCmAfCmGfAmCfUmUfCmGfUmCpsmUpsmU,GOLD_RECOVERED,8.6564,2.2059,0.747,0.9485,MULTI_DOSE_HILL
GACUACUUAUGAAUUUGCAAA,UUUGCAAAUUCAUAAGUAGUCUG,gsascuacUfuAfUfGfaauuugcaaaL96,PlusUfsugcAfaauucauAfaGfuagucsusg,GOLD_RECOVERED,10.3039,0.0497,2.8,0.7922,MULTI_DOSE_HILL
GAGAACAAAAAUUGGGUUUUU,AAAAACCCAAUUUUUGUUCUCAA,gsasgaacAfaAfAfAfuuggguuuuuL96,asAfsaaaCfcCfAfauuuUfuGfuucucsasa,GOLD_RECOVERED,12.0,0.001,0.874,0.8379,MULTI_DOSE_HILL
GAGAAGCUUGACUUCAAGGAA,UUCCTUGAAGUCAAGCUUCUCAG,gsasgaag(Chd)uUfGfAfcuucaaggaaL96,VPusUfsccdTu(G2p)aagucaAfgCfuucucsasg,GOLD_RECOVERED,9.9693,0.1073,2.8,0.8549,MULTI_DOSE_HILL
GAGGACCAGGUGGUGGUUAAA,UUUAACCACCACCUGGUCCUCGU,gsasggacCfaGfGfUfggugguuasasa,VPuUfuadAc(C2p)accaccUfgGfuccucsgsu,GOLD_RECOVERED,10.4616,0.0345,0.4,0.848,MULTI_DOSE_HILL
GAGGGUAUUUGAAGUAUACCA,UGGUAUACUUCAAAUACCCUCAG,gsasggguAfuUfUfGfaaguauacscsa,VPuGfgudAu(Agn)cuucaaAfuAfcccucsasg,GOLD_RECOVERED,10.4651,0.0343,0.568,0.9978,MULTI_DOSE_HILL
GAGGUGCUGAACAGCAUUUUU,AAAAAUGCUGUTCAGCACCUCCC,gsasggugcuGfAfAfcagcauuuuuL96,asdAsaadAudGcugudTcAfgcaccucscsc,GOLD_RECOVERED,12.0,0.001,0.872,0.8383,MULTI_DOSE_HILL
GAGUUGGUUUUAUGAAAAGCU,AGCUUUUCAUAAAACCAACUCAG,gsasguugGfuUfUfUfaugaaaagcuL96,asGfscuuUfucauaaaAfcCfaacucsasg,GOLD_RECOVERED,8.7673,1.7088,0.729,0.8556,MULTI_DOSE_HILL
GAGUUGGUUUUAUGAAAAU,AUUUTCAUAAAACCAACUCGG,gsasguUfggUfUfuuaugaaaauL96,asUfsuudTc(Agn)uaaaacCfadAcucsgsg,GOLD_RECOVERED,5.8716,1344.0307,2.8,0.7695,MULTI_DOSE_HILL
GAUAAAGGCUACUGUUGGAUA,UAUCCAACAGUAGCCUUUAUCAG,gsasuaaaggCfUfAfcuguuggasusa,VPudAucdCadAcagudAgCfcuuuaucsasg,GOLD_RECOVERED,12.0,0.001,0.403,0.7795,MULTI_DOSE_HILL
GAUAAUGUCUUAUGUAAUGC(invAb),AGCAUUACAUAAGACAUUAUCUU,(sGalNAc3)gauaauGfuCfUfUfAfuguaaugcs(invAb),asGfscauuAfcauaagAfcAfuuaucsusu,GOLD_RECOVERED,9.3703,0.4263,2.8,0.8952,MULTI_DOSE_HILL
GAUAAUGUCUUAUGUAAUGCU,AGCAUUACAUAAGACAUUAUCCU,gsasuaauGfuCfUfUfauguaaugcuL96,asGfscauUfaCfAfuaagAfcAfuuaucscsu,GOLD_RECOVERED,8.7179,1.9147,0.711,0.8041,MULTI_DOSE_HILL
GAUAUGCCUUCGAGGAUAUUU,AAAUAUCCUCGAAGGCAUAUCUC,gsasuaugCfcUfUfCfgaggauauuuL96,asAfsauau(Cgn)cucgaaGfgCfauaucsusc,GOLD_RECOVERED,7.5922,25.5715,0.682,0.9049,MULTI_DOSE_HILL
GAUCAUGUGUGGAAGUUAUUA,UAAUAACUUCCACACAUGAUCAC,gsasucauGfuGfUfGfgaaguuaususa,VPuAfaudAa(C2p)uuccacAfcAfugaucsasc,GOLD_RECOVERED,8.7554,1.7563,0.652,0.8366,MULTI_DOSE_HILL
GAUGAUAACCUUGACUACUAA,UUAGUAGUCAAGGUUAUCAUCUU,gsasugauAfaCfCfUfugacuacuaaL96,usUfsaguAfgUfCfaaggUfuAfucaucsusu,GOLD_RECOVERED,9.0537,0.8837,0.657,0.8461,MULTI_DOSE_HILL
GAUGUAGAAACAGCUCGUUGA,UCAACGAGCUGTUUCUACAUCAU,gsasuguagaAfAfCfagcucguusgsa,VPudCaadCgdAgcugdTuUfcuacaucsasu,GOLD_RECOVERED,12.0,0.001,0.967,0.8406,MULTI_DOSE_HILL
GAUUGACAGGUUCAUGCAGGU,ACCUGCAUGAACCUGUCAAUCUU,gsasuugacaGfGfUfucaugcagguL96,asdCscudGcdAugaadCcUfgucaaucsusu,GOLD_RECOVERED,10.6987,0.02,0.4,0.8806,MULTI_DOSE_HILL
GAUUGUCCAGAGACUGGUGAU,AUCACCAGUCUCUGGACAAUCGC,gsasuuguCfcAfGfAfgacuggugauL96,asUfscadCc(Agn)gucucuGfgAfcaaucsgsc,GOLD_RECOVERED,8.1195,7.5938,0.956,0.8717,MULTI_DOSE_HILL
GCAAGAUUUGCAACUUGCUAU,AUAGCAAGUUGCAAAUCUUGCUC,gscsaagaUfuUfGfCfaacuugcuauL96,asUfsagcAfaguugcaAfaUfcuugcsusc,GOLD_RECOVERED,8.9264,1.1846,0.715,0.8009,MULTI_DOSE_HILL
GCAAGAUUUGCAACUUGCUAU,AUAGCAAGUUGCAAAUCUUGCUC,gscsaagaUfuUfGfCfaacuugcuauL96,asUfsagdCa(Agn)guugcaAfaUfcuugcsusc,GOLD_RECOVERED,9.2978,0.5038,1.182,0.8703,MULTI_DOSE_HILL
GCAAUCCAGUUGACUUGAGCA,UGCUCAAGUCAACUGGAUUGUAG,gscsaau(Chd)caGfUfUfgacuugagcaL96,VPusGfscudCadAgucaacUfgGfauugusasg,GOLD_RECOVERED,10.1036,0.0788,2.8,0.9837,MULTI_DOSE_HILL
GCACAGGGAACCUCUACCUUU,AAAGGUAGAGGUUCCCUGUGCAG,gscsacagGfgAfAfCfcucuaccuuuL96,asAfsaggu(Agn)gagguuCfcCfugugcsasg,GOLD_RECOVERED,7.3776,41.9152,0.433,0.8313,MULTI_DOSE_HILL
GCAGUGGGUGACCUCACAGGU,ACCUGUGAGGUCACCCACUGCAA,gscsagugGfgUfGfAfccucacagguL96,asCfscugUfgaggucaCfcCfacugcsasa,GOLD_RECOVERED,6.9368,115.6741,1.081,0.8706,MULTI_DOSE_HILL
GCAUGCACAGUGAGCUAUGGU,ACCATAGCUCACUGUGCAUGCCA,gscsaugcacAfGfUfgagcuaugguL96,asdCscadTadGcucadCuGfugcaugcscsa,GOLD_RECOVERED,8.6523,2.2269,0.847,1.0,MULTI_DOSE_HILL
GCCCUGUACCCUGCCUGUGGA,UCCACAGGCAGGGUACAGGGCUU,fGpsmCpsfCmCfUmGfUmAfCmCfCmUfGmCfCmUfGmUfGmGpsfA,vmUpsfCpsmCfAmCfAmGfGmCfAmGfGmGfUmAfCmAfGmGfGmCpsmUpsmU,GOLD_RECOVERED,7.2341,58.3364,0.488,0.8562,MULTI_DOSE_HILL
GCCUGUGGAAUCUGCCAUUGC,GCAAUGGCAGAUUCCACAGGCUU,fGpsmCpsfCmUfGmUfGmGfAmAfUmCfUmGfCmCfAmUfUmGpsfC,vmGpsfCpsmAfAmUfGmGfCmAfGmAfUmUfCmCfAmCfAmGfGmCpsmUpsmU,GOLD_RECOVERED,8.0165,9.6269,0.495,0.8758,MULTI_DOSE_HILL
GCCUGUGGAAUCUGCCAUUUU,AAUGGCAGAUUCCACAGGCUU,fGpsmCpsfCmUfGmUfGmGfAmAfUmCfUmGfCmCfAmUfUpsmUpsmU,mApsfApsmUfGmGfCmAfGmAfUmUfCmCfAmCfAmGfGmCpsmUpsmU,GOLD_RECOVERED,9.2261,0.5941,0.848,0.8801,MULTI_DOSE_HILL
GCCUUGGUAUGUUCCUGCUUU,AGCAGGAACAUACCAAGGCUU,fGpsmCpsfCmUfUmGfGmUfAmUfGmUfUmCfCmUfGmCfUpsmUpsmU,mApsfGpsmCfAmGfGmAfAmCfAmUfAmCfCmAfAmGfGmCpsmUpsmU,GOLD_RECOVERED,8.2608,5.4855,0.803,0.8631,MULTI_DOSE_HILL
GCGGCUGGAGCUUGUCCUUCG,CGAAGGACAAGCUCCAGCCGCUU,fGpsmCpsfGmGfCmUfGmGfAmGfCmUfUmGfUmCfCmUfUmCpsfG,vmCpsfGpsmAfAmGfGmAfCmAfAmGfCmUfCmCfAmGfCmCfGmCpsmUpsmU,GOLD_RECOVERED,8.7323,1.8523,0.626,0.7987,MULTI_DOSE_HILL
GCUACCCAUUAGGAUAAUGUU,CAUUAUCCUAAUGGGUAGCUU,fGpsmCpsfUmAfCmCfCmAfUmUfAmGfGmAfUmAfAmUfGpsmUpsmU,mCpsfApsmUfUmAfUmCfCmUfAmAfUmGfGmGfUmAfGmCpsmUpsmU,GOLD_RECOVERED,8.6393,2.2946,0.545,0.8189,MULTI_DOSE_HILL
GCUAUCCAUCAGAUGAUCUAU,ATAGAUCAUCUGAUGGAUAGCUG,gscsuauccaUfCfAfgaugaucuauL96,asdTsagdAudCaucudGaUfggauagcsusg,GOLD_RECOVERED,8.7553,1.7568,0.741,0.9179,MULTI_DOSE_HILL
GCUCAACAUAUUUGAUCAGUA,UACUGAUCAAAUAUGUUGAGC,(NAG37)s(invAb)sgcucaacaUfAfUfuugaucaguas(invAb),usAfscsUfgAfuCfaAfaUfaUfgUfuGfaGfsc,GOLD_RECOVERED,9.7146,0.193,1.194,0.782,MULTI_DOSE_HILL
GCUCGCAUGGUCAGUAAAAGA,UCUUTUACUGACCAUGCGAGCUU,gscsucg(Chd)auGfGfUfcaguaaaagaL96,VPusCfsuudTu(Agn)cugadCcAfuGfcgagcsusu,GOLD_RECOVERED,9.3766,0.4202,0.401,0.7832,MULTI_DOSE_HILL
GCUGCUGAGAAGAUUGACA,UGUCAAUCUUCUCAGCAGC,GcuGcuGAGAAGAuuGAcAdTsdT,UGUcAAUCUUCUcAGcAGCdTsdT,GOLD_RECOVERED,12.0,0.001,0.772,0.7753,MULTI_DOSE_HILL
GCUGGAGCUUGUCCUUCGCGG,CCGCGAAGGACAAGCUCCAGCUU,fGpsmCpsfUmGfGmAfGmCfUmUfGmUfCmCfUmUfCmGfCmGpsfG,vmCpsfCpsmGfCmGfAmAfGmGfAmCfAmAfGmCfUmCfCmAfGmCpsmUpsmU,GOLD_RECOVERED,7.7246,18.8556,0.505,0.7502,MULTI_DOSE_HILL
GCUGGAGCUUGUCCUUCGCUU,GCGAAGGACAAGCUCCAGCUU,fGpsmCpsfUmGfGmAfGmCfUmUfGmUfCmCfUmUfCmGfCpsmUpsmU,mGpsfCpsmGfAmAfGmGfAmCfAmAfGmCfUmCfCmAfGmCpsmUpsmU,GOLD_RECOVERED,8.681,2.0847,1.705,0.9729,MULTI_DOSE_HILL
GCUUUAAAAUGGUUCCGACUU,AAGUCGGAACCAUUUUAAAGCUC,gscsuuuaAaAUGguuccgacuu,asAsgucgGaaccAuUuUaaagcsusc,GOLD_RECOVERED,5.7469,1790.8819,0.512,0.8372,MULTI_DOSE_HILL
GCUUUUGCAUGGACUAUCA,UGAUAGUCCAUGCAAAAGCUU,mGmCfUmUfUmUfGfCfAmUfGmGfAmCfUmAfUmCfA,fU*fG*mAfUmAfGmUfCmCfAmUmGmCfAmAfAmAfGmC*mU*mU,GOLD_RECOVERED,9.2415,0.5735,0.434,0.8704,MULTI_DOSE_HILL
GGAAAAACUGGUAUCAAAA,UUUUGAUACCAGUUUUUCCUU,mGmGfAmAfAmAfAfCfUmGfGmUfAmUfCmAfAmAfA,fU*fU*mUfUmGfAmUfAmCfCmAmGmUfUmUfUmUfCmC*mU*mU,GOLD_RECOVERED,9.8658,0.1362,2.318,0.7785,MULTI_DOSE_HILL
GGAAAACGUUCUGGUGUCUUU,AGACACCAGAACGUUUUCCUU,fGpsmGpsfAmAfAmAfCmGfUmUfCmUfGmGfUmGfUmCfUpsmUpsmU,mApsfGpsmAfCmAfCmCfAmGfAmAfCmGfUmUfUmUfCmCpsmUpsmU,GOLD_RECOVERED,8.9589,1.0993,0.879,0.8969,MULTI_DOSE_HILL
GGAGAGAUAUGCCUUCGAU,AUCGAAGGCAUAUCUCUCC,gsgsagagAfuAfUfGfccuucgauL96,asUfscgaAfggcauauCfuCfucc,GOLD_RECOVERED,8.2683,5.391,0.838,0.819,MULTI_DOSE_HILL
GGAGCUUGUCCUUCGCGGGCU,AGCCCGCGAAGGACAAGCUCCUU,fGpsmGpsfAmGfCmUfUmGfUmCfCmUfUmCfGmCfGmGfGmCpsfU,vmApsfGpsmCfCmCfGmCfGmAfAmGfGmAfCmAfAmGfCmUfCmCpsmUpsmU,GOLD_RECOVERED,7.9035,12.4891,0.582,0.8133,MULTI_DOSE_HILL
GGAGGCAAGAACCAGUGUUUU,AAAACACUGGUUCUUGCCUCCCC,gsgsaggcAfaGfAfAfccaguguuuuL96,asAfsaacAfcUfGfguucUfuGfccuccscsc,GOLD_RECOVERED,11.8367,0.0015,0.4,0.8862,MULTI_DOSE_HILL
GGAUGCCUUGGUAUGUUCCUG,CAGGAACAUACCAAGGCAUCCUU,fGpsmGpsfAmUfGmCfCmUfUmGfGmUfAmUfGmUfUmCfCmUpsfG,vmCpsfApsmGfGmAfAmCfAmUfAmCfCmAfAmGfGmCfAmUfCmCpsmUpsmU,GOLD_RECOVERED,7.7485,17.8425,0.569,0.8527,MULTI_DOSE_HILL
GGAUGCCUUGGUAUGUUCCUU,GGAACAUACCAAGGCAUCCUU,fGpsmGpsfAmUfGmCfCmUfUmGfGmUfAmUfGmUfUmCfCpsmUpsmU,mGpsfGpsmAfAmCfAmUfAmCfCmAfAmGfGmCfAmUfCmCpsmUpsmU,GOLD_RECOVERED,8.2292,5.8996,0.547,0.7533,MULTI_DOSE_HILL
GGCAAGAACCAGUGUUUAGCU,AGCUAAACACUGGUUCUUGCCUC,gsgscaagAfaCfCfAfguguuuagcuL96,asGfscuaAfaCfAfcuggUfuCfuugccsusc,GOLD_RECOVERED,10.0858,0.0821,0.4,0.8594,MULTI_DOSE_HILL
GGCUACGAAAAUCCAACCUAA,UUAGGUTGGAUUUUCGUAGCCGU,gsgscua(Chd)GfaAfAfAfuccaaccuaaL96,VPusUfsaggu(Tgn)ggauuuUfcGfuagccsgsu,GOLD_RECOVERED,10.3346,0.0463,0.4,0.8399,MULTI_DOSE_HILL
GGCUACGAAAAUCCAACCUAA,UUAGGUTGGAUUUUCGUAGCCGU,gsgscua(Chd)gaAfAfAfuccaaccuaaL96,VPusUfsaggu(Tgn)ggauuuUfcdGuagccsgsu,GOLD_RECOVERED,10.5191,0.0303,0.4,0.8342,MULTI_DOSE_HILL
GGCUUUCACAGAGGUCUGA,UCAGACCUCUGUGAAAGCCUU,mGmGfCmUfUmUfCfAfCmAfGmAfGmGfUmCfUmGfA,fU*fC*mAfGmAfCmCfUmCfUmGmUmGfAmAfAmGfCmC*mU*mU,GOLD_RECOVERED,9.9368,0.1157,1.924,0.7954,MULTI_DOSE_HILL
GGGAGUGUGGCUCCAGGGAAU,ATUCCCTGGAGCCACACUCCCUG,gsgsgaguguGfGfCfuccagggaauL96,asdTsucdCcdTggagdCcAfcacucccsusg,GOLD_RECOVERED,7.3342,46.3197,0.415,0.813,MULTI_DOSE_HILL
GGGGAGGCAAGAACCAGUGUU,AACACUGGUUCUUGCCUCCCCAC,gsgsggagGfcAfAfGfaaccaguguuL96,asAfscacUfgGfUfucuuGfcCfuccccsasc,GOLD_RECOVERED,8.9025,1.2518,0.739,0.846,MULTI_DOSE_HILL
GGUAGACUGCAGCAACAGA,UCUGUUGCUGCAGUCUACCUU,mGmGfUmAfGmAfCfUfGmCfAmGfCmAfAmCfAmGfA,fU*fC*mUfGmUfUmGfCmUfGmCmAmGfUmCfUmAfCmC*mU*mU,GOLD_RECOVERED,9.547,0.2838,0.63,0.8292,MULTI_DOSE_HILL
GGUCCAAAGACGAAGUCGUUU,ACGACUUCGUCUUUGGACCUU,fGpsmGpsfUmCfCmAfAmAfGmAfCmGfAmAfGmUfCmGfUpsmUpsmU,mApsfCpsmGfAmCfUmUfCmGfUmCfUmUfUmGfGmAfCmCpsmUpsmU,GOLD_RECOVERED,8.8541,1.3992,1.394,0.9375,MULTI_DOSE_HILL
GGUGCUGAACAGCAUUUUUUU,AAAAAAAUGCUGUUCAGCACCUC,gsgsugcugaAfCfAfgcauuuuuuuL96,asdAsaadAadAugcudGuUfcagcaccsusc,GOLD_RECOVERED,12.0,0.001,0.695,0.8745,MULTI_DOSE_HILL
GGUGGUGGAGGCCUGUGGCUU,AAGCCACAGGCCUCCACCACCAU,gsgsugguggAfGfGfccuguggcuuL96,asdAsgcdCadCaggcdCuCfcaccaccsasu,GOLD_RECOVERED,6.5934,255.0491,0.418,0.9216,MULTI_DOSE_HILL
GGUGUAGAACACUAAUUCAUA,UAUGAATUAGUGUUCUACACCAU,gsgsuguagaAfCfAfcuaauucasusa,VPudAugdAadTuagudGuUfcuacaccsasu,GOLD_RECOVERED,11.7517,0.0018,0.4,0.8953,MULTI_DOSE_HILL
GGUGUCUGACUUUCGGUCCAA,UUGGACCGAAAGUCAGACACCUU,fGpsmGpsfUmGfUmCfUmGfAmCfUmUfUmCfGmGfUmCfCmApsfA,vmUpsfUpsmGfGmAfCmCfGmAfAmAfGmUfCmAfGmAfCmAfCmCpsmUpsmU,GOLD_RECOVERED,9.2654,0.5428,1.615,0.8296,MULTI_DOSE_HILL
GUAAGCCAGAAGAAUGUUCCU,AGGAACAUUCUUCUGGCUUACAC,gsusaagcCfaGfAfAfgaauguuccuL96,asGfsgaaCfaUfUfcuucUfgGfcuuacsasc,GOLD_RECOVERED,10.833,0.0147,0.4,0.8624,MULTI_DOSE_HILL
GUCACGUGACCCAAGCUCGCA,UGCGAGCUUGGGUCACGUGACCA,gsuscacg(Uhd)gAfCfCfcaagcucgcaL96,VPusGfscgdAg(C2p)uuggguCfaCfgugacscsa,GOLD_RECOVERED,9.3983,0.3997,1.848,0.959,MULTI_DOSE_HILL
GUCCACCAGCUCAUCUCCGGC,GCCGGAGAUGAGCUGGUGGACUU,fGpsmUpsfCmCfAmCfCmAfGmCfUmCfAmUfCmUfCmCfGmGpsfC,vmGpsfCpsmCfGmGfAmGfAmUfGmAfGmCfUmGfGmUfGmGfAmCpsmUpsmU,GOLD_RECOVERED,8.1042,7.8671,0.725,0.8878,MULTI_DOSE_HILL
GUCCCCCUUCUAUGGGGAGUU,CUCCCCAUAGAAGGGGGACUU,fGpsmUpsfCmCfCmCfCmUfUmCfUmAfUmGfGmGfGmAfGpsmUpsmU,mCpsfUpsmCfCmCfCmAfUmAfGmAfAmGfGmGfGmGfAmCpsmUpsmU,GOLD_RECOVERED,5.3107,4889.6682,0.4,0.7955,MULTI_DOSE_HILL
GUCCCUUACUGACUGUUUCGU,ACGAAACAGUCAGUAAGGGACCC,gsuscccuUfaCfUfGfacuguuucguL96,asCfsgaaAfcAfGfucagUfaAfgggacscsc,GOLD_RECOVERED,8.2555,5.5523,0.4,0.8103,MULTI_DOSE_HILL
GUCCUCUCAGAUCUUGUGCGU,ACGCACAAGAUCUGAGAGGACCU,gsusccucUfcAfGfAfucuugugcguL96,asCfsgcaCfaAfGfaucuGfaGfaggacscsu,GOLD_RECOVERED,7.8399,14.4583,2.388,0.8594,MULTI_DOSE_HILL
GUCCUGGAAUAUUAGAUGCC,AGGCAUCUAAUAUUCCAGGACUU,(GalNAc3)succuggAfaUfAfUfUfagaugccus(invAb),asAfsggcaUfcuaauaUfuCfcaggasusu,GOLD_RECOVERED,10.0691,0.0853,0.633,0.7539,MULTI_DOSE_HILL
GUCGAGGAGUAACAAUACAAA,UTUGTATUGUUACUCCUCGACCA,gsuscgaggaGfUfAfacaauacasasa,VPudTugdTadTuguudAcUfccucgacscsa,GOLD_RECOVERED,12.0,0.001,0.603,0.8175,MULTI_DOSE_HILL
GUCGUGGAUGCCUUGGUAUUU,AUACCAAGGCAUCCACGACUU,fGpsmUpsfCmGfUmGfGmAfUmGfCmCfUmUfGmGfUmAfUpsmUpsmU,mApsfUpsmAfCmCfAmAfGmGfCmAfUmCfCmAfCmGfAmCpsmUpsmU,GOLD_RECOVERED,9.0409,0.9102,1.646,0.9794,MULTI_DOSE_HILL
GUCUCACUUUCCAGCAAAACU,AGUUUUGCUGGAAAGUGAGACCC,mG*mU*mCmUmCmAfCmUfUfUfCmCmAmGmCmAmAmAmAmCmU,mA*fG*mUfUfUfUmGfCfUmGmGmAmAfAmGfUmGmAmGmAmC*mC*mC,GOLD_RECOVERED,11.0212,0.0095,0.686,0.821,MULTI_DOSE_HILL
GUCUGACAUCAGAACUUCA,UGAAGUUCUGAUGUCAGACUU,mGmUfCmUfGmAfCfAfUmCfAmGfAmAfCmUfUmCfA,fU*fG*mAfAmGfUmUfCmUfGmAmUmGfUmCfAmGfAmC*mU*mU,GOLD_RECOVERED,9.519,0.3027,0.995,0.8242,MULTI_DOSE_HILL
GUGAUCAUGUGUGGAAGUUAA,UUAACUTCCACACAUGAUCACAU,gsusgaucAfuGfUfGfuggaaguusasa,VPuUfaadCu(Tgn)ccacacAfuGfaucacsasu,GOLD_RECOVERED,9.8968,0.1268,0.4,0.7798,MULTI_DOSE_HILL
GUGCAAAUAGUCUACAAACCA,UGGUTUGUAGACUAUUUGCACAC,gsusgca(Ahd)AfuAfGfUfcuacaaaccaL96,VPusGfsgudTu(G2p)uagacuAfuUfugcacsasc,GOLD_RECOVERED,9.2332,0.5845,1.672,0.7762,MULTI_DOSE_HILL
GUGGGCUUCCGUAUAUAUGGA,UCCAUAUAUACGGAAGCCCAC,g*u*gggcuuCcGuAuauaugg*a,u*C*cauaUauacGgAaGccc*a*c,GOLD_RECOVERED,9.0266,0.9406,0.94,0.8336,MULTI_DOSE_HILL
GUGGUGGUUAAUAAGGCUGCA,UGCAGCCUUAUUAACCACCACCU,gsusggugGfuUfAfAfuaaggcugscsa,VPuGfcadGc(C2p)uuauuaAfcCfaccacscsu,GOLD_RECOVERED,12.0,0.001,0.49,0.7896,MULTI_DOSE_HILL
GUGUAGAACACUAAUUCAUAA,UUAUGAAUUAGUGUUCUACACCA,gsusguagAfaCfAfCfuaauucausasa,VPuUfaudGa(Agn)uuagugUfuCfuacacscsa,GOLD_RECOVERED,11.5346,0.0029,0.4,0.8784,MULTI_DOSE_HILL
GUGUCUGACUUUCGGUCCAAA,UUUGGACCGAAAGUCAGACACUU,fGpsmUpsfGmUfCmUfGmAfCmUfUmUfCmGfGmUfCmCfAmApsfA,vmUpsfUpsmUfGmGfAmCfCmGfAmAfAmGfUmCfAmGfAmCfAmCpsmUpsmU,GOLD_RECOVERED,9.3664,0.4302,0.667,0.955,MULTI_DOSE_HILL
GUGUUAGUAAUAAACGUCUUU,AAAGACGUUUATUACUAACACAA,gsusguuaguAfAfUfaaacgucuuuL96,asdAsagdAcdGuuuadTuAfcuaacacsasa,GOLD_RECOVERED,10.0228,0.0949,0.403,0.7628,MULTI_DOSE_HILL
GUUCUGGUGUCUGACUUUCUU,GAAAGUCAGACACCAGAACUU,fGpsmUpsfUmCfUmGfGmUfGmUfCmUfGmAfCmUfUmUfCpsmUpsmU,mGpsfApsmAfAmGfUmCfAmGfAmCfAmCfCmAfGmAfAmCpsmUpsmU,GOLD_RECOVERED,8.9781,1.0517,0.474,0.7536,MULTI_DOSE_HILL
GUUUAAAACCCAAUAUCUAU,UAGAUAUUGGGUUUUAAACUU,(GalNAc3)sguuuaaAfaCfCfCfAfauaucuaus(invAb),usAfsgauaUfuggguuUfuAfaacsusu,GOLD_RECOVERED,9.5789,0.2637,1.234,0.8946,MULTI_DOSE_HILL
GUUUUUCACAUGUAUUAUA,UAUAAUACAUGUGAAAAACUU,mGmUfUmUfUmUfCfAfCmAfUmGfUmAfUmUfAmUfA,fU*fA*mUfAmAfUmAfCmAfUmGmUmGfAmAfAmAfAmC*mU*mU,GOLD_RECOVERED,9.3062,0.4941,0.485,0.7674,MULTI_DOSE_HILL
GUUUUUUCCACAGAUGCUUGU,ACAAGCAUCUGUGGAAAAAACUA,gsusuuuuUfcCfAfCfagaugcuuguL96,asCfsaagCfaUfCfugugGfaAfaaaacsusa,GOLD_RECOVERED,8.0248,9.446,0.533,0.9007,MULTI_DOSE_HILL
UAAAUCGUAUGCAGAAUAUUA,UAAUAUUCUGCAUACGAUUUAUU,L025L025mU*mAmAmAmUmCfGmUfAfUfGmCmAmGmAmAmUmAmUmU*mA,mU*fA*mAmUmAfUmUmCmUmGmCmAmUfAmCfGmAmUmUmUmA*mU*mU,GOLD_RECOVERED,7.1571,69.653,1.881,0.8131,MULTI_DOSE_HILL
UAAUCCGACUCCCACUACA,UGUAGUGGGAGUCGGAUUAUU,mUmAfAmUfCmCfGfAfCmUfCmCfCmAfCmUfAmCfA,fU*fG*mUfAmGfUmGfGmGfAmGmUmCfGmGfAmUfUmA*mU*mU,GOLD_RECOVERED,9.0322,0.9285,0.459,0.7576,MULTI_DOSE_HILL
UACAAACCAGUUGACCUGAGA,UCUCAGGUCAACUGGTUUGUAGG,usascaa(Ahd)ccAfGfUfugaccugagaL96,VPusdCsucdAg(G2p)ucaadCudGgdTuuguasgsg,GOLD_RECOVERED,9.9462,0.1132,0.886,0.941,MULTI_DOSE_HILL
UACAAACCAGUUGAUCUGAGA,UCUCAGAUCAACUGGUUUGUAGG,usascaa(Ahd)ccAfGfUfugaucugagaL96,VPusCfsucdAgdAucaacuGfgUfuuguasgsg,GOLD_RECOVERED,10.7433,0.0181,0.4,0.8583,MULTI_DOSE_HILL
UACAGUGGCCUUAUCCCUCCU,AGGAGGGAUAAGGCCACUGUAGA,usascaguGfgCfCfUfuaucccuccuL96,asGfsgadGg(G2p)auaaggCfcAfcuguasgsa,GOLD_RECOVERED,9.7712,0.1694,0.528,0.9063,MULTI_DOSE_HILL
UACAUCAGCAUGCGUUAAUUU,AAAUUAACGCAUGCUGAUGUAUU,usascaucAfgCfAfUfgcguuaauuuL96,asAfsauuAfaCfGfcaugCfuGfauguasusu,GOLD_RECOVERED,8.9941,1.0138,0.754,0.8712,MULTI_DOSE_HILL
UACAUGAGCAAGAUUUGCAAU,AUUGCAAAUCUUGCUCAUGUAUC,usascaugAfgCfAfAfgauuugcaauL96,asUfsugcAfaaucuugCfuCfauguasusc,GOLD_RECOVERED,9.4331,0.3689,0.703,0.8134,MULTI_DOSE_HILL
UACCAGAGUGUCUGAUGGGUU,CCCAUCAGACACUCUGGUAUU,fUpsmApsfCmCfAmGfAmGfUmGfUmCfUmGfAmUfGmGfGpsmUpsmU,mCpsfCpsmCfAmUfCmAfGmAfCmAfCmUfCmUfGmGfUmApsmUpsmU,GOLD_RECOVERED,7.1447,71.6703,0.428,0.7522,MULTI_DOSE_HILL
UACUGUUGGAUUGAUUCGAAA,UTUCGAAUCAATCCAACAGUAGC,usascuguugGfAfUfugauucgasasa,VPudTucdGadAucaadTcCfaacaguasgsc,GOLD_RECOVERED,12.0,0.001,0.549,0.7793,MULTI_DOSE_HILL
UAGAAAUCCUUCUGCUUCA,UGAAGCAGAAGGAUUUCUAUU,mUmAfGmAfAmAfUfCfCmUfUmCfUmGfCmUfUmCfA,fU*fG*mAfAmGfCmAfGmAfAmGmGmAfUmUfUmCfUmA*mU*mU,GOLD_RECOVERED,10.1228,0.0754,2.8,0.7799,MULTI_DOSE_HILL
UAGAACACCUUUUUCACCUAA,UUAGGUGAAAAAGGUGUUCUAAA,usasgaacAfcCfUfUfuuucaccuaaL96,usUfsaggUfgAfAfaaagGfuGfuucuasasa,GOLD_RECOVERED,9.1338,0.7348,0.4,0.8773,MULTI_DOSE_HILL
UAGAAUGCUUUUGCAUGGA,UCCAUGCAAAAGCAUUCUAUU,mUmAfGmAfAmUfGfCfUmUfUmUfGmCfAmUfGmGfA,fU*fC*mCfAmUfGmCfAmAfAmAmGmCfAmUfUmCfUmA*mU*mU,GOLD_RECOVERED,9.421,0.3794,0.589,0.8283,MULTI_DOSE_HILL
UAGAAUGCUUUUGCAUGGACA,UGUCCAUGCAAAAGCAUUCUAUU,L025L025mU*mAmGmAmAmUfGmCfUfUfUmUmGmCmAmUmGmGmAmC*mA,mU*fG*mUmCmCfAmUmGmCmAmAmAmAfGmCfAmUmUmCmUmA*mU*mU,GOLD_RECOVERED,7.0901,81.2567,1.76,0.9312,MULTI_DOSE_HILL
UAGACAAUUUUAGGCUCAA,UUGAGCCUAAAAUUGUCUAUU,mUmAfGmAfCmAfAfUfUmUfUmAfGmGfCmUfCmAfA,fU*fU*mGfAmGfCmCfUmAfAmAmAmUfUmGfUmCfUmA*mU*mU,GOLD_RECOVERED,9.2872,0.5162,0.511,0.8618,MULTI_DOSE_HILL
UAGGAAGCAACCUUUCGCCUU,AAGGCGAAAGGUUGCUUCCUAGC,usasggaaGfcAfAfCfcuuucgccuuL96,asAfsggcGfaAfAfgguuGfcUfuccuasgsc,GOLD_RECOVERED,6.9013,125.5274,0.576,0.8206,MULTI_DOSE_HILL
UAUCAAACUAGUGCAUGAAUA,UAUUCATGCACUAGUUUGAUACA,usasuca(Ahd)AfcUfAfGfugcaugaauaL96,VPusAfsuuca(Tgn)gcacuaGfuUfugauascsa,GOLD_RECOVERED,10.1196,0.0759,0.648,0.7775,MULTI_DOSE_HILL
UAUCCAUCAGAUGAUCUACUU,AAGUAGAUCAUCUGAUGGAUAGC,usasuccaUfcAfGfAfugaucuacuuL96,asAfsgudAg(Agn)ucaucuGfaUfggauasgsc,GOLD_RECOVERED,7.0589,87.3112,0.4,0.7843,MULTI_DOSE_HILL
UAUCCCUCCUUCCUUCAGAUU,UCUGAAGGAAGGAGGGAUAUU,fUpsmApsfUmCfCmCfUmCfCmUfUmCfCmUfUmCfAmGfApsmUpsmU,mUpsfCpsmUfGmAfAmGfGmAfAmGfGmAfGmGfGmAfUmApsmUpsmU,GOLD_RECOVERED,6.6627,217.4385,0.4,0.8596,MULTI_DOSE_HILL
UAUUAAUGGUCAGACUGUUCU,AGAACAGUCUGACCAUUAAUAGG,usasuuaaUfgGfUfCfagacuguucuL96,asGfsaaca(Ggn)ucugacCfaUfuaauasgsg,GOLD_RECOVERED,7.5831,26.1133,0.556,0.8317,MULTI_DOSE_HILL
UAUUUAGUGUCUUGAAUGUAU,AUACAUUCAAGACACUAAAUACA,usasuuuaGfuGfUfCfuugaauguauL96,asUfsacaUfuCfAfagacAfcUfaaauascsa,GOLD_RECOVERED,10.6446,0.0227,0.43,0.9882,MULTI_DOSE_HILL
UCACCAAGCUCAGUCUACGUU,CGUAGACUGAGCUUGGUGAUU,fUpsmCpsfAmCfCmAfAmGfCmUfCmAfGmUfCmUfAmCfGpsmUpsmU,mCpsfGpsmUfAmGfAmCfUmGfAmGfCmUfUmGfGmUfGmApsmUpsmU,GOLD_RECOVERED,8.0203,9.5436,0.611,0.8363,MULTI_DOSE_HILL
UCAGAGGACUAAAUACCAUUA,UAAUGGTAUUUAGUCCUCUGAUA,uscsagagGfaCfUfAfaauaccaususa,VPuAfaudGg(Tgn)auuuagUfcCfucugasusa,GOLD_RECOVERED,8.2166,6.0735,0.538,0.8713,MULTI_DOSE_HILL
UCAGCAUGCGUUAAUUCAGCU,AGCUGAAUUAACGCAUGCUGAUG,uscsagcaUfgCfGfUfuaauucagcuL96,asGfscugAfaUfUfaacgCfaUfgcugasusg,GOLD_RECOVERED,8.8866,1.2982,0.588,0.8901,MULTI_DOSE_HILL
UCAGGUUCUUGGAAGAGAAUU,UUCUCUUCCAAGAACCUGAUU,fUpsmCpsfAmGfGmUfUmCfUmUfGmGfAmAfGmAfGmAfApsmUpsmU,mUpsfUpsmCfUmCfUmUfCmCfAmAfGmAfAmCfCmUfGmApsmUpsmU,GOLD_RECOVERED,8.6118,2.4448,1.178,0.8396,MULTI_DOSE_HILL
UCAUAGGCCUGGAGUUUAU,AUAAACUCCAGGCCUAUGAGG,mUmCmAfUmAmGmGfCfCfUmGmGfAmGfUfUmUmAmU-SSS,fAfUsdAsdAsdAfCfUfCfCAfGfGfCfCfUmAfUfGfAsmGsmG,GOLD_RECOVERED,7.4133,38.6143,0.774,0.8965,MULTI_DOSE_HILL
UCCAAAGACGAAGUCGUGGUU,CCACGACUUCGUCUUUGGAUU,fUpsmCpsfCmAfAmAfGmAfCmGfAmAfGmUfCmGfUmGfGpsmUpsmU,mCpsfCpsmAfCmGfAmCfUmUfCmGfUmCfUmUfUmGfGmApsmUpsmU,GOLD_RECOVERED,7.9128,12.2249,0.598,0.8589,MULTI_DOSE_HILL
UCCAAGUGUGGCUCAAAGGAA,UTCCTUTGAGCCACACUUGGACU,uscscaa(Ghd)ugUfGfGfcucaaaggaaL96,VPusdTsccdTudTgagcCaCfacuuggascsu,GOLD_RECOVERED,7.4812,33.0186,0.45,0.8607,MULTI_DOSE_HILL
UCCACAGAUGCUUGUGAUUUU,AAAAUCACAAGCAUCUGUGGAAA,uscscacaGfaUfGfCfuugugauuuuL96,asAfsaauCfaCfAfagcaUfcUfguggasasa,GOLD_RECOVERED,8.1856,6.5224,0.412,0.8174,MULTI_DOSE_HILL
UCCAUCCUUCAACUUAAGCAU,AUGCUUAAGUUGAAGGAUGGAUG,uscscaucCfuUfCfAfacuuaagcauL96,asUfsgcuUfaAfGfuugaAfgGfauggasusg,GOLD_RECOVERED,9.0465,0.8984,1.202,0.7903,MULTI_DOSE_HILL
UCCCACUACAUCAAGACUA,UAGUCUUGAUGUAGUGGGAUU,mUmCfCmCfAmCfUfAfCmAfUmCfAmAfGmAfCmUfA,fU*fA*mGfUmCfUmUfGmAfUmGmUmAfGmUfGmGfGmA*mU*mU,GOLD_RECOVERED,9.328,0.4699,0.4,0.8502,MULTI_DOSE_HILL
UCCCUUACUGACUGUUUCGUU,AACGAAACAGUCAGUAAGGGACC,uscsccuuAfcUfGfAfcuguuucguuL96,asAfscgaAfaCfAfgucaGfuAfagggascsc,GOLD_RECOVERED,8.3414,4.5564,1.307,0.7575,MULTI_DOSE_HILL
UCCUGCUUCAUGCCCUUCUAC,GUAGAAGGGCAUGAAGCAGGAUU,fUpsmCpsfCmUfGmCfUmUfCmAfUmGfCmCfCmUfUmCfUmApsfC,vmGpsfUpsmAfGmAfAmGfGmGfCmAfUmGfAmAfGmCfAmGfGmApsmUpsmU,GOLD_RECOVERED,7.1402,72.4159,0.481,0.8605,MULTI_DOSE_HILL
UCCUGGAAUAUUAGAUGCCU,AAGGCAUCUAAUAUUCCAGGA,(GalNAc3)succuggAfaUfAfUfUfagaugccus(invAb),asAfsggcaUfcuaauaUfuCfcagsgsa,GOLD_RECOVERED,10.1548,0.07,0.651,0.8263,MULTI_DOSE_HILL
UCCUUCAGAGGCGUGCGAUUU,AUCGCACGCCUCUGAAGGAUU,fUpsmCpsfCmUfUmCfAmGfAmGfGmCfGmUfGmCfGmAfUpsmUpsmU,mApsfUpsmCfGmCfAmCfGmCfCmUfCmUfGmAfAmGfGmApsmUpsmU,GOLD_RECOVERED,6.7377,182.9226,0.448,0.8627,MULTI_DOSE_HILL
UCUAUGGGGAGUACGACAUUU,AUGUCGUACUCCCCAUAGAUU,fUpsmCpsfUmAfUmGfGmGfGmAfGmUfAmCfGmAfCmAfUpsmUpsmU,mApsfUpsmGfUmCfGmUfAmCfUmCfCmCfCmAfUmAfGmApsmUpsmU,GOLD_RECOVERED,6.6824,207.7931,0.424,0.8267,MULTI_DOSE_HILL
UCUCAGAUUUCUGGUUGUUAA,UUAACAACCAGAAAUCUGAGAAC,uscsucagAfuUfUfCfugguuguusasa,VPuUfaadCa(Agn)ccagaaAfuCfugagasasc,GOLD_RECOVERED,10.0682,0.0855,0.4,0.8341,MULTI_DOSE_HILL
UCUCCACCUUUCCCAGUUUUU,AAAAACUGGGAAAGGUGGAGAGC,uscsuccaCfcUfUfUfcccaguuuuuL96,asAfsaaaCfuGfGfgaaaGfgUfggagasgsc,GOLD_RECOVERED,7.7504,17.7678,2.8,0.7856,MULTI_DOSE_HILL
UCUCCCACCUUUUCUUCUAAU,AUUAGAAGAAAAGGUGGGAGACU,uscsucccAfcCfUfUfuucuucuaauL96,asUfsuagAfagaaaagGfuGfggagascsu,GOLD_RECOVERED,9.1143,0.7686,1.469,0.8089,MULTI_DOSE_HILL
UCUCUCGUAGUGUUAAGUUAA,UUAACUTAACACUACGAGAGACU,uscsucucGfuAfGfUfguuaaguusasa,VPuUfaadCu(Tgn)aacacuAfcGfagagascsu,GOLD_RECOVERED,11.1471,0.0071,0.4,0.8215,MULTI_DOSE_HILL
UCUGAUAGAUGGAAUACUA,UAGUAUUCCAUCUAUCAGAUU,mUmCfUmGfAmUfAfGfAmUfGmGfAmAfUmAfCmUfA,fU*fA*mGfUmAfUmUfCmCfAmUmCmUfAmUfCmAfGmA*mU*mU,GOLD_RECOVERED,9.628,0.2355,0.896,0.8098,MULTI_DOSE_HILL
UCUGCAAAGAUGAUAACCUUU,AAAGGUUAUCAUCUUUGCAGACC,uscsugcaAfaGfAfUfgauaaccuuuL96,asAfsaggUfuAfUfcaucUfuUfgcagascsc,GOLD_RECOVERED,8.2889,5.1422,0.447,0.7758,MULTI_DOSE_HILL
UCUGCAGGUCCUCUCAGAUCU,AGAUCUGAGAGGACCUGCAGAGU,uscsugcaGfgUfCfCfucucagaucuL96,asGfsaudCu(G2p)agaggaCfcUfgcagasgsu,GOLD_RECOVERED,8.0933,8.0659,1.112,0.8409,MULTI_DOSE_HILL
UCUGCCAUUGCGAUUGUCCAU,AUGGACAAUCGCAAUGGCAGAUU,uscsugccAfuUfGfCfgauuguccauL96,asUfsggaCfaAfUfcgcaAfuGfgcagasusu,GOLD_RECOVERED,8.4934,3.2111,0.619,0.8701,MULTI_DOSE_HILL
UCUGGUGCUGGAGCUAGCCAU,ATGGCUAGCUCCAGCACCAGAGC,uscsuggugcUfGfGfagcuagccauL96,asdTsggdCudAgcucdCaGfcaccagasgsc,GOLD_RECOVERED,7.6998,19.9637,0.432,0.8015,MULTI_DOSE_HILL
UCUUAUGUAAUGCUGCCCUGU,ACAGGGCAGCAUUACAUAAGACA,uscsuuauGfuAfAfUfgcugcccuguL96,asCfsaggGfcAfGfcauuAfcAfuaagascsa,GOLD_RECOVERED,7.7981,15.9197,0.727,0.8094,MULTI_DOSE_HILL
UCUUGUCUGAGACUCUGGCUU,AAGCCAGAGUCTCAGACAAGAAA,uscsuugucuGfAfGfacucuggcuuL96,asdAsgcdCadGagucdTcAfgacaagasasa,GOLD_RECOVERED,8.7697,1.6996,2.8,1.0,MULTI_DOSE_HILL
UGAAUUUGGAAAUAAAGUUAA,UTAACUTUAUUTCCAAAUUCACU,usgsaau(Uhd)ugGfAfAfauaaaguuaaL96,VPusdTsaadCudTuauudTcCfaaauucascsu,GOLD_RECOVERED,9.8398,0.1446,1.072,0.9816,MULTI_DOSE_HILL
UGAAUUUGGAAAUAAAGUUAA,UUAACUTUAUUUCCAAAUUCACU,usgsaau(Uhd)UfgGfAfAfauaaaguuaaL96,VPusUfsaadCu(Tgn)uauuucCfaAfauucascsu,GOLD_RECOVERED,8.7873,1.632,0.428,0.8054,MULTI_DOSE_HILL
UGACAUGGCUUCCAGAUAUGU,ACAUAUCUGGAAGCCAUGUCACC,usgsacauGfgCfUfUfccagauauguL96,asCfsauaUfcuggaagCfcAfugucascsc,GOLD_RECOVERED,8.3096,4.902,0.92,0.8283,MULTI_DOSE_HILL
UGAGAAGCUUGACUUCAAGGA,UCCUTGAAGUCAAGCUUCUCAGA,usgsaga(Ahd)gcUfUfGfacuucaaggaL96,VPusdCscudTgdAagucdAaGfcuucucasgsa,GOLD_RECOVERED,8.2197,6.0303,0.501,0.8135,MULTI_DOSE_HILL
UGAGUGACAACGUACCCUUCU,AGAAGGGUACGUUGUCACUCACU,usgsagugAfcAfAfCfguacccuucuL96,asGfsaagg(Ggn)uacguuGfuCfacucascsu,GOLD_RECOVERED,7.8572,13.8921,1.051,0.7844,MULTI_DOSE_HILL
UGCAAAAAUUGAGCAAUGACU,AGUCAUTGCUCAAUUUUUGCAGG,usgscaaaaaUfUfGfagcaaugacuL96,asdGsucdAudTgcucdAaUfuuuugcasgsg,GOLD_RECOVERED,12.0,0.001,0.693,0.8751,MULTI_DOSE_HILL
UGCAGAAUACAAAUGAUGUAA,UUACAUCAUUUGUAUUCUGCAUG,usgscagaAfuAfCfAfaaugaugusasa,VPuUfacdAu(C2p)auuuguAfuUfcugcasusg,GOLD_RECOVERED,11.6862,0.0021,0.4,0.89,MULTI_DOSE_HILL
UGCAGAAUAUUCAAUUUGA,UCAAAUUGAAUAUUCUGCAUU,mUmGfCmAfGmAfAfUfAmUfUmCfAmAfUmUfUmGfA,fU*fC*mAfAmAfUmUfGmAfAmUmAmUfUmCfUmGfCmA*mU*mU,GOLD_RECOVERED,10.2471,0.0566,0.506,0.7896,MULTI_DOSE_HILL
UGCAGGAUGAUUGUACAGAAA,UUUCUGUACAAUCAUCCUGCAGA,usgscag(Ghd)AfuGfAfUfuguacagaaaL96,VPusUfsucuGfuAfCfaaucAfuCfcugcasgsa,GOLD_RECOVERED,10.2602,0.0549,0.4,0.8758,MULTI_DOSE_HILL
UGCAUUGCCUUCGGUUUGUAU,ATACAAACCGAAGGCAAUGCAAA,usgscauugcCfUfUfcgguuuguauL96,asdTsacdAadAccgadAgGfcaaugcasasa,GOLD_RECOVERED,12.0,0.001,0.651,0.9763,MULTI_DOSE_HILL
UGCCAUCUGUGCUCUUCGUCA,UGACGAAGAGCACAGAUGGCAGG,usgsccaucuGfUfGfcucuucguscsa,VPudGacdGadAgagcdAcAfgauggcasgsg,GOLD_RECOVERED,11.9925,0.001,0.4,0.8478,MULTI_DOSE_HILL
UGCCAUUGCGAUUGUCCAGAU,AUCUGGACAAUCGCAAUGGCAGA,usgsccauUfgCfGfAfuuguccagauL96,asUfscugg(Agn)caaucgCfaAfuggcasgsa,GOLD_RECOVERED,8.2483,5.6457,1.444,0.9186,MULTI_DOSE_HILL
UGCCAUUGCGAUUGUCCAU,AUGGACAAUCGCAAUGGCAGA,usgsccauUfGfCfgauuguccauL96,asUfsggdAcdAaucgcaAfuGfgcasgsa,GOLD_RECOVERED,8.0887,8.1523,0.627,0.7706,MULTI_DOSE_HILL
UGCCUUCGGUUUGUAUUUAGU,ACUAAAUACAAACCGAAGGCAAU,usgsccuuCfgGfUfUfuguauuuaguL96,asCfsuaaAfuAfCfaaacCfgAfaggcasasu,GOLD_RECOVERED,7.4702,33.8676,0.403,0.7635,MULTI_DOSE_HILL
UGCCUUGCUCAACAAAACAAA,UTUGTUTUGUUGAGCAAGGCAAC,usgsccuugcUfCfAfacaaaacasasa,VPudTugdTudTuguudGaGfcaaggcasasc,GOLD_RECOVERED,11.264,0.0054,0.4,0.871,MULTI_DOSE_HILL
UGCGGCUUCCUGGGCUUCUAC,GUAGAAGCCCAGGAAGCCGCAUU,fUpsmGpsfCmGfGmCfUmUfCmCfUmGfGmGfCmUfUmCfUmApsfC,vmGpsfUpsmAfGmAfAmGfCmCfCmAfGmGfAmAfGmCfCmGfCmApsmUpsmU,GOLD_RECOVERED,8.8847,1.3039,0.4,0.8066,MULTI_DOSE_HILL
UGCUGGCCUGGCCCUUGAGUG,CACUCAAGGGCCAGGCCAGCAGC,usgscuggCcUGGcccuugagug,csAscucaAgggcCaGgCcagcasgsc,GOLD_RECOVERED,5.3569,4395.9819,0.765,0.9916,MULTI_DOSE_HILL
UGCUUGCUUUGAAGUAGCUCA,UGAGCUACUUCAAAGCAAGCAAA,usgscuugCfuUfUfGfaaguagcuscsa,VPuGfagdCu(Agn)cuucaaAfgCfaagcasasa,GOLD_RECOVERED,11.8974,0.0013,0.4,0.9101,MULTI_DOSE_HILL
UGGAAAUAAAGUUAUUACUCA,UGAGTAAUAACTUUAUUUCCAAA,usgsgaa(Ahd)uaAfAfGfuuauuacucaL96,VPusdGsagdTadAuaacdTuUfauuuccasasa,GOLD_RECOVERED,9.6637,0.2169,0.488,0.8534,MULTI_DOSE_HILL
UGGAGAACUACAUCACCGCUU,AAGCGGUGAUGUAGUUCUCCAGG,usgsgag(Ahd)AfcUfAfCfaucaccgcsusu,asAfsgcgGfuGfAfuguaGfuUfcuccasgsg,GOLD_RECOVERED,10.8327,0.0147,0.4,0.9047,MULTI_DOSE_HILL
UGGAGCUUGUCCUUCGCGGUU,CCGCGAAGGACAAGCUCCAUU,fUpsmGpsfGmAfGmCfUmUfGmUfCmCfUmUfCmGfCmGfGpsmUpsmU,mCpsfCpsmGfCmGfAmAfGmGfAmCfAmAfGmCfUmCfCmApsmUpsmU,GOLD_RECOVERED,7.4258,37.5179,0.475,0.7883,MULTI_DOSE_HILL
UGGAUGCAGAAUUCCGACAUU,AAUGUCGGAAUUCUGCAUCCAUC,usgsgau(Ghd)CfaGfAfAfuuccgacauuL96,asAfsuguc(Ggn)gaauucUfgCfauccasusc,GOLD_RECOVERED,9.3315,0.4662,0.4,0.8121,MULTI_DOSE_HILL
UGGAUGCCUUGGUAUGUUCUU,GAACAUACCAAGGCAUCCAUU,fUpsmGpsfGmAfUmGfCmCfUmUfGmGfUmAfUmGfUmUfCpsmUpsmU,mGpsfApsmAfCmAfUmAfCmCfAmAfGmGfCmAfUmCfCmApsmUpsmU,GOLD_RECOVERED,8.5554,2.7837,0.97,0.9428,MULTI_DOSE_HILL
UGGCCUUAUCCCUCCUUCCUU,GGAAGGAGGGAUAAGGCCAUU,fUpsmGpsfGmCfCmUfUmAfUmCfCmCfUmCfCmUfUmCfCpsmUpsmU,mGpsfGpsmAfAmGfGmAfGmGfGmAfUmAfAmGfGmCfCmApsmUpsmU,GOLD_RECOVERED,7.4173,38.2584,0.471,0.8103,MULTI_DOSE_HILL
UGGGGAGGCAAGAACCAGUGU,ACACUGGUUCUUGCCUCCCCACC,usgsgggaGfgCfAfAfgaaccaguguL96,asCfsacuGfgUfUfcuugCfcUfccccascsc,GOLD_RECOVERED,7.722,18.9665,0.443,0.8119,MULTI_DOSE_HILL
UGGUCAGUAAAAGCAAAGACA,UGUCTUTGCUUUUACUGACCAUG,usgsguc(Ahd)GfuAfAfAfagcaaagacaL96,VPusGfsucdTu(Tgn)gcuuuuAfcUfgaccasusg,GOLD_RECOVERED,9.796,0.16,1.286,0.8634,MULTI_DOSE_HILL
UGGUGUCUGACUUUCGGUCCA,UGGACCGAAAGUCAGACACCAUU,fUpsmGpsfGmUfGmUfCmUfGmAfCmUfUmUfCmGfGmUfCmCpsfA,vmUpsfGpsmGfAmCfCmGfAmAfAmGfUmCfAmGfAmCfAmCfCmApsmUpsmU,GOLD_RECOVERED,9.4127,0.3866,2.8,0.8663,MULTI_DOSE_HILL
UGGUGUCUGACUUUCGGUCUU,GACCGAAAGUCAGACACCAUU,fUpsmGpsfGmUfGmUfCmUfGmAfCmUfUmUfCmGfGmUfCpsmUpsmU,mGpsfApsmCfCmGfAmAfAmGfUmCfAmGfAmCfAmCfCmApsmUpsmU,GOLD_RECOVERED,8.3925,4.0501,0.428,0.8534,MULTI_DOSE_HILL
UGGUUCACCAGUGGAUUCUGA,UCAGAATCCACTGGUGAACCAAG,usgsguucacCfAfGfuggauucusgsa,VPudCagdAadTccacdTgGfugaaccasasg,GOLD_RECOVERED,9.6495,0.2241,1.027,0.9797,MULTI_DOSE_HILL
UGGUUUUAUGAAAAGCUAGGU,ACCUAGCUUUUCAUAAAACCAAC,usgsguuuUfaUfGfAfaaagcuagguL96,asCfscuaGfcUfUfuucaUfaAfaaccasasc,GOLD_RECOVERED,8.345,4.5181,0.91,0.8064,MULTI_DOSE_HILL
UGGUUUUAUGAAAAGCUAGGU,ACCUAGCUUUUCAUAAAACCAAC,usgsguuuUfaUfGfAfaaagcuagguL96,asCfscuaGfcuuuucaUfaAfaaccasasc,GOLD_RECOVERED,9.4413,0.362,0.4,0.7529,MULTI_DOSE_HILL
UGUAUGGGUAGGGUAAAUCAA,UUGATUTACCCUACCCAUACAUA,usgsuaugGfgUfAfGfgguaaaucsasa,VPuUfgadTu(Tgn)acccuaCfcCfauacasusa,GOLD_RECOVERED,12.0,0.001,0.411,0.9875,MULTI_DOSE_HILL
UGUAUUUAGUGUCUUGAAUGU,ACAUUCAAGACACUAAAUACAAA,usgsuauuUfaGfUfGfucuugaauguL96,asCfsauuCfaAfGfacacUfaAfauacasasa,GOLD_RECOVERED,9.9121,0.1224,0.411,0.9759,MULTI_DOSE_HILL
UGUCCUGGAAUAUUAGAUGC,AGCAUCUAAUAUUCCAGGACAUU,(GalNAc3)suguccuGfgAfAfUfAfuuagaugcs(invAb),asGfscaucUfaauauuCfcAfggacasusu,GOLD_RECOVERED,9.8355,0.146,0.89,0.7796,MULTI_DOSE_HILL
UGUGAAUCAGUGAGAUGUUAU,AUAACAUCUCACUGAUUCACAUA,usgsugaaUfcAfGfUfgagauguuauL96,asUfsaacAfuCfUfcacuGfaUfucacasusa,GOLD_RECOVERED,8.7736,1.6842,0.787,0.7574,MULTI_DOSE_HILL
UGUGCAGCUGGAAUUCUUUCA,UGAAAGAAUUCCAGCUGCACAGG,usgsugcagcUfGfGfaauucuuuscsa,VPudGaadAgdAauucdCaGfcugcacasgsg,GOLD_RECOVERED,12.0,0.001,0.766,0.8306,MULTI_DOSE_HILL
UGUGCAGGGCCUGGCUCUCUU,AAGAGAGCCAGGCCCUGCACAAA,usgsugcaggGfCfCfuggcucucuuL96,asdAsgadGadGccagdGcCfcugcacasasa,GOLD_RECOVERED,11.6967,0.002,0.4,0.8685,MULTI_DOSE_HILL
UGUGUAAGCCAGAAGAAUGUU,AACAUUCUUCUGGCUUACACAGU,usgsuguaAfgCfCfAfgaagaauguuL96,asAfscauUfcUfUfcuggCfuUfacacasgsu,GOLD_RECOVERED,10.6715,0.0213,0.4,0.7502,MULTI_DOSE_HILL
UGUUAGUAAUAAACGUCUUGU,ACAAGACGUUUAUUACUAACACA,usgsuuagUfaAfUfAfaacgucuuguL96,asCfsaagAfcGfUfuuauUfaCfuaacascsa,GOLD_RECOVERED,9.6808,0.2085,1.001,0.967,MULTI_DOSE_HILL
UGUUUGCUGUGUAUGAUCAAA,UUUGAUCAUACACAGCAAACAGG,usgsuuugCfuGfUfGfuaugaucaaaL96,usUfsugaUfcAfUfacacAfgCfaaacasgsg,GOLD_RECOVERED,9.1888,0.6474,1.531,0.8762,MULTI_DOSE_HILL
UUACUGUACAGAUUGCUGCUA,UAGCAGCAAUCUGUACAGUAAAA,ususacu(Ghd)UfaCfAfGfauugcugcuaL96,VPusAfsgcaGfcAfAfucugUfaCfaguaasasa,GOLD_RECOVERED,11.1744,0.0067,0.4,0.7721,MULTI_DOSE_HILL
UUAGUGUCUUGAAUGUAAGAU,AUCUUACAUUCAAGACACUAAAU,ususagugUfcUfUfGfaauguaagauL96,asUfscuuAfcAfUfucaaGfaCfacuaasasu,GOLD_RECOVERED,9.4852,0.3272,0.492,0.9583,MULTI_DOSE_HILL
UUCCACAGAUGCUUGUGAUUU,AAAUCACAAGCAUCUGUGGAAAA,ususccacAfgAfUfGfcuugugauuuL96,asAfsaucAfcAfAfgcauCfuGfuggaasasa,GOLD_RECOVERED,8.5311,2.9434,0.402,0.9032,MULTI_DOSE_HILL
UUCCACCUCGUCAUCCACAAU,ATUGTGGAUGACGAGGUGGAAGG,ususccaccuCfGfUfcauccacaauL96,asdTsugdTgdGaugadCgAfgguggaasgsg,GOLD_RECOVERED,10.5822,0.0262,0.4,0.9082,MULTI_DOSE_HILL
UUCCCUUUUCAAGUUGAGAAU,ATUCTCAACUUGAAAAGGGAACA,ususcccuuuUfCfAfaguugagaauL96,asdTsucdTcdAacuudGaAfaagggaascsa,GOLD_RECOVERED,12.0,0.001,0.872,0.8383,MULTI_DOSE_HILL
UUCCUUCAGAGGCGUGCGAUU,UCGCACGCCUCUGAAGGAAUU,fUpsmUpsfCmCfUmUfCmAfGmAfGmGfCmGfUmGfCmGfApsmUpsmU,mUpsfCpsmGfCmAfCmGfCmCfUmCfUmGfAmAfGmGfAmApsmUpsmU,GOLD_RECOVERED,7.0726,84.6012,0.4,0.938,MULTI_DOSE_HILL
UUCCUUGGAAGGACAAGAACU,AGUUCUTGUCCTUCCAAGGAACA,ususccuuggAfAfGfgacaagaacuL96,asdGsuudCudTguccdTuCfcaaggaascsa,GOLD_RECOVERED,10.0151,0.0966,0.4,0.7899,MULTI_DOSE_HILL
UUCUACACUGUAUUACAUAAA,UUUAUGUAAUACAGUGUAGAAAG,ususcua(Chd)AfcUfGfUfauuacauaaaL96,VPusUfsuauGfuAfAfuacaGfuGfuagaasasg,GOLD_RECOVERED,10.288,0.0515,0.404,0.881,MULTI_DOSE_HILL
UUCUACAGUGGCCUUAUCCCU,AGGGAUAAGGCCACUGUAGAAGG,ususcuacAfgUfGfGfccuuaucccuL96,asGfsggau(Agn)aggccaCfuGfuagaasgsg,GOLD_RECOVERED,7.4787,33.2122,0.626,0.8778,MULTI_DOSE_HILL
UUCUCAGAUUUCUGGUUGUUA,UAACAACCAGAAAUCUGAGAACA,ususcucagaUfUfUfcugguugususa,VPudAacdAadCcagadAaUfcugagaascsa,GOLD_RECOVERED,10.6461,0.0226,0.691,0.9708,MULTI_DOSE_HILL
UUCUUGGAAGAGAAGGGCAUC,GAUGCCCUUCUCUUCCAAGAAUU,fUpsmUpsfCmUfUmGfGmAfAmGfAmGfAmAfGmGfGmCfAmUpsfC,vmGpsfApsmUfGmCfCmCfUmUfCmUfCmUfUmCfCmAfAmGfAmApsmUpsmU,GOLD_RECOVERED,7.777,16.709,0.4,0.7775,MULTI_DOSE_HILL
UUGACAGGUUCAUGCAGGCUU,AAGCCUGCAUGAACCUGUCAAUC,ususgacaggUfUfCfaugcaggcuuL96,asdAsgcdCudGcaugdAaCfcugucaasusc,GOLD_RECOVERED,10.7989,0.0159,0.4,0.8667,MULTI_DOSE_HILL
UUGCAUGGACUAUCCUCUUGA,UCAAGAGGAUAGUCCAUGCAAUU,L025L025mU*mUmGmCmAmUfGmGfAfCfUmAmUmCmCmUmCmUmUmG*mA,mU*fC*mAmAmGfAmGmGmAmUmAmGmUfCmCfAmUmGmCmAmA*mU*mU,GOLD_RECOVERED,7.2257,59.4748,2.057,0.8451,MULTI_DOSE_HILL
UUGCUACCCAUUAGGAUAAUU,AAUUAUCCUAAUGGGUAGCAAGU,ususgcuaCfcCfAfUfuaggauaauuL96,asAfsuuaUfcCfUfaaugGfgUfagcaasgsu,GOLD_RECOVERED,9.256,0.5546,0.964,0.8885,MULTI_DOSE_HILL
UUGGGCAAUAAAGUACCUGCU,AGCAGGTACUUUAUUGCCCAAGA,ususgggcAfaUfAfAfaguaccugcuL96,asGfscagg(Tgn)acuuuaUfuGfcccaasgsa,GOLD_RECOVERED,7.0443,90.3005,0.475,0.8554,MULTI_DOSE_HILL
UUGUAUUUAGUGUCUUGAAUU,AAUUCAAGACACUAAAUACAAAC,ususguauuuAfGfUfgucuugaauuL96,asdAsuudCadAgacadCuAfaauacaasasc,GOLD_RECOVERED,10.2259,0.0594,0.464,0.9684,MULTI_DOSE_HILL
UUGUGUUAGUAAUAAACGUCU,AGACGUTUAUUACUAACACAAGG,ususguguuaGfUfAfauaaacgucuL96,asdGsacdGudTuauudAcUfaacacaasgsg,GOLD_RECOVERED,9.0823,0.8274,0.448,0.783,MULTI_DOSE_HILL
UUGUUAUGUGAUCAUGUGUGA,UCACACAUGAUCACAUAACAACC,ususguuaugUfGfAfucaugugusgsa,VPudCacdAcdAugaudCaCfauaacaascsc,GOLD_RECOVERED,9.7479,0.1787,0.4,0.964,MULTI_DOSE_HILL
UUUAGUGUCUUGAAUGUAAGU,ACUUACAUUCAAGACACUAAAUA,ususuaguGfuCfUfUfgaauguaaguL96,asCfsuuaCfaUfUfcaagAfcAfcuaaasusa,GOLD_RECOVERED,10.4666,0.0342,0.4,0.8347,MULTI_DOSE_HILL
UUUAGUGUCUUGAAUGUAAGU,ACUUACAUUCAAGACACUAAAUA,ususuaguguCfUfUfgaauguaaguL96,asdCsuudAcdAuucadAgAfcacuaaasusa,GOLD_RECOVERED,10.5177,0.0304,0.4,0.863,MULTI_DOSE_HILL
UUUAUUGAGCUCUUGUUCCGU,ACGGAACAAGAGCUCAAUAAAAG,ususuauuGaGCUcuuguuccgu,asCsggaaCaagaGcUcAauaaasasg,GOLD_RECOVERED,7.3076,49.248,0.799,0.9303,MULTI_DOSE_HILL
UUUAUUUUAGAGAAUGGGGGU,ACCCCCAUUCUCUAAAAUAAACC,ususuauuuuAfGfAfgaauggggguL96,asdCsccdCcdAuucudCuAfaaauaaascsc,GOLD_RECOVERED,8.8765,1.3289,0.65,0.9016,MULTI_DOSE_HILL
UUUCUACACUGUAUUACAUAA,UUAUGUAAUACAGUGUAGAAAGC,ususucu(Ahd)CfaCfUfGfuauuacauaaL96,VPusUfsaugUfaAfUfacagUfgUfagaaasgsc,GOLD_RECOVERED,10.8763,0.0133,0.4,0.8196,MULTI_DOSE_HILL
UUUCUGGUUGUUAUGUGAUCA,UGAUCACAUAACAACCAGAAAUC,ususucugGfuUfGfUfuaugugauscsa,VPuGfaudCa(C2p)auaacaAfcCfagaaasusc,GOLD_RECOVERED,9.1272,0.7461,1.013,0.8275,MULTI_DOSE_HILL
UUUGCAUUGCCUUCGGUUUGU,ACAAACCGAAGGCAAUGCAAAAA,ususugcaUfuGfCfCfuucgguuuguL96,asCfsaaaCfcGfAfaggcAfaUfgcaaasasa,GOLD_RECOVERED,10.219,0.0604,0.4,0.9227,MULTI_DOSE_HILL
UUUGCUUGCUUUGAAGUAGCA,UGCUACTUCAAAGCAAGCAAAGU,ususugcuUfgCfUfUfugaaguagscsa,VPuGfcudAc(Tgn)ucaaagCfaAfgcaaasgsu,GOLD_RECOVERED,11.8145,0.0015,0.4,0.8641,MULTI_DOSE_HILL
UUUGCUUUUGUAACUUGAAGA,UCUUCAAGUUACAAAAGCAAAAC,ususugcuUuUGUaacuugaaga,usCsuucaAguuaCaAaAgcaaasasc,GOLD_RECOVERED,5.9845,1036.364,0.593,0.9078,MULTI_DOSE_HILL
UUUGUGCAGGGCCUGGCUCUU,AAGAGCCAGGCCCUGCACAAACG,ususugugCfaGfGfGfccuggcucuuL96,asAfsgagCfcAfGfgcccUfgCfacaaascsg,GOLD_RECOVERED,11.8824,0.0013,0.4,0.8462,MULTI_DOSE_HILL
UUUGUGCAGGGCCUGGCUCUU,AAGAGCCAGGCCCUGCACAAACG,ususugugcaGfGfGfccuggcucuuL96,asdAsgadGcdCaggcdCcUfgcacaaascsg,GOLD_RECOVERED,12.0,0.001,0.685,0.877,MULTI_DOSE_HILL
UUUUAUUAAAAACAAAUGA,UCAUUUGUUUUUAAUAAAAUU,mUmUfUmUfAmUfUfAfAmAfAmAfCmAfAmAfUmGfA,fU*fC*mAfUmUfUmGfUmUfUmUmUmAfAmUfAmAfAmA*mU*mU,GOLD_RECOVERED,9.4667,0.3414,2.443,0.7578,MULTI_DOSE_HILL
UUUUCCACAGAUGCUUGUGAU,ATCACAAGCAUCUGUGGAAAAAA,ususuuccacAfGfAfugcuugugauL96,asdTscadCadAgcaudCuGfuggaaaasasa,GOLD_RECOVERED,7.4903,32.3351,0.469,0.8889,MULTI_DOSE_HILL
UUUUCCACAGAUGCUUGUGAU,AUCACAAGCAUCUGUGGAAAAAA,ususuuccAfcAfGfAfugcuugugauL96,asUfscacAfaGfCfaucuGfuGfgaaaasasa,GOLD_RECOVERED,7.5596,27.5699,0.421,0.7919,MULTI_DOSE_HILL
UUUUGCUUUUGUAACUUGAAG,CUUCAAGUUACAAAAGCAAAACA,ususuugcUuUUGuaacuugaag,csUsucaaGuuacAaAaGcaaaascsa,GOLD_RECOVERED,4.8993,12608.9202,0.528,0.9232,MULTI_DOSE_HILL
UUUUGGGUCUGUCCUCUCUGU,ACAGAGAGGACAGACCCAAAAGA,ususuuggGuCUGuccucucugu,asCsagagAggacAgAcCcaaaasgsa,GOLD_RECOVERED,6.086,820.4183,2.8,0.7721,MULTI_DOSE_HILL
UUUUGUAACUUGAAGAUAUUU,AAAUAUCUUCAAGUUACAAAAGC,ususuuguAaCUUgaagauauuu,asAsauauCuucaAgUuAcaaaasgsc,GOLD_RECOVERED,8.1014,7.9185,1.504,0.99,MULTI_DOSE_HILL
UUUUUCCACAGAUGCUUGUGU,ACACAAGCAUCUGUGGAAAAAAC,ususuuucCfaCfAfGfaugcuuguguL96,asCfsacaAfgCfAfucugUfgGfaaaaasasc,GOLD_RECOVERED,8.1924,6.4204,0.562,0.9042,MULTI_DOSE_HILL
CAUCAUCUACTCCUACUUGGA,UCCAAGTAGGAGUAGAUGAUGGU,csasucaucudAcdTccuacuuggaL96,usdCscadAgdTaggadGudAgaugaugsgsu,INACTIVE_ANCHOR,6.0044,990.0,1.0,1.0,CALIBRATED_INACTIVE
UGAAGUCCACCAAAAGUGGAU,ATCCACTUUUGGUGGACUUCAGA,usgsaaguccdAcdCaaaaguggauL96,asdTsccdAcdTuuugdGudGgacuucasgsa,INACTIVE_ANCHOR,6.0044,990.0,1.0,1.0,CALIBRATED_INACTIVE
ACCUCAUCCCAUAUUGUUCCA,UGGAACAAUAUGGGAUGAGGUAA,ascscucaUfcCfCfAfuauuguuccaL96,usGfsgaac(Agn)auauggGfaUfgaggusasa,INACTIVE_ANCHOR,6.5229,300.0,1.0,1.0,CALIBRATED_INACTIVE
CAAAAGUGGACCCUCUAUAUU,AAUAUAGAGGGUCCACUUUUGGU,csasaaagUfgGfAfCfccucuauauuL96,asAfsuaua(Ggn)agggucCfaCfuuuugsgsu,INACTIVE_ANCHOR,6.0044,990.0,1.0,1.0,CALIBRATED_INACTIVE
UGCCCGAGAUCCUGUUAAACU,AGUUUAACAGGAUCUCGGGCAAG,usgsccc(Ghd)AfgAfUfCfcuguuaaacuL96,asGfsuuua(Agn)caggauCfuCfgggcasasg,INACTIVE_ANCHOR,6.5229,300.0,1.0,1.0,CALIBRATED_INACTIVE
UCUGAUGGGGAAAACGUUCUU,GAACGUUUUCCCCAUCAGAUU,fUpsmCpsfUmGfAmUfGmGfGmGfAmAfAmAfCmGfUmUfCpsmUpsmU,mGpsfApsmAfCmGfUmUfUmUfCmCfCmCfAmUfCmAfGmApsmUpsmU,INACTIVE_ANCHOR,6.5229,300.0,1.0,1.0,CALIBRATED_INACTIVE
CACUGGGAGACAAGCAUUUAU,ATAAAUGCUUGTCUCCCAGUGGG,csascugggaGfAfCfaagcauuuauL96,asdTsaadAudGcuugdTcUfcccagugsgsg,INACTIVE_ANCHOR,6.5229,300.0,1.0,1.0,CALIBRATED_INACTIVE
AGGCGUGCGAUAUGUGGAUGU,ACAUCCACAUAUCGCACGCCUCU,asgsgcguGfcGfAfUfauguggauguL96,asCfsaucCfacauaucGfcAfcgccuscsu,INACTIVE_ANCHOR,5.867,1358.45,1.0,1.0,CALIBRATED_INACTIVE
CAGUGAGAUGUUAGUAGAAUU,AAUUCUACUAACAUCUCACUGAU,csasgugaGfaUfGfUfuaguagaauuL96,asAfsuucUfaCfUfaacaUfcUfcacugsasu,INACTIVE_ANCHOR,5.3054,4950.0,1.0,1.0,CALIBRATED_INACTIVE
AUCAUCUACUCCUACUUGGAU,AUCCAAGUAGGAGUAGAUGAUGG,asuscaucUfaCfUfCfcuacuuggauL96,asUfsccaa(Ggn)uaggagUfaGfaugausgsg,INACTIVE_ANCHOR,6.5229,300.0,1.0,1.0,CALIBRATED_INACTIVE
CUACCACGUCGGGGCGACCCG,CGGGUCGCCCCGACGUGGUAGUU,fCpsmUpsfAmCfCmAfCmGfUmCfGmGfGmGfCmGfAmCfCmCpsfG,vmCpsfGpsmGfGmUfCmGfCmCfCmCfGmAfCmGfUmGfGmUfAmGpsmUpsmU,INACTIVE_ANCHOR,6.4283,373.01,1.0,1.0,CALIBRATED_INACTIVE
AACUGCAGCUGAGUGCCGAAA,UUUCGGCACUCAGCUGCAGUUUC,asascugcAfgCfUfGfagugccgaaaL96,usUfsucgg(Cgn)acucagCfuGfcaguususc,INACTIVE_ANCHOR,6.1196,759.23,1.0,1.0,CALIBRATED_INACTIVE
AAAUAGCAGACUUGUUCCG,CGGAACAAGUCUGCUAUUU,AAAUAGCAGACUUGUUCCGdTdT,CGGAACAAGUCUGCUAUUUdTdT,INACTIVE_ANCHOR,5.3054,4950.0,1.0,1.0,CALIBRATED_INACTIVE
GGUGCUGGGAGAGAUAUGCUU,GCAUAUCUCUCCCAGCACCUU,fGpsmGpsfUmGfCmUfGmGfGmAfGmAfGmAfUmAfUmGfCpsmUpsmU,mGpsfCpsmAfUmAfUmCfUmCfUmCfCmCfAmGfCmAfCmCpsmUpsmU,INACTIVE_ANCHOR,6.2679,539.62,1.0,1.0,CALIBRATED_INACTIVE
AUCCUUUCUGAGGCGUCGC,GCGACGCCUCAGAAAGGAU,AUCCUUUCUGAGGCGUCGCdTdT,GCGACGCCUCAGAAAGGAUdTdT,INACTIVE_ANCHOR,5.3054,4950.0,1.0,1.0,CALIBRATED_INACTIVE
AGUCGUGGAUGCCCUGGUGUA,UACACCAGGGCAUCCACGACUUC,asgsucguGfgAfUfGfcccugguguaL96,usAfscacCfaGfGfgcauCfcAfcgacususc,INACTIVE_ANCHOR,6.5229,300.0,1.0,1.0,CALIBRATED_INACTIVE
UAAAGCAACCAACUUCAGG,CCUGAAGUUGGUUGCUUUA,UAAAGCAACCAACUUCAGGdTdT,CCUGAAGUUGGUUGCUUUAdTdT,INACTIVE_ANCHOR,5.3054,4950.0,1.0,1.0,CALIBRATED_INACTIVE
CCCAGGUCUGGAAUGCAAA,UUUGCAUUCCAGACCUGGG,cccAGGucuGGAAuGcAAAdTsdT,UUUGcAUUCcAGACCUGGGdTsdT,INACTIVE_ANCHOR,6.5229,300.0,1.0,1.0,CALIBRATED_INACTIVE
UUGUGUACUGUAAAGAAUUUA,UAAAUUCUUUACAGUACACAAAA,ususgug(Uhd)AfcUfGfUfaaagaauuuaL96,usAfsaauu(Cgn)uuuacaGfuAfcacaasasa,INACTIVE_ANCHOR,6.5229,300.0,1.0,1.0,CALIBRATED_INACTIVE
GUUUUGUAGCAUUUUUAUUAA,UUAAUAAAAAUGCUACAAAACCC,Gms-Ums-Um-Um-Um-Gm-Uf-Am-Gf-Cf-Af-Um-Um-Um-Um-Um-Af-Um-Um-Am-Am,Ums-Ufs-Af-Af-Um-Af-Agna-Am-Am-Am-Um-Gm-Cm-Uf-Am-Cf-Am-Am-Am-Am-Cms-Cms-Cm,INACTIVE_ANCHOR,6.5229,300.0,1.0,1.0,CALIBRATED_INACTIVE
AAAUAACCUCUUGUAGUUAUA,UAUAACUACAAGAGGUUAUUUUU,asasauaaCfcUfCfUfuguaguuauaL96,usAfsuaaCfuAfCfaagaGfgUfuauuususu,INACTIVE_ANCHOR,6.1908,644.44,1.0,1.0,CALIBRATED_INACTIVE
CAUUAGCCCAAAACGGUGCAA,UUGCACCGUUUUGGGCUAAUGAA,csasuuagCfcCfAfAfaacggugcaaL96,usUfsgcaCfcGfUfuuugGfgCfuaaugsasa,INACTIVE_ANCHOR,6.5229,300.0,1.0,1.0,CALIBRATED_INACTIVE
GAAGGAUUGAAUGGAUACACA,UGUGUAUCCAUUCAAUCCUUCUG,gsasaggaUfuGfAfAfuggauacacaL96,usGfsuguAfuCfCfauucAfaUfccuucsusg,INACTIVE_ANCHOR,6.0044,990.0,1.0,1.0,CALIBRATED_INACTIVE
AGGUCCAGCCUGAACUUCUUU,AAAGAAGUUCAGGCUGGACCUGA,asgsguccAfgCfCfUfgaacuucuuuL96,asAfsagaAfguucaggCfuGfgaccusgsa,INACTIVE_ANCHOR,5.3054,4950.0,1.0,1.0,CALIBRATED_INACTIVE
UUUUAUUGCCAUUUUGUCC,GGACAAAAUGGCAAUAAAA,UUUUAUUGCCAUUUUGUCCdTdT,GGACAAAAUGGCAAUAAAAdTdT,INACTIVE_ANCHOR,5.3054,4950.0,1.0,1.0,CALIBRATED_INACTIVE
AACUUUCUUCAUGUGGACAUU,AAUGUCCACAUGAAGAAAGUUCG,asascuuuCfuUfCfAfuguggacauuL96,asAfsuguCfcAfCfaugaAfgAfaaguuscsg,INACTIVE_ANCHOR,6.5229,300.0,1.0,1.0,CALIBRATED_INACTIVE
AUGGAAGUGGCAAUAUAAGGU,ACCUUATAUUGCCACUUCCAUUU,asusgga(Ahd)GfuGfGfCfaauauaagguL96,asCfscuua(Tgn)auugccAfcUfuccaususu,INACTIVE_ANCHOR,6.5229,300.0,1.0,1.0,CALIBRATED_INACTIVE
UGAAGUCAUCCUCAGAAGGGU,ACCCUUCUGAGGAUGACUUCAGG,usgsaaguCfaUfCfCfucagaaggguL96,asCfsccuUfcugaggaUfgAfcuucasgsg,INACTIVE_ANCHOR,6.3841,412.96,1.0,1.0,CALIBRATED_INACTIVE
UUUUGCAUGGACUAUCCUCUA,UAGAGGAUAGUCCAUGCAAAAUU,L025L025mU*mUmUmUmGmCfAmUfGfGfAmCmUmAmUmCmCmUmCmU*mA,mU*fA*mGmAmGfGmAmUmAmGmUmCmCfAmUfGmCmAmAmAmA*mU*mU,INACTIVE_ANCHOR,6.5229,300.0,1.0,1.0,CALIBRATED_INACTIVE
UUAAAGCAACCAACUUCAG,CUGAAGUUGGUUGCUUUAA,UUAAAGCAACCAACUUCAGdTdT,CUGAAGUUGGUUGCUUUAAdTdT,INACTIVE_ANCHOR,5.3054,4950.0,1.0,1.0,CALIBRATED_INACTIVE
CAUCCUAGGACAUUUUUGGAU,AUCCAAAAAUGUCCUAGGAUGUU,csasuccuAfgGfAfCfauuuuuggauL96,asUfsccaa(Agn)aaugucCfuAfggaugsusu,INACTIVE_ANCHOR,6.0044,990.0,1.0,1.0,CALIBRATED_INACTIVE
CAGUUGACCUGAGCAAGGUGA,UCACCUTGCUCAGGUCAACUGGU,csasgu(Uhd)gacCfUfGfagcaaggugaL96,VPusdCsacdCudTgcucdAgGfucaacugsgsu,INACTIVE_ANCHOR,6.5229,300.0,1.0,1.0,CALIBRATED_INACTIVE
AGACCCAGCAACUCUCAAGUU,AACUUGAGAGUUGCUGGGUCUGA,AfgAfcCfcAfgCfAfAfcUfcUfcAfaGfuUfL96,aAfcUfuGfaGfaGfuugCfuGfgGfuCfusGfsa,INACTIVE_ANCHOR,6.5229,300.0,1.0,1.0,CALIBRATED_INACTIVE
UCUUCCUGAACGCGCCUCAGU,ACUGAGGCGCGTUCAGGAAGAAA,uscsuuccugdAadCgcgccucaguL96,asdCsugdAgdGcgcgdTudCaggaagasasa,INACTIVE_ANCHOR,6.0044,990.0,1.0,1.0,CALIBRATED_INACTIVE
ACCUUUUUCACCUAACUAAAU,AUUUAGTUAGGUGAAAAAGGUGU,ascscuuuUfuCfAfCfcuaacuaaauL96,asUfsuudAg(Tgn)uaggugAfaAfaaggusgsu,INACTIVE_ANCHOR,6.0044,990.0,1.0,1.0,CALIBRATED_INACTIVE
AGCAACCUUUCGCCUGUGU,ACACAGGCGAAAGGUUGCUUC,asgscaacCfUfUfucgccuguguL96,asCfsacdAg(G2p)cgaadAgdGuUfgcususc,INACTIVE_ANCHOR,6.0044,990.0,1.0,1.0,CALIBRATED_INACTIVE
CAGCACCUGCUUUGUGUCA,UGACACAAAGCAGGUGCUG,cAGcAccuGcuuuGuGucAdTsdT,UGAcAcAAAGcAGGUGCUGdTsdT,INACTIVE_ANCHOR,6.0044,990.0,1.0,1.0,CALIBRATED_INACTIVE
CCACAGAAAUUUCUCUAUCUU,AAGAUAGAGAAAUUUCUGUGGGU,CfcAfcAfgAfaAfUfUfuCfuCfuAfuCfuUfL96,aAfgAfuAfgAfgAfaauUfuCfuGfuGfgsGfsu,INACTIVE_ANCHOR,6.5229,300.0,1.0,1.0,CALIBRATED_INACTIVE
AAAGAUGAUAACCUUGACUAU,AUAGUCAAGGUUAUCAUCUUUGC,asasagauGfaUfAfAfccuugacuauL96,asUfsaguCfaAfGfguuaUfcAfucuuusgsc,INACTIVE_ANCHOR,5.7808,1656.48,1.0,1.0,CALIBRATED_INACTIVE
AUCCAUCCAACAGAUUCAGAA,UUCUGAAUCUGUUGGAUGGAUCA,AfuCfcAfuCfcAfAfCfaGfaUfuCfaGfaAfL96,uUfcUfgAfaUfcUfguuGfgAfuGfgAfusCfsa,INACTIVE_ANCHOR,6.5229,300.0,1.0,1.0,CALIBRATED_INACTIVE
AAAUCAUGGCCACAUCGUCAU,AUGACGAUGUGGCCAUGAUUUCU,asasaucaUfgGfCfCfacaucgucauL96,asUfsgacg(Agn)uguggcCfaUfgauuuscsu,INACTIVE_ANCHOR,6.5229,300.0,1.0,1.0,CALIBRATED_INACTIVE
AUUGUCCAGAGACUGGUGA,UCACCAGUCUCUGGACAAUCG,asusugucCfAfGfagacuggugaL96,usCfsacdCadGucucugGfaCfaauscsg,INACTIVE_ANCHOR,6.3975,400.45,1.0,1.0,CALIBRATED_INACTIVE
AAGUGUCUAGGCUACACAGAA,UUCUGUGUAGCCUAGACACUUUG,asasguguCfuAfGfGfcuacacagaaL96,usUfscugUfgUfAfgccuAfgAfcacuususg,INACTIVE_ANCHOR,6.0044,990.0,1.0,1.0,CALIBRATED_INACTIVE
UGCAACUCUAUUCUGGACUUA,UAAGUCCAGAAUAGAGUUGCAUU,L025L025mU*mGmCmAmAmCfUmCfUfAfUmUmCmUmGmGmAmCmUmU*mA,mU*fA*mAmGmUfCmCmAmGmAmAmUmAfGmAfGmUmUmGmCmA*mU*mU,INACTIVE_ANCHOR,5.3054,4950.0,1.0,1.0,CALIBRATED_INACTIVE
UUGCCCGAGAUCCUGUUAAAU,AUUUAACAGGAUCUCGGGCAAGA,ususgcc(Chd)GfaGfAfUfccuguuaaauL96,asUfsuuaa(Cgn)aggaucUfcGfggcaasgsa,INACTIVE_ANCHOR,6.5229,300.0,1.0,1.0,CALIBRATED_INACTIVE
AUGGCUUCCAGAUAUGCCCGU,ACGGGCAUAUCUGGAAGCCAUGU,asusggcuUfcCfAfGfauaugcccguL96,asCfsggdGc(Agn)uaucugGfaAfgccausgsu,INACTIVE_ANCHOR,6.5229,300.0,1.0,1.0,CALIBRATED_INACTIVE
GCUGGCCCAUGUGUGAUCUUA,UAAGAUCACACAUGGGCCAGCCU,gscsuggcCfcAfUfGfugugaucuuaL96,usAfsagaUfcAfCfacauGfgGfccagcscsu,INACTIVE_ANCHOR,6.0044,990.0,1.0,1.0,CALIBRATED_INACTIVE
GUCCACGAACUUUCUUCAUUU,AUGAAGAAAGUUCGUGGACUU,fGpsmUpsfCmCfAmCfGmAfAmCfUmUfUmCfUmUfCmAfUpsmUpsmU,mApsfUpsmGfAmAfGmAfAmAfGmUfUmCfGmUfGmGfAmCpsmUpsmU,INACTIVE_ANCHOR,6.218,605.31,1.0,1.0,CALIBRATED_INACTIVE
AUACUGGGTUCACCAAAAAUU,AAUUTUTGGUGAACCCAGUAUUC,asusacugggdTudCaccaaaaauuL96,asdAsuudTudTggugdAadCccaguaususc,INACTIVE_ANCHOR,6.5229,300.0,1.0,1.0,CALIBRATED_INACTIVE
CCAAGCAAGCAGACAUUUAUC,GAUAAAUGUCUGCUUGCUUGGGU,cscsaagcAaGCAgacauuuauc,gsAsuaaaUgucuGcUuGcuuggsgsu,INACTIVE_ANCHOR,6.5229,300.0,1.0,1.0,CALIBRATED_INACTIVE
GAGGUCAACATCCUAGGACAU,ATGUCCTAGGATGTUGACCUCAA,gsasggucaadCadTccuaggacauL96,asdTsgudCcdTaggadTgdTugaccucsasa,INACTIVE_ANCHOR,6.0044,990.0,1.0,1.0,CALIBRATED_INACTIVE
GAUGUCAUCAAUGAGGCCU,AGGCCUCAUUGAUGACAUC,GAuGucAucAAuGAGGccudTsdT,AGGCCUcAUUGAUGACAUCdTsdT,INACTIVE_ANCHOR,6.0044,990.0,1.0,1.0,CALIBRATED_INACTIVE
AACUUGCUACCCAUUAGGAUA,UAUCCUAAUGGGUAGCAAGUUGC,asascuugCfuAfCfCfcauuaggauaL96,usAfsuccUfaAfUfggguAfgCfaaguusgsc,INACTIVE_ANCHOR,6.0044,990.0,1.0,1.0,CALIBRATED_INACTIVE
GUCCAGCCUGAACUUCUUCUU,AAGAAGAAGUUCAGGCUGGACCU,gsusccagCfcUfGfAfacuucuucuuL96,asAfsgaaGfaAfGfuucaGfgCfuggacscsu,INACTIVE_ANCHOR,6.5229,300.0,1.0,1.0,CALIBRATED_INACTIVE
GGGGAGGACAUCAUUGGUG,CACCAAUGAUGUCCUCCCC,GGGGAGGAcAucAuuGGuGdTsdT,cACcAAUGAUGUCcUCCCCdTsdT,INACTIVE_ANCHOR,6.0044,990.0,1.0,1.0,CALIBRATED_INACTIVE
CUGGGGCUGAGCUUUAAAAUG,CAUUUUAAAGCUCAGCCCCAGCC,csusggggCuGAGcuuuaaaaug,csAsuuuuAaagcUcAgCcccagscsc,INACTIVE_ANCHOR,6.5229,300.0,1.0,1.0,CALIBRATED_INACTIVE
AACUCAACUCAAAACUUGAAA,UUUCAAGUUUUGAGUUGAGUUCA,AfaCfuCfaAfcUfCfAfaAfaCfuUfgAfaAfL96,uUfuCfaAfgUfuUfugaGfuUfgAfgUfusCfsa,INACTIVE_ANCHOR,6.0044,990.0,1.0,1.0,CALIBRATED_INACTIVE
UGGAAAUAAAGUUAUUACUCA,UGAGTAAUAACUUUAUUUCCAAA,usgsgaa(Ahd)uaAfAfGfuuauuacucaL96,VPusGfsagdTa(Agn)uaacuuUfaUfuuccasasa,INACTIVE_ANCHOR,6.5229,300.0,1.0,1.0,CALIBRATED_INACTIVE
AGGCAGCUTUAUCUCAACCUU,AAGGTUGAGAUAAAGCUGCCUGC,asgsgcagcudTudAucucaaccuuL96,asdAsggdTudGagaudAadAgcugccusgsc,INACTIVE_ANCHOR,6.0044,990.0,1.0,1.0,CALIBRATED_INACTIVE
CUUAAAGACUUUGUCCAUA,UAUGGACAAAGUCUUUAAG,cuuAAAGAcuuuGuccAuAdTsdT,uAUGGAcAAAGUCUUuAAGdTsdT,INACTIVE_ANCHOR,6.0044,990.0,1.0,1.0,CALIBRATED_INACTIVE
CCGCGACGCGCGCAUGUUGUU,AACAACAUGCGCGCGUCGCGGUU,fCpsmCpsfGmCfGmAfCmGfCmGfCmGfCmAfUmGfUmUfGmUpsfU,vmApsfApsmCfAmAfCmAfUmGfCmGfCmGfCmGfUmCfGmCfGmGpsmUpsmU,INACTIVE_ANCHOR,6.5098,309.2,1.0,1.0,CALIBRATED_INACTIVE
UCUCGCUCUGUCACCAGGCUU,AAGCCUGGUGACAGAGCGAGACU,uscsucgcUfcUfGfUfcaccaggcuuL96,asAfsgccUfgGfUfgacaGfaGfcgagascsu,INACTIVE_ANCHOR,6.5229,300.0,1.0,1.0,CALIBRATED_INACTIVE
CCUUGACUACUAAAAACGUCU,AGACGUUUUUAGUAGUCAAGGUU,cscsuugaCfuAfCfUfaaaaacgucuL96,asGfsacgUfuUfUfuaguAfgUfcaaggsusu,INACTIVE_ANCHOR,6.5229,300.0,1.0,1.0,CALIBRATED_INACTIVE
GUCAAGUCCACGAACUUUCUU,AAGAAAGUUCGUGGACUUGACUU,fGpsmUpsfCmAfAmGfUmCfCmAfCmGfAmAfCmUfUmUfCmUpsfU,vmApsfApsmGfAmAfAmGfUmUfCmGfUmGfGmAfCmUfUmGfAmCpsmUpsmU,INACTIVE_ANCHOR,5.8175,1522.33,1.0,1.0,CALIBRATED_INACTIVE
ACGCCUCUGCACAGGGAACUU,GUUCCCUGUGCAGAGGCGUUU,fApsmCpsfGmCfCmUfCmUfGmCfAmCfAmGfGmGfAmAfCpsmUpsmU,mGpsfUpsmUfCmCfCmUfGmUfGmCfAmGfAmGfGmCfGmUpsmUpsmU,INACTIVE_ANCHOR,6.3979,400.05,1.0,1.0,CALIBRATED_INACTIVE
CGGCUUCCUGGGCUUCUACCU,AGGUAGAAGCCCAGGAAGCCGCA,csgsgcuuCfcUfGfGfgcuucuaccuL96,asGfsguaGfaagcccaGfgAfagccgscsa,INACTIVE_ANCHOR,6.5229,300.0,1.0,1.0,CALIBRATED_INACTIVE
GUUGCCCCAUGUCGACUAC,GUAGUCGACAUGCGGCAAC,GuuGccccAuGucGAcuAcdTsdT,GuAGUCGACAUGGGGcAACdTsdT,INACTIVE_ANCHOR,6.505,312.58,1.0,1.0,CALIBRATED_INACTIVE
UUGAAGCAUGGUGUUUCAG,CUGAAACACCAUGCUUCAA,UUGAAGCAUGGUGUUUCAGdTdT,CUGAAACACCAUGCUUCAAdTdT,INACTIVE_ANCHOR,5.3054,4950.0,1.0,1.0,CALIBRATED_INACTIVE
AUUAUGGCCUGUAUUGGAGAU,AUCUCCAAUACAGGCCAUAAUCU,asusuaugGfcCfUfGfuauuggagauL96,asUfscucc(Agn)auacagGfcCfauaauscsu,INACTIVE_ANCHOR,6.5229,300.0,1.0,1.0,CALIBRATED_INACTIVE
GCAUUUCACCAUUCAAACAGG,CCUGUUUGAAUGGUGAAAUGCCC,gscsauuuCaCCAuucaaacagg,csCsuguuUgaauGgUgAaaugcscsc,INACTIVE_ANCHOR,6.5229,300.0,1.0,1.0,CALIBRATED_INACTIVE
UCUCAAUGCUUCAAUGUCC,GGACAUUGAAGCAUUGAGA,UCUCAAUGCUUCAAUGUCCdTdT,GGACAUUGAAGCAUUGAGAdTdT,INACTIVE_ANCHOR,5.994,1013.83,1.0,1.0,CALIBRATED_INACTIVE
CUCAAGGUGCUGGGAGAGAUU,UCUCUCCCAGCACCUUGAGUU,fCpsmUpsfCmAfAmGfGmUfGmCfUmGfGmGfAmGfAmGfApsmUpsmU,mUpsfCpsmUfCmUfCmCfCmAfGmCfAmCfCmUfUmGfAmGpsmUpsmU,INACTIVE_ANCHOR,5.6282,2353.85,1.0,1.0,CALIBRATED_INACTIVE
UGGGCACUGGUGCGAGCACAU,AUGUGCUCGCACCAGUGCCCACA,usgsggcaCfuGfGfUfgcgagcacauL96,asUfsgugCfuCfGfcaccAfgUfgcccascsa,INACTIVE_ANCHOR,6.0044,990.0,1.0,1.0,CALIBRATED_INACTIVE
UGUCAGUUGUUUAAAACCC,GGGUUUUAAACAACUGACA,UGUCAGUUGUUUAAAACCCdTdT,GGGUUUUAAACAACUGACAdTdT,INACTIVE_ANCHOR,5.3054,4950.0,1.0,1.0,CALIBRATED_INACTIVE
UCACAGGCUGCAGCUCCCA,UGGGAGCUGCAGCCUGUGA,ucAcAGGcuGcAGcucccAdTsdT,UGGGAGCUGcAGCCUGUGAdTsdT,INACTIVE_ANCHOR,6.0044,990.0,1.0,1.0,CALIBRATED_INACTIVE
CUGGCUCCAAAUCUUUGUAUA,UAUACAAAGAUUUGGAGCCAGUG,csusggcuCfcAfAfAfucuuuguauaL96,usAfsuacAfaAfGfauuuGfgAfgccagsusg,INACTIVE_ANCHOR,6.5229,300.0,1.0,1.0,CALIBRATED_INACTIVE
UUUUUAUUAAUAUGGUGACUU,AAGUCACCAUAUUAAUAAAAAUG,ususuuuaUuAAUauggugacuu,asAsgucaCcauaUuAaUaaaaasusg,INACTIVE_ANCHOR,6.0044,990.0,1.0,1.0,CALIBRATED_INACTIVE
CAACUCUAUUCUGGACUUUAA,UUAAAGUCCAGAAUAGAGUUGUU,L025L025mC*mAmAmCmUmCfUmAfUfUfCmUmGmGmAmCmUmUmUmA*mA,mU*fU*mAmAmAfGmUmCmCmAmGmAmAfUmAfGmAmGmUmUmG*mU*mU,INACTIVE_ANCHOR,5.3054,4950.0,1.0,1.0,CALIBRATED_INACTIVE
UAGUUUUUUCCACAGAUGCUU,AAGCAUCUGUGGAAAAAACUAAG,usasguuuUfuUfCfCfacagaugcuuL96,asAfsgcaUfcUfGfuggaAfaAfaacuasasg,INACTIVE_ANCHOR,6.5229,300.0,1.0,1.0,CALIBRATED_INACTIVE
GCAACCUUUCGCCUGUGCA,UGCACAGGCGAAAGGUUGCUU,gscsaaccUfUfUfcgccugugcaL96,usGfscadCa(G2p)gcgadAadGgUfugcsusu,INACTIVE_ANCHOR,6.0824,827.19,1.0,1.0,CALIBRATED_INACTIVE
UGGAUCCUUGCCAUUCCCC,GGGGAAUGGCAAGGAUCCA,UGGAUCCUUGCCAUUCCCCdTdT,GGGGAAUGGCAAGGAUCCAdTdT,INACTIVE_ANCHOR,6.4439,359.84,1.0,1.0,CALIBRATED_INACTIVE
UGGAUUUGACUUCUUUUUU,AAAAAAGAAGUCAAAUCCA,UGGAUUUGACUUCUUUUUUdTdT,AAAAAAGAAGUCAAAUCCAdTdT,INACTIVE_ANCHOR,6.5229,300.0,1.0,1.0,CALIBRATED_INACTIVE
AUCUCAACCUGGACAUAUUUU,AAAAUAUGUCCAGGUUGAGAUAA,asuscucaAfcCfUfGfgacauauuuuL96,asAfsaauAfuGfUfccagGfuUfgagausasa,INACTIVE_ANCHOR,6.5229,300.0,1.0,1.0,CALIBRATED_INACTIVE
UCCUCCGCGACGCGCGCAUUU,AUGCGCGCGUCGCGGAGGAUU,fUpsmCpsfCmUfCmCfGmCfGmAfCmGfCmGfCmGfCmAfUpsmUpsmU,mApsfUpsmGfCmGfCmGfCmGfUmCfGmCfGmGfAmGfGmApsmUpsmU,INACTIVE_ANCHOR,5.8231,1502.8,1.0,1.0,CALIBRATED_INACTIVE
CUGAAGUCAUCCUCAGAAGGU,ACCUUCUGAGGAUGACUUCAGGC,csusgaagUfcAfUfCfcucagaagguL96,asCfscuuCfugaggauGfaCfuucagsgsc,INACTIVE_ANCHOR,5.3054,4950.0,1.0,1.0,CALIBRATED_INACTIVE
AGCCAAUGAGCCUGGAGCAGU,ACUGCUCCAGGCUCAUUGGCUCG,asgsccaaUfgAfGfCfcuggagcaguL96,asCfsugcUfcCfAfggcuCfaUfuggcuscsg,INACTIVE_ANCHOR,6.0044,990.0,1.0,1.0,CALIBRATED_INACTIVE
AACAUUAUAUUGAAUAUUCUU,AAGAAUAUUCAAUAUAAUGUUUG,AfaCfaUfuAfuAfUfUfgAfaUfaUfuCfuUfL96,aAfgAfaUfaUfuCfaauAfuAfaUfgUfusUfsg,INACTIVE_ANCHOR,6.5229,300.0,1.0,1.0,CALIBRATED_INACTIVE
GUGGAAAAUUUGAACUGAUUU,AAAUCAGUUCAAAUUUUCCACUU,gsusggaaAfaUfUfUfgaacugauuuL96,asAfsaucAfgUfUfcaaaUfuUfuccacsusu,INACTIVE_ANCHOR,6.5229,300.0,1.0,1.0,CALIBRATED_INACTIVE
GAGCCAGGCAGUGAGACUG,CAGUCUCACUGCCUGGCUC,GAGccAGGcAGuGAGAcuGdTsdT,CAGUCUcACUGCCUGGCUCdTsdT,INACTIVE_ANCHOR,6.0044,990.0,1.0,1.0,CALIBRATED_INACTIVE
ACAAAGAUUUGGUGUUUUCUA,UAGAAAACACCAAAUCUUUGUUU,AfcAfaAfgAfuUfUfGfgUfgUfuUfuCfuAfL96,uAfgAfaAfaCfaCfcaaAfuCfuUfuGfusUfsu,INACTIVE_ANCHOR,6.5229,300.0,1.0,1.0,CALIBRATED_INACTIVE
GUUUUAUGUGCACACAUUAGU,ACUAAUGUGUGCACAUAAAACAG,gsusuuu(Ahd)UfgUfGfCfacacauuaguL96,asCfsuaau(Ggn)ugugcaCfaUfaaaacsasg,INACTIVE_ANCHOR,6.5229,300.0,1.0,1.0,CALIBRATED_INACTIVE
AUACCUCACCAAGAUCCUG,CAGGAUCUUGGUGAGGUAU,AuAccucAccAAGAuccuGdTsdT,CAGGAUCUUGGUGAGGuAUdTsdT,INACTIVE_ANCHOR,6.0044,990.0,1.0,1.0,CALIBRATED_INACTIVE
CAUCAUCAAAAAUUGGUGUUU,AAACACCAAUUUUUGAUGAUGAA,csasuca(Uhd)CfaAfAfAfauugguguuuL96,asAfsacac(Cgn)aauuuuUfgAfugaugsasa,INACTIVE_ANCHOR,6.5229,300.0,1.0,1.0,CALIBRATED_INACTIVE
AGUAUAUCCAGCCGAUCUUCU,AGAAGATCGGCUGGAUAUACUGU,asgsuauaUfcCfAfGfccgaucuucuL96,asGfsaaga(Tgn)cggcugGfaUfauacusgsu,INACTIVE_ANCHOR,6.5229,300.0,1.0,1.0,CALIBRATED_INACTIVE
AGGGGAGGACAUCAUUGGU,ACCAAUGAUGUCCUCCCCU,AGGGGAGGAcAucAuuGGudTsdT,ACcAAUGAUGUCCUCCCCUdTsdT,INACTIVE_ANCHOR,6.0044,990.0,1.0,1.0,CALIBRATED_INACTIVE
CGUAUGCAGAAUAUUCAAUUA,UAAUUGAAUAUUCUGCAUACGUU,L025L025mC*mGmUmAmUmGfCmAfGfAfAmUmAmUmUmCmAmAmUmU*mA,mU*fA*mAmUmUfGmAmAmUmAmUmUmCfUmGfCmAmUmAmCmG*mU*mU,INACTIVE_ANCHOR,6.5229,300.0,1.0,1.0,CALIBRATED_INACTIVE
GCAACUCUAUUCUGGACUUUA,UAAAGUCCAGAAUAGAGUUGCAC,gscsaacuCfuAfUfUfcuggacuuuaL96,usAfsaagu(Cgn)cagaauAfgAfguugcsasc,INACTIVE_ANCHOR,6.5229,300.0,1.0,1.0,CALIBRATED_INACTIVE
CUCAUGCCAUCUUUGACCGAA,UUCGGUCAAAGAUGGCAUGAGAG,csuscau(Ghd)CfcAfUfCfuuugaccgaaL96,usUfscggu(Cgn)aaagauGfgCfaugagsasg,INACTIVE_ANCHOR,6.5229,300.0,1.0,1.0,CALIBRATED_INACTIVE
UUACCUGUUGAAUUUUGUAUU,AAUACAAAAUUCAACAGGUAACA,ususaccuGfuUfGfAfauuuuguauuL96,asAfsuacAfaAfAfuucaAfcAfgguaascsa,INACTIVE_ANCHOR,6.0044,990.0,1.0,1.0,CALIBRATED_INACTIVE
CGUCUUCAGCCUCCUCAAAGU,ACUUTGAGGAGGCUGAAGACGGC,csgsucuuCfaGfCfCfuccucaaaguL96,asCfsuudTg(Agn)ggaggcUfgAfagacgsgsc,INACTIVE_ANCHOR,6.5229,300.0,1.0,1.0,CALIBRATED_INACTIVE
CUUACCAGAGUGUCUGAUGGG,CCCAUCAGACACUCUGGUAAGUU,fCpsmUpsfUmAfCmCfAmGfAmGfUmGfUmCfUmGfAmUfGmGpsfG,vmCpsfCpsmCfAmUfCmAfGmAfCmAfCmUfCmUfGmGfUmAfAmGpsmUpsmU,INACTIVE_ANCHOR,5.6881,2050.84,1.0,1.0,CALIBRATED_INACTIVE
AAUAUCAAACACGUCCCGGGA,UCCCGGGACGUGUUUGAUAUUAU,asasuau(Chd)aaAfCfAfcgucccgggaL96,VPusdCsccdGgdGacgudGuUfugauauusasu,INACTIVE_ANCHOR,6.0044,990.0,1.0,1.0,CALIBRATED_INACTIVE
GUCCUCACAGGCUGCAGCU,AGCUGCAGCCUGUGAGGAC,GuccucAcAGGcuGcAGcudTsdT,AGCUGcAGCCUGUGAGGACdTsdT,INACTIVE_ANCHOR,6.5229,300.0,1.0,1.0,CALIBRATED_INACTIVE
GAAGUAUAUUUUUUAUUGC,GCAAUAAAAAAUAUACUUC,GAAGUAUAUUUUUUAUUGCdTdT,GCAAUAAAAAAUAUACUUCdTdT,INACTIVE_ANCHOR,6.2284,591.03,1.0,1.0,CALIBRATED_INACTIVE
CUCCUCCGCGACGCGCGCAUG,CAUGCGCGCGUCGCGGAGGAGUU,fCpsmUpsfCmCfUmCfCmGfCmGfAmCfGmCfGmCfGmCfAmUpsfG,vmCpsfApsmUfGmCfGmCfGmCfGmUfCmGfCmGfGmAfGmGfAmGpsmUpsmU,INACTIVE_ANCHOR,6.0685,854.16,1.0,1.0,CALIBRATED_INACTIVE
UGACAACGUACCCUUCAUUGU,ACAAUGAAGGGUACGUUGUCACU,usgsacaaCfgUfAfCfccuucauuguL96,asCfsaauGfaAfGfgguaCfgUfugucascsu,INACTIVE_ANCHOR,6.5229,300.0,1.0,1.0,CALIBRATED_INACTIVE
CAACCAUCACCGUGUCCCCUU,GGGGACACGGUGAUGGUUGUU,fCpsmApsfAmCfCmAfUmCfAmCfCmGfUmGfUmCfCmCfCpsmUpsmU,mGpsfGpsmGfGmAfCmAfCmGfGmUfGmAfUmGfGmUfUmGpsmUpsmU,INACTIVE_ANCHOR,6.3356,461.77,1.0,1.0,CALIBRATED_INACTIVE
UUUUGUGAAUACUGGGUUCAU,AUGAACCCAGUAUUCACAAAAAC,ususuuguGfaAfUfAfcuggguucauL96,asUfsgaac(Cgn)caguauUfcAfcaaaasasc,INACTIVE_ANCHOR,6.5229,300.0,1.0,1.0,CALIBRATED_INACTIVE
GGCAGCCUGGUGGAGGUGUAU,AUACACCUCCACCAGGCUGCCUC,gsgscagcCuGGUggagguguau,asUsacacCuccaCcAgGcugccsusc,INACTIVE_ANCHOR,6.5229,300.0,1.0,1.0,CALIBRATED_INACTIVE
AUAUGUGGAUGGAGGAGUGAG,CUCACUCCUCCAUCCACAUAUUU,fApsmUpsfAmUfGmUfGmGfAmUfGmGfAmGfGmAfGmUfGmApsfG,vmCpsfUpsmCfAmCfUmCfCmUfCmCfAmUfCmCfAmCfAmUfAmUpsmUpsmU,INACTIVE_ANCHOR,5.3054,4950.0,1.0,1.0,CALIBRATED_INACTIVE
AUGUUUAGACAAUUUUAGGCU,AGCCUAAAAUUGUCUAAACAUCU,asusguuuAfgAfCfAfauuuuaggcuL96,asGfsccua(Agn)aauuguCfuAfaacauscsu,INACTIVE_ANCHOR,6.0044,990.0,1.0,1.0,CALIBRATED_INACTIVE
AACCAAGGAUCAGUUACGGAA,UUCCGUAACUGAUCCUUGGUUCA,asascca(Ahd)GfgAfUfCfaguuacggaaL96,usUfsccgu(Agn)acugauCfcUfugguuscsa,INACTIVE_ANCHOR,6.3098,490.0,1.0,1.0,CALIBRATED_INACTIVE
AAGAUGAUAACCUUGACUACU,AGUAGUCAAGGUUAUCAUCUUUG,asasgaugAfuAfAfCfcuugacuacuL96,asGfsuagUfcAfAfgguuAfuCfaucuususg,INACTIVE_ANCHOR,5.3054,4950.0,1.0,1.0,CALIBRATED_INACTIVE
CCUCCUUCCUUCAGAGGCGUU,AACGCCTCUGAAGGAAGGAGGGA,cscsuccuUfcCfUfUfcagaggcguuL96,asAfscgdCc(Tgn)cugaagGfaAfggaggsgsa,INACTIVE_ANCHOR,5.3054,4950.0,1.0,1.0,CALIBRATED_INACTIVE
UCCAGCGACUGCAGCACCU,AGGUGCUGCAGUCGCUGGA,uccAGcGAcuGcAGcAccudTsdT,AGGUGCUGcAGUCGCUGGAdTsdT,INACTIVE_ANCHOR,6.5229,300.0,1.0,1.0,CALIBRATED_INACTIVE
GGAACUGUACUGGCUAUUACA,UGUAAUAGCCAGUACAGUUCCUU,L025L025mG*mGmAmAmCmUfGmUfAfCfUmGmGmCmUmAmUmUmAmC*mA,mU*fG*mUmAmAfUmAmGmCmCmAmGmUfAmCfAmGmUmUmCmC*mU*mU,INACTIVE_ANCHOR,6.5229,300.0,1.0,1.0,CALIBRATED_INACTIVE
CAAUGUCCACCAGCUCAUCUC,GAGAUGAGCUGGUGGACAUUGUU,fCpsmApsfAmUfGmUfCmCfAmCfCmAfGmCfUmCfAmUfCmUpsfC,vmGpsfApsmGfAmUfGmAfGmCfUmGfGmUfGmGfAmCfAmUfUmGpsmUpsmU,INACTIVE_ANCHOR,5.3054,4950.0,1.0,1.0,CALIBRATED_INACTIVE
ACCCAACAACCACCUGGCAAU,AUUGCCAGGUGGUUGUUGGGUUG,ascsccaaCfaAfCfCfaccuggcaauL96,asUfsugdCc(Agn)ggugguUfgUfugggususg,INACTIVE_ANCHOR,6.0044,990.0,1.0,1.0,CALIBRATED_INACTIVE
ACAAAAGCACTUCUUCCAUCU,AGAUGGAAGAAGUGCUUUUGUGA,ascsaaaagcdAcdTucuuccaucuL96,asdGsaudGgdAagaadGudGcuuuugusgsa,INACTIVE_ANCHOR,6.0044,990.0,1.0,1.0,CALIBRATED_INACTIVE
GACAGUAUAUCCAGCCGAUCU,AGAUCGGCUGGAUAUACUGUCCC,gsascaguAfuAfUfCfcagccgaucuL96,asGfsaucg(Ggn)cuggauAfuAfcugucscsc,INACTIVE_ANCHOR,6.5229,300.0,1.0,1.0,CALIBRATED_INACTIVE
GGUGGUGCUGAAGGAGGAG,CUCCUCCUUCAGCACCACC,GGuGGuGcuGAAGGAGGAGdTsdT,CUCCUCCUUcAGcACcACCdTsdT,INACTIVE_ANCHOR,6.0044,990.0,1.0,1.0,CALIBRATED_INACTIVE
UUUUUUAAGGAUUCUUGGG,CCCAAGAAUCCUUAAAAAA,UUUUUUAAGGAUUCUUGGGdTdT,CCCAAGAAUCCUUAAAAAAdTdT,INACTIVE_ANCHOR,6.5229,300.0,1.0,1.0,CALIBRATED_INACTIVE
GAAGCUGGAUCUUAGCAACGA,UCGUTGCUAAGAUCCAGCUUCUU,gsasagc(Uhd)ggAfUfCfuuagcaacgaL96,VPusdCsgudTg(C2p)uaagdAuCfcagcuucsusu,INACTIVE_ANCHOR,6.0044,990.0,1.0,1.0,CALIBRATED_INACTIVE
AACUUAUUUACACAGGGAAGU,ACUUCCCUGUGUAAAUAAGUUCU,asascuuaUfuUfAfCfacagggaaguL96,asCfsuucc(Cgn)uguguaAfaUfaaguuscsu,INACTIVE_ANCHOR,6.5229,300.0,1.0,1.0,CALIBRATED_INACTIVE
UGGUCUCUAUACUACAUUAUU,AAUAAUGUAGUAUAGAGACCAAA,usgsguc(Uhd)CfuAfUfAfcuacauuauuL96,asAfsuaau(Ggn)uaguauAfgAfgaccasasa,INACTIVE_ANCHOR,6.5229,300.0,1.0,1.0,CALIBRATED_INACTIVE
ACAGGGAACCUCUACCUUU,AAAGGUAGAGGUUCCCUGU,ascsagggAfaCfCfUfcuaccuuuL96,asAfsaggUf(Agn)gagguuCfcCfugu,INACTIVE_ANCHOR,6.5229,300.0,1.0,1.0,CALIBRATED_INACTIVE
CAUCCCAUAUUGUUCCAGCAA,UUGCUGGAACAAUAUGGGAUGAG,csasucccAfuAfUfUfguuccagcaaL96,usUfsgcuGfgAfAfcaauAfuGfggaugsasg,INACTIVE_ANCHOR,5.3054,4950.0,1.0,1.0,CALIBRATED_INACTIVE
UGCACAGGGAACCUCUACCUU,AAGGUAGAGGUUCCCUGUGCAGA,usgscacaGfgGfAfAfccucuaccuuL96,asAfsgguAfgagguucCfcUfgugcasgsa,INACTIVE_ANCHOR,6.5229,300.0,1.0,1.0,CALIBRATED_INACTIVE
GGACACAGCAGGACACCAGCU,AGCUGGTGUCCUGCUGUGUCCAA,gsgsacacAfgCfAfGfgacaccagcuL96,asGfscudGg(Tgn)guccugCfuGfuguccsasa,INACTIVE_ANCHOR,6.5229,300.0,1.0,1.0,CALIBRATED_INACTIVE
ACUGUAUGGUCAGCACACUCG,CGAGUGUGCUGACCAUACAGUCC,ascsuguaUgGUCagcacacucg,csGsagugUgcugAcCaUacaguscsc,INACTIVE_ANCHOR,6.5229,300.0,1.0,1.0,CALIBRATED_INACTIVE
AUUGCGAUUGUCCAGAGAU,AUCUCUGGACAAUCGCAAUGG,asusugcgAfUfUfguccagagauL96,asUfscudCu(G2p)gacaauCfgCfaausgsg,INACTIVE_ANCHOR,6.4943,320.37,1.0,1.0,CALIBRATED_INACTIVE
GAGGACCAGCGGGUACUGA,UCAGUACCCGCUGGUCCUC,GAGGAccAGcGGGuAcuGAdTsdT,UcAGuACCCGCUGGUCCUCdTsdT,INACTIVE_ANCHOR,6.5229,300.0,1.0,1.0,CALIBRATED_INACTIVE
GACCCGCUUCCACAGACAG,CUGUCUGUGGAAGCGGGUC,GAcccGcuuccAcAGAcAGdTsdT,CUGUCUGUGGAAGCGGGUCdTsdT,INACTIVE_ANCHOR,6.0044,990.0,1.0,1.0,CALIBRATED_INACTIVE
AGCCUGCGCGUGCUCAACU,AGUUGAGCACGCGCAGGCU,AGccuGcGcGuGcucAAcudTsdT,AGUUGAGcACGCGcAGGCUdTsdT,INACTIVE_ANCHOR,6.5229,300.0,1.0,1.0,CALIBRATED_INACTIVE
UUCUUUUAAGAUGUGUCUUCA,UGAAGACACAUCUUAAAAGAAGG,ususcuu(Uhd)UfaAfGfAfugugucuucaL96,usGfsaaga(Cgn)acaucuUfaAfaagaasgsg,INACTIVE_ANCHOR,6.5229,300.0,1.0,1.0,CALIBRATED_INACTIVE
GUGGCUGUACCCUUGGCCAAU,AUUGGCCAAGGGUACAGCCACCU,gsusggcuGfuAfCfCfcuuggccaauL96,asUfsuggCfcAfAfggguAfcAfgccacscsu,INACTIVE_ANCHOR,6.5229,300.0,1.0,1.0,CALIBRATED_INACTIVE
AGGCCAGGAGUCGGAACAUUA,UAAUGUUCCGACUCCUGGCCUUC,asgsgccaGfgAfGfUfcggaacauuaL96,usAfsaugUfuCfCfgacuCfcUfggccususc,INACTIVE_ANCHOR,6.5229,300.0,1.0,1.0,CALIBRATED_INACTIVE
GUGUACUGUAAAGAAUUUAGU,ACUAAATUCUUUACAGUACACAA,gsusgua(Chd)UfgUfAfAfagaauuuaguL96,asCfsuaaa(Tgn)ucuuuaCfaGfuacacsasa,INACTIVE_ANCHOR,6.5229,300.0,1.0,1.0,CALIBRATED_INACTIVE
CAACGUACCCUUCAUUGAUGU,ACAUCAAUGAAGGGUACGUUGUC,csasacguAfcCfCfUfucauugauguL96,asCfsauca(Agn)ugaaggGfuAfcguugsusc,INACTIVE_ANCHOR,6.4831,328.79,1.0,1.0,CALIBRATED_INACTIVE
CCGCUGGAGCAGACUCUGCAU,AUGCAGAGUCUGCUCCAGCGGGA,cscsgcugGfaGfCfAfgacucugcauL96,asUfsgcdAg(Agn)gucugcUfcCfagcggsgsa,INACTIVE_ANCHOR,6.5229,300.0,1.0,1.0,CALIBRATED_INACTIVE
UAGGAAGCAACCUUUCGCU,AGCGAAAGGUUGCUUCCUAGC,usasggaagCfAfaccuuucgcuL96,asdGscgdAadAgguugcUfuCfcuasgsc,INACTIVE_ANCHOR,6.5229,300.0,1.0,1.0,CALIBRATED_INACTIVE
AUAUGCCUUCGAGGAUAUUUA,UAAAUAUCCUCGAAGGCAUAUCU,asusaugcCfuUfCfGfaggauauuuaL96,usAfsaauAfuCfCfucgaAfgGfcauauscsu,INACTIVE_ANCHOR,6.5229,300.0,1.0,1.0,CALIBRATED_INACTIVE
CGCGACGCGCGCAUGUUGUUU,ACAACAUGCGCGCGUCGCGUU,fCpsmGpsfCmGfAmCfGmCfGmCfGmCfAmUfGmUfUmGfUpsmUpsmU,mApsfCpsmAfAmCfAmUfGmCfGmCfGmCfGmUfCmGfCmGpsmUpsmU,INACTIVE_ANCHOR,5.3054,4950.0,1.0,1.0,CALIBRATED_INACTIVE
AGAGCAUAUUGGUUCUGUGGA,UCCACAGAACCAAUAUGCUCUGU,asgsagcaUfaUfUfGfguucuguggaL96,usCfscacAfgAfAfccaaUfaUfgcucusgsu,INACTIVE_ANCHOR,6.3419,455.05,1.0,1.0,CALIBRATED_INACTIVE
CUCUUUGCUUGAGGAUCUUCU,AGAAGATCCUCAAGCAAAGAGUG,csuscuuuGfcUfUfGfaggaucuucuL96,asGfsaadGa(Tgn)ccucaaGfcAfaagagsusg,INACTIVE_ANCHOR,6.0044,990.0,1.0,1.0,CALIBRATED_INACTIVE
GGCUUCUACCACGUCGGGGCG,CGCCCCGACGUGGUAGAAGCCUU,fGpsmGpsfCmUfUmCfUmAfCmCfAmCfGmUfCmGfGmGfGmCpsfG,vmCpsfGpsmCfCmCfCmGfAmCfGmUfGmGfUmAfGmAfAmGfCmCpsmUpsmU,INACTIVE_ANCHOR,6.3119,487.63,1.0,1.0,CALIBRATED_INACTIVE
GGUGCUGGGAGAGAUAUGCCU,AGGCAUAUCUCUCCCAGCACCUU,fGpsmGpsfUmGfCmUfGmGfGmAfGmAfGmAfUmAfUmGfCmCpsfU,vmApsfGpsmGfCmAfUmAfUmCfUmCfUmCfCmCfAmGfCmAfCmCpsmUpsmU,INACTIVE_ANCHOR,6.5229,300.0,1.0,1.0,CALIBRATED_INACTIVE
CAUCUACUCCUACUUGGAGUU,AACUCCAAGUAGGAGUAGAUGAU,csasucuaCfuCfCfUfacuuggaguuL96,asAfscucc(Agn)aguaggAfgUfagaugsasu,INACTIVE_ANCHOR,6.5229,300.0,1.0,1.0,CALIBRATED_INACTIVE
AUCUUUCCUUGGAUUUGAC,GUCAAAUCCAAGGAAAGAU,AUCUUUCCUUGGAUUUGACdTdT,GUCAAAUCCAAGGAAAGAUdTdT,INACTIVE_ANCHOR,6.4981,317.65,1.0,1.0,CALIBRATED_INACTIVE
GGGAAAUCACGAAACCAACUA,UAGUUGGUUUCGUGAUUUCCCAA,GfgGfaAfaUfcAfCfGfaAfaCfcAfaCfuAfL96,uAfgUfuGfgUfuUfcguGfaUfuUfcCfcsAfsa,INACTIVE_ANCHOR,6.3098,490.0,1.0,1.0,CALIBRATED_INACTIVE
AUUGCUUAUGACAUGAUCGCU,AGCGAUCAUGUCAUAAGCAAUGA,asusugc(Uhd)UfaUfGfAfcaugaucgcuL96,asGfscgau(Cgn)augucaUfaAfgcaausgsa,INACTIVE_ANCHOR,6.5229,300.0,1.0,1.0,CALIBRATED_INACTIVE
UGGUGACAUGGCUUCCAGU,ACUGGAAGCCAUGUCACCA,usgsgugaCfaUfGfGfcuuccaguL96,asCfsuggAf(Agn)gccaugUfcAfcca,INACTIVE_ANCHOR,6.5229,300.0,1.0,1.0,CALIBRATED_INACTIVE
GACACCAGCAGCCCUUCCUAU,AUAGGAAGGGCUGCUGGUGUCCU,gsascaccAfgCfAfGfcccuuccuauL96,asUfsagdGa(Agn)gggcugCfuGfgugucscsu,INACTIVE_ANCHOR,6.0044,990.0,1.0,1.0,CALIBRATED_INACTIVE
GCUGGGACAGUAUAUCCAGCU,AGCUGGAUAUACUGUCCCAGCAU,gscsugggAfcAfGfUfauauccagcuL96,asGfscugg(Agn)uauacuGfuCfccagcsasu,INACTIVE_ANCHOR,6.0044,990.0,1.0,1.0,CALIBRATED_INACTIVE
UGUCUGAUGGGGAAAACGUUU,ACGUUUUCCCCAUCAGACAUU,fUpsmGpsfUmCfUmGfAmUfGmGfGmGfAmAfAmAfCmGfUpsmUpsmU,mApsfCpsmGfUmUfUmUfCmCfCmCfAmUfCmAfGmAfCmApsmUpsmU,INACTIVE_ANCHOR,6.5229,300.0,1.0,1.0,CALIBRATED_INACTIVE
GACCUGUUUUGCUUUUGUAAC,GUUACAAAAGCAAAACAGGUCUA,gsasccugUuUUGcuuuuguaac,gsUsuacaAaagcAaAaCaggucsusa,INACTIVE_ANCHOR,6.5229,300.0,1.0,1.0,CALIBRATED_INACTIVE
AGGUGCCAGGAAGCUCCCU,AGGGAGCUUCCUGGCACCU,AGGuGccAGGAAGcucccudTsdT,AGGGAGCUUCCUGGcACCUdTsdT,INACTIVE_ANCHOR,6.5229,300.0,1.0,1.0,CALIBRATED_INACTIVE
UUUUUAUUGCCAUUUUGUC,GACAAAAUGGCAAUAAAAA,UUUUUAUUGCCAUUUUGUCdTdT,GACAAAAUGGCAAUAAAAAdTdT,INACTIVE_ANCHOR,5.3054,4950.0,1.0,1.0,CALIBRATED_INACTIVE
AUGACCUCCGUGUAGUGUCUU,AAGACACUACACGGAGGUCAUGU,asusgaccUfcCfGfUfguagugucuuL96,asAfsgacAfcUfAfcacgGfaGfgucausgsu,INACTIVE_ANCHOR,6.5229,300.0,1.0,1.0,CALIBRATED_INACTIVE
UCUGCCAUUGCGAUUGUCU,AGACAATCGCAAUGGCAGAUU,uscsugccAfUfUfgcgauugucuL96,asGfsacdAadTcgcaauGfgCfagasusu,INACTIVE_ANCHOR,6.5229,300.0,1.0,1.0,CALIBRATED_INACTIVE
GAACCCACAGAAAUUUCUCUA,UAGAGAAAUUUCUGUGGGUUCUU,GfaAfcCfcAfcAfGfAfaAfuUfuCfuCfuAfL96,uAfgAfgAfaAfuUfucuGfuGfgGfuUfcsUfsu,INACTIVE_ANCHOR,6.4903,323.33,1.0,1.0,CALIBRATED_INACTIVE
UCUACUUCAACAAAAAGUGAA,UUCACUUUUUGUUGAAGUAGAAU,UfcUfaCfuUfcAfAfCfaAfaAfaGfuGfaAfL96,uUfcAfcUfuUfuUfguuGfaAfgUfaGfasAfsu,INACTIVE_ANCHOR,6.0044,990.0,1.0,1.0,CALIBRATED_INACTIVE
CCAAAUCUUUGUAUAGUCAUA,UAUGACUAUACAAAGAUUUGGAG,cscsaaauCfuUfUfGfuauagucauaL96,usAfsugaCfuAfUfacaaAfgAfuuuggsasg,INACTIVE_ANCHOR,6.0044,990.0,1.0,1.0,CALIBRATED_INACTIVE
GUGUCCCUACUGCCCGAAGGU,ACCUUCGGGCAGUAGGGACACAA,gsusguccCfuAfCfUfgcccgaagguL96,asCfscuuCfgGfGfcaguAfgGfgacacsasa,INACTIVE_ANCHOR,6.5229,300.0,1.0,1.0,CALIBRATED_INACTIVE
UUGGUGCCUCCAGCGACUG,CAGUCGCUGGAGGCACCAA,uuGGuGccuccAGcGAcuGdTsdT,CAGUCGCUGGAGGcACcAAdTsdT,INACTIVE_ANCHOR,6.5229,300.0,1.0,1.0,CALIBRATED_INACTIVE
UACCAUGCCCGCCUGUGGCUU,AAGCCACAGGCGGGCAUGGUACA,usasccauGfcCfCfGfccuguggcuuL96,asAfsgccAfcAfGfgcggGfcAfugguascsa,INACTIVE_ANCHOR,6.0044,990.0,1.0,1.0,CALIBRATED_INACTIVE
AUGUCAUCAAUGAGGCCUG,CAGGCCUCAUUGAUGACAU,AuGucAucAAuGAGGccuGdTsdT,CAGGCCUcAUUGAUGAcAUdTsdT,INACTIVE_ANCHOR,6.0044,990.0,1.0,1.0,CALIBRATED_INACTIVE
CCUAGGACAUUUUUGGAUCAU,AUGAUCCAAAAAUGUCCUAGGAU,cscsuaggAfcAfUfUfuuuggaucauL96,asUfsgauc(Cgn)aaaaauGfuCfcuaggsasu,INACTIVE_ANCHOR,6.5229,300.0,1.0,1.0,CALIBRATED_INACTIVE
GUCCACACAGCUCCACCAG,CUGGUGGAGCUGUGUGGAC,GuccAcAcAGcuccAccAGdTsdT,CUGGUGGAGCUGUGUGGACdTsdT,INACTIVE_ANCHOR,6.0044,990.0,1.0,1.0,CALIBRATED_INACTIVE
AAUGAACUGAGGCAAAUUUAA,UUAAAUUUGCCUCAGUUCAUUCA,AfaUfgAfaCfuGfAfGfgCfaAfaUfuUfaAfL96,uUfaAfaUfuUfgCfcucAfgUfuCfaUfusCfsa,INACTIVE_ANCHOR,6.5229,300.0,1.0,1.0,CALIBRATED_INACTIVE
UAAUACAUCAGCAUGCGUUAU,AUAACGCAUGCUGAUGUAUUAGA,usasauacAfuCfAfGfcaugcguuauL96,asUfsaacg(Cgn)augcugAfuGfuauuasgsa,INACTIVE_ANCHOR,5.6918,2033.33,1.0,1.0,CALIBRATED_INACTIVE
CCAUUGCGAUUGUCCAGAU,AUCUGGACAAUCGCAAUGGCA,cscsauugCfGfAfuuguccagauL96,asUfscudGg(Agn)caaucgCfaAfuggscsa,INACTIVE_ANCHOR,6.0044,990.0,1.0,1.0,CALIBRATED_INACTIVE
GAGGUGGAGGACCUUGGCA,UGCCAAGGUCCUCCACCUC,GAGGuGGAGGAccuuGGcAdTsdT,UGCcAAGGUCCUCcACCUCdTsdT,INACTIVE_ANCHOR,6.5229,300.0,1.0,1.0,CALIBRATED_INACTIVE
UUGGGCAAUAAAGUACCUGCU,AGCAGGTACUUUAUUGCCCAAGA,ususgggcAfaUfAfAfaguaccugcuL96,asGfscadGg(Tgn)acuuuaUfuGfcccaasgsa,INACTIVE_ANCHOR,6.3078,492.3,1.0,1.0,CALIBRATED_INACTIVE
CAGUACCUCCUCCCUAGGACU,AGUCCUAGGGAGGAGGUACUGUC,csasguacCfuCfCfUfcccuaggacuL96,asGfsuccUfaGfGfgaggAfgGfuacugsusc,INACTIVE_ANCHOR,5.3054,4950.0,1.0,1.0,CALIBRATED_INACTIVE
AUGAGGCCUGGUUCCCUGA,UCAGGGAACCAGGCCUCAU,AuGAGGccuGGuucccuGAdTsdT,UcAGGGAACcAGGCCUcAUdTsdT,INACTIVE_ANCHOR,6.0044,990.0,1.0,1.0,CALIBRATED_INACTIVE
UCAAGUCCACGAACUUUCUUC,GAAGAAAGUUCGUGGACUUGAUU,fUpsmCpsfAmAfGmUfCmCfAmCfGmAfAmCfUmUfUmCfUmUpsfC,vmGpsfApsmAfGmAfAmAfGmUfUmCfGmUfGmGfAmCfUmUfGmApsmUpsmU,INACTIVE_ANCHOR,6.5229,300.0,1.0,1.0,CALIBRATED_INACTIVE
AAGAUGUGUCUUCAAUUUGUA,UACAAATUGAAGACACAUCUUAA,asasgau(Ghd)UfgUfCfUfucaauuuguaL96,usAfscaaa(Tgn)ugaagaCfaCfaucuusasa,INACTIVE_ANCHOR,6.0044,990.0,1.0,1.0,CALIBRATED_INACTIVE
UUACUGUACAGAUUGCUGCUA,UAGCAGCAAUCUGUACAGUAAAA,ususacu(Ghd)UfaCfAfGfauugcugcuaL96,VPusAfsgcag(Cgn)aaucugUfaCfaguaasasa,INACTIVE_ANCHOR,6.5229,300.0,1.0,1.0,CALIBRATED_INACTIVE
UUGGAUUUCCUAAAGGUGC,GCACCUUUAGGAAAUCCAA,UUGGAUUUCCUAAAGGUGCdTdT,GCACCUUUAGGAAAUCCAAdTdT,INACTIVE_ANCHOR,5.3054,4950.0,1.0,1.0,CALIBRATED_INACTIVE
GUUUUUCACAUGUAUUAUAGA,UCUAUAAUACAUGUGAAAAACUU,L025L025mG*mUmUmUmUmUfCmAfCfAfUmGmUmAmUmUmAmUmAmG*mA,mU*fC*mUmAmUfAmAmUmAmCmAmUmGfUmGfAmAmAmAmAmC*mU*mU,INACTIVE_ANCHOR,5.3054,4950.0,1.0,1.0,CALIBRATED_INACTIVE
UCUUUAACCAGUCUGAAGUUU,AAACUUCAGACUGGUUAAAGAAA,uscsuuu(Ahd)AfcCfAfGfucugaaguuuL96,asAfsacuu(Cgn)agacugGfuUfaaagasasa,INACTIVE_ANCHOR,6.5229,300.0,1.0,1.0,CALIBRATED_INACTIVE
CCAUUGCGAUUGUCCAGAU,AUCUGGACAAUCGCAAUGGCG,cscsauugCfgAfuuguccagauL96,asUfscudGg(Agn)caaudCgCfaAfuggscsg,INACTIVE_ANCHOR,6.0044,990.0,1.0,1.0,CALIBRATED_INACTIVE
ACUGAAAACCUUUAAAGGG,CCCUUUAAAGGUUUUCAGU,ACUGAAAACCUUUAAAGGGdTdT,CCCUUUAAAGGUUUUCAGUdTdT,INACTIVE_ANCHOR,5.3054,4950.0,1.0,1.0,CALIBRATED_INACTIVE
AAACGAACAAGAUUAAUUACA,UGUAAUUAAUCUUGUUCGUUUGA,asasacgaAfcAfAfGfauuaauuacaL96,usGfsuaaUfuAfAfucuuGfuUfcguuusgsa,INACTIVE_ANCHOR,5.3054,4950.0,1.0,1.0,CALIBRATED_INACTIVE
GGGACGAUGCCUGCCUCUA,UAGAGGCAGGCAUCGUCCC,GGGAcGAuGccuGccucuAdTsdT,uAGAGGcAGGcAUCGUCCCdTsdT,INACTIVE_ANCHOR,6.5229,300.0,1.0,1.0,CALIBRATED_INACTIVE
GAUAACCUUGACUACUAAAAU,AUUUTAGUAGUCAAGGUUAUCGU,gsasuaacCfuUfGfAfcuacuaaaauL96,asUfsuudTa(G2p)uagucaAfgdGuuaucsgsu,INACTIVE_ANCHOR,6.5229,300.0,1.0,1.0,CALIBRATED_INACTIVE
CAUUCAGGUUCUUGGAAGAGU,ACUCUUCCAAGAACCUGAAUGCA,csasuucaGfgUfUfCfuuggaagaguL96,asCfsucuUfccaagaaCfcUfgaaugscsa,INACTIVE_ANCHOR,6.4212,379.11,1.0,1.0,CALIBRATED_INACTIVE
GGAUCAGUUACGGAAACGAUU,AAUCGUTUCCGUAACUGAUCCUU,gsgsauc(Ahd)GfuUfAfCfggaaacgauuL96,asAfsucgu(Tgn)uccguaAfcUfgauccsusu,INACTIVE_ANCHOR,6.5229,300.0,1.0,1.0,CALIBRATED_INACTIVE
AGUGUGCAAUCACUAUAAGUA,UACUUAUAGUGAUUGCACACUUC,AmsGmsUmGmUmGmCfAmAfUfCfAmCmUmAmUmAmAmGmUmAm,UmsAfsCmUmUmAfUmAmGmUmGmAmUmUfGmCfAmCmAmCmUmsUmsCm,INACTIVE_ANCHOR,5.331,4666.98,1.0,1.0,CALIBRATED_INACTIVE
UAUUGUAAUUUCAGGAUGC,GCAUCCUGAAAUUACAAUA,UAUUGUAAUUUCAGGAUGCdTdT,GCAUCCUGAAAUUACAAUAdTdT,INACTIVE_ANCHOR,5.3054,4950.0,1.0,1.0,CALIBRATED_INACTIVE
CCCAAAUGGGCACUUUCUUGU,ACAAGAAAGUGCCCAUUUGGGUC,cscscaaaugGfGfCfacuuucuuguL96,asdCsaadGadAagugdCcCfauuugggsusc,INACTIVE_ANCHOR,6.0044,990.0,1.0,1.0,CALIBRATED_INACTIVE
AGAGAUCUAUCGCUCUCUAAA,UTUAGAGAGCGAUAGAUCUCUUC,asgsagaucudAudCgcucucuaaaL96,usdTsuadGadGagcgdAudAgaucucususc,INACTIVE_ANCHOR,6.5229,300.0,1.0,1.0,CALIBRATED_INACTIVE
CCCGUUUUAUGAUUUACUCAU,AUGAGUAAAUCAUAAAACGGGUU,cscscgu(Uhd)UfuAfUfGfauuuacucauL96,asUfsgagu(Agn)aaucauAfaAfacgggsusu,INACTIVE_ANCHOR,6.0044,990.0,1.0,1.0,CALIBRATED_INACTIVE
GUUCUUGGAAGAGAAGGGCAU,AUGCCCUUCUCUUCCAAGAACUU,fGpsmUpsfUmCfUmUfGmGfAmAfGmAfGmAfAmGfGmGfCmApsfU,vmApsfUpsmGfCmCfCmUfUmCfUmCfUmUfCmCfAmAfGmAfAmCpsmUpsmU,INACTIVE_ANCHOR,6.5229,300.0,1.0,1.0,CALIBRATED_INACTIVE
GUCAUAGCGACAGUGAUCGUU,AACGAUCACUGUCGCUAUGACAA,gsuscau(Ahd)GfcGfAfCfagugaucguuL96,asAfscgau(Cgn)acugucGfcUfaugacsasa,INACTIVE_ANCHOR,6.5229,300.0,1.0,1.0,CALIBRATED_INACTIVE
CACGUGGCUGGCAUUGCAG,CUGCAAUGCCAGCCACGUG,cAcGuGGcuGGcAuuGcAGdTsdT,CUGcAAUGCcAGCcACGUGdTsdT,INACTIVE_ANCHOR,6.0044,990.0,1.0,1.0,CALIBRATED_INACTIVE
UGACGUGGAACUGAAAAGG,CCUUUUCAGUUCCACGUCA,UGACGUGGAACUGAAAAGGdTdT,CCUUUUCAGUUCCACGUCAdTdT,INACTIVE_ANCHOR,5.3054,4950.0,1.0,1.0,CALIBRATED_INACTIVE
CACACAUCAGUAAUGUAUUCU,AGAAUACAUUACUGAUGUGUGGA,csascac(Ahd)UfcAfGfUfaauguauucuL96,asGfsaaua(Cgn)auuacuGfaUfgugugsgsa,INACTIVE_ANCHOR,6.5229,300.0,1.0,1.0,CALIBRATED_INACTIVE
AGCAACUGCCAUCCGAGGCUU,AAGCCUCGGAUGGCAGUUGCUCC,asgscaacugCfCfAfuccgaggcuuL96,asdAsgcdCudCggaudGgCfaguugcuscsc,INACTIVE_ANCHOR,6.5229,300.0,1.0,1.0,CALIBRATED_INACTIVE
UGCGAUUGUCCAGAGACUU,AAGUCUCUGGACAAUCGCAGU,usgscgauUfgUfccagagacuuL96,asAfsgudCu(Cgn)uggadCaAfuCfgcasgsu,INACTIVE_ANCHOR,5.3054,4950.0,1.0,1.0,CALIBRATED_INACTIVE
CUUUUGUAACUUGAAGAUAUU,AAUAUCUUCAAGUUACAAAAGCA,Cms-Ums-Um-Um-Um-Gm-Uf-Am-Af-Cf-Uf-Um-Gm-Am-Am-Gm-Af-Um-Am-Um-Um,Ams-Afs-Um-Af-Uf-Cf-Ugna-Um-Cm-Am-Am-Gm-Um-Uf-Am-Cf-Am-Am-Am-Am-Gms-Cms-Am,INACTIVE_ANCHOR,6.5229,300.0,1.0,1.0,CALIBRATED_INACTIVE
CAGCCCUUCCUAGAGCUUAAU,ATUAAGCUCUAGGAAGGGCUGCU,csasgcccuuCfCfUfagagcuuaauL96,asdTsuadAgdCucuadGgAfagggcugscsu,INACTIVE_ANCHOR,6.5229,300.0,1.0,1.0,CALIBRATED_INACTIVE
CAUUGCGAUUGUCCAGAGA,UCUCTGGACAAUCGCAAUGGC,csasuugcgAfUfUfguccagagaL96,usCfsucdTg(G2p)acaaucdGcAfaugsgsc,INACTIVE_ANCHOR,6.5229,300.0,1.0,1.0,CALIBRATED_INACTIVE
GAUCAUAAUGGCAAUGUGGUU,AACCACAUUGCCAUUAUGAUCCU,gsasucauaaUfGfGfcaaugugguuL96,asdAsccdAcdAuugcdCaUfuaugaucscsu,INACTIVE_ANCHOR,6.5229,300.0,1.0,1.0,CALIBRATED_INACTIVE
UACAUAUAAACUACAAGUCAA,UUGACUUGUAGUUUAUAUGUAGU,UfaCfaUfaUfaAfAfCfuAfcAfaGfuCfaAfL96,uUfgAfcUfuGfuAfguuUfaUfaUfgUfasGfsu,INACTIVE_ANCHOR,6.5229,300.0,1.0,1.0,CALIBRATED_INACTIVE
GUCCCAGAAUAACUCAUCCUU,AAGGAUGAGUUAUUCUGGGACGA,gsuscccagaAfUfAfacucauccuuL96,asdAsggdAudGaguudAuUfcugggacsgsa,INACTIVE_ANCHOR,6.0044,990.0,1.0,1.0,CALIBRATED_INACTIVE
UGGAUACAUGAGCAAGAUUUA,UAAAUCUUGCUCAUGUAUCCACC,usgsgauaCfaUfGfAfgcaagauuuaL96,usAfsaauCfuUfGfcucaUfgUfauccascsc,INACTIVE_ANCHOR,6.0044,990.0,1.0,1.0,CALIBRATED_INACTIVE
CAUUUGAGGUCAACAUCCUAU,ATAGGATGUUGACCUCAAAUGUC,csasuuugagdGudCaacauccuauL96,asdTsagdGadTguugdAcdCucaaaugsusc,INACTIVE_ANCHOR,6.5229,300.0,1.0,1.0,CALIBRATED_INACTIVE
AGACUUCCAGGAACUGGGAUU,AAUCCCAGUUCCUGGAAGUCUAC,asgsacuuCfcAfGfGfaacugggauuL96,asAfsucdCc(Agn)guuccuGfgAfagucusasc,INACTIVE_ANCHOR,6.0044,990.0,1.0,1.0,CALIBRATED_INACTIVE
UAUGCUGAAGAAGUACGUCCA,UGGACGUACUUCUUCAGCAUAUU,usasugc(Uhd)GfaAfGfAfaguacguccaL96,VPusGfsgacGfuAfCfuucuUfcAfgcauasusu,INACTIVE_ANCHOR,6.0044,990.0,1.0,1.0,CALIBRATED_INACTIVE
AACGUACCCUUCAUUGAUGCU,AGCAUCAAUGAAGGGUACGUUGU,asascguaCfcCfUfUfcauugaugcuL96,asGfscauCfaAfUfgaagGfgUfacguusgsu,INACTIVE_ANCHOR,6.0044,990.0,1.0,1.0,CALIBRATED_INACTIVE
AAGAGAAGGGCAUCUGCAACU,AGUUGCAGAUGCCCUUCUCUUCC,asasgagaAfgGfGfCfaucugcaacuL96,asGfsuudGc(Agn)gaugccCfuUfcucuuscsc,INACTIVE_ANCHOR,6.5229,300.0,1.0,1.0,CALIBRATED_INACTIVE
AGCAUAGUCAAAUAAAAGAAA,UUUCUUUUAUUUGACUAUGCUGU,AfgCfaUfaGfuCfAfAfaUfaAfaAfgAfaAfL96,uUfuCfuUfuUfaUfuugAfcUfaUfgCfusGfsu,INACTIVE_ANCHOR,6.0044,990.0,1.0,1.0,CALIBRATED_INACTIVE
CAUAUUUGAUCAGUCUUUUUA,UAAAAAGACUGAUCAAAUAUGUU,CfaUfaUfuUfgAfUfCfaGfuCfuUfuUfuAfL96,uAfaAfaAfgAfcUfgauCfaAfaUfaUfgsUfsu,INACTIVE_ANCHOR,6.0044,990.0,1.0,1.0,CALIBRATED_INACTIVE
CAUCCUCAGAAGGGAUGGAUA,UAUCCAUCCCUUCUGAGGAUGAC,csasuccuCfaGfAfAfgggauggauaL96,usAfsuccAfuCfCfcuucUfgAfggaugsasc,INACTIVE_ANCHOR,6.0044,990.0,1.0,1.0,CALIBRATED_INACTIVE
UCUUUGACCGAAACGAAAACU,AGUUUUCGUUUCGGUCAAAGAUG,uscsuuu(Ghd)AfcCfGfAfaacgaaaacuL96,asGfsuuuu(Cgn)guuucgGfuCfaaagasusg,INACTIVE_ANCHOR,6.0044,990.0,1.0,1.0,CALIBRATED_INACTIVE
AGCUUUGCUACUGUCACAGAU,ATCUGUGACAGTAGCAAAGCUGA,asgscuuugcUfAfCfugucacagauL96,asdTscudGudGacagdTaGfcaaagcusgsa,INACTIVE_ANCHOR,6.5036,313.62,1.0,1.0,CALIBRATED_INACTIVE
AACACUGAAGAGUUAUCGC,GCGAUAACUCUUCAGUGUU,AACACUGAAGAGUUAUCGCdTdT,GCGAUAACUCUUCAGUGUUdTdT,INACTIVE_ANCHOR,5.3054,4950.0,1.0,1.0,CALIBRATED_INACTIVE
AAGUUGCCCCAUGUCGACU,AGUCGACAUGGGGCAACUU,AAGuuGccccAuGucGAcudTsdT,AGUCGACAUGGGGcAACUUdTsdT,INACTIVE_ANCHOR,6.5229,300.0,1.0,1.0,CALIBRATED_INACTIVE
CCUGGGAUGAGAGCAUCCUGU,ACAGGAUGCUCUCAUCCCAGGGC,cscsugggAfuGfAfGfagcauccuguL96,asCfsaggAfugcucucAfuCfccaggsgsc,INACTIVE_ANCHOR,6.2645,543.82,1.0,1.0,CALIBRATED_INACTIVE
AAUAGCAGACUUGUUCCGA,UCGGAACAAGUCUGCUAUU,AAUAGCAGACUUGUUCCGAdTdT,UCGGAACAAGUCUGCUAUUdTdT,INACTIVE_ANCHOR,6.049,893.4,1.0,1.0,CALIBRATED_INACTIVE
GAUUAUGGCCUGUAUUGGAGA,UCUCCAAUACAGGCCAUAAUCUU,gsasuuauGfgCfCfUfguauuggagaL96,usCfsucca(Agn)uacaggCfcAfuaaucsusu,INACTIVE_ANCHOR,6.5229,300.0,1.0,1.0,CALIBRATED_INACTIVE
AUUCAGGUUCUUGGAAGAGUU,CUCUUCCAAGAACCUGAAUUU,fApsmUpsfUmCfAmGfGmUfUmCfUmUfGmGfAmAfGmAfGpsmUpsmU,mCpsfUpsmCfUmUfCmCfAmAfGmAfAmCfCmUfGmAfAmUpsmUpsmU,INACTIVE_ANCHOR,5.3054,4950.0,1.0,1.0,CALIBRATED_INACTIVE
CCAUUAGGAUAAUGUCUUAUU,AAUAAGACAUUAUCCUAAUGGGU,cscsauuaGfgAfUfAfaugucuuauuL96,asAfsuaaGfaCfAfuuauCfcUfaauggsgsu,INACTIVE_ANCHOR,6.5229,300.0,1.0,1.0,CALIBRATED_INACTIVE
CACUUCAGCCUACAGCUCCCU,AGGGAGCUGUAGGCUGAAGUGGA,csascuucagCfCfUfacagcucccuL96,asdGsggdAgdCuguadGgCfugaagugsgsa,INACTIVE_ANCHOR,6.0044,990.0,1.0,1.0,CALIBRATED_INACTIVE
GAAUAAUGCUGGGACAGUAUA,UAUACUGUCCCAGCAUUAUUCAC,gsasauaaUfgCfUfGfggacaguauaL96,usAfsuacu(Ggn)ucccagCfaUfuauucsasc,INACTIVE_ANCHOR,6.5229,300.0,1.0,1.0,CALIBRATED_INACTIVE
UGAAAGCCUCCUAGAAGAAAA,UUUUCUUCUAGGAGGCUUUCAAG,UfgAfaAfgCfcUfCfCfuAfgAfaGfaAfaAfL96,uUfuUfcUfuCfuAfggaGfgCfuUfuCfasAfsg,INACTIVE_ANCHOR,6.0044,990.0,1.0,1.0,CALIBRATED_INACTIVE
CUUUUUCACCUAACUAAAU,AUUUAGTUAGGUGAAAAAG,csusuuuuCfaCfCfUfaacuaaauL96,asUfsuuaGf(Tgn)uaggugAfaAfaag,INACTIVE_ANCHOR,6.5229,300.0,1.0,1.0,CALIBRATED_INACTIVE
GUCGUUGGUGAAGUUUUUCAU,AUGAAAAACUUCACCAACGACUC,gsuscguuGfgUfGfAfaguuuuucauL96,asUfsgaaAfaAfCfuucaCfcAfacgacsusc,INACTIVE_ANCHOR,5.3054,4950.0,1.0,1.0,CALIBRATED_INACTIVE
ACAAGAUUAUGGCCUGUAUUU,AAAUACAGGCCAUAAUCUUGUGC,ascsaagaUfuAfUfGfgccuguauuuL96,asAfsauac(Agn)ggccauAfaUfcuugusgsc,INACTIVE_ANCHOR,6.5229,300.0,1.0,1.0,CALIBRATED_INACTIVE
CUUUCUUCAUGUGGACAUCAU,AUGAUGUCCACAUGAAGAAAGUU,csusuucuUfcAfUfGfuggacaucauL96,asUfsgauGfuCfCfacauGfaAfgaaagsusu,INACTIVE_ANCHOR,6.5229,300.0,1.0,1.0,CALIBRATED_INACTIVE
AGCCUGAGGGCCACCAUCCUU,AAGGAUGGUGGCCCUCAGGCUCA,asgsccugAfgGfGfCfcaccauccuuL96,asAfsggaUfgGfUfggccCfuCfaggcuscsa,INACTIVE_ANCHOR,6.5229,300.0,1.0,1.0,CALIBRATED_INACTIVE
GAAGUCGUGGAUGCCUUGU,ACAAGGCAUCCACGACUUC,gsasagucGfuGfGfAfugccuuguL96,asCfsaagGf(Cgn)auccacGfaCfuuc,INACTIVE_ANCHOR,6.0844,823.33,1.0,1.0,CALIBRATED_INACTIVE
CCUCACCAAGAUCCUGCAUGU,ACAUGCAGGAUCUUGGUGAGGUA,cscsucacCaAGAuccugcaugu,asCsaugcAggauCuUgGugaggsusa,INACTIVE_ANCHOR,6.5229,300.0,1.0,1.0,CALIBRATED_INACTIVE
UCGCAGUCAGAGCGCACUG,CAGUGCGCUCUGACUGCGA,ucGcAGucAGAGcGcAcuGdTsdT,cAGUGCGCUCUGACUGCGAdTsdT,INACTIVE_ANCHOR,6.5229,300.0,1.0,1.0,CALIBRATED_INACTIVE
GAGCGCGGCUGGAGCUUGUUU,ACAAGCUCCAGCCGCGCUCUU,fGpsmApsfGmCfGmCfGmGfCmUfGmGfAmGfCmUfUmGfUpsmUpsmU,mApsfCpsmAfAmGfCmUfCmCfAmGfCmCfGmCfGmCfUmCpsmUpsmU,INACTIVE_ANCHOR,5.3054,4950.0,1.0,1.0,CALIBRATED_INACTIVE
AUUGCAGCCAUGAUGCUGU,ACAGCAUCAUGGCUGCAAU,AuuGcAGccAuGAuGcuGudTsdT,AcAGcAUcAUGGCUGcAAUdTsdT,INACTIVE_ANCHOR,6.0044,990.0,1.0,1.0,CALIBRATED_INACTIVE
CUUUCUUGUCUGAGACUCUGU,ACAGAGTCUCAGACAAGAAAGUG,csusuucuUfgUfCfUfgagacucuguL96,asCfsagdAg(Tgn)cucagaCfaAfgaaagsusg,INACTIVE_ANCHOR,6.5229,300.0,1.0,1.0,CALIBRATED_INACTIVE
CCUCACCAAGAUCCUGCAU,AUGCAGGAUCUUGGUGAGG,ccucAccAAGAuccuGcAudTsdT,AUGcAGGAUCUUGGUGAGGdTsdT,INACTIVE_ANCHOR,6.0044,990.0,1.0,1.0,CALIBRATED_INACTIVE
UGCAGCACCUGCUUUGUGU,ACACAAAGCAGGUGCUGCA,uGcAGcAccuGcuuuGuGudTsdT,AcAcAAAGcAGGUGCUGcAdTsdT,INACTIVE_ANCHOR,6.0044,990.0,1.0,1.0,CALIBRATED_INACTIVE
UCUUCCUGGCUUCCUGGUG,CACCAGGAAGCCAGGAAGA,ucuuccuGGcuuccuGGuGdTsdT,CACcAGGAAGCcAGGAAGAdTsdT,INACTIVE_ANCHOR,6.0044,990.0,1.0,1.0,CALIBRATED_INACTIVE
CAGAAUGAGUGCACAGCUAAU,ATUAGCTGUGCACTCAUUCUGUG,csasgaaugadGudGcacagcuaauL96,asdTsuadGcdTgugcdAcdTcauucugsusg,INACTIVE_ANCHOR,6.0044,990.0,1.0,1.0,CALIBRATED_INACTIVE
CUCCAGAGCCAAAAUCAAGAU,AUCUUGAUUUUGGCUCUGGAGAU,CfuCfcAfgAfgCfCfAfaAfaUfcAfaGfaUfL96,aUfcUfuGfaUfuUfuggCfuCfuGfgAfgsAfsu,INACTIVE_ANCHOR,6.5229,300.0,1.0,1.0,CALIBRATED_INACTIVE
AUUAAUUUUCCAUAGAUCU,AGAUCUAUGGAAAAUUAAU,AUUAAUUUUCCAUAGAUCUdTdT,AGAUCUAUGGAAAAUUAAUdTdT,INACTIVE_ANCHOR,5.3054,4950.0,1.0,1.0,CALIBRATED_INACTIVE
UAUCUCCUAGACACCAGCA,UGCUGGUGUCUAGGAGAUA,uAucuccuAGAcAccAGcAdTsdT,UGCUGGUGUCuAGGAGAuAdTsdT,INACTIVE_ANCHOR,6.5229,300.0,1.0,1.0,CALIBRATED_INACTIVE
AGACAAAGGUGGAUACAUGAU,AUCAUGTAUCCACCUUUGUCUUU,asgsacaaAfgGfUfGfgauacaugauL96,asUfscaug(Tgn)auccacCfuUfugucususu,INACTIVE_ANCHOR,5.3054,4950.0,1.0,1.0,CALIBRATED_INACTIVE
UGCCCUGUACCCUGCCUGUGG,CCACAGGCAGGGUACAGGGCAUU,fUpsmGpsfCmCfCmUfGmUfAmCfCmCfUmGfCmCfUmGfUmGpsfG,vmCpsfCpsmAfCmAfGmGfCmAfGmGfGmUfAmCfAmGfGmGfCmApsmUpsmU,INACTIVE_ANCHOR,5.3054,4950.0,1.0,1.0,CALIBRATED_INACTIVE
AUUUAGAAGAGCAACUAACUA,UAGUUAGUUGCUCUUCUAAAUAU,AfuUfuAfgAfaGfAfGfcAfaCfuAfaCfuAfL96,uAfgUfuAfgUfuGfcucUfuCfuAfaAfusAfsu,INACTIVE_ANCHOR,6.0044,990.0,1.0,1.0,CALIBRATED_INACTIVE
ACCCUCAUAGGCCUGGAGU,ACUCCAGGCCUAUGAGGGU,AcccucAuAGGccuGGAGudTsdT,ACUCcAGGCCuAUGAGGGUdTsdT,INACTIVE_ANCHOR,6.5229,300.0,1.0,1.0,CALIBRATED_INACTIVE
GACGCGCGCAUGUUGUUCGUU,CGAACAACAUGCGCGCGUCUU,fGpsmApsfCmGfCmGfCmGfCmAfUmGfUmUfGmUfUmCfGpsmUpsmU,mCpsfGpsmAfAmCfAmAfCmAfUmGfCmGfCmGfCmGfUmCpsmUpsmU,INACTIVE_ANCHOR,6.5229,300.0,1.0,1.0,CALIBRATED_INACTIVE
AGCACCAAGGAUGAAGAGAUA,UAUCUCUUCAUCCUUGGUGCUUU,L025L025mA*mGmCmAmCmCfAmAfGfGfAmUmGmAmAmGmAmGmAmU*mA,mU*fA*mUmCmUfCmUmUmCmAmUmCmCfUmUfGmGmUmGmCmU*mU*mU,INACTIVE_ANCHOR,6.4747,335.21,1.0,1.0,CALIBRATED_INACTIVE
UGAGCGAGCACGCCCCGCACC,GGUGCGGGGCGUGCUCGCUCAUU,fUpsmGpsfAmGfCmGfAmGfCmAfCmGfCmCfCmCfGmCfAmCpsfC,vmGpsfGpsmUfGmCfGmGfGmGfCmGfUmGfCmUfCmGfCmUfCmApsmUpsmU,INACTIVE_ANCHOR,6.3755,421.25,1.0,1.0,CALIBRATED_INACTIVE
UAACCUUGACUACUAAAAU,AUUUTAGUAGUCAAGGUUAUC,usasacCfuUfgAfcuacuaaaauL96,asUfsuudTa(G2p)uagucaAfgGfuuasusc,INACTIVE_ANCHOR,6.0044,990.0,1.0,1.0,CALIBRATED_INACTIVE
CUGAGUGCCGAAAACUAGGCA,UGCCUAGUUUUCGGCACUCAGCU,csusgaguGfcCfGfAfaaacuaggcaL96,usGfsccuAfgUfUfuucgGfcAfcucagscsu,INACTIVE_ANCHOR,6.393,404.55,1.0,1.0,CALIBRATED_INACTIVE
ACGUUCUGGUGUCUGACUUUU,AAAAGUCAGACACCAGAACGUUU,ascsguucUfgGfUfGfucugacuuuuL96,asAfsaagUfcAfGfacacCfaGfaacgususu,INACTIVE_ANCHOR,6.5229,300.0,1.0,1.0,CALIBRATED_INACTIVE
CAUUGGUGCCUCCAGCGAC,GUCGCUGGAGGCACCAAUG,cAuuGGuGccuccAGcGAcdTsdT,GUCGCUGGAGGcACcAAUGdTsdT,INACTIVE_ANCHOR,6.5229,300.0,1.0,1.0,CALIBRATED_INACTIVE
CUUCUACCACGUCGGGGCGUU,CGCCCCGACGUGGUAGAAGUU,fCpsmUpsfUmCfUmAfCmCfAmCfGmUfCmGfGmGfGmCfGpsmUpsmU,mCpsfGpsmCfCmCfCmGfAmCfGmUfGmGfUmAfGmAfAmGpsmUpsmU,INACTIVE_ANCHOR,5.3054,4950.0,1.0,1.0,CALIBRATED_INACTIVE
UUUCACCUAACUAAAAUAU,AUAUUUUAGUUAGGUGAAA,UUUCACCUAACUAAAAUAUdTdT,AUAUUUUAGUUAGGUGAAAdTdT,INACTIVE_ANCHOR,6.3119,487.63,1.0,1.0,CALIBRATED_INACTIVE
UAGCCCAAAACGGUGCAACUA,UAGUUGCACCGUUUUGGGCUAAU,usasgcccAfaAfAfCfggugcaacuaL96,usAfsguuGfcAfCfcguuUfuGfggcuasasu,INACTIVE_ANCHOR,6.5163,304.61,1.0,1.0,CALIBRATED_INACTIVE
GUUGUUACCUGUUGAAUUUUU,AAAAAUUCAACAGGUAACAACGC,gsusuguuAfcCfUfGfuugaauuuuuL96,asAfsaaaUfuCfAfacagGfuAfacaacsgsc,INACTIVE_ANCHOR,5.3054,4950.0,1.0,1.0,CALIBRATED_INACTIVE
GAGCUUGUCCUUCGCGGGCUU,GCCCGCGAAGGACAAGCUCUU,fGpsmApsfGmCfUmUfGmUfCmCfUmUfCmGfCmGfGmGfCpsmUpsmU,mGpsfCpsmCfCmGfCmGfAmAfGmGfAmCfAmAfGmCfUmCpsmUpsmU,INACTIVE_ANCHOR,6.0472,896.97,1.0,1.0,CALIBRATED_INACTIVE
CCUGCCUGUGGAAUCUGCCUU,GGCAGAUUCCACAGGCAGGUU,fCpsmCpsfUmGfCmCfUmGfUmGfGmAfAmUfCmUfGmCfCpsmUpsmU,mGpsfGpsmCfAmGfAmUfUmCfCmAfCmAfGmGfCmAfGmGpsmUpsmU,INACTIVE_ANCHOR,6.5229,300.0,1.0,1.0,CALIBRATED_INACTIVE
AGAACCACCAGCAUUGCCACU,AGUGGCAAUGCUGGUGGUUCUCU,asgsaac(Chd)AfcCfAfGfcauugccascsu,asGfsuggCfaAfUfgcugGfuGfguucuscsu,INACTIVE_ANCHOR,6.0044,990.0,1.0,1.0,CALIBRATED_INACTIVE
CAUUAGGATAAUGUCUTAUGU,ACAUAAGACAUUAUCCUAAUGGG,csasuuaggadTadAugucudTauguL96,asCfsauaadGacauuaUfcCfuaaugsgsg,INACTIVE_ANCHOR,6.5229,300.0,1.0,1.0,CALIBRATED_INACTIVE
AUGUGGACAUCACCAAGCUCU,AGAGCUTGGUGAUGUCCACAUGA,asusguggAfcAfUfCfaccaagcucuL96,asGfsagdCu(Tgn)ggugauGfuCfcacausgsa,INACTIVE_ANCHOR,6.5229,300.0,1.0,1.0,CALIBRATED_INACTIVE
UGCAGAGGGUCCCUUACUGAU,AUCAGUAAGGGACCCUCUGCACU,usgscagaGfgGfUfCfccuuacugauL96,asUfscagUfaagggacCfcUfcugcascsu,INACTIVE_ANCHOR,6.3341,463.35,1.0,1.0,CALIBRATED_INACTIVE
AUUAGCCCAAAACGGUGCAAA,UUUGCACCGUUUUGGGCUAAUGA,asusuagcCfcAfAfAfacggugcaaaL96,usUfsugcAfcCfGfuuuuGfgGfcuaausgsa,INACTIVE_ANCHOR,6.5198,302.11,1.0,1.0,CALIBRATED_INACTIVE
UACUGAAAACCUUUAAAGG,CCUUUAAAGGUUUUCAGUA,UACUGAAAACCUUUAAAGGdTdT,CCUUUAAAGGUUUUCAGUAdTdT,INACTIVE_ANCHOR,6.1776,664.29,1.0,1.0,CALIBRATED_INACTIVE
UCUUGGAAGAGAAGGGCAUCU,AGAUGCCCUUCUCUUCCAAGAUU,fUpsmCpsfUmUfGmGfAmAfGmAfGmAfAmGfGmGfCmAfUmCpsfU,vmApsfGpsmAfUmGfCmCfCmUfUmCfUmCfUmUfCmCfAmAfGmApsmUpsmU,INACTIVE_ANCHOR,5.3054,4950.0,1.0,1.0,CALIBRATED_INACTIVE
UUGUCCUUCGCGGGCUGCGGC,GCCGCAGCCCGCGAAGGACAAUU,fUpsmUpsfGmUfCmCfUmUfCmGfCmGfGmGfCmUfGmCfGmGpsfC,vmGpsfCpsmCfGmCfAmGfCmCfCmGfCmGfAmAfGmGfAmCfAmApsmUpsmU,INACTIVE_ANCHOR,6.4872,325.66,1.0,1.0,CALIBRATED_INACTIVE
CAGAGUGUCUGAUGGGGAAAA,UUUUCCCCAUCAGACACUCUGUU,fCpsmApsfGmAfGmUfGmUfCmUfGmAfUmGfGmGfGmAfAmApsfA,vmUpsfUpsmUfUmCfCmCfCmAfUmCfAmGfAmCfAmCfUmCfUmGpsmUpsmU,INACTIVE_ANCHOR,6.5229,300.0,1.0,1.0,CALIBRATED_INACTIVE
CUCAGUCUACGCCUCUGCACA,UGUGCAGAGGCGUAGACUGAGUU,fCpsmUpsfCmAfGmUfCmUfAmCfGmCfCmUfCmUfGmCfAmCpsfA,vmUpsfGpsmUfGmCfAmGfAmGfGmCfGmUfAmGfAmCfUmGfAmGpsmUpsmU,INACTIVE_ANCHOR,5.3054,4950.0,1.0,1.0,CALIBRATED_INACTIVE
GCGCGUGCUCAACUGCCAA,UUGGCAGUUGAGCACGCGC,GcGcGuGcucAAcuGccAAdTsdT,UUGGcAGUUGAGcACGCGCdTsdT,INACTIVE_ANCHOR,6.2379,578.24,1.0,1.0,CALIBRATED_INACTIVE
AUGUUAGUAGAAUAAGCCUUA,UAAGGCUUAUUCUACUAACAUCU,asusguuaGfuAfGfAfauaagccuuaL96,usAfsaggCfuUfAfuucuAfcUfaacauscsu,INACTIVE_ANCHOR,6.0044,990.0,1.0,1.0,CALIBRATED_INACTIVE
CUCCGCGACGCGCGCAUGUUU,ACAUGCGCGCGUCGCGGAGUU,fCpsmUpsfCmCfGmCfGmAfCmGfCmGfCmGfCmAfUmGfUpsmUpsmU,mApsfCpsmAfUmGfCmGfCmGfCmGfUmCfGmCfGmGfAmGpsmUpsmU,INACTIVE_ANCHOR,5.3054,4950.0,1.0,1.0,CALIBRATED_INACTIVE
UCACAGGAAGGACAUGUCAAU,AUUGACAUGUCCUUCCUGUGACA,UmsCmsAmCmAmGmGfAmAfGfGfAmCmAmUmGmUmCmAmAmUm,AmsUfsUmGmAmCfAmUmGmUmCmCmUmUfCmCfUmGmUmGmAmsCmsAm,INACTIVE_ANCHOR,5.3054,4950.0,1.0,1.0,CALIBRATED_INACTIVE
CCUAAAGUCAAGUCCACGAUU,UCGUGGACUUGACUUUAGGUU,fCpsmCpsfUmAfAmAfGmUfCmAfAmGfUmCfCmAfCmGfApsmUpsmU,mUpsfCpsmGfUmGfGmAfCmUfUmGfAmCfUmUfUmAfGmGpsmUpsmU,INACTIVE_ANCHOR,5.3054,4950.0,1.0,1.0,CALIBRATED_INACTIVE
UGUAUUGGAGACAGAUGAA,UUCAUCUGUCUCCAAUACAUU,mUmGfUmAfUmUfGfGfAmGfAmCfAmGfAmUfGmAfA,fU*fU*mCfAmUfCmUfGmUfCmUmCmCfAmAfUmAfCmA*mU*mU,INACTIVE_ANCHOR,6.0044,990.0,1.0,1.0,CALIBRATED_INACTIVE
CUUUAAAUUUGUGAUUUUC,GAAAAUCACAAAUUUAAAG,CUUUAAAUUUGUGAUUUUCdTdT,GAAAAUCACAAAUUUAAAGdTdT,INACTIVE_ANCHOR,5.3054,4950.0,1.0,1.0,CALIBRATED_INACTIVE
GACCAACUUUGGCCGCUGU,ACAGCGGCCAAAGUUGGUC,GAccAAcuuuGGccGcuGudTsdT,AcAGCGGCcAAAGUUGGUCdTsdT,INACTIVE_ANCHOR,6.5229,300.0,1.0,1.0,CALIBRATED_INACTIVE
CUCCUACUUGGAGUCGUUGGU,ACCAACGACUCCAAGUAGGAGUA,csusccuaCfuUfGfGfagucguugguL96,asCfscaac(Ggn)acuccaAfgUfaggagsusa,INACTIVE_ANCHOR,6.1827,656.67,1.0,1.0,CALIBRATED_INACTIVE
CAUCAAAAAUUGGUGUUCUUU,AAAGAACACCAAUUUUUGAUGAU,csasuca(Ahd)AfaAfUfUfgguguucuuuL96,asAfsagaa(Cgn)accaauUfuUfugaugsasu,INACTIVE_ANCHOR,6.5229,300.0,1.0,1.0,CALIBRATED_INACTIVE
GAUGUUUAGACAAUUUUAGGU,ACCUAAAAUUGTCTAAACAUCUC,gsasuguuuadGadCaauuuuagguL96,asdCscudAadAauugdTcdTaaacaucsusc,INACTIVE_ANCHOR,6.0044,990.0,1.0,1.0,CALIBRATED_INACTIVE
GCUGGCAUUGCAGCCAUGA,UCAUGGCUGCAAUGCCAGC,GcuGGcAuuGcAGccAuGAdTsdT,UcAUGGCUGcAAUGCcAGCdTsdT,INACTIVE_ANCHOR,6.0044,990.0,1.0,1.0,CALIBRATED_INACTIVE
GGUUUUAUGAAAAGCUAGU,ACUAGCTUUUCAUAAAACC,gsgsuuuuAfuGfAfAfaagcuaguL96,asCfsuagCf(Tgn)uuucauAfaAfacc,INACTIVE_ANCHOR,6.5229,300.0,1.0,1.0,CALIBRATED_INACTIVE
AGCGACUGCAGCACCUGCU,AGCAGGUGCUGCAGUCGCU,AGcGAcuGcAGcAccuGcudTsdT,AGcAGGUGCUGcAGUCGCUdTsdT,INACTIVE_ANCHOR,6.0044,990.0,1.0,1.0,CALIBRATED_INACTIVE
UCUGGUGUCCUGAAACUGCAU,AUGCAGTUUCAGGACACCAGACU,uscsugguGfuCfCfUfgaaacugcauL96,asUfsgcdAg(Tgn)uucaggAfcAfccagascsu,INACTIVE_ANCHOR,6.0044,990.0,1.0,1.0,CALIBRATED_INACTIVE
UGGAUAUAAAGUUAUUACUCA,UGAGTAAUAACTUUAUAUCCAGG,usgsgau(Ahd)uaAfAfGfuuauuacucaL96,VPusGfsagdTa(Agn)uaacdTuUfaUfauccasgsg,INACTIVE_ANCHOR,6.5229,300.0,1.0,1.0,CALIBRATED_INACTIVE
AGACAUUUGAGGUCAACAUCU,AGAUGUTGACCUCAAAUGUCUUG,asgsacauUfuGfAfGfgucaacaucuL96,asGfsaugu(Tgn)gaccucAfaAfugucususg,INACTIVE_ANCHOR,6.5229,300.0,1.0,1.0,CALIBRATED_INACTIVE
GCUGAGUGCCGAAAACUAGGA,UCCUAGUUUUCGGCACUCAGCUG,gscsugagUfgCfCfGfaaaacuaggaL96,usCfscuaGfuUfUfucggCfaCfucagcsusg,INACTIVE_ANCHOR,6.5229,300.0,1.0,1.0,CALIBRATED_INACTIVE
UGAGAUUGCACCAUUUCAUUU,AAAUGAAAUGGUGCAAUCUCAGC,usgsagauUfgCfAfCfcauuucauuuL96,asAfsaugAfaAfUfggugCfaAfucucasgsc,INACTIVE_ANCHOR,6.5229,300.0,1.0,1.0,CALIBRATED_INACTIVE
UUGGUUUUAUGAAAAGCUAGA,UCUAGCUUUUCAUAAAACCAACU,ususgguuUfuAfUfGfaaaagcuagaL96,usCfsuagCfuUfUfucauAfaAfaccaascsu,INACTIVE_ANCHOR,6.0044,990.0,1.0,1.0,CALIBRATED_INACTIVE
CAGAUAUUAAUUUUCCAUA,UAUGGAAAAUUAAUAUCUG,CAGAUAUUAAUUUUCCAUAdTdT,UAUGGAAAAUUAAUAUCUGdTdT,INACTIVE_ANCHOR,5.3054,4950.0,1.0,1.0,CALIBRATED_INACTIVE
GUGCAGAGGGUCCCUUACUGU,ACAGUAAGGGACCCUCUGCACUG,gsusgcagAfgGfGfUfcccuuacuguL96,asCfsaguAfagggaccCfuCfugcacsusg,INACTIVE_ANCHOR,6.1579,695.16,1.0,1.0,CALIBRATED_INACTIVE
ACUUCUUCUUGGGCAAUAAAU,AUUUAUTGCCCAAGAAGAAGUUC,ascsuucuUfcUfUfGfggcaauaaauL96,asUfsuuau(Tgn)gcccaaGfaAfgaagususc,INACTIVE_ANCHOR,5.8341,1465.15,1.0,1.0,CALIBRATED_INACTIVE
GAUAUGCCUUCGAGGAUAUUU,AAAUAUCCUCGAAGGCAUAUCUC,gsasuaugCfcUfUfCfgaggauauuuL96,asAfsauaUfccucgaaGfgCfauaucsusc,INACTIVE_ANCHOR,5.3054,4950.0,1.0,1.0,CALIBRATED_INACTIVE
CAGAGUAUGUGUAAAAAUCUU,AAGAUUUUUACACAUACUCUGUG,CfaGfaGfuAfuGfUfGfuAfaAfaAfuCfuUfL96,aAfgAfuUfuUfuAfcacAfuAfcUfcUfgsUfsg,INACTIVE_ANCHOR,6.0044,990.0,1.0,1.0,CALIBRATED_INACTIVE
GGAAAAUAUAUUCACCAAACU,AGUUUGGUGAAUAUAUUUUCCAG,gsgsaaaaUfaUfAfUfucaccaaacuL96,asGfsuuuGfgUfGfaauaUfaUfuuuccsasg,INACTIVE_ANCHOR,6.0044,990.0,1.0,1.0,CALIBRATED_INACTIVE
AACUAGGCGUCACUGCGCAUA,UAUGCGCAGUGACGCCUAGUUUU,asascuagGfcGfUfCfacugcgcauaL96,usAfsugcGfcAfGfugacGfcCfuaguususu,INACTIVE_ANCHOR,5.3054,4950.0,1.0,1.0,CALIBRATED_INACTIVE
GCCAUUGCGAUUGUCCAGA,UCUGGACAAUCGCAAUGGCGG,gscscauudGcdGauuguccagaL96,usCfsugdGa(Cgn)aaucgcAfaUfggcsgsg,INACTIVE_ANCHOR,5.3054,4950.0,1.0,1.0,CALIBRATED_INACTIVE
CUCGCAUGGUCAGUAAAAGCA,UGCUTUTACUGACCAUGCGAGCU,csuscgc(Ahd)UfgGfUfCfaguaaaagcaL96,VPusGfscudTu(Tgn)acugacCfaUfgcgagscsu,INACTIVE_ANCHOR,6.0044,990.0,1.0,1.0,CALIBRATED_INACTIVE
CAGUACACAUCCAUUCAUCAU,AUGAUGAAUGGAUGUGUACUGUU,csasgua(Chd)AfcAfUfCfcauucaucauL96,asUfsgaug(Agn)auggauGfuGfuacugsusu,INACTIVE_ANCHOR,6.5229,300.0,1.0,1.0,CALIBRATED_INACTIVE
UCACUUGAGGAGGCGAGUCUA,UAGACUCGCCUCCUCAAGUGACU,uscsacuuGfaGfGfAfggcgagucuaL96,usAfsgacUfcGfCfcuccUfcAfagugascsu,INACTIVE_ANCHOR,6.0044,990.0,1.0,1.0,CALIBRATED_INACTIVE
UCCGCGACGCGCGCAUGUUUU,AACAUGCGCGCGUCGCGGAUU,fUpsmCpsfCmGfCmGfAmCfGmCfGmCfGmCfAmUfGmUfUpsmUpsmU,mApsfApsmCfAmUfGmCfGmCfGmCfGmUfCmGfCmGfGmApsmUpsmU,INACTIVE_ANCHOR,6.3155,483.62,1.0,1.0,CALIBRATED_INACTIVE
UGGUAAUAAAGUUAUUACUCA,UGAGTAAUAACTUUAUUACCAGG,usgsgua(Ahd)uaAfAfGfuuauuacucaL96,VPusGfsagdTa(Agn)uaacdTuUfaUfuaccasgsg,INACTIVE_ANCHOR,6.0044,990.0,1.0,1.0,CALIBRATED_INACTIVE
AUAUUGUAAUUUCAGGAUG,CAUCCUGAAAUUACAAUAU,AUAUUGUAAUUUCAGGAUGdTdT,CAUCCUGAAAUUACAAUAUdTdT,INACTIVE_ANCHOR,5.3054,4950.0,1.0,1.0,CALIBRATED_INACTIVE
UCUACAGUGGCCUUAUCCCUU,AAGGGAUAAGGCCACUGUAGAAG,uscsuacaGfuGfGfCfcuuaucccuuL96,asAfsgggAfuaaggccAfcUfguagasasg,INACTIVE_ANCHOR,6.0044,990.0,1.0,1.0,CALIBRATED_INACTIVE
UUCUGCCUCAGCCUCCCGAGU,ACUCGGGAGGCUGAGGCAGAAGA,ususcugcCfuCfAfGfccucccgaguL96,asCfsucgGfgAfGfgcugAfgGfcagaasgsa,INACTIVE_ANCHOR,6.0044,990.0,1.0,1.0,CALIBRATED_INACTIVE
UUCAUAUAUCCUUGGUCCCAU,AUGGGACCAAGGAUAUAUGAAAG,ususcauaUfaUfCfCfuuggucccauL96,asUfsggga(Cgn)caaggaUfaUfaugaasasg,INACTIVE_ANCHOR,6.0044,990.0,1.0,1.0,CALIBRATED_INACTIVE
AGGAAGCAACCUUUCGCCUGU,ACAGGCGAAAGGUUGCUUCCUAG,asgsgaagcaAfCfCfuuucgccuguL96,asCfsagdGcdGaaagguUfgCfuuccusasg,INACTIVE_ANCHOR,6.5229,300.0,1.0,1.0,CALIBRATED_INACTIVE
UGGUGGUGGAGGCCUGUGGCU,AGCCACAGGCCTCCACCACCAUA,usgsguggugGfAfGfgccuguggcuL96,asdGsccdAcdAggccdTcCfaccaccasusa,INACTIVE_ANCHOR,6.0044,990.0,1.0,1.0,CALIBRATED_INACTIVE
UCACCAACCUGGGCUGGCAUU,AAUGCCAGCCCAGGUUGGUGAUG,uscsaccaAfcCfUfGfggcuggcauuL96,asAfsugdCc(Agn)gcccagGfuUfggugasusg,INACTIVE_ANCHOR,6.0044,990.0,1.0,1.0,CALIBRATED_INACTIVE
GCAGCCCUUCCUAGAGCUUAU,AUAAGCTCUAGGAAGGGCUGCUG,gscsagccCfuUfCfCfuagagcuuauL96,asUfsaadGc(Tgn)cuaggaAfgGfgcugcsusg,INACTIVE_ANCHOR,6.5229,300.0,1.0,1.0,CALIBRATED_INACTIVE
UUGUGCGGAAGGCCAGGAGUA,UACUCCUGGCCUUCCGCACAAGA,ususgugcGfgAfAfGfgccaggaguaL96,usAfscucCfuGfGfccuuCfcGfcacaasgsa,INACTIVE_ANCHOR,6.0044,990.0,1.0,1.0,CALIBRATED_INACTIVE
AGACACCAGCAUACAGAGU,ACUCUGUAUGCUGGUGUCU,AGAcAccAGcAuAcAGAGudTsdT,ACUCUGuAUGCUGGUGUCUdTsdT,INACTIVE_ANCHOR,6.5229,300.0,1.0,1.0,CALIBRATED_INACTIVE
GUGAUGUAACAAUCGUGGUGA,UCACCACGAUUGUUACAUCACUU,L025L025mG*mUmGmAmUmGfUmAfAfCfAmAmUmCmGmUmGmGmUmG*mA,mU*fC*mAmCmCfAmCmGmAmUmUmGmUfUmAfCmAmUmCmAmC*mU*mU,INACTIVE_ANCHOR,6.0044,990.0,1.0,1.0,CALIBRATED_INACTIVE
ACUAGGCGUCACUGCGCAUGU,ACAUGCGCAGUGACGCCUAGUUU,ascsuaggCfgUfCfAfcugcgcauguL96,asCfsaugc(Ggn)cagugaCfgCfcuagususu,INACTIVE_ANCHOR,6.5229,300.0,1.0,1.0,CALIBRATED_INACTIVE
CUGGGCUUCUACCACGUCGGU,ACCGACGUGGUAGAAGCCCAGGA,csusgggcUfuCfUfAfccacgucgguL96,asCfscgaCfgugguagAfaGfcccagsgsa,INACTIVE_ANCHOR,5.3054,4950.0,1.0,1.0,CALIBRATED_INACTIVE
UGAGUGCCGAAAACUAGGCGU,ACGCCUAGUUUUCGGCACUCAGC,usgsagugCfcGfAfAfaacuaggcguL96,asCfsgccUfaGfUfuuucGfgCfacucasgsc,INACTIVE_ANCHOR,6.5229,300.0,1.0,1.0,CALIBRATED_INACTIVE
AAGAUUUGGUGUUUUCUACUU,AAGUAGAAAACACCAAAUCUUUG,AfaGfaUfuUfgGfUfGfuUfuUfcUfaCfuUfL96,aAfgUfaGfaAfaAfcacCfaAfaUfcUfusUfsg,INACTIVE_ANCHOR,6.5229,300.0,1.0,1.0,CALIBRATED_INACTIVE
UUCCUGGCACUCUUUGCUUGU,ACAAGCAAAGAGUGCCAGGAAGG,ususccuggcAfCfUfcuuugcuuguL96,asdCsaadGcdAaagadGuGfccaggaasgsg,INACTIVE_ANCHOR,6.0044,990.0,1.0,1.0,CALIBRATED_INACTIVE
AAUCCCAUAUUGUUCCAGCAA,UUGCUGGAACAAUAUGGGAUGAG,asasucccAfuAfUfUfguuccagcaaL96,usUfsgcug(Ggn)aacaauAfuGfggaugsasg,INACTIVE_ANCHOR,6.5229,300.0,1.0,1.0,CALIBRATED_INACTIVE
UGUGAAUACUGGGUUCACCAA,UTGGTGAACCCAGTAUUCACAAA,usgsugaauadCudGgguucaccaaL96,usdTsggdTgdAacccdAgdTauucacasasa,INACTIVE_ANCHOR,6.5229,300.0,1.0,1.0,CALIBRATED_INACTIVE
UGCAACUUGCUACCCAUUAGA,UCUAAUGGGUAGCAAGUUGCAAA,usgscaacUfuGfCfUfacccauuagaL96,usCfsuaaUfgGfGfuagcAfaGfuugcasasa,INACTIVE_ANCHOR,6.0044,990.0,1.0,1.0,CALIBRATED_INACTIVE
UCAACAUAUUUGAUCAGUCUU,AAGACUGAUCAAAUAUGUUGAGU,UfcAfaCfaUfaUfUfUfgAfuCfaGfuCfuUfL96,aAfgAfcUfgAfuCfaaaUfaUfgUfuGfasGfsu,INACTIVE_ANCHOR,6.5229,300.0,1.0,1.0,CALIBRATED_INACTIVE
UGUCCAGAGACUGGUGACA,UGUCACCAGUCTCUGGACAGU,usgsuccadGadGacuggugacaL96,usdGsucdAc(Cgn)agucdTcUfgdGacasgsu,INACTIVE_ANCHOR,6.0044,990.0,1.0,1.0,CALIBRATED_INACTIVE
UCUUCCUGAACGCGCCUCAGU,ACUGAGGCGCGUUCAGGAAGAAA,uscsuuccUfgAfAfCfgcgccucaguL96,asCfsugag(Ggn)cgcguuCfaGfgaagasasa,INACTIVE_ANCHOR,6.5229,300.0,1.0,1.0,CALIBRATED_INACTIVE
GCGCGGCUGGAGCUUGUCCUU,GGACAAGCUCCAGCCGCGCUU,fGpsmCpsfGmCfGmGfCmUfGmGfAmGfCmUfUmGfUmCfCpsmUpsmU,mGpsfGpsmAfCmAfAmGfCmUfCmCfAmGfCmCfGmCfGmCpsmUpsmU,INACTIVE_ANCHOR,5.3054,4950.0,1.0,1.0,CALIBRATED_INACTIVE
AGGUGCUGGGAGAGAUAUGCU,AGCAUAUCUCUCCCAGCACCUUG,asgsgugcUfgGfGfAfgagauaugcuL96,asGfscauAfucucuccCfaGfcaccususg,INACTIVE_ANCHOR,6.5229,300.0,1.0,1.0,CALIBRATED_INACTIVE
CGCGGCUGGAGCUUGUCCUUU,AAAGGACAAGCUCCAGCCGCGCU,csgscggcUfgGfAfGfcuuguccuuuL96,asAfsaggAfcaagcucCfaGfccgcgscsu,INACTIVE_ANCHOR,6.0044,990.0,1.0,1.0,CALIBRATED_INACTIVE
GAGUUGGUUUUAUGAAAAU,AUUUTCAUAAAACCAACUCGG,gsasguUfggUfUfUfuaugaaaauL96,asUfsuudTc(Agn)uaaaacCfaAfcucsgsg,INACTIVE_ANCHOR,6.0044,990.0,1.0,1.0,CALIBRATED_INACTIVE
CCCUUCUAUGGGGAGUACGUU,CGUACUCCCCAUAGAAGGGUU,fCpsmCpsfCmUfUmCfUmAfUmGfGmGfGmAfGmUfAmCfGpsmUpsmU,mCpsfGpsmUfAmCfUmCfCmCfCmAfUmAfGmAfAmGfGmGpsmUpsmU,INACTIVE_ANCHOR,6.0464,898.77,1.0,1.0,CALIBRATED_INACTIVE
UAGCCAGACAUGAGCUGUGAU,AUCACAGCUCAUGUCUGGCUACU,usasgccaGfaCfAfUfgagcugugauL96,asUfscacAfgCfUfcaugUfcUfggcuascsu,INACTIVE_ANCHOR,6.5229,300.0,1.0,1.0,CALIBRATED_INACTIVE
GAUGCUGGCCAACUUCUUGGU,ACCAAGAAGUUGGCCAGCAUCCC,gsasugcuGfgCfCfAfacuucuugguL96,asCfscaaGfaAfGfuuggCfcAfgcaucscsc,INACTIVE_ANCHOR,6.0044,990.0,1.0,1.0,CALIBRATED_INACTIVE
UUUUGCAUUGCCUUCGGUUUU,AAAACCGAAGGCAAUGCAAAAAU,ususuugcauUfGfCfcuucgguuuuL96,asdAsaadCcdGaaggdCaAfugcaaaasasu,INACTIVE_ANCHOR,6.5229,300.0,1.0,1.0,CALIBRATED_INACTIVE
GCUUCUACCACGUCGGGGCGA,UCGCCCCGACGUGGUAGAAGCUU,fGpsmCpsfUmUfCmUfAmCfCmAfCmGfUmCfGmGfGmGfCmGpsfA,vmUpsfCpsmGfCmCfCmCfGmAfCmGfUmGfGmUfAmGfAmAfGmCpsmUpsmU,INACTIVE_ANCHOR,5.9588,1099.43,1.0,1.0,CALIBRATED_INACTIVE
UUCCCUAGCCTCUUCCUUUUU,AAAAAGGAAGAGGCUAGGGAAAU,ususcccuagdCcdTcuuccuuuuuL96,asdAsaadAgdGaagadGgdCuagggaasasu,INACTIVE_ANCHOR,6.5229,300.0,1.0,1.0,CALIBRATED_INACTIVE
UUGGCCGCUGUGUGGACCU,AGGUCCACACAGCGGCCAA,uuGGccGcuGuGuGGAccudTsdT,AGGUCcAcAcAGCGGCcAAdTsdT,INACTIVE_ANCHOR,6.5229,300.0,1.0,1.0,CALIBRATED_INACTIVE
UAUUAAUUUUCCAUAGAUC,GAUCUAUGGAAAAUUAAUA,UAUUAAUUUUCCAUAGAUCdTdT,GAUCUAUGGAAAAUUAAUAdTdT,INACTIVE_ANCHOR,5.3054,4950.0,1.0,1.0,CALIBRATED_INACTIVE
CAUCAAUGAGGCCUGGUUC,GAACCAGGCCUCAUUGAUG,cAucAAuGAGGccuGGuucdTsdT,GAACCAGGCCUcAUUGAUGdTsdT,INACTIVE_ANCHOR,6.2111,615.0,1.0,1.0,CALIBRATED_INACTIVE
CCGAAAACUAGGCGUCACUGU,ACAGUGACGCCUAGUUUUCGGCA,cscsgaaaAfcUfAfGfgcgucacuguL96,asCfsagug(Agn)cgccuaGfuUfuucggscsa,INACTIVE_ANCHOR,6.0044,990.0,1.0,1.0,CALIBRATED_INACTIVE
GUUAAUUCAGCUGGUUGGGAA,UUCCCAACCAGCUGAAUUAACGC,gsusuaauUfcAfGfCfugguugggaaL96,usUfscccAfaCfCfagcuGfaAfuuaacsgsc,INACTIVE_ANCHOR,6.0044,990.0,1.0,1.0,CALIBRATED_INACTIVE
CUUCCUGGGCUUCUACCACGU,ACGUGGTAGAAGCCCAGGAAGCC,csusuccuGfgGfCfUfucuaccacguL96,asCfsgudGg(Tgn)agaagcCfcAfggaagscsc,INACTIVE_ANCHOR,5.3054,4950.0,1.0,1.0,CALIBRATED_INACTIVE
GAGCUUCUUAUUGGUGACG,CGUCACCAAUAAGAAGCUC,GAGCUUCUUAUUGGUGACGdTdT,CGUCACCAAUAAGAAGCUCdTdT,INACTIVE_ANCHOR,5.3054,4950.0,1.0,1.0,CALIBRATED_INACTIVE
AGUGACAGCCCCAUCCCAG,CUGGGAUGGGGCUGUCACU,AGuGAcAGccccAucccAGdTsdT,CUGGGAUGGGGCUGUcACUdTsdT,INACTIVE_ANCHOR,6.0044,990.0,1.0,1.0,CALIBRATED_INACTIVE
AGAUGAGCUGCUAGACCACCU,AGGUGGTCUAGCAGCUCAUCUCC,asgsaugaGfcUfGfCfuagaccaccuL96,asGfsgudGg(Tgn)cuagcaGfcUfcaucuscsc,INACTIVE_ANCHOR,6.5229,300.0,1.0,1.0,CALIBRATED_INACTIVE
AGUCCACCAAAAGUGGACCCU,AGGGUCCACUUUUGGUGGACUUC,asgsuccaCfcAfAfAfaguggacccuL96,asGfsgguc(Cgn)acuuuuGfgUfggacususc,INACTIVE_ANCHOR,6.0044,990.0,1.0,1.0,CALIBRATED_INACTIVE
UCACAGGUGUUCACUCGAGUU,AACUCGAGUGAACACCUGUGAGG,uscsacagGfuGfUfUfcacucgaguuL96,asAfscucGfaGfUfgaacAfcCfugugasgsg,INACTIVE_ANCHOR,6.0044,990.0,1.0,1.0,CALIBRATED_INACTIVE
UGGGAGAGAUAUGCCUUCGAU,AUCGAAGGCAUAUCUCUCCCAGC,usgsggagAfgAfUfAfugccuucgauL96,asUfscgaAfggcauauCfuCfucccasgsc,INACTIVE_ANCHOR,6.5229,300.0,1.0,1.0,CALIBRATED_INACTIVE
CUGUGGCUGCAGCUAGCAAGU,ACUUGCTAGCUGCAGCCACAGGC,csusguggCfuGfCfAfgcuagcaaguL96,asCfsuudGc(Tgn)agcugcAfgCfcacagsgsc,INACTIVE_ANCHOR,6.5229,300.0,1.0,1.0,CALIBRATED_INACTIVE
CCGCACCUCCUCCGCGACGCG,CGCGUCGCGGAGGAGGUGCGGUU,fCpsmCpsfGmCfAmCfCmUfCmCfUmCfCmGfCmGfAmCfGmCpsfG,vmCpsfGpsmCfGmUfCmGfCmGfGmAfGmGfAmGfGmUfGmCfGmGpsmUpsmU,INACTIVE_ANCHOR,5.3054,4950.0,1.0,1.0,CALIBRATED_INACTIVE
CCAUUAGGAUAAUGUCTUAUU,AAUAAGACAUUAUCCUAAUGGGU,cscsauuaggdAudAaugucdTuauuL96,asdAsuaagdAcauuauCfcUfaauggsgsu,INACTIVE_ANCHOR,6.5229,300.0,1.0,1.0,CALIBRATED_INACTIVE
GGUGCAACTCTAUUCUGGACU,AGUCCAGAAUAGAGUUGCACCGU,gsgsugcaacdTcdTauucuggacuL96,asdGsucdCadGaauadGadGuugcaccsgsu,INACTIVE_ANCHOR,6.5229,300.0,1.0,1.0,CALIBRATED_INACTIVE
AAGGCCAGGAGUCGGAACAUU,AAUGUUCCGACUCCUGGCCUUCC,asasggccAfgGfAfGfucggaacauuL96,asAfsuguUfcCfGfacucCfuGfgccuuscsc,INACTIVE_ANCHOR,6.5229,300.0,1.0,1.0,CALIBRATED_INACTIVE
UUUUUCACCUAACUAAAAU,AUUUUAGUUAGGUGAAAAA,UUUUUCACCUAACUAAAAUdTdT,AUUUUAGUUAGGUGAAAAAdTdT,INACTIVE_ANCHOR,6.4599,346.83,1.0,1.0,CALIBRATED_INACTIVE
UUCUUGGGCAAUAAAGUAU,AUACUUUAUUGCCCAAGAA,UUCUUGGGCAAUAAAGUAUdTdT,AUACUUUAUUGCCCAAGAAdTdT,INACTIVE_ANCHOR,5.3054,4950.0,1.0,1.0,CALIBRATED_INACTIVE
AUCCACUUCUCUGCCAAAG,CUUUGGCAGAGAAGUGGAU,AuccAcuucucuGccAAAGdTsdT,CUUUGGcAGAGAAGUGGAUdTsdT,INACTIVE_ANCHOR,6.0044,990.0,1.0,1.0,CALIBRATED_INACTIVE
AGCACACCCUAAAGCAUUUUA,UAAAAUGCUUUAGGGUGUGCUGU,asgscac(Ahd)CfcCfUfAfaagcauuuuaL96,VPusAfsaaaUfgCfUfuuagGfgUfgugcusgsu,INACTIVE_ANCHOR,6.5229,300.0,1.0,1.0,CALIBRATED_INACTIVE
AGCUGUUUUGCAGGACUGUAU,AUACAGUCCUGCAAAACAGCUGC,asgscuguUuUGCaggacuguau,asUsacagUccugCaAaAcagcusgsc,INACTIVE_ANCHOR,6.5229,300.0,1.0,1.0,CALIBRATED_INACTIVE
UUUUCACCUAACUAAAAUAAU,AUUAUUUUAGUUAGGUGAAAAAG,ususuucaCfcUfAfAfcuaaaauaauL96,asUfsuauUfuUfAfguuaGfgUfgaaaasasg,INACTIVE_ANCHOR,5.9588,1099.43,1.0,1.0,CALIBRATED_INACTIVE
AUCACCACUCUUUGGGCAG,CUGCCCAAAGAGUGGUGAU,AUCACCACUCUUUGGGCAGdTdT,CUGCCCAAAGAGUGGUGAUdTdT,INACTIVE_ANCHOR,6.4755,334.62,1.0,1.0,CALIBRATED_INACTIVE
AACCGCCCAUUCCUGUUUGCU,AGCAAACAGGAAUGGGCGGUUCA,asasccgcCfcAfUfUfccuguuugcuL96,asGfscaaAfcAfGfgaauGfgGfcgguuscsa,INACTIVE_ANCHOR,6.5229,300.0,1.0,1.0,CALIBRATED_INACTIVE
GUGAGCCAGGCAGUGAGAC,GUCUCACUGCCUGGCUCAC,GuGAGccAGGcAGuGAGAcdTsdT,GUCUcACUGCCUGGCUcACdTsdT,INACTIVE_ANCHOR,6.0044,990.0,1.0,1.0,CALIBRATED_INACTIVE
UAUCGCUCUCUAAAUCAGGUU,AACCUGAUUUAGAGAGCGAUAGA,usasucgcUfcUfCfUfaaaucagguuL96,asAfsccug(Agn)uuuagaGfaGfcgauasgsa,INACTIVE_ANCHOR,6.0044,990.0,1.0,1.0,CALIBRATED_INACTIVE
GAUUGUCCAGAGACUGGUU,AACCAGTCUCUGGACAAUCGC,gsasuuguCfCfAfgagacugguuL96,asAfsccdAg(Tgn)cucuggAfcAfaucsgsc,INACTIVE_ANCHOR,6.5229,300.0,1.0,1.0,CALIBRATED_INACTIVE
CCCUCACUGUGGGGCAUUUCA,UGAAAUGCCCCACAGUGAGGGAG,cscscucaCuGUGgggcauuuca,usGsaaauGccccAcAgUgagggsasg,INACTIVE_ANCHOR,6.5229,300.0,1.0,1.0,CALIBRATED_INACTIVE
CCUGAAACUGCAACUAGACUU,AAGUCUAGUUGCAGUUUCAGGAC,cscsugaaAfcUfGfCfaacuagacuuL96,asAfsgudCu(Agn)guugcaGfuUfucaggsasc,INACTIVE_ANCHOR,6.0044,990.0,1.0,1.0,CALIBRATED_INACTIVE
GACAGAGUUAUCGAGGCUCAU,AUGAGCCUCGAUAACUCUGUCCA,GmsAmsCmAmGmAmGfUmUfAfUfCmGmAmGmGmCmUmCmAmUm,AmsUfsGmAmGmCfCmUmCmGmAmUmAmAfCmUfCmUmGmUmCmsCmsAm,INACTIVE_ANCHOR,6.4917,322.3,1.0,1.0,CALIBRATED_INACTIVE
AGAAGAUGUGGGUUCAAACAA,UUGUUUGAACCCACAUCUUCUGC,asgsaag(Ahd)UfgUfGfGfguucaaacaaL96,usUfsguuu(Ggn)aacccaCfaUfcuucusgsc,INACTIVE_ANCHOR,6.0044,990.0,1.0,1.0,CALIBRATED_INACTIVE
AAUCGAGGGCAGGGUCAUG,CAUGACCCUGCCCUCGAUU,AAuCGAGGGcAGGGucAuGdTsdT,CAUGACCCUGCCCUCGAUUdTsdT,INACTIVE_ANCHOR,6.5229,300.0,1.0,1.0,CALIBRATED_INACTIVE
UGGCCUGUAUTGGAGACAGAU,ATCUGUCUCCAAUACAGGCCAUA,usgsgccugudAudTggagacagauL96,asdTscudGudCuccadAudAcaggccasusa,INACTIVE_ANCHOR,6.5229,300.0,1.0,1.0,CALIBRATED_INACTIVE
CGAUUGUCCAGAGACUGGU,ACCAGUCUCUGGACAAUCGCA,csgsauugUfCfCfagagacugguL96,asCfscadGudCucuggaCfaAfucgscsa,INACTIVE_ANCHOR,6.0044,990.0,1.0,1.0,CALIBRATED_INACTIVE
ACGAACUUUCUUCAUGUGGAA,UUCCACAUGAAGAAAGUUCGUGG,ascsgaacUfuUfCfUfucauguggaaL96,usUfsccaCfaUfGfaagaAfaGfuucgusgsg,INACTIVE_ANCHOR,6.0044,990.0,1.0,1.0,CALIBRATED_INACTIVE
GUGCCGAAAACUAGGCGUCAU,ATGACGCCUAGTUTUCGGCACUC,gsusgccgaadAadCuaggcgucauL96,asdTsgadCgdCcuagdTudTucggcacsusc,INACTIVE_ANCHOR,6.5229,300.0,1.0,1.0,CALIBRATED_INACTIVE
GGUGUCUAUGCUCGUGUUUCA,UGAAACACGAGCAUAGACACCAG,GmsGmsUmGmUmCmUfAmUfGfCfUmCmGmUmGmUmUmUmCmAm,UmsGfsAmAmAmCfAmCmGmAmGmCmAmUfAmGfAmCmAmCmCmsAmsGm,INACTIVE_ANCHOR,6.4349,367.36,1.0,1.0,CALIBRATED_INACTIVE
AAACUCCCUCAACUGGAUGAU,AUCAUCCAGUUGAGGGAGUUUUG,asasacucCfcUfCfAfacuggaugauL96,asUfscauCfcAfGfuugaGfgGfaguuususg,INACTIVE_ANCHOR,6.5229,300.0,1.0,1.0,CALIBRATED_INACTIVE
AUUCUUUCAGAGGUGCUAAAA,UUUUAGCACCUCUGAAAGAAUCU,asusucuuUfcAfGfAfggugcuaaaaL96,usUfsuuaGfcAfCfcucuGfaAfagaauscsu,INACTIVE_ANCHOR,6.0044,990.0,1.0,1.0,CALIBRATED_INACTIVE
AUUGCUGCUUCUGCUAUAUUU,AAAUAUAGCAGAAGCAGCAAUCU,asusugc(Uhd)GfcUfUfCfugcuauauuuL96,asAfsauau(Agn)gcagaaGfcAfgcaauscsu,INACTIVE_ANCHOR,6.0044,990.0,1.0,1.0,CALIBRATED_INACTIVE
GGAGAGAUAUGCCUUCGAGGU,ACCUCGAAGGCAUAUCUCUCCCA,gsgsagagAfuAfUfGfccuucgagguL96,asCfscucGfaaggcauAfuCfucuccscsa,INACTIVE_ANCHOR,6.5229,300.0,1.0,1.0,CALIBRATED_INACTIVE
UCCUGCACAGUCCUCCCCA,UGGGGAGGACUGUGCAGGA,uccuGcAcAGuccuccccAdTsdT,UGGGGAGGACUGUGcAGGAdTsdT,INACTIVE_ANCHOR,6.0044,990.0,1.0,1.0,CALIBRATED_INACTIVE
AAAUAGGCAUCUCUCUUACCU,AGGUAAGAGAGAUGCCUAUUUUG,asasauagGfcAfUfCfucucuuaccuL96,asGfsguaAfgAfGfagauGfcCfuauuususg,INACTIVE_ANCHOR,6.0044,990.0,1.0,1.0,CALIBRATED_INACTIVE
UCCAAAGACGAAGUCGUGGAU,AUCCACGACUUCGUCUUUGGACC,uscscaaaGfaCfGfAfagucguggauL96,asUfsccaCfgacuucgUfcUfuuggascsc,INACTIVE_ANCHOR,5.8409,1442.54,1.0,1.0,CALIBRATED_INACTIVE
ACUUGAACCUGGCUUAUUUUU,AAAAAUAAGCCAGGUUCAAGUUG,ascsuugaAfcCfUfGfgcuuauuuuuL96,asAfsaaaUfaAfGfccagGfuUfcaagususg,INACTIVE_ANCHOR,6.0044,990.0,1.0,1.0,CALIBRATED_INACTIVE
CAAAAUAAUCUAGUGUGCAGU,ACUGCACACUAGAUUAUUUUGUU,csasaaauAfaUfCfUfagugugcaguL96,asCfsugcAfcAfCfuagaUfuAfuuuugsusu,INACTIVE_ANCHOR,5.3054,4950.0,1.0,1.0,CALIBRATED_INACTIVE
CCUCCUCCGCGACGCGCGCUU,GCGCGCGUCGCGGAGGAGGUU,fCpsmCpsfUmCfCmUfCmCfGmCfGmAfCmGfCmGfCmGfCpsmUpsmU,mGpsfCpsmGfCmGfCmGfUmCfGmCfGmGfAmGfGmAfGmGpsmUpsmU,INACTIVE_ANCHOR,5.3054,4950.0,1.0,1.0,CALIBRATED_INACTIVE
UCCUACUUGGAGUCGUUGGUU,AACCAACGACUCCAAGUAGGAGU,uscscuacUfuGfGfAfgucguugguuL96,asAfsccaa(Cgn)gacuccAfaGfuaggasgsu,INACTIVE_ANCHOR,6.5229,300.0,1.0,1.0,CALIBRATED_INACTIVE
ACUUUCUUCAUGUGGACAUCU,AGAUGUCCACAUGAAGAAAGUUC,ascsuuucUfuCfAfUfguggacaucuL96,asGfsaugUfcCfAfcaugAfaGfaaagususc,INACTIVE_ANCHOR,6.0044,990.0,1.0,1.0,CALIBRATED_INACTIVE
UCCUGGCACUCUUUGCUUGAU,ATCAAGCAAAGAGUGCCAGGAAG,uscscuggcaCfUfCfuuugcuugauL96,asdTscadAgdCaaagdAgUfgccaggasasg,INACTIVE_ANCHOR,6.5229,300.0,1.0,1.0,CALIBRATED_INACTIVE
GCAGAGAUUUCUUAAGUGACU,AGUCACUUAAGAAAUCUCUGCCC,gscsagagAfuUfUfCfuuaagugacuL96,asGfsucaCfuUfAfagaaAfuCfucugcscsc,INACTIVE_ANCHOR,6.5229,300.0,1.0,1.0,CALIBRATED_INACTIVE
GAACUUUCUUCAUGUGGACAU,AUGUCCACAUGAAGAAAGUUCGU,gsasacuuUfcUfUfCfauguggacauL96,asUfsgucCfaCfAfugaaGfaAfaguucsgsu,INACTIVE_ANCHOR,6.5229,300.0,1.0,1.0,CALIBRATED_INACTIVE
AGUGAACCAAGGAUCAGUUAU,AUAACUGAUCCUUGGUUCACUAA,asgsuga(Ahd)CfcAfAfGfgaucaguuauL96,asUfsaacu(Ggn)auccuuGfgUfucacusasa,INACTIVE_ANCHOR,6.0044,990.0,1.0,1.0,CALIBRATED_INACTIVE
CACCGGGAAAUCGAGGGCA,UGCCCUCGAUUUCCCGGUG,CAccGGGAAAuCGAGGGcAdTsdT,UGCCCUCGAUUUCCCGGUGdTsdT,INACTIVE_ANCHOR,6.5229,300.0,1.0,1.0,CALIBRATED_INACTIVE
GUUCCAUCGUAUAUCAAUAUU,AAUATUGAUAUACGAUGGAACAA,gsusuccaucdGudAuaucaauauuL96,asdAsuadTudGauaudAcdGauggaacsasa,INACTIVE_ANCHOR,6.0044,990.0,1.0,1.0,CALIBRATED_INACTIVE
ACGUAGACUUCCAGGAACUGU,ACAGTUCCUGGAAGUCUACGUCU,ascsguagacUfUfCfcaggaacuguL96,asdCsagdTudCcuggdAaGfucuacguscsu,INACTIVE_ANCHOR,6.0044,990.0,1.0,1.0,CALIBRATED_INACTIVE
AUACAUUAUGAAAGGUGACCA,UGGUCACCUUUCAUAAUGUAUCU,asusacauUfaUfGfAfaaggugaccaL96,usGfsgucAfcCfUfuucaUfaAfuguauscsu,INACTIVE_ANCHOR,6.5229,300.0,1.0,1.0,CALIBRATED_INACTIVE
UGAUCCUUUCUGAGGCGUC,GACGCCUCAGAAAGGAUCA,UGAUCCUUUCUGAGGCGUCdTdT,GACGCCUCAGAAAGGAUCAdTdT,INACTIVE_ANCHOR,5.3054,4950.0,1.0,1.0,CALIBRATED_INACTIVE
ACAUCCUAGGACAUUUUUGGA,UCCAAAAAUGUCCUAGGAUGUUG,ascsauccUfaGfGfAfcauuuuuggaL96,usCfscaaa(Agn)auguccUfaGfgaugususg,INACTIVE_ANCHOR,6.5229,300.0,1.0,1.0,CALIBRATED_INACTIVE
CACGAACUUUCUUCAUGUGUU,CACAUGAAGAAAGUUCGUGUU,fCpsmApsfCmGfAmAfCmUfUmUfCmUfUmCfAmUfGmUfGpsmUpsmU,mCpsfApsmCfAmUfGmAfAmGfAmAfAmGfUmUfCmGfUmGpsmUpsmU,INACTIVE_ANCHOR,5.995,1011.57,1.0,1.0,CALIBRATED_INACTIVE
AUCAUCUACUCCUACUUGGAU,ATCCAAGUAGGAGTAGAUGAUGG,asuscaucuadCudCcuacuuggauL96,asdTsccdAadGuaggdAgdTagaugausgsg,INACTIVE_ANCHOR,6.0044,990.0,1.0,1.0,CALIBRATED_INACTIVE
AAGCACUUCUUCCAUCGAUGA,UCAUCGAUGGAAGAAGUGCUUUU,asasgcacUfuCfUfUfccaucgaugaL96,usCfsaucg(Agn)uggaagAfaGfugcuususu,INACTIVE_ANCHOR,6.0044,990.0,1.0,1.0,CALIBRATED_INACTIVE
CUUCGUGCCUGUUUUAUGUGU,ACACAUAAAACAGGCACGAAGAA,csusucg(Uhd)GfcCfUfGfuuuuauguguL96,asCfsacau(Agn)aaacagGfcAfcgaagsasa,INACTIVE_ANCHOR,6.5229,300.0,1.0,1.0,CALIBRATED_INACTIVE
AACAUGACCUCCGUGUAGUGU,ACACUACACGGAGGUCAUGUUCU,asascaugAfcCfUfCfcguguaguguL96,asCfsacuAfcAfCfggagGfuCfauguuscsu,INACTIVE_ANCHOR,6.5229,300.0,1.0,1.0,CALIBRATED_INACTIVE
CACAUGGUCAGUGAGUUUCUU,AAGAAACUCACUGACCAUGUGGG,csascaugGfuCfAfGfugaguuucuuL96,asAfsgaaAfcUfCfacugAfcCfaugugsgsg,INACTIVE_ANCHOR,6.5229,300.0,1.0,1.0,CALIBRATED_INACTIVE
UAGGAUAAUGUCUUAUGUAAU,AUUACATAAGACAUUAUCCUAAU,usasggauAfaUfGfUfcuuauguaauL96,asUfsuadCadTaagacaUfuAfuccuasasu,INACTIVE_ANCHOR,6.0044,990.0,1.0,1.0,CALIBRATED_INACTIVE
ACCACCUGCGUCUCAGCAUCU,AGAUGCTGAGACGCAGGUGGUCU,ascscaccUfgCfGfUfcucagcaucuL96,asGfsaudGc(Tgn)gagacgCfaGfgugguscsu,INACTIVE_ANCHOR,6.2005,630.27,1.0,1.0,CALIBRATED_INACTIVE
UAUUCGGAAAAGCCAGCUG,CAGCUGGCUUUUCCGAAUA,uAuucGGAAAAGccAGcuGdTsdT,CAGCUGGCUUUUCCGAAuAdTsdT,INACTIVE_ANCHOR,6.5229,300.0,1.0,1.0,CALIBRATED_INACTIVE
CAGCUCCUUAUUGUUAUACGA,UCGUAUAACAAUAAGGAGCUGCC,CmsAmsGmCmUmCmCfUmUfAfUfUmGmUmUmAmUmAmCmGmAm,UmsCfsGmUmAmUfAmAmCmAmAmUmAmAfGmGfAmGmCmUmGmsCmsCm,INACTIVE_ANCHOR,6.1235,752.57,1.0,1.0,CALIBRATED_INACTIVE
UAUAUCAGCCCCUUAUUGUUAUACGA,TCGUAUAACAAUAAGGGGCUGCCUAU,uAuAusCfsaGfcCfcCfuUfAfUfuGfuUfaUfaCfgAf(C11-PEG3-NAG3),dTsCfsgUfaUfaAfcAfauaAfgGfgGfcUfgCfscsuAu,INACTIVE_ANCHOR,6.5229,300.0,1.0,1.0,CALIBRATED_INACTIVE
UGGAUACAUGAGCAAGAUU,AAUCUUGCUCAUGUAUCCA,UGGAUACAUGAGCAAGAUUdTdT,AAUCUUGCUCAUGUAUCCAdTdT,INACTIVE_ANCHOR,6.5229,300.0,1.0,1.0,CALIBRATED_INACTIVE
UCUUCAUGUGGACAUCACCAU,AUGGUGAUGUCCACAUGAAGAAA,uscsuucaUfgUfGfGfacaucaccauL96,asUfsgguGfaUfGfuccaCfaUfgaagasasa,INACTIVE_ANCHOR,6.0044,990.0,1.0,1.0,CALIBRATED_INACTIVE
UUUUAUGAAAAGCUAGGAAGU,ACUUCCTAGCUUUUCAUAAAACC,ususuuaugaAfAfAfgcuaggaaguL96,asCfsuudCcdTagcuuuUfcAfuaaaascsc,INACTIVE_ANCHOR,6.0044,990.0,1.0,1.0,CALIBRATED_INACTIVE
CCAUUAGGAUAAUGUCUUAUU,AAUAAGACAUUAUCCUAAUGGCC,cscsauuaGfgAfUfAfaugucuuauuL96,asAfsuadAgdAcauuauCfcUfaauggscsc,INACTIVE_ANCHOR,6.5229,300.0,1.0,1.0,CALIBRATED_INACTIVE
ACGAUGCCUGCCUCUACUC,GAGUAGAGGCAGGCAUCGU,AcGAuGccuGccucuAcucdTsdT,GAGuAGAGGcAGGcAUCGUdTsdT,INACTIVE_ANCHOR,6.5229,300.0,1.0,1.0,CALIBRATED_INACTIVE
GUCAAGUCCACGAACUUUCUU,GAAAGUUCGUGGACUUGACUU,fGpsmUpsfCmAfAmGfUmCfCmAfCmGfAmAfCmUfUmUfCpsmUpsmU,mGpsfApsmAfAmGfUmUfCmGfUmGfGmAfCmUfUmGfAmCpsmUpsmU,INACTIVE_ANCHOR,5.3054,4950.0,1.0,1.0,CALIBRATED_INACTIVE
GGCUGCGGCUUCCUGGGCUUC,GAAGCCCAGGAAGCCGCAGCCUU,fGpsmGpsfCmUfGmCfGmGfCmUfUmCfCmUfGmGfGmCfUmUpsfC,vmGpsfApsmAfGmCfCmCfAmGfGmAfAmGfCmCfGmCfAmGfCmCpsmUpsmU,INACTIVE_ANCHOR,6.4992,316.84,1.0,1.0,CALIBRATED_INACTIVE
GAACCAAGGAUCAGUUACGGA,UCCGUAACUGAUCCUUGGUUCAC,gsasacc(Ahd)AfgGfAfUfcaguuacggaL96,usCfscgua(Agn)cugaucCfuUfgguucsasc,INACTIVE_ANCHOR,6.5229,300.0,1.0,1.0,CALIBRATED_INACTIVE
UCUGAGCUGAGUUGGUUUUAU,AUAAAACCAACUCAGCUCAGAGG,uscsugagCfuGfAfGfuugguuuuauL96,asUfsaaaAfcCfAfacucAfgCfucagasgsg,INACTIVE_ANCHOR,6.0044,990.0,1.0,1.0,CALIBRATED_INACTIVE
UGCUUUUGCAUGGACUAUCCA,UGGAUAGUCCAUGCAAAAGCAUU,L025L025mU*mGmCmUmUmUfUmGfCfAfUmGmGmAmCmUmAmUmCmC*mA,mU*fG*mGmAmUfAmGmUmCmCmAmUmGfCmAfAmAmAmGmCmA*mU*mU,INACTIVE_ANCHOR,6.5087,309.97,1.0,1.0,CALIBRATED_INACTIVE
AUCCAAGCACAAGAUUAUGGU,ACCAUAAUCUUGUGCUUGGAUUU,asusccaaGfcAfCfAfagauuaugguL96,asCfscaua(Agn)ucuuguGfcUfuggaususu,INACTIVE_ANCHOR,6.5229,300.0,1.0,1.0,CALIBRATED_INACTIVE
CUACCUCCCUAAAAGUAAAUA,UAUUUACUUUUAGGGAGGUAGCU,csusaccuCfcCfUfAfaaaguaaauaL96,usAfsuuuAfcUfUfuuagGfgAfgguagscsu,INACTIVE_ANCHOR,5.8856,1301.35,1.0,1.0,CALIBRATED_INACTIVE
UCCACGAACUUUCUUCAUGUG,CACAUGAAGAAAGUUCGUGGAUU,fUpsmCpsfCmAfCmGfAmAfCmUfUmUfCmUfUmCfAmUfGmUpsfG,vmCpsfApsmCfAmUfGmAfAmGfAmAfAmGfUmUfCmGfUmGfGmApsmUpsmU,INACTIVE_ANCHOR,5.7839,1644.92,1.0,1.0,CALIBRATED_INACTIVE
AUAGAAGACAGGUGGCUGUAU,AUACAGCCACCUGUCUUCUAUUG,asusagaaGfaCfAfGfguggcuguauL96,asUfsacaGfcCfAfccugUfcUfucuaususg,INACTIVE_ANCHOR,6.3293,468.47,1.0,1.0,CALIBRATED_INACTIVE
UUUCUUCAUGUGGACAUCACU,AGUGAUGUCCACAUGAAGAAAGU,ususucuuCfaUfGfUfggacaucacuL96,asGfsugaUfgUfCfcacaUfgAfagaaasgsu,INACTIVE_ANCHOR,6.5229,300.0,1.0,1.0,CALIBRATED_INACTIVE
CCAUGGACAUUAAUUCAACAU,AUGUUGAAUUAAUGUCCAUGGAC,CfcAfuGfgAfcAfUfUfaAfuUfcAfaCfaUfL96,aUfgUfuGfaAfuUfaauGfuCfcAfuGfgsAfsc,INACTIVE_ANCHOR,6.5229,300.0,1.0,1.0,CALIBRATED_INACTIVE
CUGCCUGUGACGUGGAGGAUA,UAUCCUCCACGUCACAGGCAGGG,csusgccuGfuGfAfCfguggaggauaL96,usAfsuccUfcCfAfcgucAfcAfggcagsgsg,INACTIVE_ANCHOR,6.0044,990.0,1.0,1.0,CALIBRATED_INACTIVE
UGCUACUGUCACAGACUCCAU,ATGGAGTCUGUGACAGUAGCAAA,usgscuacugUfCfAfcagacuccauL96,asdTsggdAgdTcugudGaCfaguagcasasa,INACTIVE_ANCHOR,6.5229,300.0,1.0,1.0,CALIBRATED_INACTIVE
CGACGCAGAGCGCGGCUGGUU,CCAGCCGCGCUCUGCGUCGUU,fCpsmGpsfAmCfGmCfAmGfAmGfCmGfCmGfGmCfUmGfGpsmUpsmU,mCpsfCpsmAfGmCfCmGfCmGfCmUfCmUfGmCfGmUfCmGpsmUpsmU,INACTIVE_ANCHOR,6.3109,488.79,1.0,1.0,CALIBRATED_INACTIVE
GUAUAACUCUGAAGUCCACCA,UGGUGGACUUCAGAGUUAUACAG,gsusauaaCfuCfUfGfaaguccaccaL96,usGfsgugGfaCfUfucagAfgUfuauacsasg,INACTIVE_ANCHOR,6.2344,582.91,1.0,1.0,CALIBRATED_INACTIVE
AGAGAUAUGCCUUCGAGGAUU,AAUCCUCGAAGGCAUAUCUCUCC,asgsagauAfuGfCfCfuucgaggauuL96,asAfsucdCu(C2p)gaaggcAfuAfucucuscsc,INACTIVE_ANCHOR,6.5229,300.0,1.0,1.0,CALIBRATED_INACTIVE
GCAUGGACUAUCCUCUUGUUU,AAACAAGAGGAUAGUCCAUGCAA,gscsauggAfcUfAfUfccucuuguuuL96,asAfsacaa(Ggn)aggauaGfuCfcaugcsasa,INACTIVE_ANCHOR,6.2871,516.32,1.0,1.0,CALIBRATED_INACTIVE
UGCCUGAGCGAGCACGCCCUU,GGGCGUGCUCGCUCAGGCAUU,fUpsmGpsfCmCfUmGfAmGfCmGfAmGfCmAfCmGfCmCfCpsmUpsmU,mGpsfGpsmGfCmGfUmGfCmUfCmGfCmUfCmAfGmGfCmApsmUpsmU,INACTIVE_ANCHOR,6.5188,302.86,1.0,1.0,CALIBRATED_INACTIVE
CUAUUAAUGGUCAGACUGU,ACAGUCUGACCAUUAAUAG,CUAUUAAUGGUCAGACUGUdTdT,ACAGUCUGACCAUUAAUAGdTdT,INACTIVE_ANCHOR,6.5229,300.0,1.0,1.0,CALIBRATED_INACTIVE
GUCCCAGAGAUGUUUAGACAA,UUGUCUAAACAUCUCUGGGACCA,gsuscccaGfaGfAfUfguuuagacaaL96,usUfsgucUfaAfAfcaucUfcUfgggacscsa,INACTIVE_ANCHOR,6.5229,300.0,1.0,1.0,CALIBRATED_INACTIVE
GGCUGAGCACCACAUCACCAU,AUGGTGAUGUGGUGCUCAGCCAG,gsgscugaGfcAfCfCfacaucaccauL96,asUfsggdTg(Agn)ugugguGfcUfcagccsasg,INACTIVE_ANCHOR,6.0044,990.0,1.0,1.0,CALIBRATED_INACTIVE
AGGUUCUGGGUUGACAAAUAU,AUAUUUGUCAACCCAGAACCUGG,asgsguu(Chd)UfgGfGfUfugacaaauauL96,asUfsauuu(Ggn)ucaaccCfaGfaaccusgsg,INACTIVE_ANCHOR,6.5229,300.0,1.0,1.0,CALIBRATED_INACTIVE
AUUUUAACCACAGUGGACC,GGUCCACUGUGGUUAAAAU,AUUUUAACCACAGUGGACCdTdT,GGUCCACUGUGGUUAAAAUdTdT,INACTIVE_ANCHOR,5.3054,4950.0,1.0,1.0,CALIBRATED_INACTIVE
UUCUUCCUGGCUUCCUGGU,ACCAGGAAGCCAGGAAGAA,uucuuccuGGcuuccuGGudTsdT,ACcAGGAAGCcAGGAAGAAdTsdT,INACTIVE_ANCHOR,6.0044,990.0,1.0,1.0,CALIBRATED_INACTIVE
CCUAACUAAAAUAAUGUUUAA,UUAAACAUUAUUUUAGUUAGGUG,cscsuaacUfaAfAfAfuaauguuuaaL96,usUfsaaaCfaUfUfauuuUfaGfuuaggsusg,INACTIVE_ANCHOR,6.0044,990.0,1.0,1.0,CALIBRATED_INACTIVE
AGGUCUGACATCAGAACUUCA,UGAAGUTCUGATGTCAGACCUCU,asgsgucugadCadTcagaacuucaL96,usdGsaadGudTcugadTgdTcagaccuscsu,INACTIVE_ANCHOR,6.5229,300.0,1.0,1.0,CALIBRATED_INACTIVE
AUUGGUGCCUCCAGCGACU,AGUCGCUGGAGGCACCAAU,AuuGGuGccuccAGcGAcudTsdT,AGUCGCUGGAGGcACcAAUdTsdT,INACTIVE_ANCHOR,6.5229,300.0,1.0,1.0,CALIBRATED_INACTIVE
AUCCUGGAUGGGUUGCACCUU,AAGGUGCAACCCAUCCAGGAUUU,asusccugGfaUfGfGfguugcaccuuL96,asAfsgguGfcAfAfcccaUfcCfaggaususu,INACTIVE_ANCHOR,6.0044,990.0,1.0,1.0,CALIBRATED_INACTIVE
GUGAGUGACAACGUACCCUUU,AAAGGGTACGUUGUCACUCACUC,gsusgaguGfaCfAfAfcguacccuuuL96,asAfsagdGg(Tgn)acguugUfcAfcucacsusc,INACTIVE_ANCHOR,6.5229,300.0,1.0,1.0,CALIBRATED_INACTIVE
ACGCCAUUGCCAGGUGCUG,CAGCACCUGGCAAUGGCGU,AcGccAuuGccAGGuGcuGdTsdT,CAGcACCUGGcAAUGGCGUdTsdT,INACTIVE_ANCHOR,6.0044,990.0,1.0,1.0,CALIBRATED_INACTIVE
UACACAGGGAAGGUUUAAGAU,AUCUUAAACCUUCCCUGUGUAAA,usascacaGfgGfAfAfgguuuaagauL96,asUfscuua(Agn)accuucCfcUfguguasasa,INACTIVE_ANCHOR,6.0044,990.0,1.0,1.0,CALIBRATED_INACTIVE
GCUGUGAGGGUCAAGCACAGU,ACUGTGCUUGACCCUCACAGCUC,gscsugugagGfGfUfcaagcacaguL96,asdCsugdTgdCuugadCcCfucacagcsusc,INACTIVE_ANCHOR,6.0044,990.0,1.0,1.0,CALIBRATED_INACTIVE
UUAAUAAGCGCGGUGUGGAGA,UCUCCACACCGCGCUUAUUAAUA,ususaauaAfgCfGfCfgguguggagaL96,usCfsuccAfcAfCfcgcgCfuUfauuaasusa,INACTIVE_ANCHOR,6.5229,300.0,1.0,1.0,CALIBRATED_INACTIVE
AGGCAAAUUUAAAAGGCAAUA,UAUUGCCUUUUAAAUUUGCCUCA,AfgGfcAfaAfuUfUfAfaAfaGfgCfaAfuAfL96,uAfuUfgCfcUfuUfuaaAfuUfuGfcCfusCfsa,INACTIVE_ANCHOR,6.5229,300.0,1.0,1.0,CALIBRATED_INACTIVE
CAAUGAUUUGGUGUUUAGAAA,UUUCUAAACACCAAAUCAUUGUC,csasaugaUfuUfGfGfuguuuagaaaL96,usUfsucuAfaAfCfaccaAfaUfcauugsusc,INACTIVE_ANCHOR,6.5229,300.0,1.0,1.0,CALIBRATED_INACTIVE
GUGUCUAAGAUGAGAUUUGAU,AUCAAAUCUCAUCUUAGACACCC,gsusgucuAfaGfAfUfgagauuugauL96,asUfscaaAfuCfUfcaucUfuAfgacacscsc,INACTIVE_ANCHOR,6.5229,300.0,1.0,1.0,CALIBRATED_INACTIVE
AUCUCUCUUACCAGAGUGUCU,AGACACUCUGGUAAGAGAGAUGC,asuscucuCfuUfAfCfcagagugucuL96,asGfsacaCfuCfUfgguaAfgAfgagausgsc,INACTIVE_ANCHOR,6.0044,990.0,1.0,1.0,CALIBRATED_INACTIVE
GACAAUGAUUUGGUGUUUAGA,UCUAAACACCAAAUCAUUGUCUU,gsascaauGfaUfUfUfgguguuuagaL96,usCfsuaaAfcAfCfcaaaUfcAfuugucsusu,INACTIVE_ANCHOR,6.0044,990.0,1.0,1.0,CALIBRATED_INACTIVE
AUCAAAAAUUGGUGUUCUUUG,CAAAGAACACCAAUUUUUGAUGA,asuscaa(Ahd)AfaUfUfGfguguucuuugL96,csAfsaaga(Agn)caccaaUfuUfuugausgsa,INACTIVE_ANCHOR,6.5229,300.0,1.0,1.0,CALIBRATED_INACTIVE
UCUGAGCUGAGUUGGUUUUAU,AUAAAACCAACUCAGCUCAGACC,uscsugagCfudGadGuugguuuuauL96,asUfsaadAadCcaacucAfgCfucagascsc,INACTIVE_ANCHOR,6.5229,300.0,1.0,1.0,CALIBRATED_INACTIVE
ACUUCUUUUUUAAGGAUUC,GAAUCCUUAAAAAAGAAGU,ACUUCUUUUUUAAGGAUUCdTdT,GAAUCCUUAAAAAAGAAGUdTdT,INACTIVE_ANCHOR,5.3054,4950.0,1.0,1.0,CALIBRATED_INACTIVE
ACAGGCUGCAGCUCCCACU,AGUGGGAGCUGCAGCCUGU,AcAGGcuGcAGcucccAcudTsdT,AGUGGGAGCUGcAGCCUGUdTsdT,INACTIVE_ANCHOR,6.5229,300.0,1.0,1.0,CALIBRATED_INACTIVE
UGACAUAUUUCAAAAACUCAA,UUGAGUUUUUGAAAUAUGUCAUU,UfgAfcAfuAfuUfUfCfaAfaAfaCfuCfaAfL96,uUfgAfgUfuUfuUfgaaAfuAfuGfuCfasUfsu,INACTIVE_ANCHOR,6.5229,300.0,1.0,1.0,CALIBRATED_INACTIVE
CUGAUCCACUUCUCUGCCAAA,UUUGGCAGAGAAGUGGAUCAGUC,csusgaucCaCUUcucugccaaa,usUsuggcAgagaAgUgGaucagsusc,INACTIVE_ANCHOR,6.0044,990.0,1.0,1.0,CALIBRATED_INACTIVE
UCCCCCUUCUAUGGGGAGUUU,ACUCCCCAUAGAAGGGGGAUU,fUpsmCpsfCmCfCmCfUmUfCmUfAmUfGmGfGmGfAmGfUpsmUpsmU,mApsfCpsmUfCmCfCmCfAmUfAmGfAmAfGmGfGmGfGmApsmUpsmU,INACTIVE_ANCHOR,5.8905,1286.9,1.0,1.0,CALIBRATED_INACTIVE
GCACUUCUTCCAUCGAUGAUU,AAUCAUCGAUGGAAGAAGUGCUU,gscsacuucudTcdCaucgaugauuL96,asdAsucdAudCgaugdGadAgaagugcsusu,INACTIVE_ANCHOR,6.5229,300.0,1.0,1.0,CALIBRATED_INACTIVE
UUAUGGCCUGUAUUGGAGACA,UGUCUCCAAUACAGGCCAUAAUC,ususauggCfcUfGfUfauuggagacaL96,usGfsucuc(Cgn)aauacaGfgCfcauaasusc,INACTIVE_ANCHOR,6.5229,300.0,1.0,1.0,CALIBRATED_INACTIVE
AAAAUAGUUUACACCUAUACU,AGUAUAGGUGUAAACUAUUUUAG,asasaauaGfuUfUfAfcaccuauacuL96,asGfsuauAfgGfUfguaaAfcUfauuuusasg,INACTIVE_ANCHOR,6.5229,300.0,1.0,1.0,CALIBRATED_INACTIVE
GAAGUUUCAUUUAUGAUACAA,UUGUAUCAUAAAUGAAACUUCAG,gsasagu(Uhd)UfcAfUfUfuaugauacaaL96,usUfsguau(Cgn)auaaauGfaAfacuucsasg,INACTIVE_ANCHOR,6.5229,300.0,1.0,1.0,CALIBRATED_INACTIVE
AGCUAACACAGGAAAAGGAAU,ATUCCUTUUCCTGTGUUAGCUUU,asgscuaacadCadGgaaaaggaauL96,asdTsucdCudTuuccdTgdTguuagcususu,INACTIVE_ANCHOR,6.0044,990.0,1.0,1.0,CALIBRATED_INACTIVE
AGGAAGCAACCUUUCGCCU,AGGCGAAAGGUUGCUUCCUGG,asgsgaagCfAfAfccuuucgccuL96,asdGsgcdGadAagguugCfuUfccusgsg,INACTIVE_ANCHOR,6.0044,990.0,1.0,1.0,CALIBRATED_INACTIVE
UGGGGCUGAGCUUUAAAAUGG,CCAUUUUAAAGCUCAGCCCCAGC,usgsgggcUgAGCuuuaaaaugg,csCsauuuUaaagCuCaGccccasgsc,INACTIVE_ANCHOR,6.5229,300.0,1.0,1.0,CALIBRATED_INACTIVE
UCCUCCGCGACGCGCGCAUGU,ACAUGCGCGCGUCGCGGAGGAUU,fUpsmCpsfCmUfCmCfGmCfGmAfCmGfCmGfCmGfCmAfUmGpsfU,vmApsfCpsmAfUmGfCmGfCmGfCmGfUmCfGmCfGmGfAmGfGmApsmUpsmU,INACTIVE_ANCHOR,6.5229,300.0,1.0,1.0,CALIBRATED_INACTIVE
ACAAGCCGCCUGUGCUGAG,CUCAGCACAGGCGGCUUGU,AcAAGccGccuGuGcuGAGdTsdT,CUcAGcAcAGGCGGCUUGUdTsdT,INACTIVE_ANCHOR,6.5229,300.0,1.0,1.0,CALIBRATED_INACTIVE
AGUCGUCCCAGAAUAACUCAU,AUGAGUTAUUCUGGGACGACUGG,asgsucguCfcCfAfGfaauaacucauL96,asUfsgadGu(Tgn)auucugGfgAfcgacusgsg,INACTIVE_ANCHOR,6.0044,990.0,1.0,1.0,CALIBRATED_INACTIVE
UAUAUAGUUAUCGAGGCUCAUUCUCA,TGAGAAUGAGCCUCGAUAACUCUUAU,uAuAusAfsgUfuAfuCfgAfGfGfcUfcAfuUfcUfcAf(C11-PEG3-NAG3),dTsGfsaGfaAfuGfaGfccuCfgAfuAfaCfuCfsusuAu,INACTIVE_ANCHOR,6.0044,990.0,1.0,1.0,CALIBRATED_INACTIVE
GCCCACCACAAAUGCAGUG,CACUGCAUUUGUGGUGGGC,GCCCACCACAAAUGCAGUGdTdT,CACUGCAUUUGUGGUGGGCdTdT,INACTIVE_ANCHOR,5.3054,4950.0,1.0,1.0,CALIBRATED_INACTIVE
CCUGGGCUUCUACCACGUCGU,ACGACGUGGUAGAAGCCCAGGAA,cscsugggCfuUfCfUfaccacgucguL96,asCfsgacGfugguagaAfgCfccaggsasa,INACTIVE_ANCHOR,5.3054,4950.0,1.0,1.0,CALIBRATED_INACTIVE
GUGGUUGCAGUGGGUGACCUA,UAGGUCACCCACUGCAACCACAG,gsusgguuGfcAfGfUfgggugaccuaL96,usAfsgguCfaCfCfcacuGfcAfaccacsasg,INACTIVE_ANCHOR,6.0044,990.0,1.0,1.0,CALIBRATED_INACTIVE
GAUGUUAGUAGAAUAAGCCUU,AAGGCUUAUUCUACUAACAUCUC,gsasuguuAfgUfAfGfaauaagccuuL96,asAfsggcUfuAfUfucuaCfuAfacaucsusc,INACTIVE_ANCHOR,6.0044,990.0,1.0,1.0,CALIBRATED_INACTIVE
ACCAGUGAAAUCAAAGAAGAA,UUCUUCUUUGAUUUCACUGGUUU,AfcCfaGfuGfaAfAfUfcAfaAfgAfaGfaAfL96,uUfcUfuCfuUfuGfauuUfcAfcUfgGfusUfsu,INACTIVE_ANCHOR,6.4903,323.33,1.0,1.0,CALIBRATED_INACTIVE
CGAACUUUCUUCAUGUGGACU,AGUCCACAUGAAGAAAGUUCGUG,csgsaacuUfuCfUfUfcauguggacuL96,asGfsuccAfcAfUfgaagAfaAfguucgsusg,INACTIVE_ANCHOR,6.5229,300.0,1.0,1.0,CALIBRATED_INACTIVE
CAGUCUACGCCUCUGCACAGG,CCUGUGCAGAGGCGUAGACUGUU,fCpsmApsfGmUfCmUfAmCfGmCfCmUfCmUfGmCfAmCfAmGpsfG,vmCpsfCpsmUfGmUfGmCfAmGfAmGfGmCfGmUfAmGfAmCfUmGpsmUpsmU,INACTIVE_ANCHOR,5.3054,4950.0,1.0,1.0,CALIBRATED_INACTIVE
UGCCUCCCGGCCAAUGUCCAU,AUGGACAUUGGCCGGGAGGCAUU,usgsccucCfcGfGfCfcaauguccauL96,asUfsggdAc(Agn)uuggccGfgGfaggcasusu,INACTIVE_ANCHOR,6.4207,379.55,1.0,1.0,CALIBRATED_INACTIVE
ACUACUAAAAACGUCUCCAUU,AAUGGAGACGUUUUUAGUAGUCA,ascsuacuAfaAfAfAfcgucuccauuL96,asAfsuggAfgAfCfguuuUfuAfguaguscsa,INACTIVE_ANCHOR,6.5229,300.0,1.0,1.0,CALIBRATED_INACTIVE
UGAGUCACUUGAGGAGGCGAU,AUCGCCTCCUCAAGUGACUCACA,usgsagucAfcUfUfGfaggaggcgauL96,asUfscgcc(Tgn)ccucaaGfuGfacucascsa,INACTIVE_ANCHOR,6.5229,300.0,1.0,1.0,CALIBRATED_INACTIVE
AUGUGUCUGCUCCCCGCCUCC,GGAGGCGGGGAGCAGACACAUUU,fApsmUpsfGmUfGmUfCmUfGmCfUmCfCmCfCmGfCmCfUmCpsfC,vmGpsfGpsmAfGmGfCmGfGmGfGmAfGmCfAmGfAmCfAmCfAmUpsmUpsmU,INACTIVE_ANCHOR,5.3054,4950.0,1.0,1.0,CALIBRATED_INACTIVE
AAGUCAUCCUCAGAAGGGAUU,AAUCCCUUCUGAGGAUGACUUCA,asasgucaUfcCfUfCfagaagggauuL96,asAfsuccCfuucugagGfaUfgacuuscsa,INACTIVE_ANCHOR,6.5229,300.0,1.0,1.0,CALIBRATED_INACTIVE
GUGGUGUCUGCUGUCACUGUU,AACAGUGACAGCAGACACCACUG,gsusggugucUfGfCfugucacuguuL96,asdAscadGudGacagdCaGfacaccacsusg,INACTIVE_ANCHOR,6.0044,990.0,1.0,1.0,CALIBRATED_INACTIVE
ACCACGUCGGGGCGACCCGUU,CGGGUCGCCCCGACGUGGUUU,fApsmCpsfCmAfCmGfUmCfGmGfGmGfCmGfAmCfCmCfGpsmUpsmU,mCpsfGpsmGfGmUfCmGfCmCfCmCfGmAfCmGfUmGfGmUpsmUpsmU,INACTIVE_ANCHOR,5.3054,4950.0,1.0,1.0,CALIBRATED_INACTIVE
AUUAUGGAAUAGUUCUUUC,GAAAGAACUAUUCCAUAAU,AUUAUGGAAUAGUUCUUUCdTdT,GAAAGAACUAUUCCAUAAUdTdT,INACTIVE_ANCHOR,5.3054,4950.0,1.0,1.0,CALIBRATED_INACTIVE
CUGAAUUACUGCAGUGGGCAU,AUGCCCACUGCAGUAAUUCAGCU,csusgaauUfaCfUfGfcagugggcauL96,asUfsgcdCc(Agn)cugcagUfaAfuucagscsu,INACTIVE_ANCHOR,6.5229,300.0,1.0,1.0,CALIBRATED_INACTIVE
CACCUUUUUCACCUAACUAAU,AUUAGUTAGGUGAAAAAGGUGUU,csasccuuUfuUfCfAfccuaacuaauL96,asUfsuadGu(Tgn)aggugaAfaAfaggugsusu,INACTIVE_ANCHOR,6.0044,990.0,1.0,1.0,CALIBRATED_INACTIVE
GCUUUCACAGAGGUCUGACAU,ATGUCAGACCUCUGUGAAAGCCA,gscsuuucacdAgdAggucugacauL96,asdTsgudCadGaccudCudGugaaagcscsa,INACTIVE_ANCHOR,6.5229,300.0,1.0,1.0,CALIBRATED_INACTIVE
GGUAACAAGAUGAUAAUCUAU,AUAGAUUAUCAUCUUGUUACCCC,gsgsuaacAfaGfAfUfgauaaucuauL96,asUfsagaUfuAfUfcaucUfuGfuuaccscsc,INACTIVE_ANCHOR,6.5229,300.0,1.0,1.0,CALIBRATED_INACTIVE
CAACAUCCTAGGACAUUUUUG,CAAAAATGUCCTAGGAUGUUGAC,csasacauccdTadGgacauuuuugL96,csdAsaadAadTguccdTadGgauguugsasc,INACTIVE_ANCHOR,6.5229,300.0,1.0,1.0,CALIBRATED_INACTIVE
CUAUUAAUGGUCAGACUGUUA,UAACAGUCUGACCAUUAAUAGGG,csusauuaAfuGfGfUfcagacuguuaL96,usAfsacaGfuCfUfgaccAfuUfaauagsgsg,INACTIVE_ANCHOR,6.0044,990.0,1.0,1.0,CALIBRATED_INACTIVE
ACGAGCUCUGGUGCUGGAGCU,AGCUCCAGCACCAGAGCUCGUUC,ascsgagcUfcUfGfGfugcuggagcuL96,asGfscudCc(Agn)gcaccaGfaGfcucgususc,INACTIVE_ANCHOR,6.5229,300.0,1.0,1.0,CALIBRATED_INACTIVE
AUGCUGCCCUGUACCCUGCCU,AGGCAGGGUACAGGGCAGCAUUA,asusgcugCfcCfUfGfuacccugccuL96,asGfsgcdAg(G2p)guacagGfgCfagcaususa,INACTIVE_ANCHOR,6.5229,300.0,1.0,1.0,CALIBRATED_INACTIVE
CCAGGUUUGUGCCCGAAUGAA,UUCAUUCGGGCACAAACCUGGGA,cscsagguUfuGfUfGfcccgaaugaaL96,usUfscauUfcGfGfgcacAfaAfccuggsgsa,INACTIVE_ANCHOR,6.0044,990.0,1.0,1.0,CALIBRATED_INACTIVE
UGCGGAAGGCCAGGAGUCGGA,UCCGACUCCUGGCCUUCCGCAUU,fUpsmGpsfCmGfGmAfAmGfGmCfCmAfGmGfAmGfUmCfGmGpsfA,vmUpsfCpsmCfGmAfCmUfCmCfUmGfGmCfCmUfUmCfCmGfCmApsmUpsmU,INACTIVE_ANCHOR,5.3054,4950.0,1.0,1.0,CALIBRATED_INACTIVE
GUGCUGGGAGAGAUAUGCCUU,GGCAUAUCUCUCCCAGCACUU,fGpsmUpsfGmCfUmGfGmGfAmGfAmGfAmUfAmUfGmCfCpsmUpsmU,mGpsfGpsmCfAmUfAmUfCmUfCmUfCmCfCmAfGmCfAmCpsmUpsmU,INACTIVE_ANCHOR,6.5229,300.0,1.0,1.0,CALIBRATED_INACTIVE
UGAAAAGCTAGGAAGCAACCU,AGGUTGCUUCCTAGCUUUUCAUG,usgsaaaagcdTadGgaagcaaccuL96,asdGsgudTg(Cgn)uuccdTadGcUfuuucasusg,INACTIVE_ANCHOR,6.4831,328.79,1.0,1.0,CALIBRATED_INACTIVE
GGACUGUAUGGUCAGCACACU,AGUGUGCUGACCAUACAGUCCUG,gsgsacugUaUGGucagcacacu,asGsugugCugacCaUaCaguccsusg,INACTIVE_ANCHOR,6.0044,990.0,1.0,1.0,CALIBRATED_INACTIVE
UAUUUAUUCUGGGUUUUGUAG,CUACAAAACCCAGAAUAAAUAUC,usasuuuaUuCUGgguuuuguag,csUsacaaAacccAgAaUaaauasusc,INACTIVE_ANCHOR,6.5229,300.0,1.0,1.0,CALIBRATED_INACTIVE
GAUGAGUGGCGACCUGCUG,CAGCAGGUCGCCACUCAUC,GAuGAGuGGcGAccuGcuGdTsdT,cAGcAGGUCGCcACUcAUCdTsdT,INACTIVE_ANCHOR,6.0044,990.0,1.0,1.0,CALIBRATED_INACTIVE
GACGUGGAACUGAAAAGGG,CCCUUUUCAGUUCCACGUC,GACGUGGAACUGAAAAGGGdTdT,CCCUUUUCAGUUCCACGUCdTdT,INACTIVE_ANCHOR,5.3054,4950.0,1.0,1.0,CALIBRATED_INACTIVE
AGGACCAGCGGGUACUGAC,GUCAGUACCCGCUGGUCCU,AGGAccAGcGGGuAcuGAcdTsdT,GUcAGuACCCGCUGGUCCUdTsdT,INACTIVE_ANCHOR,6.5229,300.0,1.0,1.0,CALIBRATED_INACTIVE
UAUGCUUUAAGAAUCGAUGGU,ACCAUCGAUUCUUAAAGCAUAUG,usasugc(Uhd)UfuAfAfGfaaucgaugguL96,asCfscauc(Ggn)auucuuAfaAfgcauasusg,INACTIVE_ANCHOR,6.0044,990.0,1.0,1.0,CALIBRATED_INACTIVE
UUGUCCAGAGACUGGUGAU,AUCACCAGUCUCUGGACAAUC,ususguccAfGfAfgacuggugauL96,asUfscadCc(Agn)gucucuGfgAfcaasusc,INACTIVE_ANCHOR,5.3054,4950.0,1.0,1.0,CALIBRATED_INACTIVE
GAACUGAGGCAAAUUUAAAAA,UUUUUAAAUUUGCCUCAGUUCAU,GfaAfcUfgAfgGfCfAfaAfuUfuAfaAfaAfL96,uUfuUfuAfaAfuUfugcCfuCfaGfuUfcsAfsu,INACTIVE_ANCHOR,6.5229,300.0,1.0,1.0,CALIBRATED_INACTIVE
GGGAGAACUACAAAUAUGGUU,AACCAUAUUUGUAGUUCUCCCAC,GfgGfaGfaAfcUfAfCfaAfaUfaUfgGfuUfL96,aAfcCfaUfaUfuUfguaGfuUfcUfcCfcsAfsc,INACTIVE_ANCHOR,6.0044,990.0,1.0,1.0,CALIBRATED_INACTIVE
UUUGACUUCUUUUUUAAGG,CCUUAAAAAAGAAGUCAAA,UUUGACUUCUUUUUUAAGGdTdT,CCUUAAAAAAGAAGUCAAAdTdT,INACTIVE_ANCHOR,5.3054,4950.0,1.0,1.0,CALIBRATED_INACTIVE
UUAGUUUUUUCCACAGAUGCU,AGCAUCUGUGGAAAAAACUAAGG,ususaguuUfuUfUfCfcacagaugcuL96,asGfscauCfuGfUfggaaAfaAfacuaasgsg,INACTIVE_ANCHOR,6.0044,990.0,1.0,1.0,CALIBRATED_INACTIVE
UAAUUUUCCAUAGAUCUGG,CCAGAUCUAUGGAAAAUUA,UAAUUUUCCAUAGAUCUGGdTdT,CCAGAUCUAUGGAAAAUUAdTdT,INACTIVE_ANCHOR,5.3054,4950.0,1.0,1.0,CALIBRATED_INACTIVE
ACCCUUCCUGGCACUCUUUGU,ACAAAGAGUGCCAGGAAGGGUGG,ascsccuuccUfGfGfcacucuuuguL96,asdCsaadAgdAgugcdCaGfgaagggusgsg,INACTIVE_ANCHOR,6.0044,990.0,1.0,1.0,CALIBRATED_INACTIVE
AGGAACUGUACUGGCUAUUAA,UUAAUAGCCAGUACAGUUCCUUU,L025L025mA*mGmGmAmAmCfUmGfUfAfCmUmGmGmCmUmAmUmUmA*mA,mU*fU*mAmAmUfAmGmCmCmAmGmUmAfCmAfGmUmUmCmCmU*mU*mU,INACTIVE_ANCHOR,6.0967,800.34,1.0,1.0,CALIBRATED_INACTIVE
UUCUUAUCUUAAUUUACAGGU,ACCUGUAAAUUAAGAUAAGAACU,ususcuuaUfcUfUfAfauuuacagguL96,asCfscugUfaAfAfuuaaGfaUfaagaascsu,INACTIVE_ANCHOR,6.2193,603.5,1.0,1.0,CALIBRATED_INACTIVE
CGGAAGGCCAGGAGUCGGAAC,GUUCCGACUCCUGGCCUUCCGUU,fCpsmGpsfGmAfAmGfGmCfCmAfGmGfAmGfUmCfGmGfAmApsfC,vmGpsfUpsmUfCmCfGmAfCmUfCmCfUmGfGmCfCmUfUmCfCmGpsmUpsmU,INACTIVE_ANCHOR,6.1902,645.41,1.0,1.0,CALIBRATED_INACTIVE
CCACGAACUUUCUUCAUGUGU,ACACAUGAAGAAAGUUCGUGGAC,cscsacgaAfcUfUfUfcuucauguguL96,asCfsacaUfgAfAfgaaaGfuUfcguggsasc,INACTIVE_ANCHOR,5.7914,1616.67,1.0,1.0,CALIBRATED_INACTIVE
CCUUCCUGGCACUCUUUGCUU,AAGCAAAGAGUGCCAGGAAGGGU,cscsuuccugGfCfAfcucuuugcuuL96,asdAsgcdAadAgagudGcCfaggaaggsgsu,INACTIVE_ANCHOR,6.0044,990.0,1.0,1.0,CALIBRATED_INACTIVE
UUCUACAGUGGCCUUAUCCCU,AGGGAUAAGGCCACUGUAGAAGG,ususcuacAfgUfGfGfccuuaucccuL96,asGfsggaUfaaggccaCfuGfuagaasgsg,INACTIVE_ANCHOR,6.0044,990.0,1.0,1.0,CALIBRATED_INACTIVE
CUUGGCCAAGGGUAGGUGUGU,ACACACCUACCCUUGGCCAAGGG,csusuggcCfaAfGfGfguagguguguL96,asCfsacaCfcUfAfcccuUfgGfccaagsgsg,INACTIVE_ANCHOR,6.5229,300.0,1.0,1.0,CALIBRATED_INACTIVE
GCCCAAAACGGUGCAACUCUA,UAGAGUUGCACCGUUUUGGGCUU,L025L025mG*mCmCmCmAmAfAmAfCfGfGmUmGmCmAmAmCmUmCmU*mA,mU*fA*mGmAmGfUmUmGmCmAmCmCmGfUmUfUmUmGmGmGmC*mU*mU,INACTIVE_ANCHOR,6.1593,692.94,1.0,1.0,CALIBRATED_INACTIVE
CGGCUUCCUGGGCUUCUACUU,GUAGAAGCCCAGGAAGCCGUU,fCpsmGpsfGmCfUmUfCmCfUmGfGmGfCmUfUmCfUmAfCpsmUpsmU,mGpsfUpsmAfGmAfAmGfCmCfCmAfGmGfAmAfGmCfCmGpsmUpsmU,INACTIVE_ANCHOR,6.5229,300.0,1.0,1.0,CALIBRATED_INACTIVE
CAAGAUUUGCAACUUGCUACA,UGUAGCAAGUUGCAAAUCUUGCU,csasagauUfuGfCfAfacuugcuacaL96,usGfsuagCfaAfGfuugcAfaAfucuugscsu,INACTIVE_ANCHOR,6.0044,990.0,1.0,1.0,CALIBRATED_INACTIVE
AUCUCAGAAUUUUAAGUUCUA,UAGAACUUAAAAUUCUGAGAUUU,asuscucaGfaAfUfUfuuaaguucuaL96,usAfsgaaCfuUfAfaaauUfcUfgagaususu,INACTIVE_ANCHOR,6.1641,685.29,1.0,1.0,CALIBRATED_INACTIVE
AGUGUGGCUCCAGGGAAUGGU,ACCATUCCCUGGAGCCACACUCC,asgsuguggcUfCfCfagggaaugguL96,asdCscadTudCccugdGaGfccacacuscsc,INACTIVE_ANCHOR,6.5229,300.0,1.0,1.0,CALIBRATED_INACTIVE
UGCCAAAACAACCAUCACCUU,GGUGAUGGUUGUUUUGGCAUU,fUpsmGpsfCmCfAmAfAmAfCmAfAmCfCmAfUmCfAmCfCpsmUpsmU,mGpsfGpsmUfGmAfUmGfGmUfUmGfUmUfUmUfGmGfCmApsmUpsmU,INACTIVE_ANCHOR,6.4539,351.61,1.0,1.0,CALIBRATED_INACTIVE
UGCCAGAUAACUUAUUACUUU,AAAGUAAUAAGUUAUCUGGCAGG,usgsccagAfuAfAfCfuuauuacuuuL96,asAfsaguAfaUfAfaguuAfuCfuggcasgsg,INACTIVE_ANCHOR,6.5229,300.0,1.0,1.0,CALIBRATED_INACTIVE
UUAAUAAGAAGCUGGAUCUUA,UAAGAUCCAGCTUCUUAUUAAUU,ususaau(Ahd)agAfAfGfcuggaucuuaL96,VPusdAsagdAudCcagcdTuCfuuauuaasusu,INACTIVE_ANCHOR,6.5229,300.0,1.0,1.0,CALIBRATED_INACTIVE
UUAUCCCUCCUUCCUUCAGUU,CUGAAGGAAGGAGGGAUAAUU,fUpsmUpsfAmUfCmCfCmUfCmCfUmUfCmCfUmUfCmAfGpsmUpsmU,mCpsfUpsmGfAmAfGmGfAmAfGmGfAmGfGmGfAmUfAmApsmUpsmU,INACTIVE_ANCHOR,5.3054,4950.0,1.0,1.0,CALIBRATED_INACTIVE
UGUUCGGCGCUUCGGCCGGUU,CCGGCCGAAGCGCCGAACAUU,fUpsmGpsfUmUfCmGfGmCfGmCfUmUfCmGfGmCfCmGfGpsmUpsmU,mCpsfCpsmGfGmCfCmGfAmAfGmCfGmCfCmGfAmAfCmApsmUpsmU,INACTIVE_ANCHOR,5.3054,4950.0,1.0,1.0,CALIBRATED_INACTIVE
AGUGAGCCAGGCAGUGAGA,UCUCACUGCCUGGCUCACU,AGuGAGccAGGcAGuGAGAdTsdT,UCUcACUGCCUGGCUcACUdTsdT,INACTIVE_ANCHOR,6.5229,300.0,1.0,1.0,CALIBRATED_INACTIVE
UUUAGAAGAGCAACUAACUAA,UUAGUUAGUUGCUCUUCUAAAUA,UfuUfaGfaAfgAfGfCfaAfcUfaAfcUfaAfL96,uUfaGfuUfaGfuUfgcuCfuUfcUfaAfasUfsa,INACTIVE_ANCHOR,6.4903,323.33,1.0,1.0,CALIBRATED_INACTIVE
AGUCAAAAAUGAAGAGGUAAA,UUUACCUCUUCAUUUUUGACUUG,AfgUfcAfaAfaAfUfGfaAfgAfgGfuAfaAfL96,uUfuAfcCfuCfuUfcauUfuUfuGfaCfusUfsg,INACTIVE_ANCHOR,6.0044,990.0,1.0,1.0,CALIBRATED_INACTIVE
UCACAGUUGGGGCCACCAA,UUGGUGGCCCCAACUGUGA,ucAcAGuuGGGGccAccAAdTsdT,UUGGUGGCCCcAACUGUGAdTsdT,INACTIVE_ANCHOR,6.5229,300.0,1.0,1.0,CALIBRATED_INACTIVE
ACCUACGUGGUGGUGCUGA,UCAGCACCACCACGUAGGU,AccuAcGuGGuGGuGcuGAdTsdT,UcAGcACcACcACGuAGGUdTsdT,INACTIVE_ANCHOR,6.0844,823.33,1.0,1.0,CALIBRATED_INACTIVE
AAACAACCAUCACCGUGUCUU,GACACGGUGAUGGUUGUUUUU,fApsmApsfAmCfAmAfCmCfAmUfCmAfCmCfGmUfGmUfCpsmUpsmU,mGpsfApsmCfAmCfGmGfUmGfAmUfGmGfUmUfGmUfUmUpsmUpsmU,INACTIVE_ANCHOR,6.3439,453.02,1.0,1.0,CALIBRATED_INACTIVE
GCAUCUGCAACAGGCCCCAUU,UGGGGCCUGUUGCAGAUGCUU,fGpsmCpsfAmUfCmUfGmCfAmAfCmAfGmGfCmCfCmCfApsmUpsmU,mUpsfGpsmGfGmGfCmCfUmGfUmUfGmCfAmGfAmUfGmCpsmUpsmU,INACTIVE_ANCHOR,5.3054,4950.0,1.0,1.0,CALIBRATED_INACTIVE
UAUAUAGUUAUCGAGGCUCAUUCUCA,UGAGAAUGAGCCUCGAUAACUCUUAU,uAuAusAfsgUfuAfuCfgAfGfGfcUfcAfuUfcUfcAf(C11-PEG3-NAG3),usgsaGfaAfuGfaGfccuCfgAfuAfaCfuCfsusuAu,INACTIVE_ANCHOR,6.0044,990.0,1.0,1.0,CALIBRATED_INACTIVE
GAUUUCCUGCCCUAAGUCCUU,AAGGACTUAGGGCAGGAAAUCAU,gsasuuuccuGfCfCfcuaaguccuuL96,asdAsggdAcdTuaggdGcAfggaaaucsasu,INACTIVE_ANCHOR,6.0044,990.0,1.0,1.0,CALIBRATED_INACTIVE
ACAGCCCCAUCCCAGGAUG,CAUCCUGGGAUGGGGCUGU,AcAGccccAucccAGGAuGdTsdT,CAUCCUGGGAUGGGGCUGUdTsdT,INACTIVE_ANCHOR,6.0044,990.0,1.0,1.0,CALIBRATED_INACTIVE
CAUUGCAGCCAUGAUGCUG,CAGCAUCAUGGCUGCAAUG,cAuuGcAGccAuGAuGcuGdTsdT,CAGcAUcAUGGCUGCAAUGdTsdT,INACTIVE_ANCHOR,6.0044,990.0,1.0,1.0,CALIBRATED_INACTIVE
GCAGCCAUGAUGCUGUCUG,CAGACAGCAUCAUGGCUGC,GcAGccAuGAuGcuGucuGdTsdT,CAGAcAGcAUcAUGGCUGCdTsdT,INACTIVE_ANCHOR,6.0044,990.0,1.0,1.0,CALIBRATED_INACTIVE
GAUAUGCCUUCGAGGAUAU,AUAUCCTCGAAGGCAUAUC,gsasuaugCfcUfUfCfgaggauauL96,asUfsaucCf(Tgn)cgaaggCfaUfauc,INACTIVE_ANCHOR,6.0044,990.0,1.0,1.0,CALIBRATED_INACTIVE
CCAAAAGUGGACCCUCUAUAU,ATAUAGAGGGUCCACUUUUGGUG,cscsaaaagudGgdAcccucuauauL96,asdTsaudAgdAgggudCcdAcuuuuggsusg,INACTIVE_ANCHOR,6.5229,300.0,1.0,1.0,CALIBRATED_INACTIVE
ACAGGCCAGCAAGUGUGAC,GUCACACUUGCUGGCCUGU,AcAGGccAGcAAGuGuGAcdTsdT,GUcAcACUUGCUGGCCUGUdTsdT,INACTIVE_ANCHOR,6.5193,302.5,1.0,1.0,CALIBRATED_INACTIVE
UGGGCACUUUCUUGUCUGAGU,ACUCAGACAAGAAAGUGCCCAUU,usgsggcacuUfUfCfuugucugaguL96,asdCsucdAgdAcaagdAaAfgugcccasusu,INACTIVE_ANCHOR,6.5229,300.0,1.0,1.0,CALIBRATED_INACTIVE
GGAUAAUAUCAAACACGUCCA,UGGACGTGUUUGAUAUUAUCCUU,gsgsaua(Ahd)uaUfCfAfaacacguccaL96,VPusdGsgadCgdTguuudGaUfauuauccsusu,INACTIVE_ANCHOR,6.5229,300.0,1.0,1.0,CALIBRATED_INACTIVE
AGAAGGGCAUCUGCAACAGUU,CUGUUGCAGAUGCCCUUCUUU,fApsmGpsfAmAfGmGfGmCfAmUfCmUfGmCfAmAfCmAfGpsmUpsmU,mCpsfUpsmGfUmUfGmCfAmGfAmUfGmCfCmCfUmUfCmUpsmUpsmU,INACTIVE_ANCHOR,5.4173,3825.97,1.0,1.0,CALIBRATED_INACTIVE
CUGCCAUUGCGAUUGUCCA,UGGACAAUCGCAAUGGCAGAU,csusgccaUfUfGfcgauuguccaL96,usGfsgadCadAucgcaaUfgGfcagsasu,INACTIVE_ANCHOR,6.0044,990.0,1.0,1.0,CALIBRATED_INACTIVE
AUGUGGACAUCACCAAGCUCU,AGAGCUUGGUGAUGUCCACAUGA,asusguggAfcAfUfCfaccaagcucuL96,asGfsagcUfuggugauGfuCfcacausgsa,INACTIVE_ANCHOR,6.5229,300.0,1.0,1.0,CALIBRATED_INACTIVE
AGUCUAGCAGAUUCUUUCAGA,UCUGAAAGAAUCUGCUAGACUCG,asgsucuaGfcAfGfAfuucuuucagaL96,usCfsugaAfaGfAfaucuGfcUfagacuscsg,INACTIVE_ANCHOR,6.5229,300.0,1.0,1.0,CALIBRATED_INACTIVE
AGGCCAGGAGUCGGAACAUUU,AAAUGUTCCGACUCCUGGCCUUC,asgsgccaGfgAfGfUfcggaacauuuL96,asAfsaudGu(Tgn)ccgacuCfcUfggccususc,INACTIVE_ANCHOR,5.3054,4950.0,1.0,1.0,CALIBRATED_INACTIVE
UUAGGCUCAAAAAUUAAAGCU,AGCUTUAAUUUTUGAGCCUAAAA,ususaggcucdAadAaauuaaagcuL96,asdGscudTudAauuudTudGagccuaasasa,INACTIVE_ANCHOR,6.0044,990.0,1.0,1.0,CALIBRATED_INACTIVE
GACAUGGUCUUAAAGACUU,AAGUCUUUAAGACCAUGUC,GAcAuGGucuuAAAGAcuudTsdT,AAGUCUUuAAGACcAUGUCdTsdT,INACTIVE_ANCHOR,6.0044,990.0,1.0,1.0,CALIBRATED_INACTIVE
GUUCCAUCGUAUAUCAAUAUA,UAUAUUGAUAUACGAUGGAACAA,gsusuccaUfcGfUfAfuaucaauauaL96,usAfsuauUfgAfUfauacGfaUfggaacsasa,INACTIVE_ANCHOR,6.5229,300.0,1.0,1.0,CALIBRATED_INACTIVE
UUAUGAAAAGCUAGGAAGCAA,UUGCTUCCUAGCUUUUCAUAAGG,ususaugaaaAfgCfuaggaagcaaL96,usUfsgcdTu(Cgn)cuagdCuUfuUfcauaasgsg,INACTIVE_ANCHOR,6.0044,990.0,1.0,1.0,CALIBRATED_INACTIVE
ACUAAAAUAAUGUUUAAAGAU,AUCUUUAAACAUUAUUUUAGUUA,ascsuaaaAfuAfAfUfguuuaaagauL96,asUfscuuUfaaacauuAfuUfuuagususa,INACTIVE_ANCHOR,5.3054,4950.0,1.0,1.0,CALIBRATED_INACTIVE
UAUAUUGACACAAUGCUCAGACGCAA,TUGCGUCUGAGCAUUGUGUCAGGUAU,uAuAusUfsgAfcAfcAfaUfGfCfuCfaGfaCfgCfaAf(C11-PEG3-NAG3),dTsUfsgCfgUfcUfgAfgcaUfuGfuGfuCfaGfsgsuAu,INACTIVE_ANCHOR,6.0044,990.0,1.0,1.0,CALIBRATED_INACTIVE
CCAGACAUGAGCUGUGAGGGU,ACCCTCACAGCTCAUGUCUGGCU,cscsagacauGfAfGfcugugaggguL96,asdCsccdTcdAcagcdTcAfugucuggscsu,INACTIVE_ANCHOR,6.0044,990.0,1.0,1.0,CALIBRATED_INACTIVE
GCGGCUUCCUGGGCUUCUACU,AGUAGAAGCCCAGGAAGCCGCAG,gscsggcuUfcCfUfGfggcuucuacuL96,asGfsuadGa(Agn)gcccagGfaAfgccgcsasg,INACTIVE_ANCHOR,5.3054,4950.0,1.0,1.0,CALIBRATED_INACTIVE
UGGUGCUAGCCUUGCGUUC,GAACGCAAGGCUAGCACCA,uGGuGcuAGccuuGcGuucdTsdT,GAACGcAAGGCuAGcACcAdTsdT,INACTIVE_ANCHOR,6.5229,300.0,1.0,1.0,CALIBRATED_INACTIVE
AAAAGCACTUCUUCCAUCGAU,ATCGAUGGAAGAAGUGCUUUUGU,asasaagcacdTudCuuccaucgauL96,asdTscgdAudGgaagdAadGugcuuuusgsu,INACTIVE_ANCHOR,6.5229,300.0,1.0,1.0,CALIBRATED_INACTIVE
UGCUGCCUCUUUCCAUUCUGU,ACAGAATGGAAAGAGGCAGCAAU,usgscugccuCfUfUfuccauucuguL96,asdCsagdAadTggaadAgAfggcagcasasu,INACTIVE_ANCHOR,6.5229,300.0,1.0,1.0,CALIBRATED_INACTIVE
CACAGUUGGGGCCACCAAU,AUUGGUGGCCCCAACUGUG,cAcAGuuGGGGccAccAAudTsdT,AUUGGUGGCCCcAACUGUGdTsdT,INACTIVE_ANCHOR,6.5229,300.0,1.0,1.0,CALIBRATED_INACTIVE
AAAAGCUAGGAAGCAACCUUU,AAAGGUTGCUUCCUAGCUUUUCG,asasaagcuadGgdAagcaaccuuuL96,asAfsagdGudTgcuudCcUfadGcuuuuscsg,INACTIVE_ANCHOR,6.0044,990.0,1.0,1.0,CALIBRATED_INACTIVE
CAUUAGGAUAAUGUCUUAUGU,ACAUAAGACAUUAUCCUAAUGGG,csasuuagGfaUfAfAfugucuuauguL96,asCfsauaAfgAfCfauuaUfcCfuaaugsgsg,INACTIVE_ANCHOR,6.5229,300.0,1.0,1.0,CALIBRATED_INACTIVE
GCAACUUGCUACCCAUUAGGU,ACCUAAUGGGUAGCAAGUUGCAA,gscsaacuUfgCfUfAfcccauuagguL96,asCfscuaAfuggguagCfaAfguugcsasa,INACTIVE_ANCHOR,6.5229,300.0,1.0,1.0,CALIBRATED_INACTIVE
AACAACCAUCACCGUGUCCCC,GGGGACACGGUGAUGGUUGUUUU,fApsmApsfCmAfAmCfCmAfUmCfAmCfCmGfUmGfUmCfCmCpsfC,vmGpsfGpsmGfGmAfCmAfCmGfGmUfGmAfUmGfGmUfUmGfUmUpsmUpsmU,INACTIVE_ANCHOR,5.3054,4950.0,1.0,1.0,CALIBRATED_INACTIVE
CAUGCCAUCUUUGACCGAAAU,AUUUCGGUCAAAGAUGGCAUGAG,csasugc(Chd)AfuCfUfUfugaccgaaauL96,asUfsuucg(Ggn)ucaaagAfuGfgcaugsasg,INACTIVE_ANCHOR,6.5229,300.0,1.0,1.0,CALIBRATED_INACTIVE
AGAGACUGGUGACAUGGCUUU,AAAGCCAUGUCACCAGUCUCUGG,asgsagacUfgGfUfGfacauggcuuuL96,asAfsagdCc(Agn)ugucacCfaGfucucusgsg,INACTIVE_ANCHOR,6.5229,300.0,1.0,1.0,CALIBRATED_INACTIVE
ACAGACGGAGCAACUGCCAUU,AAUGGCAGUUGCUCCGUCUGUUG,ascsagacGfgAfGfCfaacugccauuL96,asAfsugdGc(Agn)guugcuCfcGfucugususg,INACTIVE_ANCHOR,6.0044,990.0,1.0,1.0,CALIBRATED_INACTIVE
UUGCCAUCUGCUGCCGGAG,CUCCGGCAGCAGAUGGCAA,uuGccAucuGcuGccGGAGdTsdT,CUCCGGcAGCAGAUGGcAAdTsdT,INACTIVE_ANCHOR,6.5229,300.0,1.0,1.0,CALIBRATED_INACTIVE
UCCCAUCUUUGUGCAGCUACA,UGUAGCUGCACAAAGAUGGGAAA,uscsccauCfuUfUfGfugcagcuacaL96,usGfsuagCfuGfCfacaaAfgAfugggasasa,INACTIVE_ANCHOR,6.5229,300.0,1.0,1.0,CALIBRATED_INACTIVE
GCCAGGAGUCGGAACAUUGGU,ACCAAUGUUCCGACUCCUGGCCU,gscscaggAfgUfCfGfgaacauugguL96,asCfscaaUfguuccgaCfuCfcuggcscsu,INACTIVE_ANCHOR,6.4382,364.59,1.0,1.0,CALIBRATED_INACTIVE
UUUCUUGUCUGAGACUCUGGU,ACCAGAGUCUCAGACAAGAAAGU,ususucuuguCfUfGfagacucugguL96,asdCscadGadGucucdAgAfcaagaaasgsu,INACTIVE_ANCHOR,6.0044,990.0,1.0,1.0,CALIBRATED_INACTIVE
GUGUGGCUCAAAGGAUAAUAA,UTAUTATCCUUTGAGCCACACUU,gsusgug(Ghd)cuCfAfAfaggauaauaaL96,VPusdTsaudTa(Tgn)ccuudTgAfgccacacsusu,INACTIVE_ANCHOR,6.0044,990.0,1.0,1.0,CALIBRATED_INACTIVE
UGUGGCUCAAAGGAUAAUAUA,UAUATUAUCCUTUGAGCCACACU,usgsugg(Chd)ucAfAfAfggauaauauaL96,VPusdAsuadTu(Agn)uccudTuGfagccacascsu,INACTIVE_ANCHOR,6.5229,300.0,1.0,1.0,CALIBRATED_INACTIVE
CCAUCGUATATCAAUAUCUUU,AAAGAUAUUGATATACGAUGGAA,cscsaucguadTadTcaauaucuuuL96,asdAsagdAudAuugadTadTacgauggsasa,INACTIVE_ANCHOR,6.505,312.58,1.0,1.0,CALIBRATED_INACTIVE
UUUGUGAAUACUGGGUUCACU,AGUGAACCCAGUAUUCACAAAAA,ususugugAfaUfAfCfuggguucacuL96,asGfsugaa(Cgn)ccaguaUfuCfacaaasasa,INACTIVE_ANCHOR,6.0044,990.0,1.0,1.0,CALIBRATED_INACTIVE
CGAUUGUCCAGAGACUGGU,ACCAGUCUCUGGACAAUCGCG,csgsauugUfCfCfagagacugguL96,asCfscadGudCucuggaCfaAfucgscsg,INACTIVE_ANCHOR,6.0044,990.0,1.0,1.0,CALIBRATED_INACTIVE
GAUGCAGAAUUCCGACAUGAU,AUCAUGTCGGAAUUCUGCAUCCA,gsasugc(Ahd)GfaAfUfUfccgacaugauL96,asUfscaug(Tgn)cggaauUfcUfgcaucscsa,INACTIVE_ANCHOR,6.5229,300.0,1.0,1.0,CALIBRATED_INACTIVE
AUCUCCUAGACACCAGCAU,AUGCUGGUGUCUAGGAGAU,AucuccuAGAcAccAGcAudTsdT,AUGCUGGUGUCuAGGAGAUdTsdT,INACTIVE_ANCHOR,6.5229,300.0,1.0,1.0,CALIBRATED_INACTIVE
AGUACCUCCUCCCUAGGACUA,UAGUCCTAGGGAGGAGGUACUGU,asgsuaccUfcCfUfCfccuaggacuaL96,usAfsgucc(Tgn)agggagGfaGfguacusgsu,INACTIVE_ANCHOR,6.0044,990.0,1.0,1.0,CALIBRATED_INACTIVE
CAAAGAUGAUAACCUUGACUA,UAGUCAAGGUUAUCAUCUUUGCA,csasaagaUfgAfUfAfaccuugacuaL96,usAfsgucAfaGfGfuuauCfaUfcuuugscsa,INACTIVE_ANCHOR,5.3054,4950.0,1.0,1.0,CALIBRATED_INACTIVE
AGUCAAAUAAAAGAAAUAGAA,UUCUAUUUCUUUUAUUUGACUAU,AfgUfcAfaAfuAfAfAfaGfaAfaUfaGfaAfL96,uUfcUfaUfuUfcUfuuuAfuUfuGfaCfusAfsu,INACTIVE_ANCHOR,6.3098,490.0,1.0,1.0,CALIBRATED_INACTIVE
GCAAUGUGGUCAAGACGGAUU,AAUCCGTCUUGACCACAUUGCCU,gscsaaugugGfUfCfaagacggauuL96,asdAsucdCgdTcuugdAcCfacauugcscsu,INACTIVE_ANCHOR,6.0044,990.0,1.0,1.0,CALIBRATED_INACTIVE
CUGGUGACAUGGCUUCCAGAU,AUCUGGAAGCCAUGUCACCAGUC,csusggugAfcAfUfGfgcuuccagauL96,asUfscudGg(Agn)agccauGfuCfaccagsusc,INACTIVE_ANCHOR,5.3054,4950.0,1.0,1.0,CALIBRATED_INACTIVE
GAUGUUUAGACAAUUUUAGGU,ACCUAAAAUUGUCUAAACAUCUC,gsasuguuUfaGfAfCfaauuuuagguL96,asCfscuaa(Agn)auugucUfaAfacaucsusc,INACTIVE_ANCHOR,6.0044,990.0,1.0,1.0,CALIBRATED_INACTIVE
UAUGAAAAGCUAGGAAGCAAA,UUUGCUUCCUAGCUUUUCAUAAA,usasugaaAfaGfCfUfaggaagcaaaL96,usUfsugcUfuCfCfuagcUfuUfucauasasa,INACTIVE_ANCHOR,6.3356,461.7,1.0,1.0,CALIBRATED_INACTIVE
CAUUGUAAGCACUUUUACGGU,ACCGUAAAAGUGCUUACAAUGAA,csasuug(Uhd)AfaGfCfAfcuuuuacgguL96,asCfscgua(Agn)aagugcUfuAfcaaugsasa,INACTIVE_ANCHOR,6.5229,300.0,1.0,1.0,CALIBRATED_INACTIVE
AUCCCAUAUUGUUCCAGCAAA,UUUGCUGGAACAAUAUGGGAUUU,L025L025mA*mUmCmCmCmAfUmAfUfUfGmUmUmCmCmAmGmCmAmA*mA,mU*fU*mUmGmCfUmGmGmAmAmCmAmAfUmAfUmGmGmGmAmU*mU*mU,INACTIVE_ANCHOR,6.5229,300.0,1.0,1.0,CALIBRATED_INACTIVE
GAUAUGCCUUCGAGGAUAU,AUAUCCUCGAAGGCAUAUC,gsasuaugCfcUfUfCfgaggauauL96,asUfsaucCfucgaaggCfaUfauc,INACTIVE_ANCHOR,6.0044,990.0,1.0,1.0,CALIBRATED_INACTIVE
UGGCUCAAAGGAUAAUAUCAA,UTGATATUAUCCUUUGAGCCACA,usgsgcu(Chd)aaAfGfGfauaauaucaaL96,VPusdTsgadTa(Tgn)uaucdCuUfugagccascsa,INACTIVE_ANCHOR,6.5229,300.0,1.0,1.0,CALIBRATED_INACTIVE
AGAAUGCUUUUGCAUGGACUA,UAGUCCAUGCAAAAGCAUUCUAU,asgsaaugCfuUfUfUfgcauggacuaL96,usAfsgucCfaUfGfcaaaAfgCfauucusasu,INACTIVE_ANCHOR,6.5229,300.0,1.0,1.0,CALIBRATED_INACTIVE
GAAGAGAUCUAUCGCUCUCUA,UAGAGAGCGAUAGAUCUCUUCUC,gsasagagAfuCfUfAfucgcucucuaL96,usAfsgagAfgCfGfauagAfuCfucuucsusc,INACTIVE_ANCHOR,6.5229,300.0,1.0,1.0,CALIBRATED_INACTIVE
UCCACGAACUUUCUUCAUGUU,CAUGAAGAAAGUUCGUGGAUU,fUpsmCpsfCmAfCmGfAmAfCmUfUmUfCmUfUmCfAmUfGpsmUpsmU,mCpsfApsmUfGmAfAmGfAmAfAmGfUmUfCmGfUmGfGmApsmUpsmU,INACTIVE_ANCHOR,6.5152,305.37,1.0,1.0,CALIBRATED_INACTIVE
GUACAUACACCCCUUCCACCU,AGGUGGAAGGGGUGUAUGUACAC,gsusacauAfcAfCfCfccuuccaccuL96,asGfsgugGfaAfGfggguGfuAfuguacsasc,INACTIVE_ANCHOR,6.3098,490.0,1.0,1.0,CALIBRATED_INACTIVE
CUUGCCCGAGAUCCUGUUAAA,UUUAACAGGAUCUCGGGCAAGAG,csusugc(Chd)CfgAfGfAfuccuguuaaaL96,usUfsuaac(Agn)ggaucuCfgGfgcaagsasg,INACTIVE_ANCHOR,6.5229,300.0,1.0,1.0,CALIBRATED_INACTIVE
AACUUAUUUACACAGGGAAGA,UCUUCCCUGUGUAAAUAAGUUCU,asascuuaUfuUfAfCfacagggaagaL96,usCfsuucCfcUfGfuguaAfaUfaaguuscsu,INACTIVE_ANCHOR,6.5229,300.0,1.0,1.0,CALIBRATED_INACTIVE
AUGCUGGGACAGUAUAUCCAU,AUGGAUAUACUGUCCCAGCAUUA,asusgcugGfgAfCfAfguauauccauL96,asUfsggau(Agn)uacuguCfcCfagcaususa,INACTIVE_ANCHOR,6.0044,990.0,1.0,1.0,CALIBRATED_INACTIVE
CCAUCAUCUACUCCUACUUGA,UCAAGUAGGAGUAGAUGAUGGUG,cscsaucaUfcUfAfCfuccuacuugaL96,usCfsaagUfaGfGfaguaGfaUfgauggsusg,INACTIVE_ANCHOR,6.5229,300.0,1.0,1.0,CALIBRATED_INACTIVE
AAAGGUGGAUACAUGAGCAAA,UUUGCUCAUGUAUCCACCUUUGU,asasagguGfgAfUfAfcaugagcaaaL96,usUfsugcUfcAfUfguauCfcAfccuuusgsu,INACTIVE_ANCHOR,6.0044,990.0,1.0,1.0,CALIBRATED_INACTIVE
ACUUGAGGAGGCGAGUCUAGU,ACUAGACUCGCCUCCUCAAGUGA,ascsuugaGfgAfGfGfcgagucuaguL96,asCfsuagAfcucgccuCfcUfcaagusgsa,INACTIVE_ANCHOR,6.3535,443.1,1.0,1.0,CALIBRATED_INACTIVE
UCAGAACGAAAGUUAUAUG,CAUAUAACUUUCGUUCUGA,UCAGAACGAAAGUUAUAUGdTdT,CAUAUAACUUUCGUUCUGAdTdT,INACTIVE_ANCHOR,5.5881,2581.58,1.0,1.0,CALIBRATED_INACTIVE
GAUCAUAAUGGCAAUGUGGUU,AACCACAUUGCCAUUAUGAUCCA,gsasucauaaUfGfGfcaaugugguuL96,asdAsccdAcdAuugcdCaUfuaugaucscsa,INACTIVE_ANCHOR,6.0044,990.0,1.0,1.0,CALIBRATED_INACTIVE
CAUCCUCAGAAGGGAUGGAUU,AAUCCATCCCUUCUGAGGAUGAC,csasuccuCfaGfAfAfgggauggauuL96,asAfsucca(Tgn)cccuucUfgAfggaugsasc,INACTIVE_ANCHOR,5.3054,4950.0,1.0,1.0,CALIBRATED_INACTIVE
GAAGGUUUAAGACUGUUCAAU,AUUGAACAGUCUUAAACCUUCCC,gsasagguUfuAfAfGfacuguucaauL96,asUfsugaa(Cgn)agucuuAfaAfccuucscsc,INACTIVE_ANCHOR,6.4903,323.33,1.0,1.0,CALIBRATED_INACTIVE
UCUUACCAGAGUGUCUGAUGG,CCAUCAGACACUCUGGUAAGAUU,fUpsmCpsfUmUfAmCfCmAfGmAfGmUfGmUfCmUfGmAfUmGpsfG,vmCpsfCpsmAfUmCfAmGfAmCfAmCfUmCfUmGfGmUfAmAfGmApsmUpsmU,INACTIVE_ANCHOR,6.4977,317.92,1.0,1.0,CALIBRATED_INACTIVE
AAGCUGGAUCUUAGCAACGUA,UACGTUGCUAAGAUCCAGCUUCU,asasgcu(Ghd)gaUfCfUfuagcaacguaL96,VPusdAscgdTu(G2p)cuaadGaUfccagcuuscsu,INACTIVE_ANCHOR,6.5229,300.0,1.0,1.0,CALIBRATED_INACTIVE
AGCCCAAAACGGUGCAACUCU,AGAGUUGCACCGUUUUGGGCUAA,asgscccaAfaAfCfGfgugcaacucuL96,asGfsaguUfgCfAfccguUfuUfgggcusasa,INACTIVE_ANCHOR,6.5229,300.0,1.0,1.0,CALIBRATED_INACTIVE
UCCCACCACCUGUACCAUGCU,AGCAUGGUACAGGUGGUGGGACC,uscsccacCfaCfCfUfguaccaugcuL96,asGfscauGfgUfAfcaggUfgGfugggascsc,INACTIVE_ANCHOR,6.0044,990.0,1.0,1.0,CALIBRATED_INACTIVE
GUGUAUCUCCUAGACACCA,UGGUGUCUAGGAGAUACAC,GuGuAucuccuAGAcAccAdTsdT,UGGUGUCuAGGAGAuAcACdTsdT,INACTIVE_ANCHOR,6.5229,300.0,1.0,1.0,CALIBRATED_INACTIVE
CCUCCUUCCUUCAGAGGCGUU,AACGCCUCUGAAGGAAGGAGGGA,cscsuccuUfcCfUfUfcagaggcguuL96,asAfscgcCfucugaagGfaAfggaggsgsa,INACTIVE_ANCHOR,5.3054,4950.0,1.0,1.0,CALIBRATED_INACTIVE
GUCGUUGGTGAAGUUUUUCAU,ATGAAAAACUUCACCAACGACUC,gsuscguuggdTgdAaguuuuucauL96,asdTsgadAadAacuudCadCcaacgacsusc,INACTIVE_ANCHOR,6.0044,990.0,1.0,1.0,CALIBRATED_INACTIVE
UUCCAGGUUGGCUGAUGUGUU,AACACATCAGCCAACCUGGAAUA,ususccagguUfGfGfcugauguguuL96,asdAscadCadTcagcdCaAfccuggaasusa,INACTIVE_ANCHOR,6.5229,300.0,1.0,1.0,CALIBRATED_INACTIVE
CAGCUCCUGCACAGUCCUC,GAGGACUGUGCAGGAGCUG,cAGcuccuGcAcAGuccucdTsdT,GAGGACUGUGcAGGAGCUGdTsdT,INACTIVE_ANCHOR,6.4433,360.37,1.0,1.0,CALIBRATED_INACTIVE
AUCCAACCUACAAGUUCUUUG,CAAAGAACUUGUAGGUUGGAUUU,asuscca(Ahd)CfcUfAfCfaaguucuuugL96,csAfsaaga(Agn)cuuguaGfgUfuggaususu,INACTIVE_ANCHOR,6.5229,300.0,1.0,1.0,CALIBRATED_INACTIVE
AAAACUAGGCGUCACUGCGCA,UGCGCAGUGACGCCUAGUUUUCG,asasaacuAfgGfCfGfucacugcgcaL96,usGfscgcAfgUfGfacgcCfuAfguuuuscsg,INACTIVE_ANCHOR,6.049,893.4,1.0,1.0,CALIBRATED_INACTIVE
AAAAGCUAGGAAGCAACCUUU,AAAGGUUGCUUCCUAGCUUUUCA,asasaagcUfaGfGfAfagcaaccuuuL96,asAfsaggUfuGfCfuuccUfaGfcuuuuscsa,INACTIVE_ANCHOR,6.0044,990.0,1.0,1.0,CALIBRATED_INACTIVE
AGGUGCUGGGAGAGAUAUGUU,CAUAUCUCUCCCAGCACCUUU,fApsmGpsfGmUfGmCfUmGfGmGfAmGfAmGfAmUfAmUfGpsmUpsmU,mCpsfApsmUfAmUfCmUfCmUfCmCfCmAfGmCfAmCfCmUpsmUpsmU,INACTIVE_ANCHOR,5.3054,4950.0,1.0,1.0,CALIBRATED_INACTIVE
UUCAGAGGCGUGCGAUAUGUU,AACAUAUCGCACGCCUCUGAAGG,ususcagaGfgCfGfUfgcgauauguuL96,asAfscauAfucgcacgCfcUfcugaasgsg,INACTIVE_ANCHOR,6.5229,300.0,1.0,1.0,CALIBRATED_INACTIVE
UGUAUUAUGUGAAUCAGUGAA,UUCACUGAUUCACAUAAUACAAA,usgsuauuAfuGfUfGfaaucagugaaL96,usUfscacUfgAfUfucacAfuAfauacasasa,INACTIVE_ANCHOR,6.0044,990.0,1.0,1.0,CALIBRATED_INACTIVE
AUCCACACAUCAGUAAUGUAU,AUACAUTACUGAUGUGUGGAUUA,asuscca(Chd)AfcAfUfCfaguaauguauL96,asUfsacau(Tgn)acugauGfuGfuggaususa,INACTIVE_ANCHOR,6.5229,300.0,1.0,1.0,CALIBRATED_INACTIVE
ACUUUGGCCGCUGUGUGGA,UCCACACAGCGGCCAAAGU,AcuuuGGccGcuGuGuGGAdTsdT,UCcAcAcAGCGGCcAAAGUdTsdT,INACTIVE_ANCHOR,6.0044,990.0,1.0,1.0,CALIBRATED_INACTIVE
GUGCGAUAUGUGGAUGGAGGU,ACCUCCAUCCACAUAUCGCACGC,gsusgcgaUfaUfGfUfggauggagguL96,asCfscucCfauccacaUfaUfcgcacsgsc,INACTIVE_ANCHOR,5.3054,4950.0,1.0,1.0,CALIBRATED_INACTIVE
AAAGUCAAGUCCACGAACUUU,AGUUCGUGGACUUGACUUUUU,fApsmApsfAmGfUmCfAmAfGmUfCmCfAmCfGmAfAmCfUpsmUpsmU,mApsfGpsmUfUmCfGmUfGmGfAmCfUmUfGmAfCmUfUmUpsmUpsmU,INACTIVE_ANCHOR,5.3054,4950.0,1.0,1.0,CALIBRATED_INACTIVE
UGCUGGGAGAGAUAUGCCUUA,UAAGGCAUAUCUCUCCCAGCACC,usgscuggGfaGfAfGfauaugccuuaL96,usAfsaggCfaUfAfucucUfcCfcagcascsc,INACTIVE_ANCHOR,6.0044,990.0,1.0,1.0,CALIBRATED_INACTIVE
GGAGACACUAUUAAAUUUUCU,AGAAAAUUUAAUAGUGUCUCCUU,gsgsagacAfcUfAfUfuaaauuuucuL96,asGfsaaaAfuUfUfaauaGfuGfucuccsusu,INACTIVE_ANCHOR,6.5229,300.0,1.0,1.0,CALIBRATED_INACTIVE
UUAAAUUCUUGGCUAUUACGA,UCGUAATAGCCAAGAAUUUAACA,ususaaauucUfUfGfgcuauuacsgsa,VPudCgudAadTagccdAaGfaauuuaascsa,INACTIVE_ANCHOR,6.5229,300.0,1.0,1.0,CALIBRATED_INACTIVE
CUUAGUUUUUUCCACAGAUGU,ACAUCUGUGGAAAAAACUAAGGU,csusuaguUfuUfUfUfccacagauguL96,asCfsaucUfgUfGfgaaaAfaAfcuaagsgsu,INACTIVE_ANCHOR,6.5229,300.0,1.0,1.0,CALIBRATED_INACTIVE
GAGAUGUUAGUAGAAUAAGCU,AGCUUAUUCUACUAACAUCUCAC,gsasgaugUfuAfGfUfagaauaagcuL96,asGfscuuAfuUfCfuacuAfaCfaucucsasc,INACTIVE_ANCHOR,6.4674,340.88,1.0,1.0,CALIBRATED_INACTIVE
CUCUGCACAGGGAACCUCUAC,GUAGAGGUUCCCUGUGCAGAGUU,fCpsmUpsfCmUfGmCfAmCfAmGfGmGfAmAfCmCfUmCfUmApsfC,vmGpsfUpsmAfGmAfGmGfUmUfCmCfCmUfGmUfGmCfAmGfAmGpsmUpsmU,INACTIVE_ANCHOR,5.3054,4950.0,1.0,1.0,CALIBRATED_INACTIVE
CUACAUCAAGACUAAUCUUGA,UCAAGAUUAGUCUUGAUGUAGUU,L025L025mC*mUmAmCmAmUfCmAfAfGfAmCmUmAmAmUmCmUmUmG*mA,mU*fC*mAmAmGfAmUmUmAmGmUmCmUfUmGfAmUmGmUmAmG*mU*mU,INACTIVE_ANCHOR,6.5229,300.0,1.0,1.0,CALIBRATED_INACTIVE
UUACACAGGGAAGGUUUAAGA,UCUUAAACCUUCCCUGUGUAAAU,ususacacAfgGfGfAfagguuuaagaL96,usCfsuuaa(Agn)ccuuccCfuGfuguaasasu,INACTIVE_ANCHOR,6.0044,990.0,1.0,1.0,CALIBRATED_INACTIVE
CCUCCGCGACGCGCGCAUGUU,CAUGCGCGCGUCGCGGAGGUU,fCpsmCpsfUmCfCmGfCmGfAmCfGmCfGmCfGmCfAmUfGpsmUpsmU,mCpsfApsmUfGmCfGmCfGmCfGmUfCmGfCmGfGmAfGmGpsmUpsmU,INACTIVE_ANCHOR,5.3054,4950.0,1.0,1.0,CALIBRATED_INACTIVE
GCUGCGGCUUCCUGGGCUUUU,AAGCCCAGGAAGCCGCAGCUU,fGpsmCpsfUmGfCmGfGmCfUmUfCmCfUmGfGmGfCmUfUpsmUpsmU,mApsfApsmGfCmCfCmAfGmGfAmAfGmCfCmGfCmAfGmCpsmUpsmU,INACTIVE_ANCHOR,6.5229,300.0,1.0,1.0,CALIBRATED_INACTIVE
AGAUUGCACCAUUUCAUUCCU,AGGAAUGAAAUGGUGCAAUCUCA,asgsauugCfaCfCfAfuuucauuccuL96,asGfsgaaUfgAfAfauggUfgCfaaucuscsa,INACTIVE_ANCHOR,5.9515,1118.22,1.0,1.0,CALIBRATED_INACTIVE
AAAGUACCUGCUGGUGCUGAU,AUCAGCACCAGCAGGUACUUUAU,asasaguaCfcUfGfCfuggugcugauL96,asUfscadGc(Agn)ccagcaGfgUfacuuusasu,INACTIVE_ANCHOR,6.5229,300.0,1.0,1.0,CALIBRATED_INACTIVE
AGUUGGUUUUAUGAAAAGCUA,UAGCUUUUCAUAAAACCAACUCA,asgsuuggUfuUfUfAfugaaaagcuaL96,usAfsgcuUfuUfCfauaaAfaCfcaacuscsa,INACTIVE_ANCHOR,6.0044,990.0,1.0,1.0,CALIBRATED_INACTIVE
CCACUUCAGCCUACAGCUCCU,AGGAGCTGUAGGCUGAAGUGGAG,cscsacuuCfaGfCfCfuacagcuccuL96,asGfsgadGc(Tgn)guaggcUfgAfaguggsasg,INACTIVE_ANCHOR,6.0044,990.0,1.0,1.0,CALIBRATED_INACTIVE
AACAUCCUAGGACAUUUUUGU,ACAAAAAUGUCCUAGGAUGUUGA,asascaucCfuAfGfGfacauuuuuguL96,asCfsaaaa(Agn)uguccuAfgGfauguusgsa,INACTIVE_ANCHOR,6.5229,300.0,1.0,1.0,CALIBRATED_INACTIVE
AAUACUGGGUUCACCAAAAAU,AUUUUUGGUGAACCCAGUAUUCA,asasuacuGfgGfUfUfcaccaaaaauL96,asUfsuuuUfgGfUfgaacCfcAfguauuscsa,INACTIVE_ANCHOR,5.3054,4950.0,1.0,1.0,CALIBRATED_INACTIVE
AUAUAAACUACAAGUCAAAAA,UUUUUGACUUGUAGUUUAUAUGU,AfuAfuAfaAfcUfAfCfaAfgUfcAfaAfaAfL96,uUfuUfuGfaCfuUfguaGfuUfuAfuAfusGfsu,INACTIVE_ANCHOR,6.0044,990.0,1.0,1.0,CALIBRATED_INACTIVE
AACGGUGCAACUCUAUUCUGU,ACAGAATAGAGUUGCACCGUUUU,asascgguGfcAfAfCfucuauucuguL96,asCfsagaa(Tgn)agaguuGfcAfccguususu,INACTIVE_ANCHOR,6.0044,990.0,1.0,1.0,CALIBRATED_INACTIVE
GCAGACUACUUAUGAAUUUGA,UCAAAUUCAUAAGUAGUCUGCCU,gscsagacUfaCfUfUfaugaauuugaL96,usCfsaaaUfuCfAfuaagUfaGfucugcscsu,INACTIVE_ANCHOR,6.419,381.03,1.0,1.0,CALIBRATED_INACTIVE
ACUUUCGGUCCAAAGACGAAU,AUUCGUCUUUGGACCGAAAGUCA,ascsuuucGfgUfCfCfaaagacgaauL96,asUfsucgu(Cgn)uuuggaCfcGfaaaguscsa,INACTIVE_ANCHOR,6.1641,685.29,1.0,1.0,CALIBRATED_INACTIVE
AAUGUCCACCAGCUCAUCUCU,AGAGAUGAGCUGGUGGACAUUGG,asasugucCfaCfCfAfgcucaucucuL96,asGfsagaUfgagcuggUfgGfacauusgsg,INACTIVE_ANCHOR,6.5229,300.0,1.0,1.0,CALIBRATED_INACTIVE
GGAGCAGAACUACUCCGACGA,UCGUCGGAGUAGUUCUGCUCCUU,gsgsagc(Ahd)GfaAfCfUfacuccgacgaL96,VPusCfsgucGfgAfGfuaguUfcUfgcuccsusu,INACTIVE_ANCHOR,6.5229,300.0,1.0,1.0,CALIBRATED_INACTIVE
UGCUGGAGCUAGCCAAGCAGU,ACUGCUTGGCUAGCUCCAGCACC,usgscuggAfgCfUfAfgccaagcaguL96,asCfsugdCu(Tgn)ggcuagCfuCfcagcascsc,INACTIVE_ANCHOR,6.5229,300.0,1.0,1.0,CALIBRATED_INACTIVE
AAGAGAAGGGCAUCUGCAACA,UGUUGCAGAUGCCCUUCUCUUUU,fApsmApsfGmAfGmAfAmGfGmGfCmAfUmCfUmGfCmAfAmCpsfA,vmUpsfGpsmUfUmGfCmAfGmAfUmGfCmCfCmUfUmCfUmCfUmUpsmUpsmU,INACTIVE_ANCHOR,5.3054,4950.0,1.0,1.0,CALIBRATED_INACTIVE
UGCUGGGACAGUAUAUCCAGA,UCUGGAUAUACUGUCCCAGCAUU,usgscuggGfaCfAfGfuauauccagaL96,usCfsuggAfuAfUfacugUfcCfcagcasusu,INACTIVE_ANCHOR,5.9429,1140.48,1.0,1.0,CALIBRATED_INACTIVE
UAACACAGGAAAAGGAACUGU,ACAGTUCCUUUTCCUGUGUUAGC,usasacacagdGadAaaggaacuguL96,asdCsagdTudCcuuudTcdCuguguuasgsc,INACTIVE_ANCHOR,6.5229,300.0,1.0,1.0,CALIBRATED_INACTIVE
GAAGUCUGAUAGAUGGAAUAU,ATAUTCCAUCUAUCAGACUUCUU,gsasagucugdAudAgauggaauauL96,asdTsaudTcdCaucudAudCagacuucsusu,INACTIVE_ANCHOR,6.5229,300.0,1.0,1.0,CALIBRATED_INACTIVE
UGAUGCCAAAACAACCAUCAA,UUGAUGGUUGUUUUGGCAUCAAU,usgsaugcCfaAfAfAfcaaccaucaaL96,usUfsgauGfgUfUfguuuUfgGfcaucasasu,INACTIVE_ANCHOR,6.5229,300.0,1.0,1.0,CALIBRATED_INACTIVE
CAGUUGGGACAUGGUCUUA,UAAGACCAUGUCCCAACUG,cAGuuGGGAcAuGGucuuAdTsdT,uAAGACcAUGUCCcAACUGdTsdT,INACTIVE_ANCHOR,6.3098,490.0,1.0,1.0,CALIBRATED_INACTIVE
GGAGAGAUAUGCCUUCGAU,AUCGAAGGCAUAUCUCUCC,gsgsagagAfuAfUfGfccuucgauL96,asUfscgaAf(Ggn)gcauauCfuCfucc,INACTIVE_ANCHOR,6.3098,490.0,1.0,1.0,CALIBRATED_INACTIVE
UUUUGUGAAUACUGGGUUCAU,ATGAACCCAGUAUTCACAAAAAC,ususuugugadAudAcuggguucauL96,asdTsgadAcdCcagudAudTcacaaaasasc,INACTIVE_ANCHOR,6.5229,300.0,1.0,1.0,CALIBRATED_INACTIVE
UUCUUCAUGUGGACAUCACCU,AGGUGAUGUCCACAUGAAGAAAG,ususcuucAfuGfUfGfgacaucaccuL96,asGfsgugAfuGfUfccacAfuGfaagaasasg,INACTIVE_ANCHOR,6.5229,300.0,1.0,1.0,CALIBRATED_INACTIVE
GCCCCAUGUCGACUACAUC,GAUGUAGUCGACAUGGGGC,GccccAuGucGAcuAcAucdTsdT,GAUGuAGUCGAcAUGGGGCdTsdT,INACTIVE_ANCHOR,6.0044,990.0,1.0,1.0,CALIBRATED_INACTIVE
CAUCCUAGGACAUUUUUGGAU,ATCCAAAAAUGTCCUAGGAUGUU,csasuccuagdGadCauuuuuggauL96,asdTsccdAadAaaugdTcdCuaggaugsusu,INACTIVE_ANCHOR,6.5229,300.0,1.0,1.0,CALIBRATED_INACTIVE
UCGCCUGGUCCUGAUUUCC,GGAAAUCAGGACCAGGCGA,UCGCCUGGUCCUGAUUUCCdTdT,GGAAAUCAGGACCAGGCGAdTdT,INACTIVE_ANCHOR,5.3054,4950.0,1.0,1.0,CALIBRATED_INACTIVE
CCCUCCUUCCUUCAGAGGCGU,ACGCCUCUGAAGGAAGGAGGGAU,cscscuccUfuCfCfUfucagaggcguL96,asCfsgccUfcugaaggAfaGfgagggsasu,INACTIVE_ANCHOR,6.5229,300.0,1.0,1.0,CALIBRATED_INACTIVE
CACAGCAGGACACCAGCAGCU,AGCUGCTGGUGTCCUGCUGUGUC,csascagcagGfAfCfaccagcagcuL96,asdGscudGcdTggugdTcCfugcugugsusc,INACTIVE_ANCHOR,6.0044,990.0,1.0,1.0,CALIBRATED_INACTIVE
GCAGGGUAAGCAGGCUGGCCU,AGGCCAGCCUGCUUACCCUGCUU,gscsagggUfaAfGfCfaggcuggccuL96,asGfsgccAfgCfCfugcuUfaCfccugcsusu,INACTIVE_ANCHOR,6.0044,990.0,1.0,1.0,CALIBRATED_INACTIVE
CUUUGACACAGAAGAGUACUU,AAGUACUCUUCUGUGUCAAAGUU,csusuug(Ahd)CfaCfAfGfaagaguacsusu,asAfsguaCfuCfUfucugUfgUfcaaagsusu,INACTIVE_ANCHOR,6.0044,990.0,1.0,1.0,CALIBRATED_INACTIVE
UUCCACAGACAGGCCAGCA,UGCUGGCCUGUCUGUGGAA,uuccAcAGAcAGGccAGcAdTsdT,UGCUGGCCUGUCUGUGGAAdTsdT,INACTIVE_ANCHOR,6.5229,300.0,1.0,1.0,CALIBRATED_INACTIVE
GAUACCUCACCAAGAUCCU,AGGAUCUUGGUGAGGUAUC,GAuAccucAccAAGAuccudTsdT,AGGAUCUUGGUGAGGuAUCdTsdT,INACTIVE_ANCHOR,6.0044,990.0,1.0,1.0,CALIBRATED_INACTIVE
GGUCUUAAAGACUUUGUCCAU,AUGGACAAAGUCUUUAAGACCAU,GfgUfcUfuAfaAfGfAfcUfuUfgUfcCfaUfL96,aUfgGfaCfaAfaGfucuUfuAfaGfaCfcsAfsu,INACTIVE_ANCHOR,6.0044,990.0,1.0,1.0,CALIBRATED_INACTIVE
AACUCUAUUCUGGACUUUAUU,AAUAAAGUCCAGAAUAGAGUUGC,asascucuAfuUfCfUfggacuuuauuL96,asAfsuaaa(Ggn)uccagaAfuAfgaguusgsc,INACTIVE_ANCHOR,6.5229,300.0,1.0,1.0,CALIBRATED_INACTIVE
GGCCUGUAUUGGAGACAGA,UCUGUCUCCAAUACAGGCCUU,mGmGfCmCfUmGfUfAfUmUfGmGfAmGfAmCfAmGfA,fU*fC*mUfGmUfCmUfCmCfAmAmUmAfCmAfGmGfCmC*mU*mU,INACTIVE_ANCHOR,6.5229,300.0,1.0,1.0,CALIBRATED_INACTIVE
AAGUAUAUUUUUUAUUGCC,GGCAAUAAAAAAUAUACUU,AAGUAUAUUUUUUAUUGCCdTdT,GGCAAUAAAAAAUAUACUUdTdT,INACTIVE_ANCHOR,5.3054,4950.0,1.0,1.0,CALIBRATED_INACTIVE
CGCAUUGCUGUGUAGUGACCU,AGGUCACUACACAGCAAUGCGGA,csgscauuGfcUfGfUfguagugaccuL96,asGfsguca(Cgn)uacacaGfcAfaugcgsgsa,INACTIVE_ANCHOR,6.1212,756.45,1.0,1.0,CALIBRATED_INACTIVE
GAAAGAGGAAGAGUGGGUG,CACCCACUCUUCCUCUUUC,GAAAGAGGAAGAGUGGGUGdTdT,CACCCACUCUUCCUCUUUCdTdT,INACTIVE_ANCHOR,5.3054,4950.0,1.0,1.0,CALIBRATED_INACTIVE
ACUACACAAGGACUGAACCAA,UUGGUUCAGUCCUUGUGUAGUCC,ascsuacaCfaAfGfGfacugaaccaaL96,usUfsgguUfcAfGfuccuUfgUfguaguscsc,INACTIVE_ANCHOR,6.5229,300.0,1.0,1.0,CALIBRATED_INACTIVE
AGCGUCCACACAGCUCCAC,GUGGAGCUGUGUGGACGCU,AGcGuccAcAcAGcuccAcdTsdT,GUGGAGCUGUGUGGACGCUdTsdT,INACTIVE_ANCHOR,6.5229,300.0,1.0,1.0,CALIBRATED_INACTIVE
CUACGUGGUGGUGCUGAAG,CUUCAGCACCACCACGUAG,cuAcGuGGuGGuGcuGAAGdTsdT,CUUcAGcACcACcACGuAGdTsdT,INACTIVE_ANCHOR,6.0844,823.33,1.0,1.0,CALIBRATED_INACTIVE
CAGUGAUCGUCAUCACCUUGU,ACAAGGTGAUGACGAUCACUGUC,csasgug(Ahd)UfcGfUfCfaucaccuuguL96,asCfsaagg(Tgn)gaugacGfaUfcacugsusc,INACTIVE_ANCHOR,6.0044,990.0,1.0,1.0,CALIBRATED_INACTIVE
UUGGAUCACAAAAGCACUUCU,AGAAGUGCUUUTGTGAUCCAAAA,ususggaucadCadAaagcacuucuL96,asdGsaadGudGcuuudTgdTgauccaasasa,INACTIVE_ANCHOR,6.5229,300.0,1.0,1.0,CALIBRATED_INACTIVE
GGGUAACAAGAUGAUAAUCUU,AAGAUUAUCAUCUUGUUACCCCC,gsgsguaaCfaAfGfAfugauaaucuuL96,asAfsgauUfaUfCfaucuUfgUfuacccscsc,INACTIVE_ANCHOR,6.0044,990.0,1.0,1.0,CALIBRATED_INACTIVE
ACGCCCACCACAAAUGCAG,CUGCAUUUGUGGUGGGCGU,ACGCCCACCACAAAUGCAGdTdT,CUGCAUUUGUGGUGGGCGUdTdT,INACTIVE_ANCHOR,6.5229,300.0,1.0,1.0,CALIBRATED_INACTIVE
GUCUGCAAAGAUGAUAACCUU,AAGGUUAUCAUCUUUGCAGACCA,gsuscugcAfaAfGfAfugauaaccuuL96,asAfsgguUfaUfCfaucuUfuGfcagacscsa,INACTIVE_ANCHOR,6.2824,521.91,1.0,1.0,CALIBRATED_INACTIVE
AAUAUUUAGAAGAGCAACUAA,UUAGUUGCUCUUCUAAAUAUUUC,AfaUfaUfuUfaGfAfAfgAfgCfaAfcUfaAfL96,uUfaGfuUfgCfuCfuucUfaAfaUfaUfusUfsc,INACTIVE_ANCHOR,6.5229,300.0,1.0,1.0,CALIBRATED_INACTIVE
GGAAAACAAAGAUUUGGUGUU,AACACCAAAUCUUUGUUUUCCGG,GfgAfaAfaCfaAfAfGfaUfuUfgGfuGfuUfL96,aAfcAfcCfaAfaUfcuuUfgUfuUfuCfcsGfsg,INACTIVE_ANCHOR,6.5229,300.0,1.0,1.0,CALIBRATED_INACTIVE
ACAACCAUCACCGUGUCCCCC,GGGGGACACGGUGAUGGUUGUUU,fApsmCpsfAmAfCmCfAmUfCmAfCmCfGmUfGmUfCmCfCmCpsfC,vmGpsfGpsmGfGmGfAmCfAmCfGmGfUmGfAmUfGmGfUmUfGmUpsmUpsmU,INACTIVE_ANCHOR,5.3054,4950.0,1.0,1.0,CALIBRATED_INACTIVE
ACUUCAACAAAAAGUGAAAUA,UAUUUCACUUUUUGUUGAAGUAG,AfcUfuCfaAfcAfAfAfaAfgUfgAfaAfuAfL96,uAfuUfuCfaCfuUfuuuGfuUfgAfaGfusAfsg,INACTIVE_ANCHOR,6.0044,990.0,1.0,1.0,CALIBRATED_INACTIVE
GCAUCUUCCAUCCAUCCUUCU,AGAAGGAUGGAUGGAAGAUGCCA,gscsaucuUfcCfAfUfccauccuucuL96,asGfsaadGg(Agn)uggaugGfaAfgaugcscsa,INACTIVE_ANCHOR,6.0044,990.0,1.0,1.0,CALIBRATED_INACTIVE
AACCAGGAGGGAAACAUGG,CCAUGUUUCCCUCCUGGUU,AACCAGGAGGGAAACAUGGdTdT,CCAUGUUUCCCUCCUGGUUdTdT,INACTIVE_ANCHOR,5.3054,4950.0,1.0,1.0,CALIBRATED_INACTIVE
UAUAUCAGAAACAGAAUCAGGUGUCA,UGACACCUGAUUCUGUUUCUGAGUAU,uAuAusCfsaGfaAfaCfaGfAfAfuCfaGfgUfgUfcAf(C11-PEG3-NAG3),usgsaCfaCfcUfgAfuucUfgUfuucUfgasgsuAu,INACTIVE_ANCHOR,6.5229,300.0,1.0,1.0,CALIBRATED_INACTIVE
CAUUAGGATAAUGUCUUAUGU,ACAUAAGACAUUAUCCUAAUGGG,csasuuaggadTadAugucuuauguL96,asCfsaudAadGacauuaUfcCfuaaugsgsg,INACTIVE_ANCHOR,6.5229,300.0,1.0,1.0,CALIBRATED_INACTIVE
AACUUCCGGGACGAUGCCU,AGGCAUCGUCCCGGAAGUU,AAcuuccGGGAcGAuGccudTsdT,AGGcAUCGUCCCGGAAGUUdTsdT,INACTIVE_ANCHOR,6.3718,424.78,1.0,1.0,CALIBRATED_INACTIVE
CAGCUCUGGCUGGUGCUGCUU,AAGCAGCACCAGCCAGAGCUGGA,csasgcucUfgGfCfUfggugcugcuuL96,asAfsgcaGfcAfCfcagcCfaGfagcugsgsa,INACTIVE_ANCHOR,6.0044,990.0,1.0,1.0,CALIBRATED_INACTIVE
UCAGGGACUAGGGAGGGAGGU,ACCUCCCUCCCUAGUCCCUGACA,uscsagggAfcUfAfGfggagggagguL96,asCfscucCfcUfCfccuaGfuCfccugascsa,INACTIVE_ANCHOR,6.2274,592.41,1.0,1.0,CALIBRATED_INACTIVE
ACAGCCACCUUCCACCGCU,AGCGGUGGAAGGUGGCUGU,AcAGccAccuuccAccGcudTsdT,AGCGGUGGAAGGUGGCUGUdTsdT,INACTIVE_ANCHOR,6.0044,990.0,1.0,1.0,CALIBRATED_INACTIVE
GAAAAGCUAGGAAGCAACCUU,AAGGTUGCUUCCUAGCUUUUCGU,gsasaaagcudAgdGaagcaaccuuL96,asAfsggdTu(G2p)cuucdCuAfgCfuuuucsgsu,INACTIVE_ANCHOR,6.337,460.2,1.0,1.0,CALIBRATED_INACTIVE
ACACAGGGAAGGUUUAAGACU,AGUCUUAAACCUUCCCUGUGUAA,ascsacagGfgAfAfGfguuuaagacuL96,asGfsucuu(Agn)aaccuuCfcCfugugusasa,INACTIVE_ANCHOR,6.5229,300.0,1.0,1.0,CALIBRATED_INACTIVE
AAGAUUAUGGCCUGUAUUGGA,UCCAAUACAGGCCAUAAUCUUUU,L025L025mA*mAmGmAmUmUfAmUfGfGfCmCmUmGmUmAmUmUmGmG*mA,mU*fC*mCmAmAfUmAmCmAmGmGmCmCfAmUfAmAmUmCmUmU*mU*mU,INACTIVE_ANCHOR,6.0844,823.33,1.0,1.0,CALIBRATED_INACTIVE
UUGUGAAUACUGGGUUCACCA,UGGUGAACCCAGUAUUCACAAAA,ususgugaAfuAfCfUfggguucaccaL96,usGfsguga(Agn)cccaguAfuUfcacaasasa,INACTIVE_ANCHOR,6.0044,990.0,1.0,1.0,CALIBRATED_INACTIVE
AAUACUGGGUTCACCAAAAAU,ATUUTUGGUGAACCCAGUAUUCA,asasuacuggdGudTcaccaaaaauL96,asdTsuudTudGgugadAcdCcaguauuscsa,INACTIVE_ANCHOR,6.5229,300.0,1.0,1.0,CALIBRATED_INACTIVE
UCAGAUGCUGCAACUAAACAA,UUGUTUAGUUGCAGCAUCUGAAA,uscsagauGfcUfGfCfaacuaaacsasa,VPuUfgudTu(Agn)guugcaGfcAfucugasasa,INACTIVE_ANCHOR,6.387,410.17,1.0,1.0,CALIBRATED_INACTIVE
CAUGAUGCUGUCUGCCGAG,CUCGGCAGACAGCAUCAUG,cAuGAuGcuGucuGccGAGdTsdT,CUCGGcAGAcAGcAUcAUGdTsdT,INACTIVE_ANCHOR,6.5229,300.0,1.0,1.0,CALIBRATED_INACTIVE
GACAUUUGAGGUCAACAUCCA,UGGAUGUUGACCUCAAAUGUCUU,L025L025mG*mAmCmAmUmUfUmGfAfGfGmUmCmAmAmCmAmUmCmC*mA,mU*fG*mGmAmUfGmUmUmGmAmCmCmUfCmAfAmAmUmGmUmC*mU*mU,INACTIVE_ANCHOR,6.5229,300.0,1.0,1.0,CALIBRATED_INACTIVE
CACGGCCUCUAGGUCUCCU,AGGAGACCUAGAGGCCGUG,cAcGGccucuAGGucuccudTsdT,AGGAGACCuAGAGGCCGUGdTsdT,INACTIVE_ANCHOR,6.5229,300.0,1.0,1.0,CALIBRATED_INACTIVE
AGGUCCCAAAUGCCAGUGAGA,UCUCACUGGCAUUUGGGACCUGG,asgsguccCfaAfAfUfgccagugagaL96,usCfsucaCfuGfGfcauuUfgGfgaccusgsg,INACTIVE_ANCHOR,6.5229,300.0,1.0,1.0,CALIBRATED_INACTIVE
CAACAGACGGAGCAACUGCCU,AGGCAGTUGCUCCGUCUGUUGAG,csasacagAfcGfGfAfgcaacugccuL96,asGfsgcdAg(Tgn)ugcuccGfuCfuguugsasg,INACTIVE_ANCHOR,6.0044,990.0,1.0,1.0,CALIBRATED_INACTIVE
GACUACUAAAAACGUCUCCAU,AUGGAGACGUUUUUAGUAGUCAA,gsascuacUfaAfAfAfacgucuccauL96,asUfsggaGfaCfGfuuuuUfaGfuagucsasa,INACTIVE_ANCHOR,5.3054,4950.0,1.0,1.0,CALIBRATED_INACTIVE
AGUGUGGCUCCAGGGAAUGGU,ACCAUUCCCUGGAGCCACACUCC,asgsugugGfcUfCfCfagggaaugguL96,asCfscauUfcCfCfuggaGfcCfacacuscsc,INACTIVE_ANCHOR,6.0044,990.0,1.0,1.0,CALIBRATED_INACTIVE
GCAUCCACGCUUCCUGCUG,CAGCAGGAAGCGUGGAUGC,GcAuccAcGcuuccuGcuGdTsdT,CAGcAGGAAGCGUGGAUGCdTsdT,INACTIVE_ANCHOR,6.5229,300.0,1.0,1.0,CALIBRATED_INACTIVE
UUCAAUUACCAAGAAUUCUCU,AGAGAATUCUUGGUAAUUGAAGA,ususcaa(Uhd)UfaCfCfAfagaauucucuL96,asGfsagaa(Tgn)ucuuggUfaAfuugaasgsa,INACTIVE_ANCHOR,6.5229,300.0,1.0,1.0,CALIBRATED_INACTIVE
UUUUAGAACACCUUUUUCACU,AGUGAAAAAGGTGUUCUAAAAUU,ususuuagaaCfaCfCfuuuuucacuL96,asdGsugdAadAaaggdTgUfuCfuaaaasusu,INACTIVE_ANCHOR,6.0044,990.0,1.0,1.0,CALIBRATED_INACTIVE
CUGCAAAGAUGAUAACCUUGA,UCAAGGUUAUCAUCUUUGCAGAC,csusgcaaAfgAfUfGfauaaccuugaL96,usCfsaagGfuUfAfucauCfuUfugcagsasc,INACTIVE_ANCHOR,5.4104,3887.01,1.0,1.0,CALIBRATED_INACTIVE
GGCAAUAUGACUCACUUGACU,AGUCAAGUGAGTCAUAUUGCCAG,gsgscaauauGfAfCfucacuugacuL96,asdGsucdAadGugagdTcAfuauugccsasg,INACTIVE_ANCHOR,6.5229,300.0,1.0,1.0,CALIBRATED_INACTIVE
AUUCAGGUUCUUGGAAGAGAA,UUCUCUUCCAAGAACCUGAAUGC,asusucagGfuUfCfUfuggaagagaaL96,usUfscucUfuCfCfaagaAfcCfugaausgsc,INACTIVE_ANCHOR,6.0044,990.0,1.0,1.0,CALIBRATED_INACTIVE
AUUUGAGGUCAACAUCCUAGU,ACUAGGAUGUUGACCUCAAAUGU,asusuugaGfgUfCfAfacauccuaguL96,asCfsuagg(Agn)uguugaCfcUfcaaausgsu,INACTIVE_ANCHOR,6.0044,990.0,1.0,1.0,CALIBRATED_INACTIVE
AAGAGCACCAAGAACUACU,AGUAGUUCUUGGUGCUCUU,AAGAGcAccAAGAAcuAcudTsdT,AGuAGUUCUUGGUGCUCUUdTsdT,INACTIVE_ANCHOR,6.0044,990.0,1.0,1.0,CALIBRATED_INACTIVE
UGGUGUCCUGAAACUGCAACU,AGUUGCAGUUUCAGGACACCAGA,usgsguguCfcUfGfAfaacugcaacuL96,asGfsuudGc(Agn)guuucaGfgAfcaccasgsa,INACTIVE_ANCHOR,6.0044,990.0,1.0,1.0,CALIBRATED_INACTIVE
UCAGUUACGGAAACGAUGCUU,AAGCAUCGUUUCCGUAACUGAUC,uscsagu(Uhd)AfcGfGfAfaacgaugcuuL96,asAfsgcau(Cgn)guuuccGfuAfacugasusc,INACTIVE_ANCHOR,6.0044,990.0,1.0,1.0,CALIBRATED_INACTIVE
AGGGCAUCUGCAACAGGCCUU,GGCCUGUUGCAGAUGCCCUUU,fApsmGpsfGmGfCmAfUmCfUmGfCmAfAmCfAmGfGmCfCpsmUpsmU,mGpsfGpsmCfCmUfGmUfUmGfCmAfGmAfUmGfCmCfCmUpsmUpsmU,INACTIVE_ANCHOR,5.4307,3709.4,1.0,1.0,CALIBRATED_INACTIVE
UGCUAUAUUUGUGAUAUAGGA,UCCUAUAUCACAAAUAUAGCAGA,usgscua(Uhd)AfuUfUfGfugauauaggaL96,usCfscuau(Agn)ucacaaAfuAfuagcasgsa,INACTIVE_ANCHOR,6.0044,990.0,1.0,1.0,CALIBRATED_INACTIVE
UCUGCCAAAGAUGUCAUCA,UGAUGACAUCUUUGGCAGA,ucuGccAAAGAuGucAucAdTsdT,UGAUGACAUCUUUGGcAGAdTsdT,INACTIVE_ANCHOR,6.2379,578.24,1.0,1.0,CALIBRATED_INACTIVE
GAAUGGGGGUGGGGAGGCAAU,AUUGCCUCCCCACCCCCAUUCUC,gsasauggGfgGfUfGfgggaggcaauL96,asUfsugcCfuCfCfccacCfcCfcauucsusc,INACTIVE_ANCHOR,6.3098,490.0,1.0,1.0,CALIBRATED_INACTIVE
CUGUUUUGCAGGACUGUAUGG,CCAUACAGUCCUGCAAAACAGCU,csusguuuUgCAGgacuguaugg,csCsauacAguccUgCaAaacagscsu,INACTIVE_ANCHOR,6.5229,300.0,1.0,1.0,CALIBRATED_INACTIVE
CUGAGUUGGUUUUAUGAAAAU,AUUUTCAUAAAACCAACUCAGCU,csusgaguUfgGfUfUfuuaugaaaauL96,asUfsuudTc(Agn)uaaaacCfaAfcucagscsu,INACTIVE_ANCHOR,6.3845,412.53,1.0,1.0,CALIBRATED_INACTIVE
AUGCCUUCGAGGAUAUUUGGU,ACCAAAUAUCCUCGAAGGCAUAU,asusgccuUfcGfAfGfgauauuugguL96,asCfscaaAfuAfUfccucGfaAfggcausasu,INACTIVE_ANCHOR,6.5229,300.0,1.0,1.0,CALIBRATED_INACTIVE
AGACAUUUGAGGUCAACAUCU,AGAUGUTGACCTCAAAUGUCUUG,asgsacauuudGadGgucaacaucuL96,asdGsaudGudTgaccdTcdAaaugucususg,INACTIVE_ANCHOR,6.0044,990.0,1.0,1.0,CALIBRATED_INACTIVE
UUUUCAAUUUCUCCUCUGACU,AGUCAGAGGAGAAAUUGAAAAUU,ususuucaAfuUfUfCfuccucugacuL96,asGfsucaGfaGfGfagaaAfuUfgaaaasusu,INACTIVE_ANCHOR,6.5229,300.0,1.0,1.0,CALIBRATED_INACTIVE
AGCACUUCTUCCAUCGAUGAU,ATCATCGAUGGAAGAAGUGCUUU,asgscacuucdTudCcaucgaugauL96,asdTscadTcdGauggdAadGaagugcususu,INACTIVE_ANCHOR,6.5229,300.0,1.0,1.0,CALIBRATED_INACTIVE
AGGGUCUGUGUGUCCCUCCUU,AAGGAGGGACACACAGACCCUGU,asgsggucUfgUfGfUfgucccuccuuL96,asAfsggaGfgGfAfcacaCfaGfacccusgsu,INACTIVE_ANCHOR,6.0044,990.0,1.0,1.0,CALIBRATED_INACTIVE
AAUGCAAUCCCGGAAAACAAA,UUUGUUUUCCGGGAUUGCAUUGG,AfaUfgCfaAfuCfCfCfgGfaAfaAfcAfaAfL96,uUfuGfuUfuUfcCfgggAfuUfgCfaUfusGfsg,INACTIVE_ANCHOR,6.0044,990.0,1.0,1.0,CALIBRATED_INACTIVE
UCUAGCAGAUUCUUUCAGAGU,ACUCUGAAAGAAUCUGCUAGACU,uscsuagcAfgAfUfUfcuuucagaguL96,asCfsucuGfaAfAfgaauCfuGfcuagascsu,INACTIVE_ANCHOR,6.5229,300.0,1.0,1.0,CALIBRATED_INACTIVE
AGAGUAUGUGUAAAAAUCUGU,ACAGAUUUUUACACAUACUCUGU,AfgAfgUfaUfgUfGfUfaAfaAfaUfcUfgUfL96,aCfaGfaUfuUfuUfacaCfaUfaCfuCfusGfsu,INACTIVE_ANCHOR,6.0044,990.0,1.0,1.0,CALIBRATED_INACTIVE
UCAAGUCCACGAACUUUCUUU,AGAAAGUUCGUGGACUUGAUU,fUpsmCpsfAmAfGmUfCmCfAmCfGmAfAmCfUmUfUmCfUpsmUpsmU,mApsfGpsmAfAmAfGmUfUmCfGmUfGmGfAmCfUmUfGmApsmUpsmU,INACTIVE_ANCHOR,6.5229,300.0,1.0,1.0,CALIBRATED_INACTIVE
UGAGCUGAGUUGGUUUUAU,AUAAAACCAACUCAGCUCAGC,usgsagCfugAfdGuugguuuuauL96,asUfsaadAadCcaacucAfgCfucasgsc,INACTIVE_ANCHOR,6.5229,300.0,1.0,1.0,CALIBRATED_INACTIVE
AAGACAAUGAUUUGGUGUUUA,UAAACACCAAAUCAUUGUCUUUG,asasgacaAfuGfAfUfuugguguuuaL96,usAfsaacAfcCfAfaaucAfuUfgucuususg,INACTIVE_ANCHOR,6.5229,300.0,1.0,1.0,CALIBRATED_INACTIVE
AAGUCAAGUCCACGAACUUUU,AAGUUCGUGGACUUGACUUUU,fApsmApsfGmUfCmAfAmGfUmCfCmAfCmGfAmAfCmUfUpsmUpsmU,mApsfApsmGfUmUfCmGfUmGfGmAfCmUfUmGfAmCfUmUpsmUpsmU,INACTIVE_ANCHOR,5.3054,4950.0,1.0,1.0,CALIBRATED_INACTIVE
GCUGAGUGCCGAAAACUAGGU,ACCUAGTUUUCGGCACUCAGCUG,gscsugagUfgCfCfGfaaaacuagguL96,asCfscuag(Tgn)uuucggCfaCfucagcsusg,INACTIVE_ANCHOR,6.5229,300.0,1.0,1.0,CALIBRATED_INACTIVE
AAAUCCAAGCACAAGAUUAUU,AAUAAUCUUGUGCUUGGAUUUUU,asasauccAfaGfCfAfcaagauuauuL96,asAfsuaau(Cgn)uugugcUfuGfgauuususu,INACTIVE_ANCHOR,6.0044,990.0,1.0,1.0,CALIBRATED_INACTIVE
GAAAGCCUCCUAGAAGAAAAA,UUUUUCUUCUAGGAGGCUUUCAA,GfaAfaGfcCfuCfCfUfaGfaAfgAfaAfaAfL96,uUfuUfuCfuUfcUfaggAfgGfcUfuUfcsAfsa,INACTIVE_ANCHOR,6.0044,990.0,1.0,1.0,CALIBRATED_INACTIVE
UACAGCCAGGGAGUGUGGCUU,AAGCCACACUCCCUGGCUGUAGU,usascagcCfaGfGfGfaguguggcuuL96,asAfsgccAfcAfCfucccUfgGfcuguasgsu,INACTIVE_ANCHOR,6.0044,990.0,1.0,1.0,CALIBRATED_INACTIVE
UGCCCUGGGAUGAGAGCAUCU,AGAUGCTCUCAUCCCAGGGCAGG,usgscccuGfgGfAfUfgagagcaucuL96,asGfsaudGc(Tgn)cucaucCfcAfgggcasgsg,INACTIVE_ANCHOR,6.3331,464.4,1.0,1.0,CALIBRATED_INACTIVE
CAACAUCCUAGGACAUUUUUG,CAAAAATGUCCUAGGAUGUUGAC,csasacauCfcUfAfGfgacauuuuugL96,csAfsaaaa(Tgn)guccuaGfgAfuguugsasc,INACTIVE_ANCHOR,6.5229,300.0,1.0,1.0,CALIBRATED_INACTIVE
CAACAAACAUUAUAUUGAAUA,UAUUCAAUAUAAUGUUUGUUGUC,CfaAfcAfaAfcAfUfUfaUfaUfuGfaAfuAfL96,uAfuUfcAfaUfaUfaauGfuUfuGfuUfgsUfsc,INACTIVE_ANCHOR,6.5229,300.0,1.0,1.0,CALIBRATED_INACTIVE
CUUCCUGGCUUCCUGGUGA,UCACCAGGAAGCCAGGAAG,cuuccuGGcuuccuGGuGAdTsdT,UcACcAGGAAGCcAGGAAGdTsdT,INACTIVE_ANCHOR,6.0044,990.0,1.0,1.0,CALIBRATED_INACTIVE
CUCUACCUGGAUCAUAAUGGU,ACCATUAUGAUCCAGGUAGAGCU,csuscuaccuGfGfAfucauaaugguL96,asdCscadTudAugaudCcAfgguagagscsu,INACTIVE_ANCHOR,6.5229,300.0,1.0,1.0,CALIBRATED_INACTIVE
UCUACCACGUCGGGGCGACUU,GUCGCCCCGACGUGGUAGAUU,fUpsmCpsfUmAfCmCfAmCfGmUfCmGfGmGfGmCfGmAfCpsmUpsmU,mGpsfUpsmCfGmCfCmCfCmGfAmCfGmUfGmGfUmAfGmApsmUpsmU,INACTIVE_ANCHOR,6.1488,709.88,1.0,1.0,CALIBRATED_INACTIVE
UCAAACACGUCCCGGGAGGCA,UGCCTCCCGGGACGUGUUUGAUA,uscsaaa(Chd)acGfUfCfccgggaggcaL96,VPusGfsccdTc(C2p)cgggacGfuGfuuugasusa,INACTIVE_ANCHOR,6.5229,300.0,1.0,1.0,CALIBRATED_INACTIVE
AAAACAAAGAUUUGGUGUUUU,AAAACACCAAAUCUUUGUUUUCC,AfaAfaCfaAfaGfAfUfuUfgGfuGfuUfuUfL96,aAfaAfcAfcCfaAfaucUfuUfgUfuUfusCfsc,INACTIVE_ANCHOR,6.5229,300.0,1.0,1.0,CALIBRATED_INACTIVE
UCUUCGUGCCUGUUUUAUGUU,AACAUAAAACAGGCACGAAGAAA,uscsuuc(Ghd)UfgCfCfUfguuuuauguuL96,asAfscaua(Agn)aacaggCfaCfgaagasasa,INACTIVE_ANCHOR,6.5229,300.0,1.0,1.0,CALIBRATED_INACTIVE
GUCUCAAAAUGGAAGGUUAUA,UAUAACCUUCCAUUUUGAGACUU,GfuCfuCfaAfaAfUfGfgAfaGfgUfuAfuAfL96,uAfuAfaCfcUfuCfcauUfuUfgAfgAfcsUfsu,INACTIVE_ANCHOR,6.0044,990.0,1.0,1.0,CALIBRATED_INACTIVE
AAGAUGUCAGGGACUAGGGAU,ATCCCUAGUCCCUGACAUCUUCU,asasgaugucAfGfGfgacuagggauL96,asdTsccdCudAguccdCuGfacaucuuscsu,INACTIVE_ANCHOR,6.5229,300.0,1.0,1.0,CALIBRATED_INACTIVE
AAGCGUUGUUACCUGUUGAAU,AUUCAACAGGUAACAACGCUUCC,asasgcguUfgUfUfAfccuguugaauL96,asUfsucaAfcAfGfguaaCfaAfcgcuuscsc,INACTIVE_ANCHOR,6.5229,300.0,1.0,1.0,CALIBRATED_INACTIVE
UCUACUCCTACUUGGAGUCGU,ACGACUCCAAGTAGGAGUAGAUG,uscsuacuccdTadCuuggagucguL96,asdCsgadCudCcaagdTadGgaguagasusg,INACTIVE_ANCHOR,6.5229,300.0,1.0,1.0,CALIBRATED_INACTIVE
AAGCACCGAGAGAGAAUGUCU,AGACAUUCUCUCUCGGUGCUUGG,asasgca(Chd)CfgAfGfAfgagaauguscsu,asGfsacaUfuCfUfcucuCfgGfugcuusgsg,INACTIVE_ANCHOR,6.0044,990.0,1.0,1.0,CALIBRATED_INACTIVE
CAAGAUUAUGGCCUGUAUUGU,ACAAUACAGGCCAUAAUCUUGUG,csasagauUfaUfGfGfccuguauuguL96,asCfsaaua(Cgn)aggccaUfaAfucuugsusg,INACTIVE_ANCHOR,6.0044,990.0,1.0,1.0,CALIBRATED_INACTIVE
GGGCUGAGCUUUAAAAUGGUU,AACCAUUUUAAAGCUCAGCCCCA,gsgsgcugAgCUUuaaaaugguu,asAsccauUuuaaAgCuCagcccscsa,INACTIVE_ANCHOR,6.0044,990.0,1.0,1.0,CALIBRATED_INACTIVE
CGGAUGUGCCAGAUAUGGUGU,ACACCATAUCUGGCACAUCCGUC,csgsgaugugCfCfAfgauaugguguL96,asdCsacdCadTaucudGgCfacauccgsusc,INACTIVE_ANCHOR,6.5229,300.0,1.0,1.0,CALIBRATED_INACTIVE
UUGGGCAGUAUUUUGUGCU,AGCACAAAAUACUGCCCAA,UUGGGCAGUAUUUUGUGCUdTdT,AGCACAAAAUACUGCCCAAdTdT,INACTIVE_ANCHOR,5.994,1013.83,1.0,1.0,CALIBRATED_INACTIVE
UAUUGAGAAUGAAGUGUGCAA,UUGCACACUUCAUUCUCAAUAAC,UmsAmsUmUmGmAmGfAmAfUfGfAmAmGmUmGmUmGmCmAmAm,UmsUfsGmCmAmCfAmCmUmUmCmAmUmUfCmUfCmAmAmUmAmsAmsCm,INACTIVE_ANCHOR,5.3054,4950.0,1.0,1.0,CALIBRATED_INACTIVE
AUUUUGUGCUGGAAAACCC,GGGUUUUCCAGCACAAAAU,AUUUUGUGCUGGAAAACCCdTdT,GGGUUUUCCAGCACAAAAUdTdT,INACTIVE_ANCHOR,6.2855,518.18,1.0,1.0,CALIBRATED_INACTIVE
CUUCAGAGGCGUGCGAUAUGU,ACAUAUCGCACGCCUCUGAAGGA,csusucagAfgGfCfGfugcgauauguL96,asCfsauaUfcgcacgcCfuCfugaagsgsa,INACTIVE_ANCHOR,6.5229,300.0,1.0,1.0,CALIBRATED_INACTIVE
GAGGAGGAAGCAGAUAGAUGU,ACAUCUAUCUGCUUCCUCCUCCC,gsasggaggaAfGfCfagauagauguL96,asdCsaudCudAucugdCuUfccuccucscsc,INACTIVE_ANCHOR,6.2847,519.1,1.0,1.0,CALIBRATED_INACTIVE
GAGCUGAGUUGGUUUUAUGAU,AUCAUAAAACCAACUCAGCUCAG,gsasgcugAfgUfUfGfguuuuaugauL96,asUfscauAfaAfAfccaaCfuCfagcucsasg,INACTIVE_ANCHOR,6.5229,300.0,1.0,1.0,CALIBRATED_INACTIVE
GCCAAAACAACCAUCACCGUU,AACGGUGAUGGUUGUUUUGGCAU,gscscaaaAfcAfAfCfcaucaccguuL96,asAfscggu(Ggn)augguuGfuUfuuggcsasu,INACTIVE_ANCHOR,6.5229,300.0,1.0,1.0,CALIBRATED_INACTIVE
GGGACAUGGUCUUAAAGACUU,AAGUCUUUAAGACCAUGUCCCAA,GfgGfaCfaUfgGfUfCfuUfaAfaGfaCfuUfL96,aAfgUfcUfuUfaAfgacCfaUfgUfcCfcsAfsa,INACTIVE_ANCHOR,6.0044,990.0,1.0,1.0,CALIBRATED_INACTIVE
UCCUCACAGGCUGCAGCUC,GAGCUGCAGCCUGUGAGGA,uccucAcAGGcuGcAGcucdTsdT,GAGCUGcAGCCUGUGAGGAdTsdT,INACTIVE_ANCHOR,6.5229,300.0,1.0,1.0,CALIBRATED_INACTIVE
UAUAAUGGAGAUCCUCAUGGA,UCCAUGAGGAUCUCCAUUAUACG,usasuaauGfgAfGfAfuccucauggaL96,usCfscauGfaGfGfaucuCfcAfuuauascsg,INACTIVE_ANCHOR,6.5229,300.0,1.0,1.0,CALIBRATED_INACTIVE
AUGUCAGGGACUAGGGAGGGU,ACCCTCCCUAGTCCCUGACAUCU,asusgucaggGfAfCfuagggaggguL96,asdCsccdTcdCcuagdTcCfcugacauscsu,INACTIVE_ANCHOR,6.5229,300.0,1.0,1.0,CALIBRATED_INACTIVE
UGCUGGGAGAGAUAUGCCUUU,AGGCAUAUCUCUCCCAGCAUU,fUpsmGpsfCmUfGmGfGmAfGmAfGmAfUmAfUmGfCmCfUpsmUpsmU,mApsfGpsmGfCmAfUmAfUmCfUmCfUmCfCmCfAmGfCmApsmUpsmU,INACTIVE_ANCHOR,5.4807,3305.7,1.0,1.0,CALIBRATED_INACTIVE
GGGUGUCUAAGAUGAGAUUUU,AAAAUCUCAUCUUAGACACCCAG,gsgsguguCfuAfAfGfaugagauuuuL96,asAfsaauCfuCfAfucuuAfgAfcacccsasg,INACTIVE_ANCHOR,6.0044,990.0,1.0,1.0,CALIBRATED_INACTIVE
UUCUACCACGUCGGGGCGAUU,UCGCCCCGACGUGGUAGAAUU,fUpsmUpsfCmUfAmCfCmAfCmGfUmCfGmGfGmGfCmGfApsmUpsmU,mUpsfCpsmGfCmCfCmCfGmAfCmGfUmGfGmUfAmGfAmApsmUpsmU,INACTIVE_ANCHOR,5.3054,4950.0,1.0,1.0,CALIBRATED_INACTIVE
AAUAAUGCUGGGACAGUAUAU,AUAUACTGUCCCAGCAUUAUUCA,asasuaauGfcUfGfGfgacaguauauL96,asUfsauac(Tgn)gucccaGfcAfuuauuscsa,INACTIVE_ANCHOR,6.5229,300.0,1.0,1.0,CALIBRATED_INACTIVE
CCGAAAACUAGGCGUCACUGA,UCAGUGACGCCUAGUUUUCGGCA,cscsgaaaAfcUfAfGfgcgucacugaL96,usCfsaguGfaCfGfccuaGfuUfuucggscsa,INACTIVE_ANCHOR,5.8856,1301.35,1.0,1.0,CALIBRATED_INACTIVE
UCUGACUUUCGGUCCAAAGAC,GUCUUUGGACCGAAAGUCAGAUU,fUpsmCpsfUmGfAmCfUmUfUmCfGmGfUmCfCmAfAmAfGmApsfC,vmGpsfUpsmCfUmUfUmGfGmAfCmCfGmAfAmAfGmUfCmAfGmApsmUpsmU,INACTIVE_ANCHOR,6.3155,483.62,1.0,1.0,CALIBRATED_INACTIVE
CUACACAAGGACUGAACCAGA,UCUGGUUCAGUCCUUGUGUAGUC,csusacacAfaGfGfAfcugaaccagaL96,usCfsuggUfuCfAfguccUfuGfuguagsusc,INACTIVE_ANCHOR,6.4981,317.65,1.0,1.0,CALIBRATED_INACTIVE
UGGUGAAUAAUGCUGGGACAU,AUGUCCCAGCAUUAUUCACCACG,usgsgugaAfuAfAfUfgcugggacauL96,asUfsgucc(Cgn)agcauuAfuUfcaccascsg,INACTIVE_ANCHOR,6.0044,990.0,1.0,1.0,CALIBRATED_INACTIVE
GACAAAGGUGGAUACAUGAGA,UCUCAUGUAUCCACCUUUGUCUU,gsascaaaGfgUfGfGfauacaugagaL96,usCfsucaUfgUfAfuccaCfcUfuugucsusu,INACTIVE_ANCHOR,6.0044,990.0,1.0,1.0,CALIBRATED_INACTIVE
UGCCUGAGCGAGCACGCCCCG,CGGGGCGUGCUCGCUCAGGCAUU,fUpsmGpsfCmCfUmGfAmGfCmGfAmGfCmAfCmGfCmCfCmCpsfG,vmCpsfGpsmGfGmGfCmGfUmGfCmUfCmGfCmUfCmAfGmGfCmApsmUpsmU,INACTIVE_ANCHOR,6.4846,327.64,1.0,1.0,CALIBRATED_INACTIVE
UCUCUGCCAAAGAUGUCAU,AUGACAUCUUUGGCAGAGA,ucucuGccAAAGAuGucAudTsdT,AUGACAUCUUUGGcAGAGAdTsdT,INACTIVE_ANCHOR,6.0044,990.0,1.0,1.0,CALIBRATED_INACTIVE
AGCGUGUCAACCCAAAGUUUA,UAAACUUUGGGUUGACACGCUGC,asgscgu(Ghd)UfcAfAfCfccaaaguuuaL96,VPusAfsaacUfuUfGfgguuGfaCfacgcusgsc,INACTIVE_ANCHOR,6.0044,990.0,1.0,1.0,CALIBRATED_INACTIVE
CUUCUCUGCCAAAGAUGUC,GACAUCUUUGGCAGAGAAG,cuucucuGccAAAGAuGucdTsdT,GACAUCUUUGGcAGAGAAGdTsdT,INACTIVE_ANCHOR,6.5229,300.0,1.0,1.0,CALIBRATED_INACTIVE
AGACUGAUCCACUUCUCUG,CAGAGAAGUGGAUCAGUCU,AGAcuGAuccAcuucucuGdTsdT,CAGAGAAGUGGAUCAGUCUdTsdT,INACTIVE_ANCHOR,6.0044,990.0,1.0,1.0,CALIBRATED_INACTIVE
AGAAGGGCAUCUGCAACAGGC,GCCUGUUGCAGAUGCCCUUCUUU,fApsmGpsfAmAfGmGfGmCfAmUfCmUfGmCfAmAfCmAfGmGpsfC,vmGpsfCpsmCfUmGfUmUfGmCfAmGfAmUfGmCfCmCfUmUfCmUpsmUpsmU,INACTIVE_ANCHOR,5.3054,4950.0,1.0,1.0,CALIBRATED_INACTIVE
ACAUCAGCAUGCGUUAAUUCU,AGAAUUAACGCAUGCUGAUGUAU,ascsaucaGfcAfUfGfcguuaauucuL96,asGfsaauUfaAfCfgcauGfcUfgaugusasu,INACTIVE_ANCHOR,6.5229,300.0,1.0,1.0,CALIBRATED_INACTIVE
UUCCAGGUUGGCUGAUGUGUU,AACACATCAGCCAACCUGGAACU,ususccagguUfGfGfcugauguguuL96,asdAscadCadTcagcdCaAfccuggaascsu,INACTIVE_ANCHOR,6.5229,300.0,1.0,1.0,CALIBRATED_INACTIVE
AUCGUCACAGUGGCUUCAGUA,UACUGAAGCCACUGUGACGAUGU,asuscgucAfcAfGfUfggcuucaguaL96,usAfscugAfaGfCfcacuGfuGfacgausgsu,INACTIVE_ANCHOR,6.5229,300.0,1.0,1.0,CALIBRATED_INACTIVE
UCUUCAAUUACCAAGAAUUCU,AGAAUUCUUGGUAAUUGAAGACC,uscsuuc(Ahd)AfuUfAfCfcaagaauucuL96,asGfsaauu(Cgn)uugguaAfuUfgaagascsc,INACTIVE_ANCHOR,6.0044,990.0,1.0,1.0,CALIBRATED_INACTIVE
AAUGCUGCAAAGCUUUAUUUC,GAAAUAAAGCUUUGCAGCAUUGA,asasugcuGfcAfAfAfgcuuuauuucL96,gsAfsaaua(Agn)agcuuuGfcAfgcauusgsa,INACTIVE_ANCHOR,6.0044,990.0,1.0,1.0,CALIBRATED_INACTIVE
UAUAUCAGAAACAGAAUCAGGUGUCA,TGACACCUGAUUCUGUUUCUGAGUAU,uAuAusCfsaGfaAfaCfagaAfuCfaGfgUfgUfcAf,dTsGfsaCfaCfcUfgAfuucUfgUfuucugAfsgsuAu,INACTIVE_ANCHOR,6.0044,990.0,1.0,1.0,CALIBRATED_INACTIVE
UUGGUUCUGUGGGAUAUUAAU,ATUAAUAUCCCACAGAACCAAUA,ususgguucudGudGggauauuaauL96,asdTsuadAudAucccdAcdAgaaccaasusa,INACTIVE_ANCHOR,6.505,312.58,1.0,1.0,CALIBRATED_INACTIVE
AAAAUAGGCAUCUCUCUUACU,AGUAAGAGAGAUGCCUAUUUUGC,asasaauaGfgCfAfUfcucucuuacuL96,asGfsuaaGfaGfAfgaugCfcUfauuuusgsc,INACTIVE_ANCHOR,6.0044,990.0,1.0,1.0,CALIBRATED_INACTIVE
UCAGAGGCGUGCGAUAUGUGU,ACACAUAUCGCACGCCUCUGAAG,uscsagagGfcGfUfGfcgauauguguL96,asCfsacaUfaucgcacGfcCfucugasasg,INACTIVE_ANCHOR,6.0044,990.0,1.0,1.0,CALIBRATED_INACTIVE
UACAUAUGCUUUAAGAAUCGA,UCGAUUCUUAAAGCAUAUGUAAA,usascau(Ahd)UfgCfUfUfuaagaaucgaL96,usCfsgauu(Cgn)uuaaagCfaUfauguasasa,INACTIVE_ANCHOR,6.0044,990.0,1.0,1.0,CALIBRATED_INACTIVE
CUCCAGGUCCCAAAUGCCAGU,ACUGGCAUUUGGGACCUGGAGGC,csusccagGfuCfCfCfaaaugccaguL96,asCfsugdGc(Agn)uuugggAfcCfuggagsgsc,INACTIVE_ANCHOR,6.2503,562.0,1.0,1.0,CALIBRATED_INACTIVE
AGAUGGAAUACUUACCAAUAA,UUAUUGGUAAGUAUUCCAUCUUU,L025L025mA*mGmAmUmGmGfAmAfUfAfCmUmUmAmCmCmAmAmUmA*mA,mU*fU*mAmUmUfGmGmUmAmAmGmUmAfUmUfCmCmAmUmCmU*mU*mU,INACTIVE_ANCHOR,6.3764,420.37,1.0,1.0,CALIBRATED_INACTIVE
GAUAACCUUGACUACUAAAAU,AUUUUAGUAGUCAAGGUUAUCAU,gsasuaacCfuUfGfAfcuacuaaaauL96,asUfsuuuAfgUfAfgucaAfgGfuuaucsasu,INACTIVE_ANCHOR,6.5229,300.0,1.0,1.0,CALIBRATED_INACTIVE
CCCAUAUUGUUCCAGCAAAUU,AAUUUGCUGGAACAAUAUGGGAU,cscscauaUfuGfUfUfccagcaaauuL96,asAfsuuug(Cgn)uggaacAfaUfaugggsasu,INACTIVE_ANCHOR,6.5229,300.0,1.0,1.0,CALIBRATED_INACTIVE
AUGCUGAAGAAGUACGUCCGA,UCGGACGUACUUCUUCAGCAUAU,asusgcu(Ghd)AfaGfAfAfguacguccgaL96,VPusCfsggaCfgUfAfcuucUfuCfagcausasu,INACTIVE_ANCHOR,6.0044,990.0,1.0,1.0,CALIBRATED_INACTIVE
UCCAGGUUGGCUGAUGUGUUU,AAACACAUCAGCCAACCUGGAAU,uscscaggUfuGfGfCfugauguguuuL96,asAfsacdAc(Agn)ucagccAfaCfcuggasasu,INACTIVE_ANCHOR,6.0044,990.0,1.0,1.0,CALIBRATED_INACTIVE
CCAAAAGUGGACCCUCUAUAA,UUAUAGAGGGUCCACUUUUGGUU,L025L025mC*mCmAmAmAmAfGmUfGfGfAmCmCmCmUmCmUmAmUmA*mA,mU*fU*mAmUmAfGmAmGmGmGmUmCmCfAmCfUmUmUmUmGmG*mU*mU,INACTIVE_ANCHOR,6.5229,300.0,1.0,1.0,CALIBRATED_INACTIVE
GAUUGUCCAGAGACUGGUGAA,UUCACCAGUCUCUGGACAAUCGC,gsasuuguCfcAfGfAfgacuggugaaL96,usUfscacCfaGfUfcucuGfgAfcaaucsgsc,INACTIVE_ANCHOR,6.5229,300.0,1.0,1.0,CALIBRATED_INACTIVE
GCACUUCUUCCAUCGAUGAUU,AAUCAUCGAUGGAAGAAGUGCUU,gscsacuuCfuUfCfCfaucgaugauuL96,asAfsucau(Cgn)gauggaAfgAfagugcsusu,INACTIVE_ANCHOR,6.5229,300.0,1.0,1.0,CALIBRATED_INACTIVE
UGCCUUCGAGGAUAUUUGGAU,AUCCAAAUAUCCUCGAAGGCAUA,usgsccuuCfgAfGfGfauauuuggauL96,asUfsccaAfaUfAfuccuCfgAfaggcasusa,INACTIVE_ANCHOR,6.0044,990.0,1.0,1.0,CALIBRATED_INACTIVE
GCUAGCCAAGCAGCAAAUCCU,AGGATUTGCUGCUUGGCUAGCUC,gscsuagcCfaAfGfCfagcaaauccuL96,asGfsgadTu(Tgn)gcugcuUfgGfcuagcsusc,INACTIVE_ANCHOR,6.5229,300.0,1.0,1.0,CALIBRATED_INACTIVE
CAAGUCCACGAACUUUCUUUU,AAGAAAGUUCGUGGACUUGUU,fCpsmApsfAmGfUmCfCmAfCmGfAmAfCmUfUmUfCmUfUpsmUpsmU,mApsfApsmGfAmAfAmGfUmUfCmGfUmGfGmAfCmUfUmGpsmUpsmU,INACTIVE_ANCHOR,6.1915,643.48,1.0,1.0,CALIBRATED_INACTIVE
CUGAAGUUUCAUUUAUGAUAU,AUAUCATAAAUGAAACUUCAGAC,csusgaa(Ghd)UfuUfCfAfuuuaugauauL96,asUfsauca(Tgn)aaaugaAfaCfuucagsasc,INACTIVE_ANCHOR,6.5229,300.0,1.0,1.0,CALIBRATED_INACTIVE
UUGCAGCCAUGAUGCUGUC,GACAGCAUCAUGGCUGCAA,uuGcAGccAuGAuGcuGucdTsdT,GAcAGcAUcAUGGCUGcAAdTsdT,INACTIVE_ANCHOR,6.0044,990.0,1.0,1.0,CALIBRATED_INACTIVE
ACAUCACCAACCUGGGCUGGU,ACCAGCCCAGGTUGGUGAUGUGG,ascsaucaccAfAfCfcugggcugguL96,asdCscadGcdCcaggdTuGfgugaugusgsg,INACTIVE_ANCHOR,6.1297,741.88,1.0,1.0,CALIBRATED_INACTIVE
CAGCCGUUGCCAUCUGCUG,CAGCAGAUGGCAACGGCUG,cAGccGuuGccAucuGcuGdTsdT,CAGcAGAUGGcAACGGCUGdTsdT,INACTIVE_ANCHOR,6.0044,990.0,1.0,1.0,CALIBRATED_INACTIVE
GCACUAAGCCUAAGAAGUUCU,AGAACUTCUUAGGCUUAGUGCCU,gscsacuaagCfCfUfaagaaguucuL96,asdGsaadCudTcuuadGgCfuuagugcscsu,INACTIVE_ANCHOR,6.5229,300.0,1.0,1.0,CALIBRATED_INACTIVE
UACACAGGGAAGGUUUAAGAA,UUCUUAAACCUUCCCUGUGUAAA,usascacaGfgGfAfAfgguuuaagaaL96,usUfscuuAfaAfCfcuucCfcUfguguasasa,INACTIVE_ANCHOR,6.5229,300.0,1.0,1.0,CALIBRATED_INACTIVE
CUGCACAGGGAACCUCUACUU,GUAGAGGUUCCCUGUGCAGUU,fCpsmUpsfGmCfAmCfAmGfGmGfAmAfCmCfUmCfUmAfCpsmUpsmU,mGpsfUpsmAfGmAfGmGfUmUfCmCfCmUfGmUfGmCfAmGpsmUpsmU,INACTIVE_ANCHOR,6.4789,331.97,1.0,1.0,CALIBRATED_INACTIVE
UUAGGAUAAUGUCUUAUGU,ACAUAAGACAUUAUCCUAAUG,ususaggaUfAfAfugucuuauguL96,asCfsaudAadGacauuaUfcCfuaasusg,INACTIVE_ANCHOR,6.5229,300.0,1.0,1.0,CALIBRATED_INACTIVE
GAGGAGCUGGUGCUAGCCU,AGGCUAGCACCAGCUCCUC,GAGGAGcuGGuGcuAGccudTsdT,AGGCuAGcACcAGCUCCUCdTsdT,INACTIVE_ANCHOR,6.0044,990.0,1.0,1.0,CALIBRATED_INACTIVE
CUGAGUGCCGAAAACUAGGCU,AGCCTAGUUUUCGGCACUCAGCU,csusgagugcdCgdAaaacuaggcuL96,asdGsccdTadGuuuudCgdGcacucagscsu,INACTIVE_ANCHOR,6.5229,300.0,1.0,1.0,CALIBRATED_INACTIVE
CAUCUGCCCUAAAGUCAAGUU,AACUUGACUUUAGGGCAGAUGUC,csasucugCfcCfUfAfaagucaaguuL96,asAfscuuGfaCfUfuuagGfgCfagaugsusc,INACTIVE_ANCHOR,6.5229,300.0,1.0,1.0,CALIBRATED_INACTIVE
ACGACGCAGAGCGCGGCUGUU,CAGCCGCGCUCUGCGUCGUUU,fApsmCpsfGmAfCmGfCmAfGmAfGmCfGmCfGmGfCmUfGpsmUpsmU,mCpsfApsmGfCmCfGmCfGmCfUmCfUmGfCmGfUmCfGmUpsmUpsmU,INACTIVE_ANCHOR,5.8475,1420.59,1.0,1.0,CALIBRATED_INACTIVE
UUGUAUAUUAUUCUUGUGGUU,AACCACAAGAAUAAUAUACAACU,ususgua(Uhd)AfuUfAfUfucuugugguuL96,asAfsccac(Agn)agaauaAfuAfuacaascsu,INACTIVE_ANCHOR,6.4752,334.83,1.0,1.0,CALIBRATED_INACTIVE
UUCAGUUGGGACAUGGUCUUA,UAAGACCAUGUCCCAACUGAAGG,UfuCfaGfuUfgGfGfAfcAfuGfgUfcUfuAfL96,uAfaGfaCfcAfuGfuccCfaAfcUfgAfasGfsg,INACTIVE_ANCHOR,6.0044,990.0,1.0,1.0,CALIBRATED_INACTIVE
GUGCUAAAGUUUCCCAUCUUU,AAAGAUGGGAAACUUUAGCACCU,gsusgcuaAfaGfUfUfucccaucuuuL96,asAfsagaUfgGfGfaaacUfuUfagcacscsu,INACTIVE_ANCHOR,6.0044,990.0,1.0,1.0,CALIBRATED_INACTIVE
GGAUUGAAUGGAUACACCAAA,UUUGGUGUAUCCAUUCAAUCCUU,gsgsauugAfaUfGfGfauacaccaaaL96,usUfsuggUfgUfAfuccaUfuCfaauccsusu,INACTIVE_ANCHOR,6.0044,990.0,1.0,1.0,CALIBRATED_INACTIVE
GGCUUCCUGGGCUUCUACCAA,UUGGUAGAAGCCCAGGAAGCCGC,gsgscuucCfuGfGfGfcuucuaccaaL96,usUfsgguAfgAfAfgcccAfgGfaagccsgsc,INACTIVE_ANCHOR,6.5229,300.0,1.0,1.0,CALIBRATED_INACTIVE
UUUUUAAGGAUUCUUGGGA,UCCCAAGAAUCCUUAAAAA,UUUUUAAGGAUUCUUGGGAdTdT,UCCCAAGAAUCCUUAAAAAdTdT,INACTIVE_ANCHOR,5.3054,4950.0,1.0,1.0,CALIBRATED_INACTIVE
AAAAGUGGACCCUCUAUAUUU,AAAUAUAGAGGGUCCACUUUUGG,asasaaguGfgAfCfCfcucuauauuuL96,asAfsauau(Agn)gaggguCfcAfcuuuusgsg,INACTIVE_ANCHOR,6.0044,990.0,1.0,1.0,CALIBRATED_INACTIVE
GGACAGUATATCCAGCCGAUU,AAUCGGCUGGATATACUGUCCCA,gsgsacaguadTadTccagccgauuL96,asdAsucdGgdCuggadTadTacuguccscsa,INACTIVE_ANCHOR,6.5229,300.0,1.0,1.0,CALIBRATED_INACTIVE
CGCCCCGCACCUCCUCCGCGA,UCGCGGAGGAGGUGCGGGGCGUU,fCpsmGpsfCmCfCmCfGmCfAmCfCmUfCmCfUmCfCmGfCmGpsfA,vmUpsfCpsmGfCmGfGmAfGmGfAmGfGmUfGmCfGmGfGmGfCmGpsmUpsmU,INACTIVE_ANCHOR,5.6571,2202.25,1.0,1.0,CALIBRATED_INACTIVE
UGUGUCUGCUCCCCGCCUCUU,GAGGCGGGGAGCAGACACAUU,fUpsmGpsfUmGfUmCfUmGfCmUfCmCfCmCfGmCfCmUfCpsmUpsmU,mGpsfApsmGfGmCfGmGfGmGfAmGfCmAfGmAfCmAfCmApsmUpsmU,INACTIVE_ANCHOR,5.3054,4950.0,1.0,1.0,CALIBRATED_INACTIVE
AUCACAGUUGGGGCCACCA,UGGUGGCCCCAACUGUGAU,AucAcAGuuGGGGccAccAdTsdT,UGGUGGCCCCAACUGUGAUdTsdT,INACTIVE_ANCHOR,6.5229,300.0,1.0,1.0,CALIBRATED_INACTIVE
GCUAGCCUUGCGUUCCGAG,CUCGGAACGCAAGGCUAGC,GcuAGccuuGcGuuccGAGdTsdT,CUCGGAACGcAAGGCuAGCdTsdT,INACTIVE_ANCHOR,6.0044,990.0,1.0,1.0,CALIBRATED_INACTIVE
CUUGUGCGGAAGGCCAGGAGU,ACUCCUGGCCUUCCGCACAAGUU,fCpsmUpsfUmGfUmGfCmGfGmAfAmGfGmCfCmAfGmGfAmGpsfU,vmApsfCpsmUfCmCfUmGfGmCfCmUfUmCfCmGfCmAfCmAfAmGpsmUpsmU,INACTIVE_ANCHOR,6.5229,300.0,1.0,1.0,CALIBRATED_INACTIVE
CUGAGUUGGUUUUAUGAAAAU,AUUUUCAUAAAACCAACUCAGCU,csusgaguUfgGfUfUfuuaugaaaauL96,asUfsuuuCfaUfAfaaacCfaAfcucagscsu,INACTIVE_ANCHOR,6.3314,466.19,1.0,1.0,CALIBRATED_INACTIVE
GUGGAUACAUGAGCAAGAUUU,AAAUCUUGCUCAUGUAUCCACCU,gsusggauAfcAfUfGfagcaagauuuL96,asAfsaucUfuGfCfucauGfuAfuccacscsu,INACTIVE_ANCHOR,6.0044,990.0,1.0,1.0,CALIBRATED_INACTIVE
GCCCUGUACCCUGCCUGUGUU,CACAGGCAGGGUACAGGGCUU,fGpsmCpsfCmCfUmGfUmAfCmCfCmUfGmCfCmUfGmUfGpsmUpsmU,mCpsfApsmCfAmGfGmCfAmGfGmGfUmAfCmAfGmGfGmCpsmUpsmU,INACTIVE_ANCHOR,6.432,369.82,1.0,1.0,CALIBRATED_INACTIVE
UCACAAAAGCACUUCUUCCAA,UUGGAAGAAGUGCUUUUGUGAUU,L025L025mU*mCmAmCmAmAfAmAfGfCfAmCmUmUmCmUmUmCmCmA*mA,mU*fU*mGmGmAfAmGmAmAmGmUmGmCfUmUfUmUmGmUmGmA*mU*mU,INACTIVE_ANCHOR,6.5229,300.0,1.0,1.0,CALIBRATED_INACTIVE
UCCUGGCUUCCUGGUGAAG,CUUCACCAGGAAGCCAGGA,uccuGGcuuccuGGuGAAGdTsdT,CUUcACcAGGAAGCcAGGAdTsdT,INACTIVE_ANCHOR,6.0044,990.0,1.0,1.0,CALIBRATED_INACTIVE
AGCAACCAACUUCAGGCCC,GGGCCUGAAGUUGGUUGCU,AGCAACCAACUUCAGGCCCdTdT,GGGCCUGAAGUUGGUUGCUdTdT,INACTIVE_ANCHOR,6.5229,300.0,1.0,1.0,CALIBRATED_INACTIVE
UACUGGGUTCACCAAAAAUCU,AGAUTUTUGGUGAACCCAGUAUU,usascugggudTcdAccaaaaaucuL96,asdGsaudTudTuggudGadAcccaguasusu,INACTIVE_ANCHOR,6.5229,300.0,1.0,1.0,CALIBRATED_INACTIVE
UUUAAAAUGGUUCCGACUUGU,ACAAGUCGGAACCAUUUUAAAGC,ususuaaaAuGGUuccgacuugu,asCsaaguCggaaCcAuUuuaaasgsc,INACTIVE_ANCHOR,6.4903,323.33,1.0,1.0,CALIBRATED_INACTIVE
AUCGCUCUCUAAAUCAGGUGA,UCACCUGAUUUAGAGAGCGAUAG,asuscgcucudCudAaaucaggugaL96,usdCsacdCudGauuudAgdAgagcgausasg,INACTIVE_ANCHOR,6.5229,300.0,1.0,1.0,CALIBRATED_INACTIVE
UACGCCAUUGCCAGGUGCU,AGCACCUGGCAAUGGCGUA,uAcGccAuuGccAGGuGcudTsdT,AGcACCUGGcAAUGGCGuAdTsdT,INACTIVE_ANCHOR,6.0044,990.0,1.0,1.0,CALIBRATED_INACTIVE
AUUAAUGGUCAGACUGUUCCU,AGGAACAGUCUGACCAUUAAUAG,asusuaauGfgUfCfAfgacuguuccuL96,asGfsgaaCfaGfUfcugaCfcAfuuaausasg,INACTIVE_ANCHOR,6.0044,990.0,1.0,1.0,CALIBRATED_INACTIVE
CAUAUAAACUACAAGUCAAAA,UUUUGACUUGUAGUUUAUAUGUA,CfaUfaUfaAfaCfUfAfcAfaGfuCfaAfaAfL96,uUfuUfgAfcUfuGfuagUfuUfaUfaUfgsUfsa,INACTIVE_ANCHOR,6.5229,300.0,1.0,1.0,CALIBRATED_INACTIVE
UAUGUGUAAAAAUCUGUAAUA,UAUUACAGAUUUUUACACAUACU,UfaUfgUfgUfaAfAfAfaUfcUfgUfaAfuAfL96,uAfuUfaCfaGfaUfuuuUfaCfaCfaUfasCfsu,INACTIVE_ANCHOR,6.0044,990.0,1.0,1.0,CALIBRATED_INACTIVE
AGACAAUUUUAGGCUCAAAAA,UUUUUGAGCCUAAAAUUGUCUUU,L025L025mA*mGmAmCmAmAfUmUfUfUfAmGmGmCmUmCmAmAmAmA*mA,mU*fU*mUmUmUfGmAmGmCmCmUmAmAfAmAfUmUmGmUmCmU*mU*mU,INACTIVE_ANCHOR,6.5205,301.62,1.0,1.0,CALIBRATED_INACTIVE
UCAGCGAUUUUAAAUCGUAUA,UAUACGAUUUAAAAUCGCUGAGG,uscsagcgAfuUfUfUfaaaucguauaL96,usAfsuacGfaUfUfuaaaAfuCfgcugasgsg,INACTIVE_ANCHOR,6.5229,300.0,1.0,1.0,CALIBRATED_INACTIVE
UUCUUUCAGAGGUGCUAAAGU,ACUUUAGCACCUCUGAAAGAAUC,ususcuuuCfaGfAfGfgugcuaaaguL96,asCfsuuuAfgCfAfccucUfgAfaagaasusc,INACTIVE_ANCHOR,6.0044,990.0,1.0,1.0,CALIBRATED_INACTIVE
CAAACACGUCCCGGGAGGCGA,UCGCCUCCCGGGACGUGUUUGAU,csasaac(Ahd)cgUfCfCfcgggaggcgaL96,VPusCfsgcdCu(C2p)ccgggaCfgUfguuugsasu,INACTIVE_ANCHOR,6.0044,990.0,1.0,1.0,CALIBRATED_INACTIVE
CAUCAUCUACUCCUACUUGGA,UCCAAGTAGGAGUAGAUGAUGGU,csasucauCfuAfCfUfccuacuuggaL96,usCfscaag(Tgn)aggaguAfgAfugaugsgsu,INACTIVE_ANCHOR,6.5229,300.0,1.0,1.0,CALIBRATED_INACTIVE
UCUAAUACAUCAGCAUGCGUU,AACGCATGCUGAUGUAUUAGAGU,uscsuaauAfcAfUfCfagcaugcguuL96,asAfscgca(Tgn)gcugauGfuAfuuagasgsu,INACTIVE_ANCHOR,5.964,1086.36,1.0,1.0,CALIBRATED_INACTIVE
AGAAGUUUCUUCCUGAACGCU,AGCGUUCAGGAAGAAACUUCUGU,asgsaaguUfuCfUfUfccugaacgcuL96,asGfscguu(Cgn)aggaagAfaAfcuucusgsu,INACTIVE_ANCHOR,6.5229,300.0,1.0,1.0,CALIBRATED_INACTIVE
UGGAGGCUUAGCUUUCUGGAU,AUCCAGAAAGCUAAGCCUCCAUU,Ums-Gms-Gm-Am-Gm-Gm-Cf-Um-Uf-Af-Gf-Cm-Um-Um-Um-Cm-Uf-Gm-Gm-Am-Um,Ams-Ufs-Cf-Cf-Am-Gf-Agna-Am-Am-Gm-Cm-Um-Am-Af-Gm-Cf-Cm-Um-Cm-Cm-Ams-Ums-Um,INACTIVE_ANCHOR,6.5229,300.0,1.0,1.0,CALIBRATED_INACTIVE
AGAAUGGGGGUGGGGAGGCAU,ATGCCUCCCCACCCCCAUUCUCU,asgsaaugggGfGfUfggggaggcauL96,asdTsgcdCudCcccadCcCfccauucuscsu,INACTIVE_ANCHOR,6.5229,300.0,1.0,1.0,CALIBRATED_INACTIVE
UUGGGGCCACCAAUGCCCA,UGGGCAUUGGUGGCCCCAA,uuGGGGccAccAAuGcccAdTsdT,UGGGcAUUGGUGGCCCcAAdTsdT,INACTIVE_ANCHOR,6.3521,444.55,1.0,1.0,CALIBRATED_INACTIVE
UGCUGCCUCUUUCCAUUCUGU,ACAGAATGGAAAGAGGCAGCACU,usgscugccuCfUfUfuccauucuguL96,asdCsagdAadTggaadAgAfggcagcascsu,INACTIVE_ANCHOR,6.5229,300.0,1.0,1.0,CALIBRATED_INACTIVE
GAUACAUGAGCAAGAUUUGCU,AGCAAAUCUUGCUCAUGUAUCCA,gsasuacaUfgAfGfCfaagauuugcuL96,asGfscaaAfucuugcuCfaUfguaucscsa,INACTIVE_ANCHOR,6.4721,337.22,1.0,1.0,CALIBRATED_INACTIVE
AAGAUUAUGGCCUGUAUUGGA,UCCAAUACAGGCCAUAAUCUUGU,asasgauuAfuGfGfCfcuguauuggaL96,usCfscaau(Agn)caggccAfuAfaucuusgsu,INACTIVE_ANCHOR,6.5229,300.0,1.0,1.0,CALIBRATED_INACTIVE
GAAGUCAUCCUCAGAAGGGAU,AUCCCUUCUGAGGAUGACUUCAG,gsasagucAfuCfCfUfcagaagggauL96,asUfscccUfucugaggAfuGfacuucsasg,INACTIVE_ANCHOR,6.5229,300.0,1.0,1.0,CALIBRATED_INACTIVE
GGGAAAACGUUCUGGUGUCUG,CAGACACCAGAACGUUUUCCCUU,fGpsmGpsfGmAfAmAfAmCfGmUfUmCfUmGfGmUfGmUfCmUpsfG,vmCpsfApsmGfAmCfAmCfCmAfGmAfAmCfGmUfUmUfUmCfCmCpsmUpsmU,INACTIVE_ANCHOR,6.4066,392.09,1.0,1.0,CALIBRATED_INACTIVE
UGUGACGUGGAGGAUCCCAGA,UCUGGGAUCCUCCACGUCACAGG,usgsugacGfuGfGfAfggaucccagaL96,usCfsuggGfaUfCfcuccAfcGfucacasgsg,INACTIVE_ANCHOR,6.5229,300.0,1.0,1.0,CALIBRATED_INACTIVE
CGCGCGCAUGUUGUUCGGCUU,GCCGAACAACAUGCGCGCGUU,fCpsmGpsfCmGfCmGfCmAfUmGfUmUfGmUfUmCfGmGfCpsmUpsmU,mGpsfCpsmCfGmAfAmCfAmAfCmAfUmGfCmGfCmGfCmGpsmUpsmU,INACTIVE_ANCHOR,5.3054,4950.0,1.0,1.0,CALIBRATED_INACTIVE
UCACCGCUGCCGGCAACUU,AAGUUGCCGGCAGCGGUGA,ucAccGcuGccGGcAAcuudTsdT,AAGUUGCCGGcAGCGGUGAdTsdT,INACTIVE_ANCHOR,6.5229,300.0,1.0,1.0,CALIBRATED_INACTIVE
CAUUUGAGGUCAACAUCCUAU,AUAGGATGUUGACCUCAAAUGUC,csasuuugAfgGfUfCfaacauccuauL96,asUfsagga(Tgn)guugacCfuCfaaaugsusc,INACTIVE_ANCHOR,6.5229,300.0,1.0,1.0,CALIBRATED_INACTIVE
AACGUUCUGGUGUCUGACUUU,AAAGUCAGACACCAGAACGUUUU,asascguuCfuGfGfUfgucugacuuuL96,asAfsaguCfaGfAfcaccAfgAfacguususu,INACTIVE_ANCHOR,6.5229,300.0,1.0,1.0,CALIBRATED_INACTIVE
ACACCCUGACUCUCAGUGC,GCACUGAGAGUCAGGGUGU,ACACCCUGACUCUCAGUGCdTdT,GCACUGAGAGUCAGGGUGUdTdT,INACTIVE_ANCHOR,6.3611,435.44,1.0,1.0,CALIBRATED_INACTIVE
UAGACUUCCAGGAACUGGGAU,ATCCCAGUUCCTGGAAGUCUACG,usasgacuucCfAfGfgaacugggauL96,asdTsccdCadGuuccdTgGfaagucuascsg,INACTIVE_ANCHOR,6.2405,574.8,1.0,1.0,CALIBRATED_INACTIVE
GCAGGUCCUCUCAGAUCUUGU,ACAAGAUCUGAGAGGACCUGCAG,gscsagguCfcUfCfUfcagaucuuguL96,asCfsaagAfucugagaGfgAfccugcsasg,INACTIVE_ANCHOR,6.5229,300.0,1.0,1.0,CALIBRATED_INACTIVE
UGCAGCUGAGUGCCGAAAACU,AGUUUUCGGCACUCAGCUGCAGU,usgscagcUfgAfGfUfgccgaaaacuL96,asGfsuuuu(Cgn)ggcacuCfaGfcugcasgsu,INACTIVE_ANCHOR,6.5229,300.0,1.0,1.0,CALIBRATED_INACTIVE
GAAUGAACUGAGGCAAAUUUA,UAAAUUUGCCUCAGUUCAUUCAA,GfaAfuGfaAfcUfGfAfgGfcAfaAfuUfuAfL96,uAfaAfuUfuGfcCfucaGfuUfcAfuUfcsAfsa,INACTIVE_ANCHOR,6.5229,300.0,1.0,1.0,CALIBRATED_INACTIVE
CAGCUCCCAGCCAGGAUUC,GAAUCCUGGCUGGGAGCUG,cAGcucccAGccAGGAuucdTsdT,GAAUCCUGGCUGGGAGCUGdTsdT,INACTIVE_ANCHOR,6.5229,300.0,1.0,1.0,CALIBRATED_INACTIVE
UGGGGCAUUUCACCAUUCAAA,UUUGAAUGGUGAAAUGCCCCACA,usgsgggcAuUUCaccauucaaa,usUsugaaUggugAaAuGccccascsa,INACTIVE_ANCHOR,6.0044,990.0,1.0,1.0,CALIBRATED_INACTIVE
AUAGCGACAGUGAUCGUCAUU,AAUGACGAUCACUGUCGCUAUGA,asusagc(Ghd)AfcAfGfUfgaucgucauuL96,asAfsugac(Ggn)aucacuGfuCfgcuausgsa,INACTIVE_ANCHOR,6.5229,300.0,1.0,1.0,CALIBRATED_INACTIVE
AUGCCAUCUUUGACCGAAACU,AGUUUCGGUCAAAGAUGGCAUGA,asusgcc(Ahd)UfcUfUfUfgaccgaaacuL96,asGfsuuuc(Ggn)gucaaaGfaUfggcausgsa,INACTIVE_ANCHOR,6.5229,300.0,1.0,1.0,CALIBRATED_INACTIVE
GGCUGAGCUUUAAAAUGGUUC,GAACCAUUUUAAAGCUCAGCCCC,gsgscugaGcUUUaaaaugguuc,gsAsaccaUuuuaAaGcUcagccscsc,INACTIVE_ANCHOR,6.4752,334.83,1.0,1.0,CALIBRATED_INACTIVE
GAUCUACUUUCAGCCUUCCUU,AAGGAAGGCUGAAAGUAGAUCAU,gsasucuaCfuUfUfCfagccuuccuuL96,asAfsggaAfgGfCfugaaAfgUfagaucsasu,INACTIVE_ANCHOR,6.5229,300.0,1.0,1.0,CALIBRATED_INACTIVE
UUUUAUGAAAAGCUAGGAAGA,UCUUCCUAGCUUUUCAUAAAACC,ususuuauGfaAfAfAfgcuaggaagaL96,usCfsuucCfuAfGfcuuuUfcAfuaaaascsc,INACTIVE_ANCHOR,6.0044,990.0,1.0,1.0,CALIBRATED_INACTIVE
CACCUCCUCCGCGACGCGCGC,GCGCGCGUCGCGGAGGAGGUGUU,fCpsmApsfCmCfUmCfCmUfCmCfGmCfGmAfCmGfCmGfCmGpsfC,vmGpsfCpsmGfCmGfCmGfUmCfGmCfGmGfAmGfGmAfGmGfUmGpsmUpsmU,INACTIVE_ANCHOR,5.3054,4950.0,1.0,1.0,CALIBRATED_INACTIVE
UCCCAGGUUUGUGCCCGAAUA,UAUUCGGGCACAAACCUGGGAUG,uscsccagGfuUfUfGfugcccgaauaL96,usAfsuucGfgGfCfacaaAfcCfugggasusg,INACTIVE_ANCHOR,6.0044,990.0,1.0,1.0,CALIBRATED_INACTIVE
CGAAGUCGUGGAUGCCUUU,AAAGGCAUCCACGACUUCG,csgsaaguCfgUfGfGfaugccuuuL96,asAfsaggCf(Agn)uccacgAfcUfucg,INACTIVE_ANCHOR,6.5229,300.0,1.0,1.0,CALIBRATED_INACTIVE
ACCUUGACUACUAAAAACGUU,AACGUUUUUAGUAGUCAAGGUUA,ascscuugAfcUfAfCfuaaaaacguuL96,asAfscguUfuUfUfaguaGfuCfaaggususa,INACTIVE_ANCHOR,6.4139,385.54,1.0,1.0,CALIBRATED_INACTIVE
AACAAAAUAAUCUAGUGUGCU,AGCACACUAGAUUAUUUUGUUUU,asascaaaAfuAfAfUfcuagugugcuL96,asGfscacAfcUfAfgauuAfuUfuuguususu,INACTIVE_ANCHOR,5.3054,4950.0,1.0,1.0,CALIBRATED_INACTIVE
CUCCUCCGCGACGCGCGCAUU,UGCGCGCGUCGCGGAGGAGUU,fCpsmUpsfCmCfUmCfCmGfCmGfAmCfGmCfGmCfGmCfApsmUpsmU,mUpsfGpsmCfGmCfGmCfGmUfCmGfCmGfGmAfGmGfAmGpsmUpsmU,INACTIVE_ANCHOR,5.9882,1027.59,1.0,1.0,CALIBRATED_INACTIVE
AAGGUGCUGGGAGAGAUAUGU,ACAUAUCUCUCCCAGCACCUUGA,asasggugCfuGfGfGfagagauauguL96,asCfsauaUfcucucccAfgCfaccuusgsa,INACTIVE_ANCHOR,6.5229,300.0,1.0,1.0,CALIBRATED_INACTIVE
UUGUGAUCAACCAGGAGGG,CCCUCCUGGUUGAUCACAA,UUGUGAUCAACCAGGAGGGdTdT,CCCUCCUGGUUGAUCACAAdTdT,INACTIVE_ANCHOR,5.3054,4950.0,1.0,1.0,CALIBRATED_INACTIVE
GAGUAUGUGUAAAAAUCUGUA,UACAGAUUUUUACACAUACUCUG,GfaGfuAfuGfuGfUfAfaAfaAfuCfuGfuAfL96,uAfcAfgAfuUfuUfuacAfcAfuAfcUfcsUfsg,INACTIVE_ANCHOR,6.0044,990.0,1.0,1.0,CALIBRATED_INACTIVE
UUUCGGUCCAAAGACGAAGUU,AACUUCGUCUUUGGACCGAAAGU,ususucggUfcCfAfAfagacgaaguuL96,asAfscuuCfgUfCfuuugGfaCfcgaaasgsu,INACTIVE_ANCHOR,6.0177,960.1,1.0,1.0,CALIBRATED_INACTIVE
UUUCCUUGGAUUUGACUUC,GAAGUCAAAUCCAAGGAAA,UUUCCUUGGAUUUGACUUCdTdT,GAAGUCAAAUCCAAGGAAAdTdT,INACTIVE_ANCHOR,5.3054,4950.0,1.0,1.0,CALIBRATED_INACTIVE
CAGCAUAGUCAAAUAAAAGAA,UUCUUUUAUUUGACUAUGCUGUU,CfaGfcAfuAfgUfCfAfaAfuAfaAfaGfaAfL96,uUfcUfuUfuAfuUfugaCfuAfuGfcUfgsUfsu,INACTIVE_ANCHOR,6.4903,323.33,1.0,1.0,CALIBRATED_INACTIVE
AUAACCUUGACUACUAAAAAU,AUUUUUAGUAGUCAAGGUUAUCA,asusaaccUfuGfAfCfuacuaaaaauL96,asUfsuuuUfaGfUfagucAfaGfguuauscsa,INACTIVE_ANCHOR,6.5229,300.0,1.0,1.0,CALIBRATED_INACTIVE
AAAGUGGACCCUCUAUAUUUC,GAAATATAGAGGGTCCACUUUUG,asasaguggadCcdCucuauauuucL96,gsdAsaadTadTagagdGgdTccacuuususg,INACTIVE_ANCHOR,6.0044,990.0,1.0,1.0,CALIBRATED_INACTIVE
GUAACAAGAUGAUAAUCUACU,AGUAGAUUAUCAUCUUGUUACCC,gsusaacaAfgAfUfGfauaaucuacuL96,asGfsuagAfuUfAfucauCfuUfguuacscsc,INACTIVE_ANCHOR,6.0044,990.0,1.0,1.0,CALIBRATED_INACTIVE
UGUGCAGCUACCUCCGCAUUU,AAAUGCGGAGGUAGCUGCACAAA,usgsugcaGfcUfAfCfcuccgcauuuL96,asAfsaugCfggagguaGfcUfgcacasasa,INACTIVE_ANCHOR,6.5229,300.0,1.0,1.0,CALIBRATED_INACTIVE
GCCAGUUGUAUAUUAUUCUUU,AAAGAATAAUAUACAACUGGCUA,gscscag(Uhd)UfgUfAfUfauuauucuuuL96,asAfsagaa(Tgn)aauauaCfaAfcuggcsusa,INACTIVE_ANCHOR,6.0044,990.0,1.0,1.0,CALIBRATED_INACTIVE
ACCUGUUGAAUUUUGUAUUAU,AUAAUACAAAAUUCAACAGGUAA,ascscuguUfgAfAfUfuuuguauuauL96,asUfsaauAfcAfAfaauuCfaAfcaggusasa,INACTIVE_ANCHOR,6.0044,990.0,1.0,1.0,CALIBRATED_INACTIVE
GCCGAAAACUAGGCGUCACUU,AAGUGACGCCUAGTUUUCGGCAC,gscscgaaaadCudAggcgucacuuL96,asdAsgudGadCgccudAgdTuuucggcsasc,INACTIVE_ANCHOR,6.0044,990.0,1.0,1.0,CALIBRATED_INACTIVE
GGCUUUCACAGAGGUCUGACA,UGUCAGACCUCUGUGAAAGCCUU,L025L025mG*mGmCmUmUmUfCmAfCfAfGmAmGmGmUmCmUmGmAmC*mA,mU*fG*mUmCmAfGmAmCmCmUmCmUmGfUmGfAmAmAmGmCmC*mU*mU,INACTIVE_ANCHOR,6.5229,300.0,1.0,1.0,CALIBRATED_INACTIVE
CCAUUGCGAUUGUCCAGAU,AUCUGGACAAUCGCAAUGG,cscsauugCfgAfUfUfguccagauL96,asUfscudGg(Agn)caaucgCfaAfusgsg,INACTIVE_ANCHOR,6.5229,300.0,1.0,1.0,CALIBRATED_INACTIVE
CGACUCCCACTACAUCAAGAU,ATCUTGAUGUAGUGGGAGUCGGA,csgsacucccdAcdTacaucaagauL96,asdTscudTgdAuguadGudGggagucgsgsa,INACTIVE_ANCHOR,6.5229,300.0,1.0,1.0,CALIBRATED_INACTIVE
AGACAGGCCAGCAAGUGUG,CACACUUGCUGGCCUGUCU,AGAcAGGccAGcAAGuGuGdTsdT,cAcAcuuGcUGGCCUGUcUdTsdT,INACTIVE_ANCHOR,6.5229,300.0,1.0,1.0,CALIBRATED_INACTIVE
CUGAGUGCCGAAAACUAGGCU,AGCCUAGUUUUCGGCACUCAGCU,csusgaguGfcCfGfAfaaacuaggcuL96,asGfsccua(Ggn)uuuucgGfcAfcucagscsu,INACTIVE_ANCHOR,6.5229,300.0,1.0,1.0,CALIBRATED_INACTIVE
UUUCCUGCCCUAAGUCCUGUU,AACAGGACUUAGGGCAGGAAAUC,ususuccuGfcCfCfUfaaguccuguuL96,asAfscadGg(Agn)cuuaggGfcAfggaaasusc,INACTIVE_ANCHOR,6.5229,300.0,1.0,1.0,CALIBRATED_INACTIVE
UCUUAGCAACGUCCAGUCCAA,UTGGACTGGACGUUGCUAAGAUC,uscsuua(Ghd)caAfCfGfuccaguccaaL96,VPusdTsggdAc(Tgn)ggacdGuUfgcuaagasusc,INACTIVE_ANCHOR,6.5229,300.0,1.0,1.0,CALIBRATED_INACTIVE
GUAAGAAGTCTGAUAGAUGGA,UCCATCTAUCAGACUUCUUACGA,gsusaagaagdTcdTgauagauggaL96,usdCscadTcdTaucadGadCuucuuacsgsa,INACTIVE_ANCHOR,6.0044,990.0,1.0,1.0,CALIBRATED_INACTIVE
AAUAGUUUCGAAUCAAUGCUU,AAGCAUTGAUUCGAAACUAUUCA,asasuaguuudCgdAaucaaugcuuL96,asdAsgcdAudTgauudCgdAaacuauuscsa,INACTIVE_ANCHOR,6.0044,990.0,1.0,1.0,CALIBRATED_INACTIVE
CCAAGCUCAGUCUACGCCUCU,AGAGGCGUAGACUGAGCUUGGUU,fCpsmCpsfAmAfGmCfUmCfAmGfUmCfUmAfCmGfCmCfUmCpsfU,vmApsfGpsmAfGmGfCmGfUmAfGmAfCmUfGmAfGmCfUmUfGmGpsmUpsmU,INACTIVE_ANCHOR,5.3054,4950.0,1.0,1.0,CALIBRATED_INACTIVE
GAUCAGUCUUUUUAUGAUCUA,UAGAUCAUAAAAAGACUGAUCAA,GfaUfcAfgUfcUfUfUfuUfaUfgAfuCfuAfL96,uAfgAfuCfaUfaAfaaaGfaCfuGfaUfcsAfsa,INACTIVE_ANCHOR,6.0044,990.0,1.0,1.0,CALIBRATED_INACTIVE
GCCAUUGCGAUUGUCCAGAGA,UCUCUGGACAAUCGCAAUGGCAG,gscscauuGfcGfAfUfuguccagagaL96,usCfsucuGfgAfCfaaucGfcAfauggcsasg,INACTIVE_ANCHOR,6.0044,990.0,1.0,1.0,CALIBRATED_INACTIVE
GGUCAUCAGCUUUGCUACUGU,ACAGTAGCAAAGCUGAUGACCUC,gsgsucaucaGfCfUfuugcuacuguL96,asdCsagdTadGcaaadGcUfgaugaccsusc,INACTIVE_ANCHOR,6.5229,300.0,1.0,1.0,CALIBRATED_INACTIVE
GUCCAAAGACGAAGUCGUGGA,UCCACGACUUCGUCUUUGGACUU,fGpsmUpsfCmCfAmAfAmGfAmCfGmAfAmGfUmCfGmUfGmGpsfA,vmUpsfCpsmCfAmCfGmAfCmUfUmCfGmUfCmUfUmUfGmGfAmCpsmUpsmU,INACTIVE_ANCHOR,6.4519,353.23,1.0,1.0,CALIBRATED_INACTIVE
GAUAAUUAAUAAGAAGCUGGA,UCCAGCTUCUUAUUAAUUAUCUG,gsasuaa(Uhd)uaAfUfAfagaagcuggaL96,VPusdCscadGc(Tgn)ucuudAuUfaauuaucsusg,INACTIVE_ANCHOR,6.5229,300.0,1.0,1.0,CALIBRATED_INACTIVE
UGCAAAGAUGAUAACCUUGAU,AUCAAGGUUAUCAUCUUUGCAGA,usgscaaaGfaUfGfAfuaaccuugauL96,asUfscaaGfgUfUfaucaUfcUfuugcasgsa,INACTIVE_ANCHOR,5.3054,4950.0,1.0,1.0,CALIBRATED_INACTIVE
GACUGCAGCACCUGCUUUG,CAAAGCAGGUGCUGCAGUC,GAcuGcAGcAccuGcuuuGdTsdT,CAAAGCAGGUGCUGcAGUCdTsdT,INACTIVE_ANCHOR,6.5229,300.0,1.0,1.0,CALIBRATED_INACTIVE
CUGAGUUGGUUUUAUGAAAAU,AUUUTCAUAAAACCAACUCAGUC,csusgaguUfgGfUfUfuuaugaaaauL96,asUfsuudTc(Agn)uaaaacCfaAfcucagsusc,INACTIVE_ANCHOR,6.0044,990.0,1.0,1.0,CALIBRATED_INACTIVE
CUCUAUACUACAUUAUUAAUU,AAUUAATAAUGUAGUAUAGAGAC,csuscua(Uhd)AfcUfAfCfauuauuaauuL96,asAfsuuaa(Tgn)aauguaGfuAfuagagsasc,INACTIVE_ANCHOR,6.5229,300.0,1.0,1.0,CALIBRATED_INACTIVE
CAACUGCAGCGUCCACACA,UGUGUGGACGCUGCAGUUG,cAAcuGcAGcGuccAcAcAdTsdT,UGUGUGGACGCUGcAGUUGdTsdT,INACTIVE_ANCHOR,6.0044,990.0,1.0,1.0,CALIBRATED_INACTIVE
AGCACAAGAUUAUGGCCUGUA,UACAGGCCAUAAUCUUGUGCUUU,L025L025mA*mGmCmAmCmAfAmGfAfUfUmAmUmGmGmCmCmUmGmU*mA,mU*fA*mCmAmGfGmCmCmAmUmAmAmUfCmUfUmGmUmGmCmU*mU*mU,INACTIVE_ANCHOR,6.5229,300.0,1.0,1.0,CALIBRATED_INACTIVE
AAGAUCCUGCAUGUCUUCCAU,AUGGAAGACAUGCAGGAUCUUGG,Ams-Ams-Gm-Am-Um-Cm-Cf-Um-Gf-Cf-Af-Um-Gm-Um-Cm-Um-Uf-Cm-Cm-Am-Um,Ams-Ufs-Gm-Gm-Am-Af-Gm-Am-Cm-Am-Um-Gm-Cm-Af-Gm-Gf-Am-Um-Cm-Um-Ums-Gms-Gm,INACTIVE_ANCHOR,6.5229,300.0,1.0,1.0,CALIBRATED_INACTIVE
CAAAGGAUAAUAUCAAACACA,UGUGTUTGAUATUAUCCUUUGAG,csasaag(Ghd)auAfAfUfaucaaacacaL96,VPusdGsugdTu(Tgn)gauadTuAfuccuuugsasg,INACTIVE_ANCHOR,6.4903,323.33,1.0,1.0,CALIBRATED_INACTIVE
AUGGAAUCCCGGCCCCUCA,UGAGGGGCCGGGAUUCCAU,AuGGAAucccGGccccucAdTsdT,UGAGGGGCCGGGAUUCcAUdTsdT,INACTIVE_ANCHOR,6.5229,300.0,1.0,1.0,CALIBRATED_INACTIVE
ACGAAGUCGUGGAUGCCUUGU,ACAAGGCAUCCACGACUUCGUCU,ascsgaagUfcGfUfGfgaugccuuguL96,asCfsaagg(Cgn)auccacGfaCfuucguscsu,INACTIVE_ANCHOR,5.3054,4950.0,1.0,1.0,CALIBRATED_INACTIVE
UGGAGGAUCCCAGCCUCUGAU,AUCAGAGGCUGGGAUCCUCCACG,usgsgaggAfuCfCfCfagccucugauL96,asUfscadGa(G2p)gcugggAfuCfcuccascsg,INACTIVE_ANCHOR,6.5229,300.0,1.0,1.0,CALIBRATED_INACTIVE
GUGGCAGUGGUGUCUGCUGUU,AACAGCAGACACCACUGCCACAC,gsusggcaGfuGfGfUfgucugcuguuL96,asAfscadGc(Agn)gacaccAfcUfgccacsasc,INACTIVE_ANCHOR,6.0044,990.0,1.0,1.0,CALIBRATED_INACTIVE
GUCUUAAAGACUUUGUCCAUA,UAUGGACAAAGUCUUUAAGACCA,GfuCfuUfaAfaGfAfCfuUfuGfuCfcAfuAfL96,uAfuGfgAfcAfaAfgucUfuUfaAfgAfcsCfsa,INACTIVE_ANCHOR,6.0044,990.0,1.0,1.0,CALIBRATED_INACTIVE
AACUGAGGCAAAUUUAAAAGA,UCUUUUAAAUUUGCCUCAGUUCA,AfaCfuGfaGfgCfAfAfaUfuUfaAfaAfgAfL96,uCfuUfuUfaAfaUfuugCfcUfcAfgUfusCfsa,INACTIVE_ANCHOR,6.5229,300.0,1.0,1.0,CALIBRATED_INACTIVE
GAGGGUCAAGCACAGCUAUCU,AGAUAGCUGUGCUUGACCCUCAC,gsasggguCfaAfGfCfacagcuaucuL96,asGfsauaGfcUfGfugcuUfgAfcccucsasc,INACTIVE_ANCHOR,6.0044,990.0,1.0,1.0,CALIBRATED_INACTIVE
UAUAGAAUGCUUUUGCAUGGA,UCCAUGCAAAAGCAUUCUAUAUU,L025L025mU*mAmUmAmGmAfAmUfGfCfUmUmUmUmGmCmAmUmGmG*mA,mU*fC*mCmAmUfGmCmAmAmAmAmGmCfAmUfUmCmUmAmUmA*mU*mU,INACTIVE_ANCHOR,6.5101,308.94,1.0,1.0,CALIBRATED_INACTIVE
UUCCUGGUGAAGAUGAGUG,CACUCAUCUUCACCAGGAA,uuccuGGuGAAGAuGAGuGdTsdT,CACUcAUCUUcACcAGGAAdTsdT,INACTIVE_ANCHOR,6.0044,990.0,1.0,1.0,CALIBRATED_INACTIVE
AAAUGUUUUUAAAACUGUG,CACAGUUUUAAAAACAUUU,AAAUGUUUUUAAAACUGUGdTdT,CACAGUUUUAAAAACAUUUdTdT,INACTIVE_ANCHOR,5.3054,4950.0,1.0,1.0,CALIBRATED_INACTIVE
CGAUUGUCCAGAGACUGGUGU,ACACCAGUCUCUGGACAAUCGCA,csgsauugUfcCfAfGfagacugguguL96,asCfsaccAfgucucugGfaCfaaucgscsa,INACTIVE_ANCHOR,5.3054,4950.0,1.0,1.0,CALIBRATED_INACTIVE
UGUCCCCCUUCUAUGGGGAUU,UCCCCAUAGAAGGGGGACAUU,fUpsmGpsfUmCfCmCfCmCfUmUfCmUfAmUfGmGfGmGfApsmUpsmU,mUpsfCpsmCfCmCfAmUfAmGfAmAfGmGfGmGfGmAfCmApsmUpsmU,INACTIVE_ANCHOR,5.3054,4950.0,1.0,1.0,CALIBRATED_INACTIVE
GCUGCUCCAGUUUCUCCAG,CUGGAGAAACUGGAGCAGC,GcuGcuccAGuuucuccAGdTsdT,CUGGAGAAACUGGAGcAGCdTsdT,INACTIVE_ANCHOR,6.0044,990.0,1.0,1.0,CALIBRATED_INACTIVE
CUGCAAAGAUGAUAACCUUGU,ACAAGGUUAUCAUCUUUGCAGAC,csusgcaaAfgAfUfGfauaaccuuguL96,asCfsaagGfuUfAfucauCfuUfugcagsasc,INACTIVE_ANCHOR,6.5229,300.0,1.0,1.0,CALIBRATED_INACTIVE
ACGUUCUGGUGUCUGACUUUC,GAAAGUCAGACACCAGAACGUUU,fApsmCpsfGmUfUmCfUmGfGmUfGmUfCmUfGmAfCmUfUmUpsfC,vmGpsfApsmAfAmGfUmCfAmGfAmCfAmCfCmAfGmAfAmCfGmUpsmUpsmU,INACTIVE_ANCHOR,5.3054,4950.0,1.0,1.0,CALIBRATED_INACTIVE
GCAAUCCAGUUGACCUGAGCA,UGCTCAGGUCAACUGGAUUGUAG,gscsaau(Chd)caGfUfUfgaccugagcaL96,VPusGfscdTc(Agn)ggucaacUfgGfauugusasg,INACTIVE_ANCHOR,6.0044,990.0,1.0,1.0,CALIBRATED_INACTIVE
CAAGAAUAUUUACGUAGUUUU,AAAACUACGUAAAUAUUCUUGAG,csasagaaUfaUfUfUfacguaguuuuL96,asAfsaacUfaCfGfuaaaUfaUfucuugsasg,INACTIVE_ANCHOR,6.4439,359.84,1.0,1.0,CALIBRATED_INACTIVE
CGGAAGGCCAGGAGUCGGAUU,UCCGACUCCUGGCCUUCCGUU,fCpsmGpsfGmAfAmGfGmCfCmAfGmGfAmGfUmCfGmGfApsmUpsmU,mUpsfCpsmCfGmAfCmUfCmCfUmGfGmCfCmUfUmCfCmGpsmUpsmU,INACTIVE_ANCHOR,5.3054,4950.0,1.0,1.0,CALIBRATED_INACTIVE
UUGGAUCACAAAAGCACUUCA,UGAAGUGCUUUUGUGAUCCAAUU,L025L025mU*mUmGmGmAmUfCmAfCfAfAmAmAmGmCmAmCmUmUmC*mA,mU*fG*mAmAmGfUmGmCmUmUmUmUmGfUmGfAmUmCmCmAmA*mU*mU,INACTIVE_ANCHOR,6.5229,300.0,1.0,1.0,CALIBRATED_INACTIVE
CUGAGCUGAGUUGGUUUUAUU,AAUAAAACCAACUCAGCUCAGAG,csusgagcUfgAfGfUfugguuuuauuL96,asAfsuaaAfaccaacuCfaGfcucagsasg,INACTIVE_ANCHOR,6.0044,990.0,1.0,1.0,CALIBRATED_INACTIVE
AUGUUUAGACAAUUUUAGGCU,AGCCTAAAAUUGUCUAAACAUCU,asusguuuagdAcdAauuuuaggcuL96,asdGsccdTadAaauudGudCuaaacauscsu,INACTIVE_ANCHOR,6.5229,300.0,1.0,1.0,CALIBRATED_INACTIVE
GUCCUGAAACUGCAACUAGAU,AUCUAGUUGCAGUUUCAGGACAC,gsusccugAfaAfCfUfgcaacuagauL96,asUfscuaGfuUfGfcaguUfuCfaggacsasc,INACTIVE_ANCHOR,6.5229,300.0,1.0,1.0,CALIBRATED_INACTIVE
CCUAAAGUCAAGUCCACGAAC,GUUCGUGGACUUGACUUUAGGUU,fCpsmCpsfUmAfAmAfGmUfCmAfAmGfUmCfCmAfCmGfAmApsfC,vmGpsfUpsmUfCmGfUmGfGmAfCmUfUmGfAmCfUmUfUmAfGmGpsmUpsmU,INACTIVE_ANCHOR,6.5229,300.0,1.0,1.0,CALIBRATED_INACTIVE
AAUGAAAGACAAAGGUGGAUU,AAUCCACCUUUGUCUUUCAUUUC,asasugaaAfgAfCfAfaagguggauuL96,asAfsuccAfccuuuguCfuUfucauususc,INACTIVE_ANCHOR,6.0044,990.0,1.0,1.0,CALIBRATED_INACTIVE
AUUAGGAUAAUGUCUUAUU,AAUAAGACAUUAUCCUAAUGG,asusuaggAfUfAfaugucuuauuL96,asdAsuadAgdAcauuauCfcUfaausgsg,INACTIVE_ANCHOR,6.4089,390.0,1.0,1.0,CALIBRATED_INACTIVE
UUGCAAUUCAAGCCCUUGUUU,AAACAAGGGCUUGAAUUGCAAGG,ususgcaaUfuCfAfAfgcccuuguuuL96,asAfsacaAfgGfGfcuugAfaUfugcaasgsg,INACTIVE_ANCHOR,6.5229,300.0,1.0,1.0,CALIBRATED_INACTIVE
GCUCCUUGUUAUUGAGAAUGA,UCAUUCUCAAUAACAAGGAGCUG,GmsCmsUmCmCmUmUfGmUfUfAfUmUmGmAmGmAmAmUmGmAm,UmsCfsAmUmUmCfUmCmAmAmUmAmAmCfAmAfGmGmAmGmCmsUmsGm,INACTIVE_ANCHOR,5.3054,4950.0,1.0,1.0,CALIBRATED_INACTIVE
CCCUCCUUCCUUCAGAGGCGU,ACGCCUCUGAAGGAAGGAGGGUU,fCpsmCpsfCmUfCmCfUmUfCmCfUmUfCmAfGmAfGmGfCmGpsfU,vmApsfCpsmGfCmCfUmCfUmGfAmAfGmGfAmAfGmGfAmGfGmGpsmUpsmU,INACTIVE_ANCHOR,6.488,325.09,1.0,1.0,CALIBRATED_INACTIVE
UUGGAAAUAAAGUUAUUACUA,UAGUAATAACUUUAUUUCCAAAU,ususgga(Ahd)AfuAfAfAfguuauuacuaL96,VPusAfsgudAa(Tgn)aacuuuAfuUfuccaasasu,INACTIVE_ANCHOR,6.0044,990.0,1.0,1.0,CALIBRATED_INACTIVE
AAGGUGCUGGGAGAGAUAUGC,GCAUAUCUCUCCCAGCACCUUUU,fApsmApsfGmGfUmGfCmUfGmGfGmAfGmAfGmAfUmAfUmGpsfC,vmGpsfCpsmAfUmAfUmCfUmCfUmCfCmCfAmGfCmAfCmCfUmUpsmUpsmU,INACTIVE_ANCHOR,6.0618,867.43,1.0,1.0,CALIBRATED_INACTIVE
GACUACAUCGAGGAGGACU,AGUCCUCCUCGAUGUAGUC,GAcuAcAucGAGGAGGAcudTsdT,AGUCCUCCUCGAUGuAGUCdTsdT,INACTIVE_ANCHOR,6.5229,300.0,1.0,1.0,CALIBRATED_INACTIVE
UUGCGAUUGUCCAGAGACUGU,ACAGTCTCUGGACAAUCGCAAUG,ususgcgauugUfCfCfagagacuguL96,asCfsagdTcdTcuggacAfaUfcgcaasusg,INACTIVE_ANCHOR,6.5229,300.0,1.0,1.0,CALIBRATED_INACTIVE
CUGGGAGACAAGCAUUUAUAU,ATAUAAAUGCUTGUCUCCCAGUG,csusgggagaCfAfAfgcauuuauauL96,asdTsaudAadAugcudTgUfcucccagsusg,INACTIVE_ANCHOR,6.0044,990.0,1.0,1.0,CALIBRATED_INACTIVE
AGCUGGUUGGGAAAUGACACA,UGUGUCAUUUCCCAACCAGCUGA,asgscuggUfuGfGfGfaaaugacacaL96,usGfsuguCfaUfUfucccAfaCfcagcusgsa,INACTIVE_ANCHOR,6.5229,300.0,1.0,1.0,CALIBRATED_INACTIVE
GUAAGAAGUCUGAUAGAUGGA,UCCAUCTAUCAGACUUCUUACGA,gsusaagaAfgUfCfUfgauagauggaL96,usCfscauc(Tgn)aucagaCfuUfcuuacsgsa,INACTIVE_ANCHOR,6.0044,990.0,1.0,1.0,CALIBRATED_INACTIVE
CUACAGUGGCCUUAUCCCUCU,AGAGGGAUAAGGCCACUGUAGAA,csusacagUfgGfCfCfuuaucccucuL96,asGfsagdGg(Agn)uaaggcCfaCfuguagsasa,INACTIVE_ANCHOR,5.3054,4950.0,1.0,1.0,CALIBRATED_INACTIVE
UCUUCCUGAACGCGCCUCAGA,UCUGAGGCGCGUUCAGGAAGAAA,uscsuuccUfgAfAfCfgcgccucagaL96,usCfsugaGfgCfGfcguuCfaGfgaagasasa,INACTIVE_ANCHOR,6.2577,552.41,1.0,1.0,CALIBRATED_INACTIVE
UUCCUGCUUCAUGCCCUUCUU,GAAGGGCAUGAAGCAGGAAUU,fUpsmUpsfCmCfUmGfCmUfUmCfAmUfGmCfCmCfUmUfCpsmUpsmU,mGpsfApsmAfGmGfGmCfAmUfGmAfAmGfCmAfGmGfAmApsmUpsmU,INACTIVE_ANCHOR,6.3899,407.46,1.0,1.0,CALIBRATED_INACTIVE
CUACACAAUGAAUCCAAGAAA,UUUCUUGGAUUCAUUGUGUAGCA,CmsUmsAmCmAmCmAfAmUfGfAfAmUmCmCmAmAmGmAmAmAm,UmsUfsUmCmUmUfGmGmAmUmUmCmAmUfUmGfUmGmUmAmGmsCmsAm,INACTIVE_ANCHOR,5.5415,2873.98,1.0,1.0,CALIBRATED_INACTIVE
GACUUCUUUUUUAAGGAUU,AAUCCUUAAAAAAGAAGUC,GACUUCUUUUUUAAGGAUUdTdT,AAUCCUUAAAAAAGAAGUCdTdT,INACTIVE_ANCHOR,5.3054,4950.0,1.0,1.0,CALIBRATED_INACTIVE
ACCAUCAUCUACUCCUACUUU,AAAGTAGGAGUAGAUGAUGGUGA,ascscaucaudCudAcuccuacuuuL96,asdAsagdTadGgagudAgdAugauggusgsa,INACTIVE_ANCHOR,6.0044,990.0,1.0,1.0,CALIBRATED_INACTIVE
GAUCUUAGCAACGUCCAGUCA,UGACTGGACGUTGCUAAGAUCCA,gsasucu(Uhd)agCfAfAfcguccagucaL96,VPusdGsacdTg(G2p)acgudTgCfuaagaucscsa,INACTIVE_ANCHOR,6.4903,323.33,1.0,1.0,CALIBRATED_INACTIVE
UCCGCGACGCGCGCAUGUUGU,ACAACAUGCGCGCGUCGCGGAUU,fUpsmCpsfCmGfCmGfAmCfGmCfGmCfGmCfAmUfGmUfUmGpsfU,vmApsfCpsmAfAmCfAmUfGmCfGmCfGmCfGmUfCmGfCmGfGmApsmUpsmU,INACTIVE_ANCHOR,6.2308,587.76,1.0,1.0,CALIBRATED_INACTIVE
AGAUUUGCUAUGUUAGACGAU,AUCGUCUAACAUAGCAAAUCUUG,AfgAfuUfuGfcUfAfUfgUfuAfgAfcGfaUfL96,aUfcGfuCfuAfaCfauaGfcAfaAfuCfusUfsg,INACTIVE_ANCHOR,6.0044,990.0,1.0,1.0,CALIBRATED_INACTIVE
AGUUAUAAAAUAAAACGUA,UACGUUUUAUUUUAUAACUUU,mAmGfUmUfAmUfAfAfAmAfUmAfAmAfAmCfGmUfA,fU*fA*mCfGmUfUmUfUmAfUmUmUmUfAmUfAmAfCmU*mU*mU,INACTIVE_ANCHOR,6.5229,300.0,1.0,1.0,CALIBRATED_INACTIVE
UUCCUUACCUCAUCCCAUAUU,AAUATGGGAUGAGGUAAGGAAUC,ususccuuacdCudCaucccauauuL96,asdAsuadTgdGgaugdAgdGuaaggaasusc,INACTIVE_ANCHOR,6.5229,300.0,1.0,1.0,CALIBRATED_INACTIVE
GGGCCAAAUUAAUGACAUAUU,AAUAUGUCAUUAAUUUGGCCCUU,GfgGfcCfaAfaUfUfAfaUfgAfcAfuAfuUfL96,aAfuAfuGfuCfaUfuaaUfuUfgGfcCfcsUfsu,INACTIVE_ANCHOR,6.0044,990.0,1.0,1.0,CALIBRATED_INACTIVE
CAGUAUAUCCAGCCGAUCUUU,AAAGAUCGGCUGGAUAUACUGUC,csasguauAfuCfCfAfgccgaucuuuL96,asAfsagau(Cgn)ggcuggAfuAfuacugsusc,INACTIVE_ANCHOR,6.5229,300.0,1.0,1.0,CALIBRATED_INACTIVE
GGCCAGGAGUCGGAACAUUGU,ACAATGTUCCGACUCCUGGCCUU,gsgsccagGfaGfUfCfggaacauuguL96,asCfsaadTg(Tgn)uccgacUfcCfuggccsusu,INACTIVE_ANCHOR,5.5543,2790.91,1.0,1.0,CALIBRATED_INACTIVE
CUUAUCCCUCCUUCCUUCAGA,UCUGAAGGAAGGAGGGAUAAGUU,fCpsmUpsfUmAfUmCfCmCfUmCfCmUfUmCfCmUfUmCfAmGpsfA,vmUpsfCpsmUfGmAfAmGfGmAfAmGfGmAfGmGfGmAfUmAfAmGpsmUpsmU,INACTIVE_ANCHOR,6.5229,300.0,1.0,1.0,CALIBRATED_INACTIVE
UGGAUCUUAGCAACGUCCAGA,UCUGGACGUUGCUAAGAUCCAGC,usgsgau(Chd)uuAfGfCfaacguccagaL96,VPusdCsugdGadCguugdCuAfagauccasgsc,INACTIVE_ANCHOR,6.0044,990.0,1.0,1.0,CALIBRATED_INACTIVE
CUGUUGAAUUUUGUAUUAUGU,ACAUAAUACAAAAUUCAACAGGU,csusguugAfaUfUfUfuguauuauguL96,asCfsauaAfuAfCfaaaaUfuCfaacagsgsu,INACTIVE_ANCHOR,6.5094,309.49,1.0,1.0,CALIBRATED_INACTIVE
UUUUCUACUUGGGAUCACAAA,UUUGUGAUCCCAAGUAGAAAACA,UfuUfuCfuAfcUfUfGfgGfaUfcAfcAfaAfL96,uUfuGfuGfaUfcCfcaaGfuAfgAfaAfasCfsa,INACTIVE_ANCHOR,6.3098,490.0,1.0,1.0,CALIBRATED_INACTIVE
AAAGAGAGGCUUGAGGCCAAU,AUUGGCCUCAAGCCUCUCUUUGG,asasaga(Ghd)AfgGfCfUfugaggccasasu,asUfsuggCfcUfCfaagcCfuCfucuuusgsg,INACTIVE_ANCHOR,6.5229,300.0,1.0,1.0,CALIBRATED_INACTIVE
AUCAAACACGUCCCGGGAGGA,UCCUCCCGGGACGUGUUUGAUAU,asuscaa(Ahd)caCfGfUfcccgggaggaL96,VPusdCscudCcdCgggadCgUfguuugausasu,INACTIVE_ANCHOR,6.0044,990.0,1.0,1.0,CALIBRATED_INACTIVE
UGCAGCCUACACAAAGGAC,GUCCUUUGUGUAGGCUGCA,UGCAGCCUACACAAAGGACdTdT,GUCCUUUGUGUAGGCUGCAdTdT,INACTIVE_ANCHOR,5.3054,4950.0,1.0,1.0,CALIBRATED_INACTIVE
AUACAUGAGCAAGAUUUGCAA,UUGCAAAUCUUGCUCAUGUAUCC,asusacauGfaGfCfAfagauuugcaaL96,usUfsgcaAfaUfCfuugcUfcAfuguauscsc,INACTIVE_ANCHOR,6.0044,990.0,1.0,1.0,CALIBRATED_INACTIVE
AUUGUCCAGAGACUGGUGA,UCACCAGUCUCTGGACAAUCG,asusugucCfadGagacuggugaL96,usCfsacdCadGucucdTgdGaCfaauscsg,INACTIVE_ANCHOR,5.3054,4950.0,1.0,1.0,CALIBRATED_INACTIVE
CACCGUGUCCCCCUUCUAUUU,AUAGAAGGGGGACACGGUGUU,fCpsmApsfCmCfGmUfGmUfCmCfCmCfCmUfUmCfUmAfUpsmUpsmU,mApsfUpsmAfGmAfAmGfGmGfGmGfAmCfAmCfGmGfUmGpsmUpsmU,INACTIVE_ANCHOR,5.3054,4950.0,1.0,1.0,CALIBRATED_INACTIVE
AGAAAUCATGGCCACAUCGUU,AACGAUGUGGCCATGAUUUCUCU,asgsaaaucadTgdGccacaucguuL96,asdAscgdAudGuggcdCadTgauuucuscsu,INACTIVE_ANCHOR,6.0044,990.0,1.0,1.0,CALIBRATED_INACTIVE
GCAAAAUAGGCAUCUCUCUUU,AAAGAGAGAUGCCUAUUUUGCCG,gscsaaaaUfaGfGfCfaucucucuuuL96,asAfsagaGfaGfAfugccUfaUfuuugcscsg,INACTIVE_ANCHOR,6.0044,990.0,1.0,1.0,CALIBRATED_INACTIVE
UCUACGCCAUUGCCAGGUG,CACCUGGCAAUGGCGUAGA,ucuAcGccAuuGccAGGuGdTsdT,cACCUGGcAAUGGCGuAGAdTsdT,INACTIVE_ANCHOR,6.5229,300.0,1.0,1.0,CALIBRATED_INACTIVE
GGCAGCUGUUUUGCAGGAC,GUCCUGCAAAACAGCUGCC,GGcAGcuGuuuuGcAGGAcdTsdT,GUCCUGcAAAAcAGCUGCCdTsdT,INACTIVE_ANCHOR,6.5229,300.0,1.0,1.0,CALIBRATED_INACTIVE
UUUAUGAAAAGCUAGGAAGCA,UGCUTCCUAGCUUUUCAUAAAGC,ususuaugaaAfadGCfuaggaagcaL96,usdGscudTc(Cgn)uagcuuUfuCfauaaasgsc,INACTIVE_ANCHOR,6.0044,990.0,1.0,1.0,CALIBRATED_INACTIVE
GGCAAAUUUAAAAGGCAAUAA,UUAUUGCCUUUUAAAUUUGCCUC,GfgCfaAfaUfuUfAfAfaAfgGfcAfaUfaAfL96,uUfaUfuGfcCfuUfuuaAfaUfuUfgCfcsUfsc,INACTIVE_ANCHOR,6.5229,300.0,1.0,1.0,CALIBRATED_INACTIVE
CUACUUGGGAUCACAAAGCAA,UUGCUUUGUGAUCCCAAGUAGAA,CfuAfcUfuGfgGfAfUfcAfcAfaAfgCfaAfL96,uUfgCfuUfuGfuGfaucCfcAfaGfuAfgsAfsa,INACTIVE_ANCHOR,6.5229,300.0,1.0,1.0,CALIBRATED_INACTIVE
GGACCAACUUUGGCCGCUG,CAGCGGCCAAAGUUGGUCC,GGAccAAcuuuGGccGcuGdTsdT,CAGCGGCcAAAGUUGGUCCdTsdT,INACTIVE_ANCHOR,6.5229,300.0,1.0,1.0,CALIBRATED_INACTIVE
GUCCUUCGCGGGCUGCGGCUU,AAGCCGCAGCCCGCGAAGGACUU,fGpsmUpsfCmCfUmUfCmGfCmGfGmGfCmUfGmCfGmGfCmUpsfU,vmApsfApsmGfCmCfGmCfAmGfCmCfCmGfCmGfAmAfGmGfAmCpsmUpsmU,INACTIVE_ANCHOR,5.3054,4950.0,1.0,1.0,CALIBRATED_INACTIVE
UUGGAUUUGACUUCUUUUU,AAAAAGAAGUCAAAUCCAA,UUGGAUUUGACUUCUUUUUdTdT,AAAAAGAAGUCAAAUCCAAdTdT,INACTIVE_ANCHOR,6.337,460.2,1.0,1.0,CALIBRATED_INACTIVE
UUUUUGUGAAUACUGGGUUCA,UGAACCCAGUAUUCACAAAAACU,ususuuugUfgAfAfUfacuggguucaL96,usGfsaacc(Cgn)aguauuCfaCfaaaaascsu,INACTIVE_ANCHOR,6.5229,300.0,1.0,1.0,CALIBRATED_INACTIVE
CUUUGCUUGAGGAUCUUCCGU,ACGGAAGAUCCTCAAGCAAAGCU,csusuugcuuGfAfGfgaucuuccguL96,asdCsggdAadGauccdTcAfagcaaagscsu,INACTIVE_ANCHOR,6.0844,823.33,1.0,1.0,CALIBRATED_INACTIVE
CCAUCAUCUACUCCUACUUGU,ACAAGUAGGAGUAGAUGAUGGUG,cscsaucaUfcUfAfCfuccuacuuguL96,asCfsaagu(Agn)ggaguaGfaUfgauggsusg,INACTIVE_ANCHOR,6.0044,990.0,1.0,1.0,CALIBRATED_INACTIVE
CCAAAGACGAAGUCGUGGAUU,AAUCCACGACUUCGUCUUUGGAC,cscsaaagAfcGfAfAfgucguggauuL96,asAfsuccAfcgacuucGfuCfuuuggsasc,INACTIVE_ANCHOR,6.4459,358.16,1.0,1.0,CALIBRATED_INACTIVE
GUGUUUCAAGGUUUGUUACUU,AAGUAACAAACCUUGAAACACGA,GmsUmsGmUmUmUmCfAmAfGfGfUmUmUmGmUmUmAmCmUmUm,AmsAfsGmUmAmAfCmAmAmAmCmCmUmUfGmAfAmAmCmAmCmsGmsAm,INACTIVE_ANCHOR,5.7492,1781.5,1.0,1.0,CALIBRATED_INACTIVE
GUGCUGGGAGAGAUAUGCCUU,AAGGCATAUCUCUCCCAGCACCU,gsusgcugGfgAfGfAfgauaugccuuL96,asAfsggdCa(Tgn)aucucuCfcCfagcacscsu,INACTIVE_ANCHOR,6.1481,711.04,1.0,1.0,CALIBRATED_INACTIVE
GAAAUCAUGGCCACAUCGUCA,UGACGAUGUGGCCAUGAUUUCUC,gsasaaucAfuGfGfCfcacaucgucaL96,usGfsacgAfuGfUfggccAfuGfauuucsusc,INACTIVE_ANCHOR,6.3796,417.29,1.0,1.0,CALIBRATED_INACTIVE
CAGGUUCUUGGAAGAGAAGGU,ACCUUCUCUUCCAAGAACCUGAA,csasgguuCfuUfGfGfaagagaagguL96,asCfscuuCfuCfUfuccaAfgAfaccugsasa,INACTIVE_ANCHOR,6.5229,300.0,1.0,1.0,CALIBRATED_INACTIVE
CCUGCCCUGGGAUGAGAGCAU,AUGCUCUCAUCCCAGGGCAGGAU,cscsugccCfuGfGfGfaugagagcauL96,asUfsgcuCfuCfAfucccAfgGfgcaggsasu,INACTIVE_ANCHOR,6.5229,300.0,1.0,1.0,CALIBRATED_INACTIVE
UAGAUGGAAUACUUACCAAUA,UAUUGGUAAGUAUUCCAUCUAUU,L025L025mU*mAmGmAmUmGfGmAfAfUfAmCmUmUmAmCmCmAmAmU*mA,mU*fA*mUmUmGfGmUmAmAmGmUmAmUfUmCfCmAmUmCmUmA*mU*mU,INACTIVE_ANCHOR,6.5229,300.0,1.0,1.0,CALIBRATED_INACTIVE
UGGUGGAGAGUCUCACUUUCCAU,UGGAAAGUGAGACUCUCCACCA,H1.mG*mG.mU.fG.mG.mA.fG.mA.mG.fU.fC.fU.mC.mA.fC.mU.mU.fU.mC.mC*mA*mU,mU*fG*mG.mA.mA.fA.mG.fU.mG.mA.mG.mA.mC.fU.mC.fU.mC.mC.mA*fC*mC.mA,INACTIVE_ANCHOR,6.5229,300.0,1.0,1.0,CALIBRATED_INACTIVE
GUUGGGCCUAGAGAAGAUAUA,UAUAUCUUCUCUAGGCCCAACCA,GfuUfgGfgCfcUfAfGfaGfaAfgAfuAfuAfL96,uAfuAfuCfuUfcUfcuaGfgCfcCfaAfcsCfsa,INACTIVE_ANCHOR,6.5229,300.0,1.0,1.0,CALIBRATED_INACTIVE
CUUUUAAGAUGUGUCUUCAAU,AUUGAAGACACAUCUUAAAAGAA,csusuuu(Ahd)AfgAfUfGfugucuucaauL96,asUfsugaa(Ggn)acacauCfuUfaaaagsasa,INACTIVE_ANCHOR,6.5229,300.0,1.0,1.0,CALIBRATED_INACTIVE
AAUGAGGCCUGGUUCCCUG,CAGGGAACCAGGCCUCAUU,AAuGAGGccuGGuucccuGdTsdT,CAGGGAACcAGGCCUcAUUdTsdT,INACTIVE_ANCHOR,6.0044,990.0,1.0,1.0,CALIBRATED_INACTIVE
CUGCAGCACCUGCUUUGUG,CACAAAGCAGGUGCUGCAG,cuGcAGcAccuGcuuuGuGdTsdT,CACAAAGcAGGUGCUGcAGdTsdT,INACTIVE_ANCHOR,6.5229,300.0,1.0,1.0,CALIBRATED_INACTIVE
GUCAUCAAUGAGGCCUGGU,ACCAGGCCUCAUUGAUGAC,GucAucAAuGAGGccuGGudTsdT,ACcAGGCCUcAUUGAUGACdTsdT,INACTIVE_ANCHOR,6.5229,300.0,1.0,1.0,CALIBRATED_INACTIVE
GACAAUUUUAGGCUCAAAAAU,AUUUUUGAGCCUAAAAUUGUCUA,gsascaauUfuUfAfGfgcucaaaaauL96,asUfsuuuu(Ggn)agccuaAfaAfuugucsusa,INACTIVE_ANCHOR,6.0044,990.0,1.0,1.0,CALIBRATED_INACTIVE
CGACUACGAGGAGCUGGUG,CACCAGCUCCUCGUAGUCG,cGAcuAcGAGGAGcuGGuGdTsdT,CACcAGCUCCUCGuAGUCGdTsdT,INACTIVE_ANCHOR,6.5229,300.0,1.0,1.0,CALIBRATED_INACTIVE
UUGACUACUAAAAACGUCUCU,AGAGACGUUUUUAGUAGUCAAGG,ususgacuAfcUfAfAfaaacgucucuL96,asGfsagaCfgUfUfuuuaGfuAfgucaasgsg,INACTIVE_ANCHOR,6.0044,990.0,1.0,1.0,CALIBRATED_INACTIVE
CCUGGCUUCCUGGUGAAGA,UCUUCACCAGGAAGCCAGG,ccuGGcuuccuGGuGAAGAdTsdT,UCUUcACcAGGAAGCcAGGdTsdT,INACTIVE_ANCHOR,6.0044,990.0,1.0,1.0,CALIBRATED_INACTIVE
AUCCUGCCCUGGGAUGAGAGU,ACUCTCAUCCCAGGGCAGGAUGC,asusccugCfcCfUfGfggaugagaguL96,asCfsucdTc(Agn)ucccagGfgCfaggausgsc,INACTIVE_ANCHOR,6.5229,300.0,1.0,1.0,CALIBRATED_INACTIVE
AGCACUUCUUUCAUCGAUGAU,AUCAUCGAUGGAAGAAGUGCUUU,asgscacuUfcUfUfUfcaucgaugauL96,asUfscauc(Ggn)auggaaGfaAfgugcususu,INACTIVE_ANCHOR,6.0044,990.0,1.0,1.0,CALIBRATED_INACTIVE
CGACGCGCGCAUGUUGUUCGG,CCGAACAACAUGCGCGCGUCGUU,fCpsmGpsfAmCfGmCfGmCfGmCfAmUfGmUfUmGfUmUfCmGpsfG,vmCpsfCpsmGfAmAfCmAfAmCfAmUfGmCfGmCfGmCfGmUfCmGpsmUpsmU,INACTIVE_ANCHOR,5.3054,4950.0,1.0,1.0,CALIBRATED_INACTIVE
GCAGUGGUGUCUGCUGUCACU,AGUGACAGCAGACACCACUGCCA,gscsagugGfuGfUfCfugcugucacuL96,asGfsugdAc(Agn)gcagacAfcCfacugcscsa,INACTIVE_ANCHOR,6.0044,990.0,1.0,1.0,CALIBRATED_INACTIVE
GAAUCUGCCAUUGCGAUUU,AAAUCGCAAUGGCAGAUUCCG,gsasaucugCfCfauugcgauuuL96,asAfsaudCgdCaauggcAfgAfuucscsg,INACTIVE_ANCHOR,6.0044,990.0,1.0,1.0,CALIBRATED_INACTIVE
GAGGACAUCAUUGGUGCCU,AGGCACCAAUGAUGUCCUC,GAGGAcAucAuuGGuGccudTsdT,AGGcACcAAUGAUGUCCUCdTsdT,INACTIVE_ANCHOR,6.0044,990.0,1.0,1.0,CALIBRATED_INACTIVE
AACAUCCUAGGACAUUUUUGA,UCAAAAAUGUCCUAGGAUGUUUU,L025L025mA*mAmCmAmUmCfCmUfAfGfGmAmCmAmUmUmUmUmUmG*mA,mU*fC*mAmAmAfAmAmUmGmUmCmCmUfAmGfGmAmUmGmUmU*mU*mU,INACTIVE_ANCHOR,6.4092,389.75,1.0,1.0,CALIBRATED_INACTIVE
